id_municipio,expectativa_crescimento_populacional_pct_aa,expectativa_crescimento_pib_per_capita_pct_aa,expectativa_crescimento_va_servicos_pct_aa
1100015,-0.855,12.221,10.78
1100023,1.623,9.674,11.625
1100031,-1.475,12.965,10.778
1100049,1.116,9.263,10.643
1100056,-0.342,13.258,14.07
1100064,-1.222,10.801,9.103
1100072,-1.321,13.734,11.745
1100080,2.127,9.806,9.432
1100098,1.074,9.602,11.32
1100106,0.626,8.687,10.423
1100114,-0.012,10.563,10.963
1100122,1.093,9.747,11.092
1100130,1.888,10.731,12.499
1100148,0.136,12.008,12.084
1100155,-0.393,9.876,9.303
1100189,0.924,11.432,12.076
1100205,1.991,9.871,11.489
1100254,-1.316,12.081,10.013
1100262,0.911,13.428,12.921
1100288,1.081,10.337,11.499
1100296,-2.164,11.608,8.339
1100304,3.047,8.973,12.831
1100320,-0.666,16.379,15.143
1100338,2.884,12.273,14.888
1100346,-1.683,11.794,9.063
1100379,-0.325,13.133,12.1
1100403,1.451,12.073,14.676
1100452,0.539,12.162,14.02
1100502,-2.041,12.091,8.649
1100601,-0.365,11.211,10.22
1100700,-0.993,14.16,11.356
1100809,2.781,11.128,15.016
1100908,-1.149,11.356,7.69
1100924,2.91,11.485,15.171
1100940,4.82,9.231,14.02
1101005,-2.987,13.298,8.722
1101104,1.349,9.599,8.973
1101203,-1.879,14.565,13.01
1101302,-1.371,12.206,11.38
1101401,-0.101,12.033,12.011
1101435,-1.211,10.83,8.78
1101450,1.741,10.928,9.847
1101468,-0.607,17.047,14.026
1101476,-1.606,11.665,7.005
1101484,-1.313,11.671,9.953
1101492,1.516,11.916,12.352
1101500,-0.15,12.388,12.861
1101559,-1.211,11.598,9.713
1101609,-1.305,11.639,8.907
1101708,-1.563,12.016,10.777
1101757,0.373,11.446,12.012
1101807,-1.885,11.415,7.75
1200013,2.772,9.816,16.247
1200054,4.022,9.243,12.443
1200104,2.152,10.503,13.713
1200138,3.331,9.608,15.427
1200179,3.248,10.633,15.673
1200203,1.383,10.185,12.874
1200252,2.424,10.983,16.054
1200302,1.201,10.358,13.352
1200328,3.565,7.926,12.85
1200336,2.577,9.234,13.902
1200344,2.685,10.106,15.279
1200351,3.878,7.809,14.815
1200385,0.671,12.689,15.35
1200393,3.851,8.442,15.214
1200401,1.91,7.684,9.951
1200427,3.4,8.4,13.684
1200435,4.918,7.989,12.366
1200450,0.438,13.367,13.57
1200500,1.866,8.226,11.116
1200609,2.602,9.648,13.716
1200708,2.209,11.263,13.637
1200807,1.997,10.854,17.04
1300029,1.194,9.023,13.135
1300060,1.871,10.026,13.915
1300086,2.684,7.926,13.181
1300102,2.358,9.646,12.184
1300144,1.674,9.834,14.25
1300201,2.485,9.003,11.433
1300300,2.549,7.464,13.27
1300409,-1.035,10.903,12.695
1300508,1.587,9.486,14.229
1300607,2.646,7.623,7.777
1300631,2.921,8.945,15.003
1300680,3.707,9.442,15.389
1300706,1.465,10.528,13.345
1300805,0.89,7.455,10.805
1300839,2.022,6.952,4.352
1300904,2.421,9.776,13.556
1301001,1.038,7.539,9.459
1301100,1.245,8.021,12.648
1301159,1.571,3.059,2.687
1301209,0.318,7.073,10.292
1301308,1.708,9.787,4.376
1301407,1.294,10.934,10.899
1301506,-0.19,10.699,13.925
1301605,-1.727,9.723,10.546
1301654,0.564,9.159,13.584
1301704,3.16,10.155,15.29
1301803,2.639,8.86,14.657
1301852,2.688,9.501,14.343
1301902,1.833,11.002,15.881
1301951,1.107,10.033,14.28
1302009,1.357,10.672,14.275
1302108,-1.869,13.996,16.486
1302207,2.903,8.938,14.42
1302306,-0.238,10.67,14.482
1302405,2.635,10.201,12.728
1302504,1.568,7.21,10.517
1302553,2.634,8.924,13.253
1302603,2.033,7.66,10.139
1302702,1.994,9.841,13.802
1302801,-0.415,9.968,13.308
1302900,2.16,9.095,11.845
1303007,1.435,9.099,12.859
1303106,0.955,9.749,13.276
1303205,3.444,9.466,13.401
1303304,1.594,9.401,13.154
1303403,0.471,8.492,10.051
1303502,0.754,10.101,14.386
1303536,2.767,7.436,12.743
1303569,1.768,7.966,12.064
1303601,3.153,8.715,12.567
1303700,-0.537,11.296,11.471
1303809,2.553,8.779,9.196
1303908,1.873,8.817,13.565
1303957,2.54,9.572,15.422
1304005,1.553,13.348,11.016
1304062,2.769,9.818,15.69
1304104,-0.072,11.525,14.696
1304203,0.407,10.241,10.794
1304237,0.831,10.678,17.292
1304260,1.304,10.923,16.778
1304302,-0.377,8.914,11.419
1304401,3.949,7.79,12.041
1400027,4.809,8.393,16.102
1400050,0.272,12.113,12.064
1400100,3.688,7.626,11.619
1400159,1.54,12.511,15.883
1400175,3.79,8.805,11.923
1400209,1.808,8.874,9.821
1400233,3.284,9.427,13.37
1400282,3.797,8.853,13.077
1400308,2.531,9.161,12.53
1400407,4.374,7.9,9.351
1400456,5.195,5.739,9.851
1400472,2.74,9.853,16.739
1400506,2.809,11.66,14.379
1400605,1.578,9.28,10.324
1400704,4.125,8.718,16.351
1500107,1.474,10.411,13.56
1500131,0.31,6.532,9.121
1500206,0.422,11.484,9.309
1500305,1.16,9.017,8.535
1500347,-0.828,15.527,15.204
1500404,2.489,11.23,9.905
1500503,0.206,2.575,2.23
1500602,2.369,10.641,14.146
1500701,2.16,9.66,10.6
1500800,0.972,9.636,11.0
1500859,6.648,8.59,18.793
1500909,1.653,9.618,11.095
1500958,1.131,7.811,9.902
1501006,0.493,12.188,10.461
1501105,4.393,7.738,9.651
1501204,4.5,8.719,11.771
1501253,0.325,8.361,7.29
1501303,3.387,6.801,8.046
1501402,0.387,7.615,7.644
1501451,0.887,11.882,12.324
1501501,2.683,12.933,13.901
1501576,1.509,10.345,11.427
1501600,1.662,9.071,13.006
1501709,1.466,10.387,11.858
1501725,1.008,10.374,14.178
1501758,-0.371,11.087,10.454
1501782,1.938,5.968,11.348
1501808,1.482,9.162,9.832
1501907,0.812,9.599,8.612
1501956,1.832,8.913,12.131
1502004,2.042,9.766,13.292
1502103,1.7,8.82,10.733
1502152,8.923,19.137,35.35
1502202,1.08,9.305,12.331
1502301,0.658,11.288,12.378
1502400,1.833,10.819,12.364
1502509,1.223,9.563,9.911
1502608,0.777,9.936,9.428
1502707,0.395,10.087,9.589
1502756,1.497,11.594,13.779
1502764,4.303,8.221,15.023
1502772,0.498,14.412,21.412
1502806,2.613,10.245,12.455
1502855,2.175,8.642,11.926
1502905,2.212,9.754,10.923
1502939,1.786,9.185,12.727
1502954,-0.362,13.477,14.085
1503002,-1.469,11.706,11.443
1503044,1.341,11.963,14.061
1503077,0.14,11.758,11.23
1503093,1.146,9.396,10.251
1503101,1.678,10.974,12.106
1503200,0.646,10.63,11.71
1503309,0.962,10.567,10.495
1503408,1.668,11.724,10.433
1503457,1.925,6.313,10.043
1503507,0.346,10.066,9.699
1503606,1.224,12.262,14.762
1503705,-0.132,12.704,13.436
1503754,-1.511,18.256,15.807
1503804,0.323,9.793,10.126
1503903,2.566,11.588,19.327
1504000,2.067,8.347,9.577
1504059,1.677,9.473,11.231
1504109,0.421,11.511,10.433
1504208,2.339,10.094,12.174
1504307,,11.094,10.844
1504406,0.454,9.569,9.033
1504422,2.007,9.858,16.258
1504455,1.526,9.155,11.904
1504505,1.274,11.54,11.37
1504604,1.696,10.078,10.864
1504703,2.246,12.161,13.768
1504752,3.886,3.899,11.922
1504802,-0.014,10.902,9.757
1504901,2.78,8.42,11.109
1504950,-0.027,12.308,13.919
1504976,0.935,11.033,12.141
1505007,0.815,9.795,10.837
1505031,0.605,14.268,17.492
1505064,2.075,10.774,14.296
1505106,0.656,9.013,9.656
1505205,1.817,10.631,11.536
1505304,1.842,3.339,5.521
1505403,1.081,9.774,10.214
1505437,2.727,12.728,17.689
1505486,2.071,11.383,14.846
1505494,-0.449,11.901,10.849
1505502,1.695,9.637,13.567
1505536,6.112,8.403,16.316
1505551,-0.664,11.248,10.067
1505601,0.187,9.851,8.106
1505635,0.021,9.647,9.965
1505650,2.444,8.667,11.748
1505700,1.797,8.788,13.011
1505809,2.422,9.406,8.884
1505908,2.578,9.041,11.395
1506005,0.847,9.624,10.49
1506104,0.493,18.42,13.123
1506112,0.499,10.039,10.071
1506138,1.509,10.37,13.45
1506161,0.899,13.711,12.461
1506187,1.368,8.48,9.871
1506195,2.403,9.453,13.524
1506203,1.195,10.877,12.417
1506302,2.228,8.918,10.462
1506351,2.986,7.912,11.379
1506401,2.281,7.928,9.796
1506500,2.525,9.572,10.67
1506559,0.293,10.633,10.455
1506583,2.268,12.699,20.446
1506609,0.826,11.26,10.252
1506708,1.436,12.507,15.708
1506807,1.183,10.526,12.362
1506906,0.682,9.23,7.795
1507003,1.885,9.69,9.947
1507102,0.656,10.053,10.415
1507151,0.402,11.981,12.017
1507201,0.565,13.655,11.547
1507300,4.325,8.517,14.895
1507409,0.253,12.829,12.819
1507458,-0.488,14.222,12.649
1507466,1.166,8.357,6.371
1507474,1.054,9.92,10.528
1507508,0.185,12.172,11.437
1507607,1.36,9.639,10.515
1507706,1.956,8.668,10.563
1507755,2.711,6.091,10.794
1507805,1.668,10.488,12.756
1507904,1.03,9.08,8.773
1507953,3.466,9.544,12.761
1507961,1.107,9.548,9.591
1507979,1.125,14.798,15.031
1508001,1.745,10.536,11.444
1508035,1.194,10.713,11.643
1508050,0.515,12.303,17.747
1508084,2.679,10.412,14.041
1508100,1.351,6.267,9.314
1508126,3.755,5.845,8.329
1508159,-0.362,10.445,11.634
1508209,1.357,9.467,10.687
1508308,0.86,10.638,10.012
1508357,1.88,21.5,14.026
1508407,2.204,10.707,11.397
1600055,1.768,9.026,9.882
1600105,0.899,9.352,10.264
1600154,5.875,8.386,16.939
1600204,2.321,9.553,11.078
1600212,1.764,8.948,10.057
1600238,3.256,13.227,13.047
1600253,2.949,8.653,11.053
1600279,1.544,10.102,10.093
1600303,2.346,8.194,9.431
1600402,2.938,8.409,9.362
1600501,3.665,8.683,10.404
1600535,2.43,9.02,9.475
1600550,2.885,8.199,11.284
1600600,1.537,8.522,9.117
1600709,3.355,8.903,12.456
1600808,1.732,8.799,10.223
1700251,0.785,15.132,11.996
1700301,2.366,12.374,13.203
1700350,-0.84,16.272,12.054
1700400,-1.233,15.388,9.042
1700707,0.228,16.521,12.772
1701002,-0.326,10.218,8.411
1701051,0.337,10.046,8.57
1701101,1.629,15.236,15.716
1701309,-1.077,11.724,7.528
1701903,0.654,16.592,11.105
1702000,-0.495,13.451,9.338
1702109,2.115,9.897,11.437
1702158,0.227,10.764,7.813
1702208,1.127,10.524,10.33
1702307,-0.755,9.725,9.157
1702406,-0.205,9.89,8.966
1702554,1.471,11.336,13.013
1702703,0.768,9.246,7.189
1702901,0.909,9.902,8.575
1703008,-0.91,12.29,9.233
1703057,1.484,12.482,12.06
1703073,1.182,13.202,14.213
1703107,0.236,10.268,8.537
1703206,-0.259,10.48,8.673
1703305,3.265,11.214,11.943
1703602,0.273,11.69,16.715
1703701,0.383,13.599,9.736
1703800,1.589,10.098,9.968
1703826,-0.106,13.441,10.51
1703842,2.106,12.169,16.751
1703867,1.621,20.269,20.429
1703883,0.69,11.073,10.089
1703891,0.073,11.304,9.32
1703909,1.425,18.064,14.711
1704105,0.415,15.168,11.463
1704600,0.936,11.889,10.2
1705102,-0.242,15.122,10.243
1705508,1.533,9.544,9.663
1705557,0.446,10.326,9.483
1705607,-0.495,11.328,9.592
1706001,1.346,15.454,18.205
1706100,-0.324,10.504,4.859
1706258,0.459,11.498,8.682
1706506,1.496,14.872,16.28
1707009,0.983,12.588,12.085
1707108,0.965,13.49,10.859
1707207,-0.326,14.41,12.247
1707306,-0.17,12.8,9.97
1707405,0.324,10.489,9.228
1707553,-0.274,11.1,7.321
1707652,-0.134,13.393,10.925
1707702,-0.11,11.148,8.642
1708205,-0.042,11.045,8.041
1708254,1.51,10.148,14.688
1708304,0.163,13.663,13.637
1709005,0.791,13.532,12.016
1709302,1.16,12.187,13.681
1709500,1.353,9.702,9.995
1709807,2.017,12.323,10.251
1710508,0.269,12.324,10.308
1710706,-0.859,10.854,6.869
1710904,0.473,15.092,14.62
1711100,0.329,9.751,7.733
1711506,0.567,11.211,9.483
1711803,-0.339,11.375,10.178
1711902,3.868,11.484,18.479
1711951,1.866,12.192,12.487
1712009,1.163,7.543,9.353
1712157,1.835,5.173,5.333
1712405,-0.645,13.044,9.67
1712454,1.484,8.851,11.99
1712504,1.615,15.511,13.73
1712702,2.397,17.363,15.087
1712801,0.342,11.645,10.96
1713205,-1.546,8.214,5.874
1713304,0.466,12.209,12.349
1713601,1.377,14.959,11.417
1713700,1.213,12.499,13.357
1713809,0.496,11.331,9.407
1713957,1.349,9.22,8.276
1714203,-0.033,13.243,9.581
1714302,-0.974,11.179,7.172
1714880,0.611,11.854,11.327
1715002,0.696,11.429,7.831
1715101,1.35,14.808,11.994
1715150,-0.771,9.954,5.554
1715259,0.297,9.634,7.589
1715507,0.892,12.051,9.901
1715705,1.87,14.271,18.961
1715754,0.492,10.693,8.729
1716109,1.727,10.735,10.544
1716208,0.186,14.246,12.43
1716307,-0.091,11.633,9.351
1716505,2.275,12.334,10.926
1716604,0.781,14.411,8.796
1716653,0.324,11.214,9.946
1716703,-0.356,10.088,9.017
1717008,-0.098,10.754,8.573
1717206,-0.959,12.553,9.208
1717503,1.841,12.711,10.155
1717800,-0.095,11.346,9.056
1717909,1.232,9.412,9.923
1718006,1.017,10.517,8.828
1718204,1.595,12.31,15.829
1718303,1.102,10.568,9.565
1718402,-0.73,10.656,6.34
1718451,0.458,11.533,7.119
1718501,0.567,13.307,11.515
1718550,0.69,10.616,9.425
1718659,2.007,10.11,8.785
1718709,0.759,11.344,5.862
1718758,-0.451,14.208,10.406
1718808,2.504,10.281,12.675
1718840,0.359,11.52,9.463
1718865,1.164,10.806,11.583
1718881,1.279,14.386,13.623
1718899,1.035,15.188,15.514
1718907,0.407,18.115,19.284
1719004,1.323,9.42,9.109
1720002,-0.154,11.224,8.735
1720101,2.42,10.799,12.977
1720150,1.302,10.931,13.635
1720200,2.034,12.725,13.825
1720259,-0.254,10.893,7.952
1720309,0.585,10.801,8.964
1720499,-1.019,15.424,10.465
1720655,0.819,15.155,16.704
1720804,0.261,11.669,9.125
1720853,0.999,18.948,13.752
1720903,0.537,10.792,9.339
1720937,1.3,9.697,8.583
1720978,0.315,13.54,11.761
1721000,3.324,8.428,11.816
1721109,1.354,15.886,9.587
1721208,-0.183,11.148,8.344
1721257,2.359,11.546,18.874
1721307,2.178,9.663,8.63
1722081,0.269,10.205,6.323
1722107,-0.427,15.887,9.84
2100055,0.848,8.258,6.325
2100105,1.486,12.852,13.958
2100154,1.212,11.23,12.15
2100204,-0.403,10.188,10.459
2100303,1.368,11.98,12.017
2100402,0.693,9.875,9.567
2100436,0.904,11.757,16.336
2100477,-0.552,10.094,11.809
2100501,0.531,15.411,15.592
2100550,1.098,10.745,14.618
2100600,0.865,10.769,12.239
2100709,0.995,10.026,12.2
2100808,1.734,10.326,12.765
2100832,2.048,11.005,15.401
2100873,1.692,8.369,12.838
2100907,0.935,8.878,9.749
2100956,-0.097,9.904,11.346
2101004,0.614,11.441,11.984
2101103,0.779,10.469,11.961
2101202,0.647,9.654,10.267
2101251,2.319,8.675,15.834
2101301,0.407,11.397,11.877
2101350,0.642,9.499,10.127
2101400,2.289,11.507,13.825
2101509,0.98,11.146,13.641
2101608,0.552,10.337,11.496
2101707,2.29,10.446,16.229
2101731,2.184,11.134,13.791
2101772,1.141,11.236,15.289
2101806,0.207,11.245,10.445
2101905,0.259,10.813,11.62
2101939,0.461,16.634,12.729
2101970,1.833,9.63,13.358
2102002,0.147,12.315,11.084
2102036,2.852,10.458,14.673
2102077,0.641,10.056,12.965
2102101,1.142,8.954,10.07
2102150,0.003,9.307,10.388
2102200,1.017,10.258,12.756
2102309,0.38,11.54,10.312
2102325,0.573,12.335,12.566
2102358,-0.135,10.581,10.418
2102374,1.174,10.863,13.386
2102408,0.31,9.717,8.733
2102507,1.52,9.36,12.169
2102556,0.453,11.762,12.925
2102606,0.67,10.35,14.005
2102705,1.483,10.439,11.722
2102754,0.354,13.095,16.305
2102804,0.119,11.632,10.186
2102903,1.187,10.191,13.737
2103000,0.73,9.052,10.494
2103109,0.182,10.0,9.998
2103125,0.069,11.191,12.624
2103158,3.453,9.346,15.563
2103174,0.939,12.277,17.436
2103208,1.381,10.005,11.648
2103257,0.65,11.147,10.648
2103307,0.317,9.293,10.496
2103406,0.267,6.801,7.165
2103505,0.534,12.117,14.121
2103554,1.979,9.172,13.097
2103604,0.458,9.176,9.911
2103703,-0.411,10.36,9.507
2103752,0.747,10.572,13.572
2103802,0.227,9.879,11.768
2103901,0.452,10.508,11.447
2104008,-0.825,10.827,10.385
2104057,2.186,11.95,11.637
2104073,0.478,10.863,14.9
2104081,3.959,10.13,13.651
2104099,1.017,10.301,14.578
2104107,0.452,11.675,14.273
2104206,0.936,10.835,11.422
2104305,2.228,19.981,28.733
2104404,0.237,10.345,11.22
2104503,0.872,8.043,9.731
2104552,2.375,12.018,13.769
2104602,-0.186,12.111,10.387
2104628,0.67,11.74,12.124
2104651,-0.617,10.824,10.307
2104677,-0.708,11.937,11.807
2104701,0.057,9.908,9.81
2104800,2.014,11.457,13.258
2104909,-0.695,10.962,12.226
2105005,1.16,11.213,12.661
2105104,0.879,10.694,12.51
2105153,1.6,16.735,19.938
2105203,0.575,9.806,9.961
2105302,0.862,10.224,11.108
2105351,0.149,9.39,13.838
2105401,1.176,10.374,12.363
2105427,-0.162,11.49,9.613
2105450,2.773,6.517,9.103
2105476,2.549,8.509,10.289
2105500,-0.017,8.389,10.913
2105609,0.348,9.378,10.561
2105658,-0.745,11.799,13.031
2105708,0.715,9.592,11.506
2105807,0.158,10.259,10.506
2105906,0.478,10.173,11.538
2105922,0.612,13.536,13.012
2105948,0.346,9.623,11.757
2105963,1.609,7.94,12.264
2105989,1.008,11.223,15.12
2106003,0.371,11.25,13.196
2106102,0.807,14.275,16.755
2106201,1.13,10.697,13.671
2106300,0.892,10.948,12.436
2106326,1.629,10.723,12.411
2106359,0.169,9.854,11.96
2106375,2.44,9.193,11.623
2106409,1.765,10.869,13.667
2106508,0.634,10.138,10.996
2106607,1.101,10.859,12.578
2106631,4.113,7.88,10.388
2106672,2.833,7.712,11.434
2106706,0.198,12.571,13.147
2106755,2.178,13.624,11.842
2106805,0.448,10.249,10.281
2106904,0.708,9.497,12.413
2107001,-0.631,10.538,8.818
2107100,1.205,11.267,14.413
2107209,2.65,9.112,12.083
2107258,1.191,9.231,12.345
2107308,0.044,9.248,10.584
2107357,0.451,8.952,10.765
2107407,0.427,9.64,9.073
2107456,1.651,9.395,13.176
2107506,2.61,9.976,13.361
2107605,0.843,9.664,10.74
2107704,0.33,9.091,9.788
2107803,0.072,10.665,11.396
2107902,0.925,9.493,11.882
2108009,0.986,11.18,12.468
2108058,1.82,10.736,15.813
2108108,0.395,10.181,11.069
2108207,-0.277,10.572,9.965
2108256,1.157,11.196,14.236
2108306,0.704,10.13,12.137
2108405,-0.263,10.219,10.977
2108454,0.868,10.024,12.523
2108504,0.67,9.288,9.863
2108603,1.051,10.648,12.133
2108702,-0.685,11.135,9.632
2108801,1.02,10.201,11.403
2108900,-1.096,10.286,9.57
2109007,1.672,15.626,16.359
2109056,-0.17,10.35,8.471
2109106,0.742,11.278,12.408
2109205,0.915,8.973,9.944
2109239,0.372,9.705,10.529
2109270,1.293,9.252,12.109
2109304,0.656,10.849,9.975
2109403,1.117,11.388,13.613
2109452,2.681,6.256,11.277
2109502,0.178,11.707,12.357
2109551,0.668,12.085,13.929
2109601,0.872,9.419,10.992
2109700,0.472,12.437,16.768
2109759,1.797,7.454,11.593
2109809,1.451,11.122,13.209
2109908,0.878,9.95,10.454
2110005,-0.656,11.304,10.708
2110039,1.123,10.364,10.869
2110104,-0.923,14.066,12.663
2110203,2.429,10.361,14.923
2110237,-0.204,13.085,14.1
2110278,2.102,11.102,15.339
2110302,0.122,29.435,16.035
2110401,0.552,11.406,12.947
2110500,1.791,9.661,10.039
2110609,0.838,10.774,11.569
2110658,0.828,11.161,14.644
2110708,0.105,10.391,10.731
2110807,-0.407,13.103,13.37
2110856,1.497,8.346,9.729
2110906,-0.201,11.005,11.639
2111003,-0.023,8.763,10.306
2111029,-0.142,8.632,11.463
2111052,-0.14,11.388,12.772
2111078,0.685,11.653,11.641
2111102,0.487,11.123,10.408
2111201,3.387,8.847,12.39
2111250,-0.145,8.668,10.898
2111300,0.914,8.989,9.73
2111409,-0.929,9.548,8.262
2111508,0.609,11.257,10.556
2111532,1.182,9.407,10.01
2111573,1.432,9.73,14.44
2111607,1.154,13.084,12.781
2111631,-0.865,10.233,10.173
2111672,0.888,9.998,10.63
2111706,0.461,9.438,10.213
2111722,1.03,10.734,13.772
2111748,1.219,11.405,14.017
2111763,-0.343,10.572,10.897
2111789,1.48,12.168,13.458
2111805,0.662,11.154,13.791
2111904,0.054,12.282,11.932
2111953,0.838,9.161,10.085
2112001,1.585,15.326,19.035
2112100,0.147,10.609,11.764
2112209,1.364,10.207,12.686
2112233,1.537,10.247,13.352
2112274,0.163,11.525,11.502
2112308,0.385,9.274,10.912
2112407,0.729,8.892,9.899
2112456,2.751,8.788,12.967
2112506,1.824,11.006,14.869
2112605,3.224,9.811,14.743
2112704,1.599,9.719,13.191
2112803,0.819,9.808,10.587
2112852,2.515,10.719,14.18
2112902,0.135,11.054,11.04
2113009,0.301,9.558,9.943
2114007,-0.249,11.276,10.92
2200053,1.107,11.778,16.648
2200103,-0.23,12.116,10.806
2200202,0.839,11.836,12.897
2200251,0.378,11.212,11.92
2200277,0.022,11.363,12.78
2200301,0.75,10.911,13.243
2200400,1.119,11.674,13.673
2200459,1.237,12.698,16.211
2200509,0.174,11.555,11.106
2200608,-0.009,11.1,10.965
2200707,1.374,12.231,14.4
2200806,0.718,9.982,8.153
2200905,-0.411,11.106,11.323
2200954,0.217,9.553,9.085
2201002,-0.216,12.496,13.722
2201051,0.392,11.295,12.169
2201101,0.608,11.788,13.078
2201150,2.32,23.387,24.933
2201176,-0.004,10.503,11.827
2201200,0.778,11.355,12.205
2201309,0.29,17.101,18.186
2201408,-0.072,11.992,11.817
2201507,0.415,11.378,13.051
2201556,1.667,11.496,14.242
2201572,1.775,11.175,13.972
2201606,0.281,11.524,11.976
2201705,0.57,11.835,12.329
2201739,-1.673,15.153,16.027
2201770,1.244,10.809,12.144
2201804,-0.02,10.329,10.833
2201903,2.746,15.798,19.654
2201919,1.177,11.167,12.674
2201929,0.975,11.926,14.719
2201945,0.959,11.093,13.406
2201960,0.821,12.086,13.346
2201988,-0.281,13.854,15.817
2202000,0.365,10.978,11.701
2202026,0.168,12.286,13.042
2202059,0.921,10.732,12.91
2202075,0.938,11.386,12.476
2202083,1.297,11.913,19.173
2202091,0.15,18.505,13.133
2202109,0.204,11.883,12.525
2202117,0.315,11.846,14.314
2202133,0.913,10.739,12.799
2202174,1.142,10.717,12.123
2202208,0.467,12.143,12.174
2202251,-0.647,12.18,10.856
2202307,0.437,11.871,12.794
2202406,0.616,11.534,14.576
2202455,1.219,11.798,15.19
2202505,0.897,10.503,9.735
2202539,0.7,10.726,12.606
2202554,1.104,12.172,14.779
2202604,0.314,10.482,10.59
2202653,1.133,9.894,11.419
2202703,0.779,11.468,13.27
2202711,0.798,11.403,13.006
2202729,0.887,11.543,15.182
2202737,0.93,11.82,13.285
2202752,0.985,11.848,14.465
2202778,-0.025,11.282,12.229
2202802,-0.116,13.094,12.358
2202851,-0.02,12.487,12.895
2202901,0.759,13.615,15.559
2203008,0.766,11.035,12.22
2203107,0.568,12.097,13.676
2203206,0.76,11.459,12.616
2203230,0.685,24.565,25.049
2203255,0.815,10.629,10.74
2203271,1.162,14.604,16.217
2203305,1.013,15.294,15.116
2203354,0.808,12.109,13.576
2203404,0.338,10.6,10.816
2203420,-0.086,11.975,14.174
2203453,0.11,16.322,17.711
2203503,-0.311,11.536,11.562
2203602,0.544,10.318,12.72
2203701,0.887,11.468,12.845
2203750,0.7,12.148,14.184
2203800,0.241,9.849,11.243
2203859,-0.012,10.97,11.309
2203909,0.613,11.446,12.941
2204006,-0.426,10.784,9.695
2204105,-0.833,13.0,11.981
2204154,1.203,11.366,14.319
2204204,1.022,11.339,12.429
2204303,0.302,2.833,5.555
2204352,0.593,11.28,11.58
2204402,0.227,16.58,15.221
2204501,-0.003,13.386,14.171
2204550,0.129,13.437,16.623
2204600,-0.064,10.871,10.326
2204659,0.755,11.253,11.245
2204709,0.189,11.688,12.649
2204808,0.565,10.509,10.656
2204907,0.276,11.245,14.516
2205003,0.385,10.388,10.086
2205102,0.213,10.956,12.034
2205151,0.012,12.293,13.066
2205201,0.56,10.816,11.878
2205250,0.428,10.775,10.137
2205276,0.301,11.322,12.044
2205300,-0.06,11.357,11.578
2205359,-0.075,15.246,12.669
2205409,0.387,10.921,12.687
2205458,1.077,10.748,14.251
2205508,1.157,10.049,11.791
2205516,0.848,11.154,13.65
2205524,0.493,14.362,15.897
2205532,0.576,10.949,11.83
2205540,1.336,12.046,18.942
2205557,0.829,11.591,13.211
2205565,0.348,20.974,24.418
2205573,0.495,10.893,12.475
2205581,1.232,7.552,10.931
2205599,0.551,9.882,11.369
2205607,-0.278,14.132,12.312
2205706,1.153,10.86,13.335
2205805,0.435,10.877,11.679
2205854,0.81,10.417,12.679
2205904,0.202,11.048,12.169
2205953,1.431,15.256,16.977
2206001,0.427,12.015,13.796
2206050,-0.402,11.455,13.6
2206100,0.423,11.783,12.56
2206209,0.457,11.556,12.75
2206308,-0.281,11.642,12.65
2206357,-0.4,11.347,12.595
2206407,0.01,12.198,14.461
2206506,0.585,11.144,12.498
2206605,0.188,17.037,16.32
2206654,-0.03,10.988,11.637
2206670,0.245,10.882,11.798
2206696,2.072,10.227,12.401
2206704,-0.567,10.809,11.061
2206720,1.713,12.556,16.529
2206753,1.412,12.098,13.162
2206803,0.76,12.461,12.777
2206902,-0.341,10.845,11.592
2206951,-0.337,11.21,13.827
2207009,0.576,11.875,13.25
2207108,0.847,10.919,10.47
2207207,-0.463,11.799,11.943
2207306,,10.824,12.862
2207355,0.583,13.123,13.569
2207405,-0.289,16.537,14.278
2207504,0.554,11.036,11.016
2207553,-0.577,11.387,11.189
2207603,0.467,11.544,13.764
2207702,0.922,11.401,13.035
2207751,0.084,11.781,11.242
2207777,0.081,10.957,12.905
2207793,1.296,9.951,11.803
2207801,1.092,11.551,12.419
2207850,-0.281,11.085,12.735
2207900,0.299,11.989,13.188
2207934,0.865,10.665,12.841
2207959,-0.028,12.012,15.438
2208007,0.818,11.801,13.427
2208106,0.036,9.949,11.41
2208205,0.425,11.697,12.48
2208304,0.687,11.778,13.711
2208403,0.423,12.241,12.999
2208502,0.671,11.117,12.648
2208551,0.081,12.746,13.142
2208601,-0.133,12.988,12.321
2208650,0.25,11.327,15.071
2208700,0.389,11.718,12.814
2208809,-0.022,13.891,12.01
2208858,-0.127,10.767,10.119
2208874,0.371,20.783,12.809
2208908,0.695,16.97,13.173
2209005,-0.157,11.296,11.336
2209104,0.243,11.515,12.296
2209153,0.369,9.49,11.872
2209203,0.083,21.809,21.063
2209302,0.675,12.254,13.07
2209351,-0.391,11.846,11.692
2209377,-0.399,12.17,12.23
2209401,0.801,12.397,12.294
2209450,0.593,11.241,8.246
2209500,0.358,11.581,12.032
2209559,0.198,11.76,10.978
2209609,-0.631,10.418,9.54
2209658,1.902,11.847,17.611
2209708,-0.432,11.293,11.56
2209757,1.229,13.057,16.167
2209807,0.598,12.74,11.19
2209856,0.231,11.418,12.166
2209872,0.703,11.093,14.203
2209906,-0.265,10.654,11.413
2209955,0.186,11.097,12.188
2209971,1.49,11.988,14.699
2210003,0.861,12.642,13.619
2210052,-0.007,12.169,12.77
2210102,-0.46,11.502,12.405
2210201,-0.017,11.401,11.552
2210300,0.333,10.769,11.857
2210359,0.215,11.721,13.18
2210375,-0.133,11.416,12.566
2210383,0.686,11.839,12.682
2210391,-0.049,11.052,13.562
2210409,-0.27,11.192,11.445
2210508,0.509,10.263,10.697
2210607,1.644,11.143,12.732
2210623,-1.614,12.222,11.322
2210631,0.725,23.175,19.491
2210656,0.326,10.453,11.747
2210706,0.34,17.935,14.545
2210805,1.052,12.594,14.119
2210904,-0.31,11.533,11.628
2210938,1.045,11.415,12.978
2210953,1.146,10.204,11.795
2210979,0.119,12.771,11.841
2211001,0.894,9.662,11.136
2211100,0.674,9.861,10.642
2211209,1.731,19.014,19.459
2211308,0.443,11.179,11.001
2211357,-0.306,12.698,14.152
2211407,-0.015,10.797,10.303
2211506,0.429,10.651,12.004
2211605,0.068,11.413,13.16
2211704,0.214,12.046,11.649
2300101,1.172,10.397,12.787
2300150,0.367,9.315,12.383
2300200,1.435,11.103,12.781
2300309,0.234,10.236,11.691
2300408,0.2,11.011,13.557
2300507,0.909,9.192,12.705
2300606,0.987,10.454,12.3
2300705,-0.247,7.97,10.297
2300754,1.29,9.218,11.788
2300804,0.435,10.466,11.461
2300903,0.195,11.146,12.774
2301000,1.327,13.576,16.39
2301109,0.975,9.969,11.352
2301208,0.425,9.836,10.81
2301257,0.519,10.225,12.287
2301307,0.152,10.628,10.98
2301406,-0.823,10.525,11.505
2301505,0.078,9.572,11.771
2301604,0.328,10.81,12.294
2301703,-0.19,9.53,10.321
2301802,0.165,10.382,12.451
2301851,0.366,11.329,13.436
2301901,2.0,9.784,13.851
2301950,1.339,9.434,11.495
2302008,0.136,9.34,11.148
2302057,0.287,10.159,12.315
2302107,0.915,9.686,11.707
2302206,1.141,12.238,12.035
2302305,0.771,10.557,12.676
2302404,0.202,9.787,11.159
2302503,1.373,12.084,12.703
2302602,0.661,9.727,10.419
2302701,0.093,9.96,10.381
2302800,0.39,9.893,11.083
2302909,0.754,10.096,13.356
2303006,0.643,7.391,10.767
2303105,-0.153,11.078,11.141
2303204,0.117,9.675,11.169
2303303,-0.219,11.146,12.182
2303402,0.629,10.793,13.306
2303501,1.146,7.264,11.402
2303600,-0.931,11.079,13.343
2303659,0.623,10.028,12.436
2303709,1.585,10.716,13.989
2303808,-0.128,10.546,11.04
2303907,0.153,10.505,12.088
2303931,0.202,11.149,18.943
2303956,0.291,9.848,11.997
2304004,0.355,10.777,12.712
2304103,0.413,10.143,11.308
2304202,1.149,8.08,9.892
2304236,0.489,11.723,13.606
2304251,1.659,12.081,15.835
2304269,0.473,9.916,12.916
2304277,0.299,11.123,12.757
2304285,3.654,8.236,15.471
2304301,-0.495,10.644,11.105
2304350,1.583,10.449,14.546
2304400,0.788,8.454,9.54
2304459,1.62,9.465,12.281
2304509,1.158,14.094,14.925
2304608,2.036,9.563,15.603
2304657,-0.213,10.39,11.946
2304707,0.501,10.559,12.889
2304806,-0.47,11.143,10.261
2304905,1.147,10.139,13.035
2304954,1.086,10.104,12.701
2305001,0.865,11.928,13.299
2305100,-0.195,9.653,11.699
2305209,0.318,9.649,10.881
2305233,3.514,6.879,12.586
2305266,-0.092,9.421,12.172
2305308,0.447,10.408,11.77
2305332,1.154,9.639,13.413
2305357,1.283,9.129,12.553
2305407,0.223,10.62,11.048
2305506,0.755,9.218,10.657
2305605,-0.082,10.604,10.51
2305654,0.203,9.798,12.317
2305704,0.345,10.8,12.526
2305803,0.336,11.071,11.446
2305902,-0.082,9.949,11.373
2306009,0.495,11.368,11.909
2306108,0.985,9.724,12.861
2306207,0.694,8.774,10.382
2306256,3.265,15.975,20.715
2306306,0.81,6.532,8.825
2306405,1.568,9.146,11.797
2306504,0.595,10.258,12.715
2306553,1.682,9.453,13.311
2306603,1.425,9.273,13.617
2306702,-0.086,10.341,11.768
2306801,0.975,4.74,9.317
2306900,-0.087,10.868,11.346
2307007,0.423,9.845,11.577
2307106,0.22,10.882,11.719
2307205,0.474,11.657,17.338
2307254,3.062,14.444,22.643
2307304,1.397,10.102,12.859
2307403,0.352,11.498,13.475
2307502,0.092,10.532,11.087
2307601,0.876,10.414,11.921
2307635,0.817,7.918,11.857
2307650,1.33,9.029,14.418
2307700,1.153,8.763,11.471
2307809,1.407,10.165,13.158
2307908,1.056,10.691,13.417
2308005,1.194,10.393,12.986
2308104,0.442,10.465,11.256
2308203,1.452,9.585,12.162
2308302,-0.087,8.965,10.392
2308351,0.233,11.005,12.495
2308377,1.018,9.959,13.662
2308401,0.594,11.552,11.877
2308500,-0.104,10.725,11.577
2308609,0.284,10.12,12.246
2308708,-0.108,12.661,13.187
2308807,0.856,9.583,12.547
2308906,1.077,9.856,12.44
2309003,-0.003,10.762,11.774
2309102,0.903,8.068,11.379
2309201,1.26,9.159,11.456
2309300,0.41,10.011,10.928
2309409,0.522,8.938,11.577
2309458,0.709,10.445,13.745
2309508,-0.35,9.148,8.518
2309607,2.26,5.971,10.63
2309706,2.165,9.086,12.574
2309805,0.263,9.221,11.562
2309904,0.492,10.325,11.574
2310001,0.746,10.15,12.899
2310100,0.737,8.796,9.842
2310209,1.491,7.332,11.131
2310258,1.119,11.215,14.195
2310308,-0.063,8.929,11.315
2310407,0.013,10.695,12.692
2310506,0.168,9.054,11.784
2310605,1.254,11.536,14.895
2310704,0.866,10.184,12.369
2310803,0.218,16.249,24.319
2310852,1.922,10.049,13.922
2310902,1.293,9.656,12.368
2310951,1.246,8.346,10.549
2311009,0.205,10.608,13.326
2311108,0.296,10.596,12.31
2311207,0.163,9.938,11.601
2311231,0.376,11.288,14.028
2311264,0.497,9.158,12.403
2311306,1.036,9.323,11.259
2311355,0.331,8.655,10.481
2311405,1.722,11.206,14.99
2311504,1.068,11.566,13.406
2311603,0.563,8.531,10.808
2311702,-0.756,10.759,11.967
2311801,1.181,9.269,10.471
2311900,-0.545,11.012,11.226
2311959,0.877,10.51,13.3
2312007,0.861,9.195,10.757
2312106,0.096,9.3,10.769
2312205,-0.049,9.776,10.997
2312304,0.936,10.96,11.779
2312403,1.893,21.693,23.731
2312502,-1.511,8.178,6.233
2312601,-0.006,10.468,11.089
2312700,-0.353,11.241,11.566
2312809,1.383,9.567,12.933
2312908,1.368,8.013,11.915
2313005,0.4,12.045,13.406
2313104,0.73,11.396,12.673
2313203,-0.054,9.989,12.027
2313252,-0.61,11.281,11.394
2313302,0.88,9.842,12.063
2313351,1.317,9.906,13.013
2313401,1.483,11.616,14.942
2313500,1.239,9.977,13.086
2313559,1.397,10.315,12.894
2313609,1.04,11.355,12.531
2313708,-0.063,10.395,11.627
2313757,0.2,10.653,11.716
2313807,1.129,8.742,10.188
2313906,0.894,13.522,18.555
2313955,0.363,13.244,13.385
2314003,0.662,10.953,12.796
2314102,1.42,10.269,12.942
2400109,-0.121,10.312,10.344
2400208,0.895,10.97,12.484
2400307,0.092,10.733,11.308
2400406,0.586,8.583,10.571
2400505,0.093,9.798,10.384
2400604,-0.312,9.953,10.336
2400703,1.572,6.558,9.566
2400802,0.108,10.42,12.414
2400901,0.207,9.551,11.542
2401008,0.278,7.989,10.249
2401107,0.592,4.211,6.53
2401206,0.981,9.563,11.547
2401305,0.442,9.293,10.241
2401404,0.694,12.494,14.326
2401453,1.795,8.731,13.673
2401503,0.006,10.167,9.23
2401602,0.357,12.212,8.978
2401651,-0.892,19.138,12.059
2401701,0.693,9.65,12.717
2401800,0.773,9.083,13.208
2401859,0.502,10.815,13.695
2401909,0.85,21.063,12.294
2402006,0.526,10.254,11.205
2402105,0.778,7.857,10.444
2402204,0.681,9.385,11.912
2402303,0.442,9.3,10.26
2402402,0.956,10.297,14.31
2402501,1.031,5.88,9.329
2402600,1.03,9.591,11.46
2402709,0.159,11.668,11.945
2402808,0.022,9.474,11.237
2402907,-0.188,8.731,9.236
2403004,-0.027,10.263,12.135
2403103,0.307,9.223,10.741
2403202,0.428,11.084,13.586
2403251,3.268,7.826,13.876
2403301,1.108,9.271,11.823
2403400,-0.023,10.44,12.706
2403509,-0.027,10.044,10.71
2403608,4.748,8.113,15.573
2403707,0.719,9.089,9.894
2403756,0.72,11.229,12.212
2403806,0.653,9.341,11.023
2403905,-0.32,9.422,9.308
2404002,-0.445,10.049,11.298
2404101,1.204,6.435,4.034
2404200,2.176,9.452,13.649
2404309,0.186,8.863,9.243
2404408,0.968,3.469,6.402
2404507,3.026,11.484,9.72
2404606,0.882,9.812,12.551
2404705,1.026,8.412,10.471
2404804,0.476,10.228,10.84
2404853,0.682,11.48,13.372
2404903,0.225,9.811,12.281
2405009,0.369,9.007,11.634
2405108,0.39,16.72,12.932
2405207,-0.5,11.055,10.47
2405306,0.802,7.595,6.891
2405405,-1.033,10.72,11.822
2405504,-0.344,12.971,10.601
2405603,0.78,9.636,12.377
2405702,0.007,9.551,9.759
2405801,0.738,15.199,13.608
2405900,-0.594,9.573,9.337
2406007,-0.025,10.361,11.595
2406106,0.113,12.525,13.466
2406155,0.918,8.789,9.21
2406205,0.785,9.321,11.534
2406304,0.613,9.561,12.386
2406403,-0.225,9.465,9.236
2406502,1.263,11.539,14.124
2406601,0.979,9.645,12.751
2406700,0.472,16.575,12.243
2406809,0.341,9.761,11.633
2406908,0.636,9.944,12.042
2407005,0.156,9.042,8.459
2407104,1.91,8.39,11.445
2407203,0.699,7.22,9.215
2407252,1.49,10.718,14.068
2407302,-0.064,9.26,9.676
2407401,0.508,9.44,10.902
2407500,1.389,7.897,10.004
2407609,0.822,9.577,13.628
2407708,-0.343,10.935,14.569
2407807,0.883,10.403,12.95
2407906,-0.491,6.2,0.877
2408003,1.303,8.183,11.389
2408102,0.54,8.595,9.41
2408201,2.244,8.922,11.736
2408300,0.212,10.366,12.504
2408409,-0.602,10.578,10.434
2408508,0.288,6.75,7.558
2408607,0.578,10.109,11.338
2408706,-0.521,7.757,10.993
2408805,0.672,20.086,12.747
2408904,0.528,11.2,13.711
2408953,0.565,11.219,12.752
2409100,1.602,9.766,16.273
2409209,0.717,7.79,14.071
2409308,0.306,10.643,12.804
2409332,1.306,10.728,16.551
2409407,1.008,10.483,13.428
2409506,-0.729,19.609,14.129
2409605,-0.718,12.65,10.44
2409704,-0.593,13.615,6.791
2409803,0.254,10.167,12.135
2409902,0.775,9.528,11.236
2410009,0.188,10.299,13.63
2410108,0.359,9.736,8.705
2410207,0.682,9.371,11.273
2410256,1.408,1.247,3.979
2410306,2.017,9.056,12.295
2410405,1.591,10.878,12.557
2410504,1.011,8.476,12.862
2410603,0.204,10.429,12.281
2410702,0.589,9.676,10.993
2410801,-0.021,9.294,9.94
2410900,1.498,15.171,16.308
2411007,0.092,9.085,10.514
2411056,1.956,9.504,13.118
2411106,-0.525,18.171,11.187
2411205,1.022,10.503,13.654
2411403,-1.286,10.683,8.007
2411429,0.767,9.616,10.833
2411502,0.665,9.243,12.881
2411601,-0.346,19.984,13.965
2411700,1.129,9.434,11.149
2411809,0.6,10.123,11.708
2411908,0.813,10.812,12.49
2412005,2.179,5.257,12.082
2412104,0.334,9.655,9.895
2412203,1.333,11.697,15.804
2412302,-0.062,9.745,9.057
2412401,0.898,10.745,13.151
2412500,0.786,10.547,14.664
2412559,1.353,18.187,17.823
2412609,0.979,10.166,12.842
2412708,-0.621,8.957,8.687
2412807,-0.165,9.514,10.021
2412906,-0.082,11.482,11.558
2413003,0.57,9.726,11.44
2413102,0.751,9.156,11.712
2413201,1.078,9.165,10.334
2413300,0.034,11.871,14.838
2413359,2.245,12.935,15.124
2413409,0.217,10.714,13.362
2413508,-0.626,10.455,11.854
2413557,0.553,9.019,9.069
2413607,-4.181,10.679,9.162
2413706,0.63,8.767,10.712
2413805,0.968,9.042,10.141
2413904,0.063,9.38,10.569
2414001,0.67,10.194,14.89
2414100,0.969,10.003,13.847
2414159,1.328,10.806,15.632
2414209,3.517,10.714,16.676
2414308,0.368,10.596,11.52
2414407,0.759,12.874,14.741
2414456,-0.385,10.554,12.502
2414506,-0.213,9.21,11.452
2414605,1.056,7.933,9.944
2414704,0.427,9.98,11.61
2414753,-0.134,9.001,9.328
2414803,1.425,8.548,11.703
2414902,0.763,8.885,10.148
2415008,1.133,8.679,11.551
2500106,0.75,9.279,11.561
2500205,-0.044,9.182,8.905
2500304,-0.28,9.967,9.458
2500403,0.653,8.701,9.962
2500502,0.838,9.439,10.75
2500536,0.521,9.095,9.675
2500577,1.251,8.7,10.081
2500601,1.348,15.75,24.479
2500700,0.161,9.787,10.377
2500734,0.809,9.429,10.73
2500775,1.514,10.97,15.265
2500809,-0.293,10.013,10.252
2500908,0.363,9.258,9.843
2501005,0.446,9.479,9.979
2501104,-0.553,9.733,8.213
2501153,-0.252,10.343,12.287
2501203,0.9,8.718,9.372
2501302,-0.069,12.488,17.876
2501351,1.578,9.615,11.68
2501401,1.661,8.852,8.731
2501500,0.329,9.636,10.947
2501534,1.967,8.086,11.447
2501575,-0.042,10.998,11.958
2501609,0.32,9.696,9.805
2501708,0.774,9.232,9.054
2501807,-0.048,8.78,8.179
2501906,0.074,10.632,10.855
2502003,-0.074,10.886,12.786
2502052,1.533,10.575,12.502
2502102,-1.152,10.189,9.506
2502151,1.323,8.874,8.34
2502201,0.261,9.447,9.609
2502300,-0.26,10.348,10.223
2502409,0.825,8.557,8.408
2502508,0.624,10.056,10.518
2502607,-0.437,10.22,10.378
2502706,-0.256,8.653,8.679
2502805,0.877,10.761,11.993
2502904,0.132,9.945,9.66
2503001,0.645,2.145,4.369
2503100,1.272,13.359,10.04
2503209,2.046,9.129,10.577
2503308,0.951,9.126,10.0
2503407,-0.325,9.403,9.777
2503506,,9.734,9.903
2503555,0.149,10.255,12.999
2503605,-0.305,9.202,8.274
2503704,0.759,10.86,11.576
2503753,0.208,9.837,9.881
2503803,0.66,10.335,10.913
2503902,0.576,10.078,13.169
2504009,0.84,8.968,9.998
2504033,2.539,8.396,12.21
2504074,0.807,9.728,10.452
2504108,0.532,10.547,11.054
2504157,0.294,9.452,11.531
2504207,0.042,9.63,10.567
2504306,0.776,10.736,12.279
2504355,1.033,10.294,11.004
2504405,0.302,10.084,11.354
2504504,0.245,9.416,8.908
2504603,2.238,11.582,17.097
2504702,0.342,9.961,10.144
2504801,-0.037,10.955,10.151
2504850,1.253,8.487,9.918
2504900,0.987,9.077,10.495
2505006,0.96,9.379,9.65
2505105,0.113,9.951,10.03
2505204,-0.312,10.545,10.051
2505238,0.157,10.226,12.313
2505279,-0.07,10.351,10.203
2505303,-0.336,9.706,10.183
2505352,1.669,9.419,12.16
2505402,0.233,9.049,8.341
2505501,0.905,10.058,12.19
2505600,-0.266,9.271,9.17
2505709,-0.261,9.671,8.555
2505808,-0.154,9.143,9.164
2505907,0.265,9.092,9.951
2506004,0.709,11.16,14.542
2506103,-0.145,9.052,9.785
2506202,-0.056,8.945,8.392
2506251,-0.065,10.432,11.8
2506301,0.695,10.446,14.343
2506400,0.313,10.525,11.561
2506509,1.041,8.654,8.046
2506608,-0.439,8.832,9.709
2506707,-0.068,9.223,11.103
2506806,0.219,10.822,10.441
2506905,-0.21,10.279,10.209
2507002,0.701,9.613,9.882
2507101,1.176,9.691,12.106
2507200,0.696,11.783,12.057
2507309,0.175,10.453,10.897
2507408,0.176,9.679,10.19
2507507,1.621,7.848,9.344
2507606,0.628,9.558,10.615
2507705,0.781,10.014,12.351
2507804,0.784,10.675,12.441
2507903,0.356,9.789,10.9
2508000,-0.192,9.029,9.728
2508109,-0.108,10.726,13.714
2508208,0.6,9.628,11.082
2508307,0.706,9.761,11.197
2508406,0.015,9.01,10.338
2508505,-0.388,10.231,10.442
2508554,1.647,8.99,11.633
2508604,1.214,9.917,11.429
2508703,-0.2,9.309,9.606
2508802,0.38,10.047,10.775
2508901,0.755,10.311,10.763
2509008,0.232,6.977,11.15
2509057,1.766,8.587,12.451
2509107,0.311,10.672,11.47
2509156,1.013,10.913,15.712
2509206,1.047,8.47,9.706
2509305,2.06,3.831,4.983
2509339,0.746,5.937,6.047
2509370,0.435,9.725,11.519
2509396,1.306,9.253,11.316
2509404,0.273,10.99,11.952
2509503,1.946,8.006,8.546
2509602,0.5,9.118,8.307
2509701,0.918,12.579,16.45
2509800,-0.005,9.571,10.339
2509909,-0.406,9.531,8.575
2510006,0.072,9.214,9.833
2510105,0.12,9.084,9.51
2510204,-0.466,9.415,10.394
2510303,1.116,8.571,9.793
2510402,-0.936,9.662,8.411
2510501,0.868,9.227,9.324
2510600,0.317,9.371,9.921
2510659,0.916,8.756,9.357
2510709,1.009,8.772,10.091
2510808,0.67,10.305,11.417
2510907,0.374,10.771,13.345
2511004,0.141,9.364,10.009
2511103,0.489,9.076,8.458
2511202,0.745,7.163,11.095
2511301,0.634,9.507,10.579
2511400,0.153,9.382,9.595
2511509,0.883,9.911,10.906
2511608,-0.622,10.314,9.917
2511707,-0.103,8.997,8.362
2511806,-0.156,9.581,8.652
2511905,0.898,12.008,14.401
2512002,0.958,10.075,11.847
2512036,-0.01,10.794,10.327
2512077,1.009,10.66,11.376
2512101,0.167,10.353,10.544
2512200,0.834,10.043,10.641
2512309,0.908,9.541,11.139
2512408,0.876,9.58,9.62
2512507,1.305,10.276,11.537
2512606,1.99,8.712,12.158
2512705,1.155,8.863,9.014
2512721,0.966,9.379,11.724
2512747,0.514,9.348,10.147
2512754,0.864,9.405,10.504
2512762,1.0,10.335,12.225
2512788,1.945,8.169,7.974
2512804,0.536,7.52,4.781
2512903,0.52,8.549,9.364
2513000,1.145,8.82,9.235
2513109,-0.025,10.867,9.051
2513158,0.476,10.355,13.108
2513208,-0.04,9.391,10.248
2513307,-0.169,9.864,9.13
2513356,-0.088,8.655,10.067
2513406,0.386,13.973,10.888
2513505,-0.458,9.67,10.508
2513604,-0.711,9.148,8.494
2513653,0.07,10.504,10.853
2513703,1.121,8.012,10.599
2513802,-0.178,9.923,12.265
2513851,-0.226,10.309,9.552
2513901,1.07,11.404,12.778
2513927,0.987,9.185,11.577
2513943,0.786,9.992,9.814
2513968,0.74,9.16,10.705
2513984,-0.356,10.662,12.382
2514008,-0.494,8.902,7.741
2514107,-0.184,9.573,9.902
2514206,0.198,9.428,10.338
2514305,-0.283,9.731,10.902
2514404,-0.668,8.712,8.26
2514453,1.005,10.183,13.15
2514503,0.483,9.829,10.983
2514552,-1.528,8.515,7.018
2514602,0.893,9.127,10.084
2514651,0.68,9.71,12.396
2514701,0.411,13.643,11.389
2514800,-0.61,9.774,9.853
2514909,-0.158,9.606,8.799
2515005,0.768,10.143,10.535
2515104,0.536,8.778,9.604
2515203,0.762,8.949,9.933
2515302,0.56,10.44,11.365
2515401,0.645,9.812,11.9
2515500,0.632,9.048,9.475
2515609,-0.341,10.179,9.553
2515708,0.15,9.718,11.096
2515807,-0.211,8.386,8.733
2515906,-0.7,8.011,6.549
2515930,1.756,8.787,10.985
2515971,1.022,10.368,16.152
2516003,-0.555,10.765,11.561
2516102,0.859,10.811,12.445
2516151,1.373,8.758,11.04
2516201,0.487,10.162,10.956
2516300,0.775,9.494,9.26
2516409,-0.11,9.659,8.55
2516508,0.548,8.837,8.666
2516607,0.391,9.205,10.926
2516706,1.211,9.237,9.49
2516755,0.995,8.157,9.619
2516805,0.401,9.826,10.704
2516904,0.599,9.508,9.973
2517001,0.279,9.431,8.072
2517100,1.572,8.766,9.035
2517209,0.42,10.204,13.086
2517407,0.941,9.898,11.044
2600054,0.556,9.614,10.78
2600104,0.925,8.862,11.823
2600203,1.153,10.535,13.355
2600302,0.923,9.395,12.031
2600401,0.244,6.723,8.538
2600500,0.899,8.836,11.362
2600609,0.58,9.815,10.503
2600708,0.074,8.644,9.398
2600807,-0.028,10.376,11.177
2600906,-0.374,8.581,8.933
2601003,0.799,10.817,11.498
2601052,1.162,9.209,11.402
2601102,0.917,10.713,11.795
2601201,1.143,9.819,11.353
2601300,0.892,9.537,10.652
2601409,0.41,9.81,10.367
2601508,0.435,7.739,7.729
2601607,-0.057,14.158,10.481
2601706,0.695,12.698,13.811
2601805,0.379,8.881,10.869
2601904,0.395,10.13,10.725
2602001,0.627,9.576,10.734
2602100,0.518,10.985,12.302
2602209,0.308,8.344,9.376
2602308,0.059,10.301,10.974
2602407,0.157,10.514,12.003
2602506,0.369,9.602,10.303
2602605,1.245,9.256,11.503
2602704,0.506,8.211,9.798
2602803,1.008,9.958,13.418
2602902,1.462,9.812,13.907
2603009,0.867,9.175,11.351
2603108,0.84,9.366,12.445
2603207,0.893,12.155,12.017
2603306,-0.364,9.373,9.281
2603405,-1.228,9.81,10.381
2603454,0.731,9.75,12.138
2603504,0.839,8.766,10.291
2603603,0.154,8.957,7.999
2603702,-0.003,10.475,10.064
2603801,-0.068,10.407,12.761
2603900,0.524,7.908,10.888
2603926,1.078,8.4,11.011
2604007,1.17,9.782,12.503
2604106,1.928,10.06,12.249
2604155,0.098,9.294,9.371
2604205,0.786,6.902,8.967
2604304,0.713,9.944,11.652
2604403,0.925,8.576,12.344
2604502,0.576,9.455,11.771
2604601,0.661,8.673,10.286
2604700,0.18,8.872,8.78
2604809,-0.609,7.4,6.397
2604908,-3.485,11.401,8.391
2605004,0.372,9.829,10.369
2605103,1.201,11.372,14.317
2605152,1.03,11.344,15.487
2605202,0.553,10.321,10.848
2605301,0.049,10.504,10.906
2605400,0.77,10.505,13.222
2605459,2.047,11.023,13.126
2605509,1.498,7.119,9.403
2605608,0.184,9.849,11.765
2605707,1.128,9.301,10.766
2605806,0.647,9.517,10.837
2605905,-0.484,9.062,9.955
2606002,0.967,9.89,11.975
2606101,0.462,12.381,15.771
2606200,0.668,17.702,16.435
2606309,0.846,9.369,11.288
2606408,1.293,9.897,12.275
2606507,0.177,10.664,12.523
2606606,1.002,9.568,10.614
2606705,0.046,9.598,10.207
2606804,1.703,9.213,12.911
2606903,0.053,8.716,10.208
2607000,3.142,9.334,13.628
2607109,0.225,7.956,8.744
2607208,2.453,14.188,15.396
2607307,1.329,9.449,11.894
2607406,1.034,7.136,7.76
2607505,0.742,10.488,13.657
2607604,2.123,6.408,9.437
2607653,0.192,8.961,11.953
2607703,-0.198,9.673,10.679
2607752,1.521,10.466,12.054
2607802,0.578,8.337,8.346
2607901,0.675,9.241,10.608
2607950,-0.445,5.693,5.727
2608008,0.596,9.485,10.62
2608057,0.355,8.261,10.596
2608107,0.586,9.464,11.203
2608206,-0.513,3.903,5.814
2608255,0.787,10.347,12.09
2608305,1.092,10.57,12.225
2608404,0.184,7.32,8.638
2608453,1.529,8.842,13.257
2608503,-0.116,9.884,11.155
2608602,0.724,9.058,11.44
2608701,-0.283,9.289,7.481
2608750,1.117,11.262,12.407
2608800,1.135,10.158,12.395
2608909,0.125,9.333,10.063
2609006,0.42,9.252,10.29
2609105,1.32,8.6,11.345
2609154,3.127,8.418,12.795
2609204,-1.797,8.205,6.522
2609303,0.592,11.557,14.459
2609402,0.722,9.534,11.586
2609501,0.384,9.197,10.941
2609600,0.017,7.77,8.314
2609709,0.03,11.664,11.235
2609808,1.394,8.493,10.907
2609907,0.873,9.924,11.756
2610004,0.301,9.371,10.794
2610103,-1.408,10.12,9.175
2610202,-0.213,8.992,10.312
2610301,0.949,14.333,14.701
2610400,0.165,9.614,11.907
2610509,0.049,9.497,11.736
2610608,1.15,9.645,10.316
2610707,1.25,9.068,11.332
2610806,0.642,12.095,11.906
2610905,0.66,9.902,9.984
2611002,1.176,4.999,12.62
2611101,2.612,8.35,11.538
2611200,-0.228,9.726,9.639
2611309,0.598,11.903,14.742
2611408,1.113,8.051,10.042
2611507,-0.354,8.061,8.884
2611533,0.028,7.198,9.327
2611606,0.509,7.076,7.825
2611705,0.731,10.429,11.395
2611804,-0.327,9.569,9.865
2611903,0.093,6.471,6.542
2612000,-1.342,11.242,13.035
2612109,0.058,9.367,10.736
2612208,0.97,9.962,11.33
2612307,-0.096,11.549,12.162
2612406,1.449,8.844,11.309
2612455,1.225,8.978,12.163
2612471,0.648,10.39,12.707
2612505,2.513,9.629,13.685
2612554,0.231,9.315,10.886
2612604,0.422,9.636,9.591
2612703,0.969,9.563,12.033
2612802,0.279,8.001,10.216
2612901,1.468,7.794,10.325
2613008,0.797,13.089,12.444
2613107,0.57,10.816,11.388
2613206,0.928,10.498,14.415
2613305,0.091,9.759,10.7
2613404,1.613,11.612,14.757
2613503,0.576,10.736,11.65
2613602,0.523,8.479,10.736
2613701,1.177,9.057,11.613
2613800,0.313,10.262,9.898
2613909,1.402,8.442,11.631
2614006,0.343,9.153,9.804
2614105,0.462,8.85,9.229
2614204,1.128,9.681,11.166
2614303,0.015,8.418,9.529
2614402,0.114,8.257,8.574
2614501,1.299,10.232,12.045
2614600,0.839,9.191,11.526
2614709,0.214,11.028,11.383
2614808,1.909,9.514,11.479
2614857,1.494,10.003,14.28
2615003,1.331,9.929,11.306
2615102,0.568,10.734,13.738
2615201,1.051,10.424,11.663
2615300,-0.68,8.825,8.348
2615409,3.171,10.25,15.331
2615508,0.617,7.707,11.947
2615607,1.636,11.148,13.561
2615706,0.042,9.806,10.95
2615805,1.218,9.747,13.269
2615904,0.208,8.155,9.521
2616001,1.294,10.701,13.177
2616100,0.263,9.113,9.4
2616183,-0.487,8.901,8.766
2616209,1.886,9.021,11.749
2616308,0.029,8.84,8.789
2616407,0.832,12.578,14.17
2616506,-0.5,11.048,11.532
2700102,0.253,9.253,10.802
2700201,-0.815,7.982,9.284
2700300,1.104,10.734,14.049
2700409,0.065,12.355,12.786
2700508,1.474,9.504,11.75
2700607,0.995,9.89,13.595
2700706,0.696,8.804,10.166
2700805,-1.171,15.965,12.743
2700904,-0.44,10.944,10.198
2701001,-0.231,7.711,8.678
2701100,-0.849,17.549,15.751
2701209,0.775,11.454,12.244
2701308,-0.218,7.454,9.302
2701357,0.94,6.219,9.347
2701407,-0.09,9.297,10.767
2701506,-0.12,10.248,11.957
2701605,-0.188,11.595,13.69
2701704,-0.829,6.699,10.204
2701803,1.533,5.835,11.564
2701902,-0.825,16.041,12.47
2702009,-0.638,11.927,12.834
2702108,0.078,8.058,9.569
2702207,0.482,11.392,10.986
2702306,0.911,7.3,9.12
2702355,0.843,11.608,16.887
2702405,0.933,7.983,12.579
2702504,-0.44,10.081,10.372
2702553,0.02,9.756,11.489
2702603,0.24,11.337,11.922
2702702,0.434,8.57,8.387
2702801,-0.488,9.922,11.561
2702900,1.233,7.169,11.322
2703007,-0.147,9.641,10.546
2703106,-0.121,9.265,11.543
2703205,0.253,8.921,9.36
2703304,-0.542,10.616,12.934
2703403,-0.635,8.395,6.553
2703502,-0.953,9.837,11.181
2703601,1.387,11.594,17.603
2703700,-0.656,8.333,9.678
2703759,-1.085,9.051,7.363
2703809,-0.298,11.695,10.879
2703908,-0.256,8.44,8.55
2704005,0.063,9.696,11.385
2704104,-0.58,9.546,10.218
2704203,0.213,14.937,15.285
2704302,0.905,9.344,10.489
2704401,0.213,10.313,12.16
2704500,1.779,12.441,16.507
2704609,-1.923,11.971,11.768
2704708,2.107,8.372,14.494
2704807,-0.493,11.065,12.446
2704906,-1.032,10.854,12.008
2705002,-0.31,11.373,9.547
2705101,-0.037,10.169,11.64
2705200,1.424,9.758,10.426
2705309,0.096,10.229,11.829
2705408,-0.121,9.973,12.052
2705507,0.557,13.298,12.726
2705606,0.765,8.807,8.846
2705705,0.255,9.127,10.537
2705804,0.991,7.246,6.637
2705903,-0.302,10.274,10.617
2706000,0.37,10.003,13.029
2706109,0.623,11.259,13.506
2706208,-0.086,8.838,10.585
2706307,0.337,9.13,10.714
2706406,-0.126,7.845,8.944
2706422,0.125,9.223,11.707
2706448,2.509,9.686,13.728
2706505,0.268,9.598,11.97
2706604,-0.379,12.05,11.849
2706703,0.277,8.611,9.428
2706802,0.003,11.839,11.123
2706901,0.635,8.362,10.421
2707008,0.123,10.33,11.147
2707107,0.56,10.94,13.333
2707206,-0.043,10.741,12.24
2707305,0.237,9.169,9.756
2707404,-0.737,15.229,16.497
2707503,0.42,9.935,11.28
2707602,-0.301,12.49,11.035
2707701,1.622,7.408,12.49
2707800,-0.192,10.757,12.712
2707909,0.451,7.11,10.382
2708006,0.524,10.564,13.311
2708105,-0.073,11.147,12.452
2708204,0.069,11.497,10.479
2708303,0.282,10.319,11.265
2708402,0.687,11.268,14.045
2708501,0.558,9.016,10.532
2708600,1.29,4.483,8.537
2708709,1.612,13.163,18.867
2708808,0.486,10.473,13.827
2708907,2.292,9.496,15.95
2708956,0.179,10.464,11.898
2709004,-0.293,11.466,11.531
2709103,0.67,13.545,13.679
2709152,0.308,10.536,13.363
2709202,0.35,8.525,9.273
2709301,0.291,9.675,10.708
2709400,-0.367,12.643,12.729
2800100,0.049,10.679,10.893
2800209,0.525,8.768,10.395
2800308,1.466,7.008,8.993
2800407,-0.417,9.402,8.104
2800506,0.815,9.12,11.717
2800605,3.649,10.52,9.833
2800670,0.238,8.249,8.324
2800704,0.597,6.786,9.043
2801009,0.843,9.996,9.698
2801108,-0.099,10.936,11.537
2801207,2.588,3.131,11.663
2801306,1.053,9.934,9.828
2801405,0.668,13.609,13.545
2801504,2.065,4.013,8.198
2801603,0.171,9.015,8.648
2801702,0.815,12.227,10.83
2801900,0.282,10.966,11.839
2802007,1.578,6.912,8.856
2802106,0.588,4.304,8.647
2802205,0.687,12.346,13.001
2802304,0.986,9.775,11.516
2802403,-0.063,11.076,10.76
2802502,1.295,8.451,10.323
2802601,0.281,11.722,13.15
2802700,-0.011,8.789,10.56
2802809,1.227,9.28,11.481
2802908,1.323,10.097,12.317
2803005,0.706,10.462,11.28
2803104,-0.385,11.084,12.028
2803203,1.403,5.206,11.294
2803302,0.729,5.116,6.507
2803401,0.025,6.762,8.289
2803500,1.005,7.989,9.591
2803609,0.318,2.276,7.751
2803708,0.767,8.737,9.591
2803807,0.457,8.516,8.866
2803906,0.101,8.844,9.525
2804003,0.241,8.099,10.845
2804102,0.099,11.027,11.025
2804201,1.042,12.444,15.056
2804300,0.454,7.776,8.909
2804409,-0.511,8.699,8.652
2804458,0.578,11.582,12.505
2804508,1.945,11.068,14.589
2804607,0.642,10.484,10.643
2804706,0.098,10.769,12.284
2804805,1.478,6.09,10.305
2804904,0.697,5.956,8.435
2805000,0.418,11.433,10.45
2805109,0.074,9.134,10.094
2805208,0.547,12.01,13.938
2805307,0.434,9.371,11.09
2805406,0.651,12.977,13.881
2805505,0.52,9.674,13.782
2805604,0.302,11.966,11.082
2805703,0.04,7.501,9.253
2805802,-0.167,10.588,10.773
2805901,0.463,7.042,8.468
2806008,0.608,9.787,13.286
2806107,1.463,5.103,8.747
2806206,0.288,8.455,9.46
2806305,0.228,9.176,10.494
2806404,1.01,11.447,12.17
2806503,0.448,8.517,9.372
2806602,0.393,8.501,9.119
2806701,1.719,8.024,10.533
2806800,0.57,8.768,10.408
2806909,1.423,9.061,11.227
2807006,0.172,10.846,10.988
2807105,0.629,10.466,12.258
2807204,0.806,6.835,8.831
2807303,0.965,8.698,10.595
2807402,0.825,10.883,11.047
2807501,-0.207,9.6,10.191
2807600,1.059,11.528,12.389
2900108,-0.711,7.254,8.771
2900207,1.433,9.907,15.091
2900306,-0.024,8.264,9.394
2900355,0.324,7.177,9.307
2900405,0.242,10.402,11.756
2900504,-0.665,9.789,10.334
2900603,-0.519,8.876,8.87
2900702,0.832,9.792,11.613
2900801,0.537,4.376,9.032
2900900,-1.576,9.412,8.508
2901007,0.883,9.462,11.005
2901106,0.093,10.527,11.086
2901155,-0.062,8.541,9.76
2901205,-0.702,10.901,12.7
2901304,-0.142,10.495,10.554
2901353,-0.109,4.897,10.987
2901403,-0.111,8.412,10.75
2901502,1.123,9.915,10.069
2901601,1.017,9.638,11.246
2901700,-0.051,9.582,11.175
2901809,1.274,8.597,9.141
2901908,-0.033,10.144,11.033
2901957,-0.067,7.631,8.443
2902005,-0.505,11.175,12.478
2902054,0.236,6.332,7.396
2902104,0.363,9.535,11.968
2902203,0.468,10.557,10.797
2902252,-0.048,9.087,9.197
2902302,0.238,7.422,9.222
2902401,-2.047,11.119,9.117
2902500,0.827,10.124,11.799
2902609,-0.223,10.584,11.769
2902658,0.62,10.381,10.732
2902708,0.837,9.529,12.115
2902807,-0.155,14.271,14.97
2902906,-0.979,9.689,11.861
2903003,-1.045,10.023,9.879
2903102,-1.373,10.982,8.853
2903201,1.561,10.618,11.952
2903235,0.807,7.351,10.374
2903276,1.19,12.746,17.651
2903300,-1.667,12.857,10.217
2903409,0.454,8.841,10.824
2903508,0.001,10.161,12.528
2903607,0.342,11.011,10.845
2903706,-2.345,11.378,12.361
2903805,-0.253,9.68,10.611
2903904,1.048,9.911,10.541
2903953,-0.287,10.773,12.519
2904001,0.735,9.88,11.746
2904050,1.065,7.526,11.835
2904100,-0.508,8.963,9.116
2904209,-0.595,9.521,11.248
2904308,-0.732,7.935,8.323
2904407,0.837,8.498,12.042
2904506,-0.146,10.606,10.926
2904605,0.66,8.869,10.205
2904704,-0.717,7.31,6.024
2904753,0.41,9.039,11.844
2904803,-4.597,12.123,9.049
2904852,0.553,9.08,10.632
2904902,0.11,7.875,8.211
2905008,0.526,11.461,14.057
2905107,-0.648,9.183,7.858
2905156,-0.374,10.286,13.516
2905206,0.708,10.945,11.682
2905305,0.518,10.327,13.256
2905404,2.695,16.556,21.187
2905503,1.23,10.06,12.241
2905602,-0.676,9.766,7.769
2905701,2.943,5.441,12.721
2905800,-0.119,10.376,11.692
2905909,0.53,9.694,12.377
2906006,0.843,11.115,12.135
2906105,0.241,9.84,11.258
2906204,0.773,7.531,10.259
2906303,-0.368,9.832,9.599
2906402,-1.044,10.058,8.188
2906501,0.041,9.452,13.18
2906600,0.643,10.377,13.495
2906709,-0.618,9.126,10.632
2906808,0.798,10.19,11.655
2906824,0.931,8.107,10.714
2906857,0.191,10.147,9.863
2906873,1.49,12.559,15.43
2906899,-2.722,11.789,11.555
2906907,0.269,2.955,6.865
2907004,0.282,6.031,7.636
2907103,0.385,11.131,12.483
2907202,1.259,10.454,13.156
2907301,0.087,10.364,9.944
2907400,0.76,11.75,18.875
2907509,0.425,5.36,7.899
2907558,0.141,10.589,12.432
2907608,0.137,9.085,10.148
2907707,0.329,11.907,12.88
2907806,0.1,10.841,11.3
2907905,0.883,10.109,10.484
2908002,-2.168,9.976,6.828
2908101,0.392,12.45,13.375
2908200,1.004,9.374,11.36
2908309,-0.671,9.667,10.557
2908408,0.971,9.7,11.753
2908507,1.42,12.888,11.504
2908606,0.766,8.32,11.049
2908705,-0.177,10.275,11.999
2908804,0.198,10.677,11.422
2908903,0.395,9.87,10.847
2909000,0.237,8.873,10.643
2909109,-0.323,9.017,11.361
2909208,-0.842,8.366,9.374
2909307,0.356,12.928,14.805
2909406,0.002,10.757,11.185
2909505,-0.258,9.511,10.382
2909604,0.267,9.067,11.703
2909703,0.592,10.257,12.187
2909802,0.721,9.151,10.447
2909901,0.885,10.07,13.011
2910008,-1.711,10.527,10.104
2910057,2.305,4.244,9.939
2910107,0.723,6.783,11.042
2910206,0.827,9.6,12.842
2910305,0.133,8.579,9.125
2910404,-3.08,10.525,9.05
2910503,0.123,6.868,9.457
2910602,1.109,4.781,7.88
2910701,0.739,10.423,11.943
2910727,1.496,9.719,11.306
2910750,-0.047,7.504,9.407
2910776,-0.352,9.34,12.196
2910800,1.265,10.225,11.577
2910859,0.159,11.209,12.157
2910909,0.113,11.172,11.199
2911006,0.005,8.985,9.458
2911105,1.712,15.931,19.046
2911204,0.985,8.115,8.111
2911253,0.179,10.867,11.231
2911303,0.581,17.436,11.077
2911402,0.27,10.155,9.852
2911501,-2.787,11.807,10.099
2911600,1.039,8.676,10.382
2911659,-2.777,11.34,11.808
2911709,1.027,10.077,11.245
2911808,-0.917,8.421,7.438
2911857,-0.158,10.747,11.795
2911907,-0.731,9.846,9.284
2912004,-1.195,10.458,11.826
2912103,-1.263,9.769,6.972
2912202,1.436,8.848,12.786
2912301,-0.02,9.194,9.477
2912400,1.402,6.52,9.991
2912509,0.37,10.386,12.752
2912608,-0.357,9.4,11.337
2912707,0.914,10.171,9.458
2912806,1.358,12.63,15.419
2912905,-1.652,9.888,8.718
2913002,0.528,9.702,10.364
2913101,-0.183,6.742,7.894
2913200,0.579,10.558,11.29
2913309,1.185,7.633,8.749
2913408,0.392,10.917,12.993
2913457,-0.693,10.513,11.247
2913507,-0.384,9.809,10.566
2913606,-1.027,10.46,8.987
2913705,0.964,9.794,12.285
2913804,-1.355,10.988,10.974
2913903,0.042,8.71,8.279
2914000,-0.18,10.594,11.683
2914109,0.788,10.903,13.544
2914208,0.175,8.935,12.621
2914307,-2.664,11.873,11.091
2914406,1.431,10.958,16.194
2914505,0.699,9.734,11.236
2914604,1.29,9.803,11.959
2914653,0.544,10.37,12.066
2914703,0.531,10.437,11.022
2914802,0.081,8.174,8.396
2914901,2.323,10.552,13.975
2915007,0.22,9.216,10.947
2915106,-0.356,9.316,9.854
2915205,-0.391,13.879,18.364
2915304,-0.726,10.333,9.855
2915353,1.115,10.546,12.07
2915403,-1.339,9.397,7.735
2915502,-0.548,7.932,6.765
2915601,-0.094,9.542,8.409
2915700,-0.469,8.829,8.371
2915809,-1.361,10.727,10.515
2915908,-0.254,8.237,9.193
2916005,-0.566,9.307,8.529
2916104,0.303,4.205,5.743
2916203,-1.791,11.06,9.565
2916302,-0.643,8.372,6.607
2916401,0.938,9.516,10.081
2916500,0.99,8.212,11.29
2916609,0.069,8.651,8.36
2916708,0.244,8.229,9.888
2916807,0.397,11.069,11.199
2916856,0.832,12.407,14.7
2916906,-0.792,8.899,9.34
2917003,-0.01,10.513,11.903
2917102,-0.392,10.156,9.686
2917201,0.311,12.593,12.343
2917300,-0.077,9.261,10.001
2917334,0.417,9.162,10.528
2917359,-0.434,16.322,16.331
2917409,0.491,9.0,10.927
2917508,0.486,10.863,10.926
2917607,0.192,9.974,11.684
2917706,1.208,6.539,10.537
2917805,2.587,8.675,11.763
2917904,-0.219,8.239,11.439
2918001,0.516,10.234,11.656
2918100,0.746,8.412,11.001
2918209,0.068,10.936,11.7
2918308,-2.151,12.639,10.12
2918357,1.477,8.357,12.126
2918407,1.325,9.023,11.814
2918456,-0.911,8.689,8.443
2918506,0.228,9.685,11.236
2918555,-1.017,8.101,6.876
2918605,-1.703,8.354,8.809
2918704,0.178,9.403,11.545
2918753,0.628,9.742,13.848
2918803,0.602,8.131,8.654
2918902,0.872,7.626,9.272
2919009,-0.373,5.097,10.712
2919058,-0.257,7.783,10.235
2919108,-0.244,9.743,10.767
2919157,0.286,9.547,11.556
2919207,2.667,8.33,12.17
2919306,0.993,9.984,11.009
2919405,0.108,9.489,12.643
2919504,0.844,7.984,10.755
2919553,8.451,6.137,18.55
2919603,-0.31,9.298,11.216
2919702,1.806,9.808,11.494
2919801,0.306,10.239,12.42
2919900,-0.831,12.013,12.541
2919926,2.219,5.61,6.502
2919959,-4.388,13.312,10.941
2920007,1.285,11.108,15.788
2920106,-0.412,9.366,9.685
2920205,0.144,10.059,11.326
2920304,0.049,11.423,13.37
2920403,-0.871,11.055,12.391
2920452,1.156,7.957,8.988
2920502,-1.055,13.916,14.222
2920601,-0.1,9.341,10.115
2920700,1.229,11.245,17.685
2920809,-0.18,9.851,10.673
2920908,-0.458,10.056,9.78
2921005,1.571,5.624,7.586
2921054,0.298,10.164,12.035
2921104,0.44,8.441,8.629
2921203,-0.6,9.996,10.278
2921302,-0.563,11.47,11.791
2921401,0.865,8.461,9.975
2921450,-1.964,12.264,14.111
2921500,-0.512,10.851,12.679
2921609,-0.296,11.161,11.76
2921708,0.032,15.713,9.465
2921807,-0.335,9.819,11.509
2921906,-1.126,13.512,12.603
2922003,1.446,6.078,9.429
2922052,-0.964,13.281,11.014
2922102,0.336,7.825,7.701
2922201,0.243,9.01,9.353
2922250,0.855,11.594,15.594
2922300,-0.312,9.06,10.14
2922409,0.168,12.114,15.502
2922508,0.354,9.7,8.62
2922607,0.804,9.502,11.124
2922656,1.656,10.44,13.737
2922706,-0.262,11.11,11.343
2922730,0.761,10.751,12.483
2922755,0.128,7.627,6.663
2922805,1.021,9.908,13.33
2922854,-0.058,9.588,10.601
2922904,0.243,10.072,11.12
2923001,1.139,4.114,10.288
2923035,1.831,10.419,13.379
2923050,-0.539,10.553,10.483
2923100,0.082,10.031,10.404
2923209,-0.066,10.577,9.514
2923308,0.318,10.316,11.029
2923357,0.872,11.516,13.803
2923407,0.243,10.564,12.704
2923506,1.438,11.195,13.204
2923605,0.577,8.902,8.997
2923704,0.447,8.679,12.527
2923803,0.273,10.186,11.865
2923902,-1.22,10.494,9.499
2924009,0.907,5.363,9.585
2924058,0.302,10.83,12.434
2924108,0.001,9.52,10.165
2924207,-0.677,9.027,9.356
2924306,0.1,9.767,13.31
2924405,0.881,8.213,11.128
2924504,0.082,13.26,13.367
2924603,-0.103,10.043,9.457
2924652,-0.212,10.633,11.342
2924678,0.575,12.298,12.533
2924702,-2.779,10.042,9.455
2924801,0.581,9.119,10.117
2924900,0.699,8.659,12.267
2925006,0.738,8.85,10.24
2925105,0.386,9.989,11.788
2925204,1.369,10.087,9.027
2925253,0.046,11.98,12.39
2925303,2.201,10.756,12.998
2925402,-2.392,12.846,9.701
2925501,1.081,7.66,10.914
2925600,0.539,8.883,11.908
2925709,-1.57,11.415,12.569
2925758,1.884,9.665,13.063
2925808,0.333,9.876,11.236
2925907,-0.004,10.068,12.274
2925931,0.527,10.501,11.972
2925956,-0.355,11.891,14.424
2926004,0.682,8.789,10.922
2926103,1.341,9.489,11.74
2926202,0.014,13.46,12.884
2926301,0.619,10.861,11.631
2926400,0.675,8.976,11.662
2926509,0.223,10.425,11.38
2926608,0.787,10.363,11.886
2926657,-3.127,11.11,9.685
2926707,-0.185,7.579,8.759
2926806,-0.238,9.856,11.365
2926905,-0.371,9.291,11.212
2927002,0.524,7.202,8.272
2927101,2.128,10.951,14.364
2927200,0.199,10.531,12.388
2927309,0.855,9.313,11.034
2927408,0.292,7.507,7.631
2927507,0.796,9.573,11.295
2927606,-0.8,10.646,11.837
2927705,0.397,11.552,12.917
2927804,-1.449,9.95,8.151
2927903,-0.27,9.87,8.467
2928000,1.118,11.494,12.639
2928059,-0.539,10.157,9.771
2928109,-0.116,9.927,10.54
2928208,0.366,9.395,11.159
2928307,0.278,9.883,12.294
2928406,0.826,9.509,12.277
2928505,1.029,11.853,13.216
2928604,-0.024,9.943,10.207
2928703,1.399,8.886,10.726
2928802,1.248,11.817,13.434
2928901,2.917,10.507,13.048
2928950,0.374,9.596,11.144
2929008,-0.585,6.381,6.111
2929057,1.392,8.89,11.4
2929107,0.166,9.177,9.405
2929206,1.892,12.422,9.451
2929255,0.138,9.865,11.247
2929305,1.873,15.376,18.561
2929354,-0.157,9.287,12.611
2929370,1.203,9.793,12.669
2929404,0.375,9.919,14.018
2929503,0.324,8.331,10.277
2929602,0.41,9.647,9.496
2929701,-0.338,13.107,11.619
2929750,0.549,9.454,9.889
2929800,-0.017,8.695,9.703
2929909,0.993,10.519,11.364
2930006,0.461,8.022,10.718
2930105,0.951,7.827,8.127
2930154,0.292,10.248,12.321
2930204,0.937,14.891,14.491
2930303,-0.175,10.553,11.869
2930402,-0.12,10.48,12.476
2930501,0.688,10.236,11.625
2930600,0.336,10.298,11.491
2930709,1.173,9.003,11.575
2930758,0.464,7.618,10.278
2930766,-1.662,7.555,7.724
2930774,0.893,5.781,10.89
2930808,1.049,9.135,11.69
2930907,-0.182,15.793,13.355
2931004,0.201,10.976,12.065
2931053,0.609,11.06,12.027
2931103,0.71,8.878,9.48
2931202,1.043,8.596,10.874
2931301,-0.358,7.159,8.864
2931350,1.618,8.797,11.166
2931400,-0.851,9.724,14.507
2931509,0.427,2.94,5.214
2931608,1.036,10.207,11.126
2931707,-0.505,10.037,11.195
2931806,-1.173,10.142,11.247
2931905,-0.085,11.674,12.361
2932002,-0.256,9.987,10.86
2932101,-0.275,10.25,12.057
2932200,-1.396,9.213,7.194
2932309,-0.244,9.448,8.799
2932408,0.074,9.741,11.095
2932457,0.343,12.794,18.057
2932507,-2.745,10.144,5.473
2932606,-0.003,10.398,12.429
2932705,0.822,10.659,11.563
2932804,0.198,9.429,9.397
2932903,0.717,10.341,11.263
2933000,1.482,8.096,9.191
2933059,0.191,9.753,10.012
2933109,0.963,11.425,15.128
2933158,-0.038,16.46,10.405
2933174,0.57,11.549,13.228
2933208,1.705,7.658,8.892
2933257,-0.71,8.428,7.928
2933307,1.599,10.758,11.656
2933406,0.234,10.136,10.857
2933455,-0.233,10.802,11.091
2933505,-0.3,8.783,8.974
2933604,0.124,10.757,9.34
3100104,0.108,10.424,10.932
3100203,0.1,9.512,9.556
3100302,0.237,9.561,10.464
3100401,0.053,10.796,10.416
3100500,-1.08,10.946,7.711
3100609,-1.666,10.86,10.116
3100708,-0.105,12.932,9.977
3100807,1.029,9.659,10.775
3100906,0.252,10.983,12.209
3101003,0.722,6.823,11.03
3101102,0.187,8.246,7.742
3101201,-0.15,10.092,10.76
3101300,-0.079,10.763,9.447
3101409,0.167,9.439,14.841
3101508,-0.209,7.764,5.494
3101607,0.737,9.224,11.063
3101631,1.56,8.161,11.524
3101706,0.778,9.705,10.892
3101805,0.106,8.333,7.763
3101904,0.425,10.645,10.997
3102001,0.378,9.734,10.518
3102050,0.954,10.558,11.679
3102100,-1.113,10.866,10.182
3102209,-1.175,10.447,9.516
3102308,-0.11,10.264,10.335
3102407,0.805,12.064,13.507
3102506,-0.677,10.073,9.288
3102605,1.031,8.798,9.431
3102704,0.487,7.159,8.997
3102803,-0.037,10.782,10.818
3102852,0.042,12.589,12.838
3102902,0.125,12.438,10.399
3103009,-0.374,14.461,17.805
3103108,-0.388,10.288,9.355
3103207,0.191,11.156,9.404
3103306,0.144,10.092,9.649
3103405,-0.049,13.342,10.908
3103504,0.728,9.438,10.832
3103603,-0.068,9.476,9.263
3103702,0.221,11.099,11.516
3103751,1.966,1.873,8.193
3103801,0.11,15.604,16.463
3103900,1.948,9.789,13.017
3104007,1.671,10.089,11.451
3104106,0.9,8.884,8.751
3104205,1.092,11.537,11.573
3104304,0.723,9.325,9.895
3104403,-0.774,9.396,7.607
3104452,0.667,10.922,11.489
3104502,-0.04,12.133,10.295
3104601,0.949,10.189,9.236
3104700,-0.961,11.45,10.692
3104809,-0.359,9.62,10.418
3104908,0.318,8.928,9.429
3105004,-0.264,9.498,10.48
3105103,0.446,10.544,11.08
3105202,-0.4,9.482,10.666
3105301,0.834,9.836,11.108
3105400,1.442,9.256,14.203
3105509,-0.955,9.606,8.83
3105608,0.6,7.982,8.816
3105707,-1.352,10.772,9.608
3105905,0.501,8.138,8.78
3106002,0.219,13.997,13.803
3106101,0.04,7.948,9.319
3106200,0.342,8.137,8.434
3106309,1.125,7.193,8.442
3106408,0.612,12.214,12.33
3106507,-1.007,5.59,7.281
3106606,0.226,9.212,10.564
3106655,0.403,11.059,11.494
3106705,1.261,8.864,9.516
3106804,-1.172,9.565,8.053
3106903,0.453,8.723,8.809
3107000,-0.619,10.762,10.393
3107109,0.371,10.413,9.452
3107208,0.347,10.124,10.332
3107307,0.657,10.505,12.074
3107406,1.253,9.898,11.328
3107505,0.045,9.586,8.248
3107604,1.022,11.697,15.231
3107703,1.007,11.573,16.199
3107802,-0.348,10.392,10.092
3107901,0.597,9.133,9.681
3108008,0.097,9.678,11.667
3108107,0.404,10.393,12.365
3108206,-0.629,14.158,11.752
3108255,1.486,10.852,14.435
3108305,1.006,9.247,10.165
3108404,-0.067,8.633,9.45
3108503,-0.576,10.852,10.825
3108552,1.495,9.302,12.63
3108602,0.385,10.473,10.55
3108701,-0.679,9.189,9.265
3108800,-0.599,7.62,9.42
3108909,-0.322,8.104,5.965
3109006,1.797,11.012,15.206
3109105,0.06,10.178,11.377
3109204,-0.407,10.029,10.088
3109253,0.262,10.574,11.19
3109303,0.849,11.927,11.88
3109402,-0.141,12.526,13.417
3109451,0.578,14.004,12.396
3109501,-0.633,10.154,9.844
3109600,-0.116,5.374,4.175
3109709,0.511,14.688,14.642
3109808,0.323,10.379,8.848
3109907,1.415,8.212,10.13
3110004,0.577,10.042,11.616
3110103,1.157,10.368,12.535
3110202,-0.202,13.254,13.894
3110301,0.608,8.978,10.244
3110400,-0.925,12.121,9.654
3110509,0.888,11.64,12.249
3110608,1.17,13.078,13.218
3110707,-0.042,10.294,8.215
3110806,-0.396,8.693,8.915
3110905,0.624,9.892,10.417
3111002,-0.021,9.218,10.257
3111101,-0.036,8.703,8.175
3111150,0.235,9.775,10.693
3111200,0.358,9.077,9.564
3111309,0.033,9.717,10.971
3111408,2.202,11.51,13.248
3111507,0.281,9.345,9.642
3111606,0.074,9.969,10.345
3111705,0.075,10.652,10.01
3111804,0.807,10.244,9.492
3111903,-0.21,8.293,8.292
3112000,-0.061,11.224,11.034
3112059,0.379,9.642,10.328
3112109,0.09,11.51,11.509
3112208,-0.449,10.206,10.438
3112307,1.06,12.136,13.992
3112406,-0.489,11.061,10.458
3112505,1.26,9.231,10.707
3112604,0.354,10.282,8.97
3112653,0.712,9.319,9.946
3112703,0.45,9.363,12.184
3112802,1.178,11.108,13.324
3112901,0.076,11.447,11.043
3113008,0.056,10.514,10.794
3113107,-0.671,10.18,8.984
3113206,0.688,8.807,10.306
3113305,0.05,9.602,9.652
3113404,0.692,10.145,10.687
3113503,-0.123,11.667,11.103
3113602,0.812,10.361,12.899
3113701,-0.701,11.156,9.903
3113800,0.834,8.234,8.486
3113909,0.015,9.617,9.327
3114006,0.408,10.098,9.696
3114105,0.566,9.51,10.724
3114204,1.428,10.219,12.183
3114303,0.023,11.178,11.313
3114402,0.276,11.374,10.671
3114501,1.275,10.237,12.622
3114550,0.551,11.573,10.832
3114600,0.445,12.568,12.759
3114709,0.409,8.801,8.082
3114808,-0.266,10.936,9.529
3114907,-0.09,12.131,10.137
3115003,0.44,9.095,8.205
3115102,-0.002,9.009,8.624
3115201,-0.413,11.322,10.024
3115300,0.376,7.692,8.214
3115359,1.232,24.368,31.98
3115409,0.068,10.569,10.08
3115458,-0.338,10.973,11.817
3115474,-0.373,10.082,10.742
3115508,-0.26,7.7,6.59
3115607,-0.616,9.39,7.912
3115706,-0.04,9.085,9.959
3115805,0.441,10.677,12.009
3115904,1.823,8.444,10.88
3116001,0.309,11.75,12.5
3116100,-1.172,9.816,9.075
3116159,2.518,12.446,15.91
3116209,-0.287,9.304,9.127
3116308,-0.28,9.557,11.135
3116407,0.406,12.804,11.379
3116506,-0.522,9.917,9.318
3116605,1.324,12.244,13.35
3116704,0.444,10.739,13.868
3116803,-0.393,10.489,12.206
3116902,0.17,8.362,4.131
3117009,-2.031,10.206,10.388
3117108,0.548,9.96,10.979
3117207,0.118,8.967,7.869
3117306,2.442,9.927,11.41
3117405,0.346,10.986,9.199
3117504,0.794,22.263,28.634
3117603,0.528,11.009,15.58
3117702,0.164,10.124,10.022
3117801,1.035,9.105,10.118
3117836,0.737,9.301,10.327
3117876,1.753,14.786,10.98
3117900,1.209,7.813,9.814
3118007,1.259,16.033,15.28
3118106,-0.007,9.67,10.219
3118205,0.752,11.487,9.429
3118304,1.189,9.68,11.021
3118403,0.078,9.638,9.201
3118502,-0.142,9.119,8.769
3118601,0.799,8.982,10.646
3118700,-0.268,10.383,10.664
3118809,0.082,9.968,9.412
3118908,-0.292,9.874,10.398
3119005,-0.114,10.79,9.59
3119104,-0.111,10.101,9.361
3119203,-0.016,7.636,10.777
3119302,0.225,13.022,12.377
3119401,0.444,8.841,9.236
3119500,-0.285,10.746,11.489
3119609,0.12,9.271,9.941
3119708,0.443,10.083,11.067
3119807,-0.705,12.781,14.536
3119906,0.448,9.459,9.204
3119955,0.867,10.876,10.24
3120003,-1.109,11.775,8.535
3120102,0.422,9.206,10.244
3120151,0.398,9.691,10.592
3120201,1.325,9.604,11.974
3120300,-0.225,9.991,10.461
3120409,-0.166,11.953,10.21
3120508,0.035,11.265,9.414
3120607,0.96,9.212,10.094
3120706,-0.296,13.084,12.7
3120805,0.476,10.77,10.743
3120839,-0.016,10.377,11.848
3120870,1.037,5.435,10.48
3120904,0.859,10.262,10.638
3121001,0.398,10.123,10.374
3121100,0.012,3.655,-0.036
3121209,1.087,11.324,10.462
3121258,3.644,8.166,10.965
3121308,0.422,9.194,8.683
3121407,0.585,13.618,15.17
3121506,-0.232,9.859,8.888
3121605,0.475,10.345,11.25
3121704,-0.345,9.862,9.692
3121803,-1.761,10.608,8.111
3121902,1.141,11.047,12.607
3122009,0.492,10.337,10.474
3122108,-0.46,9.579,9.458
3122207,0.272,9.428,9.977
3122306,1.146,8.388,10.084
3122355,1.398,10.807,14.369
3122405,0.276,9.73,10.35
3122454,2.391,6.934,9.404
3122470,-0.342,10.623,10.679
3122504,-0.305,9.188,8.97
3122603,0.204,10.921,11.959
3122702,0.239,9.186,9.022
3122801,0.071,9.443,9.236
3122900,0.729,9.347,9.906
3123007,0.877,11.942,10.637
3123106,-0.225,13.311,11.483
3123205,-0.523,10.094,9.915
3123304,0.091,9.354,10.105
3123403,0.457,13.859,11.317
3123502,0.144,11.559,11.261
3123528,0.466,8.331,10.112
3123601,1.006,8.494,7.695
3123700,1.634,7.724,9.164
3123809,-0.207,10.612,11.285
3123858,0.204,10.324,11.237
3123908,0.65,11.385,10.998
3124005,0.759,11.21,11.312
3124104,2.391,9.301,12.253
3124203,0.882,10.296,11.089
3124302,0.061,10.394,10.692
3124401,1.924,9.102,12.23
3124500,0.51,11.868,12.9
3124609,-0.863,9.76,8.197
3124708,-0.762,10.937,9.396
3124807,0.334,8.448,10.132
3124906,0.651,10.476,11.741
3125002,0.357,9.44,9.82
3125101,4.512,13.816,23.289
3125200,0.313,9.065,9.078
3125309,-0.665,9.802,7.158
3125408,-0.586,10.905,9.205
3125507,0.265,10.09,9.809
3125606,0.449,8.696,8.977
3125705,0.598,9.319,10.574
3125804,1.122,9.502,10.556
3125903,-1.021,9.889,9.844
3125952,0.474,10.129,10.291
3126000,1.642,8.956,11.233
3126109,0.402,10.982,10.598
3126208,1.472,12.271,13.752
3126307,0.076,2.765,3.423
3126406,1.141,8.527,9.72
3126505,-1.067,9.628,9.098
3126604,0.139,12.08,11.299
3126703,0.286,10.925,13.663
3126752,-0.969,11.482,13.137
3126802,0.018,10.022,11.443
3126901,0.235,10.212,11.289
3126950,0.515,10.097,11.228
3127008,2.708,1.005,6.695
3127057,-0.418,9.66,9.96
3127073,-1.541,10.108,10.477
3127107,1.167,12.043,11.606
3127206,1.56,9.769,10.233
3127305,-0.455,9.89,8.855
3127339,-0.318,8.086,8.688
3127354,0.401,10.627,11.208
3127370,0.553,8.987,10.182
3127388,0.974,10.453,10.491
3127404,0.58,11.327,12.746
3127503,-0.037,11.284,11.786
3127602,-0.042,8.556,9.612
3127701,0.387,8.4,9.157
3127800,0.028,17.011,10.635
3127909,0.047,10.143,9.496
3128006,0.848,11.198,11.089
3128105,0.049,11.25,10.207
3128204,-0.072,9.026,9.715
3128253,0.551,10.762,11.12
3128303,0.07,10.481,8.899
3128402,-0.26,10.437,8.858
3128501,-1.13,10.26,9.148
3128600,-0.12,14.574,13.099
3128709,0.368,9.014,11.625
3128808,-0.231,9.066,10.196
3128907,1.324,12.596,12.395
3129004,-0.581,8.863,8.594
3129103,-1.121,10.659,6.313
3129202,0.511,10.279,11.886
3129301,1.045,10.493,11.668
3129400,0.02,10.558,9.475
3129509,0.412,10.568,11.216
3129608,-0.192,11.138,11.026
3129657,-1.178,10.436,10.574
3129707,0.63,6.038,10.856
3129806,1.061,9.429,10.878
3129905,0.04,9.293,10.479
3130002,0.058,8.994,9.271
3130051,0.947,9.897,12.579
3130101,2.74,9.926,12.443
3130200,1.844,14.697,16.409
3130309,-0.648,11.301,11.355
3130408,1.494,7.223,8.808
3130507,0.824,9.474,10.813
3130556,0.68,10.628,10.988
3130606,0.64,9.07,8.888
3130655,-0.578,10.688,10.205
3130705,0.831,11.332,11.367
3130804,0.312,12.472,12.323
3130903,-0.282,11.752,11.33
3131000,0.921,9.26,11.055
3131109,1.021,8.079,9.377
3131158,0.842,10.008,11.987
3131208,0.953,10.197,11.307
3131307,0.55,7.678,9.652
3131406,-0.057,12.073,9.681
3131505,0.189,9.814,11.286
3131604,0.781,12.054,11.109
3131703,0.787,8.06,12.085
3131802,0.553,10.442,11.867
3131901,1.628,12.1,16.892
3132008,0.628,10.598,10.16
3132107,-0.054,9.203,9.239
3132206,0.987,10.497,11.786
3132305,0.06,9.279,11.211
3132404,0.574,8.621,8.607
3132503,0.734,10.997,12.312
3132602,0.106,5.16,5.491
3132701,-0.221,9.633,9.499
3132800,-0.853,10.349,10.309
3132909,-0.123,11.223,10.072
3133006,0.943,13.606,14.182
3133105,0.785,8.218,8.829
3133204,0.097,9.574,10.062
3133303,-0.359,10.405,10.476
3133402,0.922,10.091,9.871
3133501,0.126,9.973,10.097
3133600,2.192,16.17,18.622
3133709,1.843,16.86,25.416
3133758,0.302,4.127,6.805
3133808,1.116,9.148,9.766
3133907,-0.626,10.484,10.2
3134004,0.135,12.584,10.766
3134103,0.575,10.385,12.616
3134202,0.789,9.627,10.637
3134301,0.08,9.605,9.259
3134400,1.436,5.964,10.822
3134509,0.05,9.889,12.178
3134608,2.063,8.83,11.674
3134707,-0.208,9.383,9.665
3134806,0.076,11.061,10.648
3134905,1.545,11.685,11.034
3135001,0.455,14.881,16.509
3135050,1.443,12.298,15.58
3135076,-0.026,9.825,9.658
3135100,0.623,11.283,11.975
3135209,0.298,9.626,10.141
3135308,1.288,8.91,10.769
3135357,-0.1,10.648,12.109
3135407,-0.038,21.971,24.002
3135456,0.206,11.051,12.848
3135506,-0.306,11.119,11.511
3135605,-1.142,11.517,9.98
3135704,0.524,9.879,11.653
3135803,0.384,9.95,10.074
3135902,0.188,9.731,10.006
3136009,-0.014,9.746,9.388
3136108,-1.951,9.462,8.286
3136207,0.91,7.502,10.13
3136306,0.698,12.766,12.983
3136405,0.516,9.374,8.432
3136504,0.33,9.522,10.559
3136520,-0.623,11.298,10.926
3136553,1.147,11.891,13.215
3136579,-0.394,10.616,9.813
3136603,0.351,11.153,11.229
3136652,2.678,7.606,10.593
3136702,0.903,7.741,9.177
3136801,0.091,8.472,8.503
3136900,1.709,11.285,14.267
3136959,-0.068,11.739,11.361
3137007,0.006,9.42,10.265
3137106,-0.42,11.573,10.814
3137205,1.34,10.04,11.284
3137304,-1.156,10.427,9.304
3137403,0.515,11.485,12.543
3137502,0.729,12.504,12.394
3137536,0.791,10.313,12.42
3137601,3.035,8.761,12.443
3137700,0.212,11.094,11.737
3137809,0.544,9.223,9.11
3137908,-0.439,11.872,11.981
3138005,0.115,8.959,8.177
3138104,0.375,12.541,11.811
3138203,1.373,8.522,9.376
3138302,-0.052,8.741,8.793
3138351,-0.216,10.947,11.187
3138401,0.168,8.748,9.054
3138500,-0.8,9.753,9.663
3138609,0.418,10.927,11.56
3138625,1.751,13.83,14.372
3138658,0.727,10.825,13.382
3138674,0.25,10.537,10.488
3138682,0.117,10.379,12.579
3138708,0.075,10.667,10.855
3138807,0.375,10.638,10.567
3138906,-0.118,11.221,11.14
3139003,0.55,8.236,10.735
3139102,0.349,16.614,14.191
3139201,-0.316,10.195,11.174
3139250,0.229,9.803,12.051
3139300,-0.858,10.585,9.764
3139409,1.541,9.49,11.144
3139508,0.228,10.177,11.791
3139607,0.193,9.227,9.167
3139706,0.89,10.385,11.519
3139805,0.938,9.844,10.801
3139904,-0.142,9.878,8.763
3140001,1.277,10.157,13.148
3140100,-0.203,10.557,10.244
3140159,1.62,9.71,12.728
3140209,1.113,10.772,11.099
3140308,0.404,9.369,9.725
3140407,-0.391,8.844,9.573
3140506,0.862,11.675,12.384
3140530,1.776,12.728,15.638
3140555,1.081,9.782,11.371
3140605,-0.809,10.895,9.824
3140704,1.832,8.105,11.271
3140803,0.681,12.697,12.023
3140852,0.906,10.657,11.099
3140902,0.634,8.784,9.875
3141009,-0.262,11.089,11.671
3141108,1.018,8.605,9.666
3141207,-0.007,10.573,8.727
3141306,1.192,12.863,14.529
3141405,-0.238,10.404,10.45
3141504,-0.128,9.075,8.779
3141603,0.279,9.637,9.075
3141702,-1.243,9.001,7.709
3141801,-0.681,10.922,9.545
3141900,0.017,14.173,12.075
3142007,0.447,9.406,12.42
3142106,-0.025,9.244,10.074
3142205,0.674,10.775,10.57
3142254,-0.05,10.474,10.29
3142304,0.573,10.489,11.68
3142403,0.656,9.183,11.561
3142502,-0.63,9.083,9.246
3142601,0.518,9.401,9.96
3142700,-0.905,10.037,9.231
3142809,0.706,9.859,9.882
3142908,-0.642,10.211,10.154
3143005,0.096,10.316,11.255
3143104,0.311,10.053,10.432
3143153,0.103,9.664,11.222
3143203,-0.055,9.271,7.844
3143302,1.419,8.798,11.24
3143401,1.419,7.185,8.202
3143450,0.583,10.699,11.801
3143500,0.801,12.84,12.075
3143609,-0.903,8.744,5.225
3143708,-0.759,9.337,9.243
3143807,0.242,11.687,12.572
3143906,0.679,9.345,10.451
3144003,0.257,11.25,11.154
3144102,0.155,10.723,9.744
3144201,-0.403,9.13,9.144
3144300,-0.494,9.677,8.997
3144359,0.812,9.842,11.592
3144375,0.276,11.386,14.332
3144409,0.072,10.554,11.411
3144508,0.721,13.703,16.071
3144607,0.217,9.056,9.711
3144656,0.592,11.854,12.522
3144672,-1.647,13.587,9.677
3144706,-0.019,7.073,8.966
3144805,2.479,10.566,15.381
3144904,-0.448,9.982,9.615
3145000,2.41,7.134,11.697
3145059,-0.288,11.428,11.587
3145109,0.781,11.411,12.306
3145208,4.805,9.36,14.12
3145307,-0.264,11.059,13.128
3145356,0.179,10.917,11.944
3145372,0.145,10.692,11.848
3145406,-0.949,11.008,9.751
3145455,1.289,13.166,13.337
3145505,0.675,8.454,8.79
3145604,0.327,10.581,10.374
3145703,-0.12,9.526,8.923
3145802,0.147,10.305,9.677
3145851,0.547,9.165,10.81
3145877,1.179,10.615,12.862
3145901,1.262,5.296,8.776
3146008,0.656,9.394,9.139
3146107,0.639,10.639,14.004
3146206,0.004,9.623,9.856
3146255,0.117,9.85,11.598
3146305,0.256,10.398,11.549
3146404,-0.513,9.364,8.385
3146503,0.349,12.823,12.116
3146552,-0.086,10.306,10.935
3146602,-0.483,9.551,8.629
3146701,-0.325,9.937,9.994
3146750,-2.052,11.527,11.884
3146909,0.625,9.118,10.813
3147006,1.059,12.002,12.881
3147105,1.343,10.562,12.201
3147204,0.616,9.766,10.613
3147303,0.736,6.465,8.63
3147402,0.778,12.252,15.531
3147501,-1.007,10.136,7.693
3147600,0.27,11.174,9.949
3147709,-0.042,11.856,13.804
3147808,0.214,9.004,9.043
3147907,0.73,9.434,10.098
3147956,0.021,7.943,10.645
3148004,1.161,10.877,11.686
3148103,0.997,10.963,11.343
3148202,0.708,10.584,11.273
3148301,-0.071,9.635,11.771
3148400,-0.424,11.201,11.81
3148509,0.364,8.23,7.962
3148608,0.162,9.312,9.938
3148707,0.165,9.702,10.614
3148756,0.726,9.832,10.889
3148806,-0.859,11.278,10.895
3148905,0.445,9.656,9.226
3149002,1.916,10.153,11.343
3149101,-0.508,9.38,8.939
3149150,1.01,8.795,11.126
3149200,0.493,12.844,11.254
3149309,0.664,7.272,8.549
3149408,0.023,9.49,9.545
3149507,0.49,10.256,9.076
3149606,0.581,9.56,10.013
3149705,3.643,9.689,12.41
3149804,1.501,13.876,13.616
3149903,0.606,10.126,10.647
3149952,-0.509,10.301,12.653
3150000,-0.194,8.62,8.35
3150109,-0.321,9.604,10.368
3150158,2.333,11.256,14.299
3150208,0.152,8.296,8.742
3150307,-0.451,9.631,4.868
3150406,0.86,11.529,12.256
3150505,0.405,10.717,12.932
3150539,1.233,9.531,10.636
3150570,0.063,10.59,12.131
3150604,0.082,12.538,14.112
3150703,3.948,9.323,11.843
3150802,0.083,10.059,10.383
3150901,0.812,9.194,10.588
3151008,0.901,9.514,11.526
3151107,0.422,9.981,10.4
3151206,0.545,9.457,9.784
3151305,-0.005,10.252,9.569
3151404,0.996,8.292,11.38
3151503,1.053,10.542,11.422
3151602,1.573,5.804,5.809
3151701,0.414,10.754,12.034
3151800,0.922,7.768,9.416
3151909,-0.613,10.828,10.998
3152006,0.803,10.821,12.843
3152105,0.316,10.423,10.331
3152131,0.251,9.962,11.582
3152170,0.255,10.26,11.677
3152204,0.038,10.553,11.094
3152303,0.719,9.948,11.171
3152402,-0.025,10.071,9.929
3152501,1.669,11.998,14.017
3152600,-0.27,15.457,11.512
3152709,0.838,11.933,12.207
3152808,1.055,11.239,11.543
3152907,-0.341,10.592,9.112
3153004,1.022,11.442,11.026
3153103,-0.618,10.193,8.911
3153202,-0.977,9.691,8.468
3153301,0.233,9.406,9.535
3153400,0.364,11.174,11.094
3153509,-0.1,10.807,10.257
3153608,1.477,7.172,9.048
3153707,0.481,9.704,9.332
3153806,0.117,9.53,8.08
3153905,0.73,9.555,9.695
3154002,-0.056,9.079,8.896
3154101,0.433,8.805,8.597
3154150,1.151,6.372,6.232
3154200,0.464,9.977,11.105
3154309,0.187,8.557,8.469
3154408,0.15,14.827,14.135
3154457,-0.505,11.925,11.849
3154507,-0.052,14.674,19.037
3154606,1.182,11.307,13.773
3154705,0.655,10.703,11.865
3154804,1.478,4.563,4.635
3154903,-0.726,7.841,7.614
3155009,0.631,12.539,8.783
3155108,-0.369,9.153,9.406
3155207,-1.088,10.796,9.748
3155306,1.016,10.023,12.999
3155405,0.072,7.306,7.255
3155504,0.824,12.176,13.069
3155603,0.378,10.065,10.42
3155702,0.178,7.714,15.837
3155801,0.341,11.502,11.242
3155900,0.078,8.106,8.57
3156007,-0.675,10.325,10.105
3156106,-0.405,11.986,11.163
3156205,0.82,15.885,15.173
3156304,2.086,14.084,15.233
3156403,-0.455,6.16,8.376
3156452,0.887,10.617,12.496
3156502,-2.846,11.584,9.982
3156601,0.499,8.81,9.405
3156700,0.55,9.826,11.902
3156809,-0.492,11.496,11.418
3156908,1.163,12.134,13.004
3157005,0.564,9.761,10.033
3157104,-0.088,9.09,9.44
3157203,1.226,9.45,12.906
3157252,0.678,9.784,10.656
3157278,1.546,8.643,8.667
3157302,-0.45,9.904,11.881
3157336,0.68,10.289,10.713
3157377,-0.953,10.751,12.449
3157401,-0.415,9.833,8.344
3157500,-0.784,10.255,10.427
3157609,-0.584,11.882,12.175
3157658,0.338,9.513,10.803
3157708,3.238,9.068,13.825
3157807,0.729,9.937,11.351
3157906,0.886,10.006,10.537
3158003,0.198,10.382,11.554
3158102,-0.484,8.688,8.447
3158201,-0.288,10.094,10.264
3158300,-0.519,10.075,9.866
3158409,0.475,8.923,9.638
3158508,-0.761,9.723,9.259
3158607,0.031,7.928,3.408
3158706,0.557,9.768,9.403
3158805,-0.073,10.994,11.151
3158904,0.301,11.92,13.043
3158953,4.045,9.451,14.307
3159001,1.46,12.303,15.795
3159100,-0.397,10.528,10.205
3159209,-0.312,10.475,10.346
3159308,-0.378,8.072,8.286
3159357,1.107,10.258,11.365
3159407,-0.591,10.49,9.586
3159506,-0.211,13.602,12.197
3159605,1.366,8.547,9.379
3159704,0.395,11.681,10.935
3159803,1.245,10.369,11.292
3159902,0.385,9.468,10.251
3160009,0.351,9.292,10.351
3160108,-0.169,10.964,10.078
3160207,-0.793,10.387,9.356
3160306,-0.567,9.929,11.405
3160405,0.687,10.05,10.193
3160454,0.09,10.545,12.083
3160504,0.149,10.523,10.654
3160603,-0.931,10.023,8.301
3160702,-0.29,7.87,8.204
3160801,1.112,5.382,9.85
3160900,0.935,8.537,9.77
3160959,0.327,9.427,9.916
3161007,0.055,10.575,10.788
3161056,-0.152,11.046,11.535
3161106,0.212,11.146,12.474
3161205,-0.181,12.305,11.671
3161304,0.559,10.229,10.644
3161403,-0.664,9.997,8.456
3161502,1.836,11.711,12.151
3161601,-1.744,10.532,9.505
3161650,0.937,9.072,10.539
3161700,1.848,10.163,12.221
3161809,2.068,9.287,11.022
3161908,1.637,22.747,30.819
3162005,0.4,11.018,10.549
3162104,1.601,10.896,12.304
3162203,0.891,10.218,10.501
3162252,0.479,10.138,12.107
3162302,0.197,9.693,9.665
3162401,-0.276,11.245,12.128
3162450,0.945,9.474,11.071
3162500,0.729,9.639,10.378
3162559,1.192,9.344,11.451
3162575,1.103,8.985,11.335
3162609,-0.805,10.739,10.243
3162658,0.612,9.223,11.228
3162708,0.66,10.455,10.844
3162807,0.033,10.321,12.856
3162906,0.416,9.105,8.327
3162922,2.849,8.48,12.442
3162948,1.124,4.509,10.899
3162955,2.246,7.736,10.297
3163003,0.083,9.386,11.072
3163102,1.78,7.279,11.538
3163201,0.39,10.372,10.624
3163300,-0.212,9.138,9.876
3163409,-0.44,10.001,7.986
3163508,-0.227,12.778,12.141
3163607,0.764,10.237,10.452
3163706,0.926,8.488,9.203
3163805,-0.077,9.987,9.285
3163904,-0.803,11.611,10.394
3164001,-0.977,8.271,8.075
3164100,-0.219,12.467,12.428
3164209,1.717,11.607,13.465
3164308,0.659,12.692,13.427
3164407,1.741,16.67,20.402
3164431,0.815,10.026,11.943
3164472,1.284,10.611,13.487
3164506,-0.542,10.583,11.562
3164605,3.038,14.87,18.405
3164704,0.968,9.223,9.125
3164803,-1.202,11.454,9.814
3164902,0.711,9.862,10.37
3165008,0.425,9.967,11.147
3165107,-0.322,10.351,9.473
3165206,0.57,9.76,11.03
3165305,0.654,11.548,11.805
3165404,0.739,7.775,8.267
3165503,0.642,10.2,11.303
3165537,3.307,10.964,18.237
3165552,0.704,10.888,13.221
3165560,-0.898,10.312,10.159
3165578,0.625,10.429,11.757
3165602,0.407,10.167,11.338
3165701,0.826,9.895,11.417
3165800,-1.198,9.745,8.117
3165909,-1.161,11.908,9.294
3166006,-0.091,9.979,11.401
3166105,-0.356,10.824,9.798
3166204,0.23,9.298,9.621
3166303,0.231,10.776,10.37
3166402,0.32,10.061,9.034
3166501,-0.325,10.373,9.803
3166600,-0.285,8.727,7.342
3166709,-0.137,9.455,7.436
3166808,1.048,12.263,14.909
3166907,0.088,9.9,9.872
3166956,0.702,10.368,11.373
3167004,-0.168,10.202,8.159
3167103,0.141,10.294,11.015
3167202,1.03,9.814,11.594
3167301,0.409,9.307,8.754
3167400,0.352,10.246,9.655
3167509,0.746,10.881,7.686
3167608,0.819,10.537,11.976
3167707,-0.741,9.42,8.232
3167806,0.598,9.021,8.934
3167905,-0.733,10.798,9.671
3168002,0.961,11.049,12.707
3168051,0.079,10.201,10.171
3168101,1.275,8.43,11.255
3168200,-0.178,9.133,7.467
3168309,0.949,9.498,10.687
3168408,0.358,10.07,10.743
3168507,0.375,9.483,9.775
3168606,0.467,9.096,9.674
3168705,0.729,5.766,8.0
3168804,1.409,9.74,11.698
3168903,0.144,14.245,15.257
3169000,0.35,10.409,10.776
3169059,0.106,9.642,10.286
3169109,1.393,9.247,13.009
3169208,-1.726,10.048,7.693
3169307,0.78,7.961,9.904
3169356,1.217,7.058,11.335
3169406,0.436,10.156,10.567
3169505,0.258,9.505,10.617
3169604,0.546,10.843,9.412
3169703,1.16,11.523,12.103
3169802,0.729,10.19,11.441
3169901,1.051,9.937,10.139
3170008,0.606,9.591,11.5
3170057,0.424,10.043,9.303
3170107,1.392,9.07,10.521
3170206,1.6,9.553,11.221
3170305,-0.288,9.416,9.111
3170404,1.026,10.633,11.285
3170438,-0.831,10.234,8.637
3170479,-0.029,9.948,10.89
3170503,0.158,11.247,11.611
3170529,2.771,9.371,12.974
3170578,-0.542,10.342,12.108
3170602,-0.011,11.541,11.545
3170651,0.237,11.2,11.793
3170701,1.045,10.202,11.237
3170750,1.91,10.148,12.323
3170800,0.61,6.903,9.159
3170909,-0.06,9.957,12.077
3171006,0.378,10.33,11.851
3171030,0.619,9.287,10.863
3171071,0.056,12.469,13.164
3171105,1.254,11.252,9.698
3171154,0.337,10.2,10.406
3171204,2.385,5.714,10.621
3171303,0.77,9.257,10.016
3171402,-0.34,10.495,9.589
3171501,-0.764,10.039,8.435
3171600,-0.412,10.244,10.338
3171709,0.133,11.124,12.087
3171808,-0.028,10.61,11.849
3171907,-1.04,9.901,9.708
3172004,1.032,10.259,9.502
3172103,-0.256,10.889,10.576
3172202,-0.338,9.657,8.022
3200102,-0.139,10.043,9.593
3200136,0.197,11.49,13.036
3200169,-0.303,10.349,10.275
3200201,-0.234,10.399,9.224
3200300,0.22,13.049,13.564
3200359,0.619,9.804,9.938
3200409,2.219,3.405,10.794
3200508,-0.155,9.587,9.522
3200607,2.066,6.284,8.325
3200706,1.322,9.718,12.263
3200805,0.676,8.041,10.483
3200904,0.838,10.978,11.867
3201001,0.2,9.095,9.308
3201100,0.484,9.822,10.307
3201159,0.445,10.087,12.985
3201209,0.533,8.629,9.412
3201308,0.595,11.958,12.908
3201407,0.729,10.833,11.059
3201506,0.88,9.162,10.305
3201605,0.403,6.06,7.877
3201704,0.651,9.99,12.678
3201803,0.014,10.576,10.826
3201902,0.728,10.402,12.03
3202009,0.34,11.18,11.83
3202108,-0.243,9.25,8.986
3202207,1.856,8.266,10.389
3202256,1.107,12.538,14.837
3202306,0.847,9.953,10.54
3202405,1.658,8.263,9.57
3202454,1.467,9.875,12.915
3202504,0.892,5.756,8.578
3202553,0.027,11.218,13.238
3202603,0.562,8.679,7.983
3202652,1.447,8.995,13.07
3202702,-0.228,10.755,9.518
3202801,1.538,17.701,18.614
3202900,-0.357,12.579,10.79
3203007,0.56,10.234,11.425
3203056,2.148,4.827,7.904
3203106,0.721,8.602,9.418
3203130,-0.154,9.005,9.266
3203163,0.152,10.619,10.123
3203205,2.164,9.697,11.995
3203304,0.803,9.063,7.668
3203320,1.416,20.208,19.261
3203346,1.712,10.421,12.269
3203353,1.215,10.974,13.238
3203403,-0.214,9.939,10.555
3203502,0.63,10.173,10.894
3203601,-0.335,9.403,7.679
3203700,-0.333,11.584,11.483
3203809,0.335,10.273,9.789
3203908,0.792,10.513,11.904
3204005,0.088,10.826,10.26
3204054,0.307,8.786,8.403
3204104,0.902,11.19,13.293
3204203,1.749,13.209,12.985
3204252,0.569,9.51,9.864
3204302,1.71,18.177,21.209
3204351,0.905,12.531,13.671
3204401,-0.004,9.575,8.389
3204500,0.175,10.489,9.008
3204559,1.841,12.286,13.359
3204609,0.65,9.952,10.25
3204658,0.658,12.236,12.278
3204708,1.33,9.837,11.623
3204807,0.245,9.173,9.337
3204906,1.694,9.369,10.765
3204955,0.486,7.974,8.629
3205002,2.38,8.064,13.411
3205010,2.067,10.123,12.27
3205036,0.624,8.957,9.927
3205069,1.942,9.496,12.093
3205101,1.711,12.477,17.482
3205150,0.496,8.806,9.633
3205176,0.06,14.071,14.759
3205200,1.584,8.098,10.605
3205309,0.77,5.921,7.854
3300100,1.949,6.081,10.043
3300159,1.573,6.358,5.618
3300209,2.149,13.926,10.952
3300225,0.914,8.42,6.873
3300233,3.398,5.787,8.464
3300258,1.257,17.114,12.911
3300308,0.449,7.349,7.951
3300407,0.284,6.918,9.109
3300456,0.666,7.212,9.188
3300506,1.108,8.391,9.152
3300605,0.368,8.067,6.954
3300704,2.61,6.564,9.04
3300803,0.825,7.091,6.0
3300902,0.201,8.484,6.847
3300936,2.323,3.096,3.214
3300951,0.445,9.335,8.118
3301009,1.075,4.923,6.167
3301108,-0.019,5.923,6.503
3301157,0.243,9.285,11.009
3301207,0.786,8.846,9.301
3301306,3.419,6.33,8.61
3301405,0.798,7.741,8.741
3301504,0.632,7.779,8.086
3301603,0.434,7.598,7.109
3301702,0.506,10.244,10.556
3301801,0.361,7.33,8.213
3301850,1.692,6.512,5.828
3301876,2.752,7.535,10.381
3301900,0.974,7.584,10.765
3302007,1.923,6.542,9.606
3302056,0.775,8.637,9.361
3302106,0.099,8.654,9.194
3302205,0.873,8.865,9.742
3302254,0.975,10.473,11.545
3302270,0.834,8.532,8.837
3302304,-0.316,8.608,7.236
3302403,3.065,4.154,7.496
3302452,0.802,9.678,9.389
3302502,0.637,7.23,7.334
3302601,2.512,4.189,6.755
3302700,4.202,25.102,26.488
3302809,0.221,7.689,7.962
3302858,0.185,7.85,9.065
3302908,0.449,7.603,6.741
3303005,0.087,8.108,8.288
3303104,0.075,7.741,7.38
3303203,0.16,7.045,7.597
3303302,0.511,12.805,10.69
3303401,0.631,7.567,8.758
3303500,0.335,7.44,8.456
3303609,0.594,6.984,7.445
3303708,0.743,7.939,8.688
3303807,1.989,15.849,12.113
3303856,0.766,8.762,8.925
3303906,0.096,9.585,8.516
3303955,0.999,12.103,12.067
3304003,1.211,9.733,9.815
3304102,0.554,9.074,8.093
3304110,2.258,3.611,9.24
3304128,1.193,6.762,7.76
3304144,0.806,8.234,11.181
3304151,2.465,4.054,6.504
3304201,1.071,9.314,10.696
3304300,0.788,6.638,7.676
3304409,0.389,9.139,8.294
3304508,0.802,4.454,-0.152
3304524,6.957,-2.094,5.011
3304557,0.609,6.703,7.044
3304607,0.053,7.015,7.006
3304706,0.405,9.623,9.612
3304755,0.309,9.826,11.281
3304805,0.385,7.034,8.458
3304904,0.458,7.472,8.613
3305000,1.472,20.858,25.203
3305109,0.148,7.946,8.043
3305133,0.543,8.685,8.997
3305158,0.553,6.795,2.266
3305208,2.333,8.99,12.015
3305307,-0.026,9.322,8.713
3305406,0.203,10.365,10.633
3305505,2.544,26.067,25.149
3305554,0.998,8.537,16.015
3305604,0.004,9.188,7.808
3305703,0.402,9.797,8.565
3305752,1.001,5.233,6.934
3305802,1.137,7.986,9.256
3305901,0.344,8.544,7.719
3306008,0.56,10.844,11.151
3306107,0.401,9.949,9.665
3306156,1.424,9.895,7.87
3306206,0.604,8.483,8.532
3306305,0.576,5.527,7.701
3500105,0.232,8.714,9.332
3500204,0.477,9.818,9.918
3500303,0.761,9.124,9.772
3500402,0.326,9.905,10.5
3500501,0.373,9.3,8.886
3500550,1.141,9.405,9.626
3500600,2.274,5.468,7.099
3500709,0.735,8.744,10.637
3500758,2.534,7.259,12.773
3500808,0.818,10.989,9.793
3500907,0.172,7.883,6.298
3501004,0.285,9.248,10.409
3501103,-0.237,8.065,8.081
3501152,0.701,8.259,10.189
3501202,-0.362,8.45,7.267
3501301,0.706,9.499,11.394
3501400,0.741,7.011,8.241
3501509,0.214,9.53,8.223
3501608,1.27,7.234,10.127
3501707,0.916,10.306,11.992
3501806,0.318,9.659,8.94
3501905,0.605,9.699,9.895
3502002,1.275,6.33,8.23
3502101,0.356,9.363,9.26
3502200,1.117,10.972,13.647
3502309,1.241,8.952,9.005
3502408,0.863,8.264,9.737
3502507,-0.142,9.409,9.389
3502606,-0.819,12.229,9.994
3502705,-0.49,10.687,9.951
3502754,3.034,12.142,19.658
3502804,0.816,9.147,10.623
3502903,2.372,11.047,13.273
3503000,0.611,7.256,10.013
3503109,0.489,10.023,11.132
3503158,-0.56,9.974,10.908
3503208,1.352,7.966,10.552
3503307,1.109,8.476,10.177
3503356,-0.519,10.793,7.548
3503406,0.663,9.384,11.11
3503505,0.068,7.612,9.18
3503604,0.094,7.512,8.477
3503703,0.333,10.59,17.06
3503802,1.962,9.215,11.289
3503901,1.7,12.958,18.462
3503950,0.036,9.604,9.575
3504008,0.756,8.567,9.697
3504107,1.495,9.152,11.466
3504206,0.233,8.803,9.617
3504305,0.252,9.556,9.616
3504404,1.499,6.891,9.454
3504503,0.822,9.83,11.354
3504602,3.302,9.386,13.819
3504701,6.171,5.692,10.741
3504800,1.228,8.916,11.347
3504909,0.269,8.245,8.776
3505005,1.282,7.008,6.931
3505104,0.273,9.026,9.201
3505203,0.697,9.672,10.857
3505302,-0.13,7.795,7.682
3505351,0.563,13.11,10.637
3505401,-0.716,10.537,11.21
3505500,0.824,8.228,9.971
3505609,1.31,7.98,11.328
3505708,1.6,7.595,9.982
3505807,0.154,8.153,9.813
3505906,0.714,8.115,8.701
3506003,0.814,8.932,10.157
3506102,0.106,8.678,9.726
3506201,0.701,9.572,10.685
3506300,0.324,11.333,11.493
3506359,3.264,8.162,12.628
3506409,1.023,7.243,9.068
3506508,1.111,8.473,11.044
3506607,0.892,8.136,9.51
3506706,0.288,7.674,8.095
3506805,0.853,4.93,6.463
3506904,1.776,7.564,11.116
3507001,2.632,9.181,12.117
3507100,2.552,12.775,16.387
3507159,0.431,7.169,8.934
3507209,0.528,13.105,12.134
3507308,1.174,9.082,17.138
3507407,0.543,8.137,10.122
3507456,1.442,6.791,9.556
3507506,1.407,8.33,10.749
3507605,1.564,8.577,10.566
3507704,1.126,6.847,8.893
3507753,0.621,8.819,9.892
3507803,1.805,10.16,13.03
3507902,1.026,9.031,10.962
3508009,0.528,11.973,13.566
3508108,1.05,5.382,10.802
3508207,0.983,8.977,7.636
3508306,-0.529,7.546,7.851
3508405,1.5,11.44,15.73
3508504,1.096,7.483,9.372
3508603,0.768,8.648,9.864
3508702,-0.197,8.816,10.544
3508801,0.385,11.154,10.004
3508900,-0.272,6.464,6.755
3509007,1.2,9.258,12.562
3509106,1.297,6.109,7.832
3509205,2.499,11.369,19.882
3509254,-0.227,7.619,9.138
3509304,0.222,7.291,7.624
3509403,0.781,9.656,9.85
3509452,0.494,4.382,0.598
3509502,0.89,8.155,9.41
3509601,0.92,7.947,9.829
3509700,0.382,8.32,8.347
3509809,0.818,10.102,9.152
3509908,-0.124,7.557,8.323
3509957,1.483,9.073,13.97
3510005,0.078,10.816,11.516
3510104,0.392,8.735,9.021
3510153,2.44,10.623,13.247
3510203,0.051,9.779,10.036
3510302,2.025,7.9,11.101
3510401,1.02,9.714,10.62
3510500,2.29,9.89,11.708
3510609,0.547,8.977,10.561
3510708,0.132,10.533,10.11
3510807,0.388,8.51,9.622
3510906,-0.287,11.139,10.252
3511003,1.559,13.344,12.292
3511102,0.477,6.97,8.87
3511201,0.516,6.058,6.975
3511300,2.632,10.901,13.191
3511409,1.534,10.464,13.204
3511508,1.995,7.338,10.464
3511607,1.797,12.382,15.01
3511706,0.917,11.129,10.893
3511904,1.596,8.037,9.637
3512001,0.521,9.521,11.883
3512100,0.376,10.88,9.858
3512209,1.004,7.466,9.404
3512308,0.228,8.746,9.289
3512407,1.472,9.548,11.863
3512506,1.16,10.409,11.018
3512605,-1.11,9.845,9.203
3512704,0.335,10.61,16.135
3512803,1.699,6.805,8.966
3512902,0.691,14.871,13.387
3513009,2.723,7.868,11.691
3513108,0.765,11.456,12.735
3513207,1.518,9.058,10.966
3513306,-1.024,12.444,12.437
3513405,0.257,9.546,9.486
3513504,0.368,7.793,8.024
3513603,-0.193,10.516,11.496
3513702,0.538,8.82,10.548
3513801,0.547,7.263,9.374
3513850,0.387,11.633,12.192
3513900,-0.344,10.829,10.785
3514007,1.187,6.474,8.028
3514106,0.488,8.153,8.732
3514205,0.085,11.333,10.595
3514304,-0.205,15.625,14.779
3514403,0.678,8.799,9.221
3514502,-0.039,9.653,8.579
3514601,1.946,9.015,13.212
3514700,-0.528,6.768,7.934
3514809,-0.126,8.135,7.077
3514908,1.107,11.45,10.436
3514924,1.275,7.4,9.193
3514957,-0.216,7.733,7.508
3515004,0.94,12.043,15.622
3515103,0.592,8.349,10.225
3515129,0.365,9.269,9.618
3515152,3.149,6.68,11.478
3515186,0.093,10.281,9.091
3515194,0.728,9.035,8.579
3515202,0.568,10.366,10.029
3515301,0.292,8.431,9.191
3515350,-1.001,8.757,8.77
3515400,0.461,8.964,10.003
3515509,0.658,7.111,9.012
3515608,0.409,8.081,8.679
3515657,1.022,9.395,11.577
3515707,1.064,10.573,12.855
3515806,-1.791,9.047,5.268
3515905,-0.569,10.502,7.682
3516002,1.155,5.348,7.192
3516101,0.549,6.576,10.554
3516200,0.916,8.53,10.459
3516309,0.894,8.628,11.375
3516408,1.449,8.95,11.65
3516507,0.034,8.697,8.471
3516606,-0.825,10.439,8.978
3516705,0.004,9.503,11.244
3516804,0.339,8.083,10.045
3516853,0.756,13.064,18.292
3516903,-0.148,7.381,8.442
3517000,0.14,7.595,7.703
3517109,-0.078,8.949,8.429
3517208,0.874,8.156,9.873
3517307,0.395,16.716,7.1
3517406,0.674,9.293,10.277
3517505,1.956,5.185,10.215
3517604,-0.74,11.213,8.81
3517703,0.05,8.489,10.28
3517802,-0.724,8.885,7.626
3517901,0.848,10.316,8.386
3518008,-0.104,8.859,9.34
3518107,0.069,10.331,8.498
3518206,0.471,6.51,7.36
3518305,1.608,6.26,6.873
3518404,0.647,9.043,10.679
3518503,2.175,8.074,11.228
3518602,1.06,8.004,9.949
3518701,0.471,8.349,10.535
3518800,0.893,9.273,11.005
3518859,0.729,5.752,8.629
3518909,0.542,8.182,9.161
3519006,0.666,11.679,11.627
3519055,3.492,6.756,12.588
3519071,1.837,10.973,15.365
3519105,1.313,11.144,17.996
3519204,-0.368,11.107,14.097
3519253,4.85,8.265,11.944
3519303,0.92,10.342,11.46
3519402,1.135,8.163,9.804
3519501,0.916,6.964,8.606
3519600,1.161,8.298,10.862
3519709,0.713,9.654,11.16
3519808,0.757,6.565,7.157
3519907,0.459,10.856,14.744
3520004,0.186,8.231,9.564
3520103,0.247,9.089,11.49
3520202,0.883,10.363,11.71
3520301,0.408,13.855,12.737
3520400,2.329,22.175,22.352
3520426,2.689,18.611,17.203
3520442,0.371,5.978,7.315
3520509,2.54,9.803,14.388
3520608,0.083,7.843,9.282
3520707,0.146,9.513,9.113
3520806,0.655,7.499,8.652
3520905,0.546,9.184,9.607
3521002,3.13,8.11,12.792
3521101,2.117,12.155,16.161
3521150,2.731,5.253,12.839
3521200,-0.472,9.282,10.03
3521309,1.117,5.869,8.652
3521408,1.696,11.304,13.781
3521507,0.375,8.391,8.087
3521606,0.167,8.115,7.501
3521705,-0.295,11.751,15.418
3521804,0.952,8.901,11.532
3521903,0.698,11.112,11.967
3522000,1.621,10.143,12.565
3522109,1.818,8.31,10.99
3522158,0.46,9.183,9.299
3522208,0.941,9.254,11.857
3522307,1.118,8.656,10.914
3522406,0.454,9.987,11.201
3522505,1.599,11.862,16.27
3522604,0.666,9.382,9.658
3522653,0.868,8.564,9.716
3522703,0.327,9.227,8.96
3522802,0.076,10.108,10.456
3522901,1.342,12.244,16.243
3523008,0.566,11.159,8.467
3523107,1.22,10.602,13.445
3523206,-0.04,7.869,8.532
3523305,0.752,7.542,12.802
3523404,1.862,7.69,9.026
3523503,1.129,8.73,10.275
3523602,1.169,12.9,13.948
3523701,0.505,10.405,10.348
3523800,0.294,9.815,10.166
3523909,1.037,9.024,9.941
3524006,4.546,9.663,17.252
3524105,0.344,9.754,9.155
3524204,0.054,5.989,4.605
3524303,0.387,8.326,9.524
3524402,1.056,7.859,11.139
3524501,2.806,9.201,13.019
3524600,-0.217,10.707,10.744
3524709,3.278,8.148,16.43
3524808,0.253,9.693,9.848
3524907,2.288,6.224,9.798
3525003,1.126,8.398,11.675
3525102,1.77,9.028,11.681
3525201,3.365,13.31,19.205
3525300,0.996,7.948,9.875
3525409,0.563,10.888,8.876
3525508,0.931,8.53,10.319
3525607,0.55,6.874,7.354
3525706,1.143,7.888,10.104
3525805,0.269,8.033,6.675
3525854,1.6,11.557,14.382
3525904,1.471,9.521,12.462
3526001,1.032,10.85,12.564
3526100,-0.867,8.648,8.415
3526209,0.244,5.444,4.947
3526308,0.054,7.844,8.599
3526407,0.934,9.154,10.718
3526506,3.67,5.601,8.663
3526605,0.738,7.571,8.785
3526704,0.993,9.554,10.95
3526803,0.882,10.864,12.354
3526902,0.791,8.603,9.897
3527009,1.412,10.662,10.012
3527108,0.659,11.55,11.006
3527207,0.482,9.365,10.153
3527256,0.007,5.987,7.896
3527306,3.55,11.485,18.298
3527405,0.608,7.842,8.3
3527504,0.644,11.403,9.52
3527603,2.902,4.731,6.819
3527702,0.854,7.589,9.413
3527801,-0.053,9.547,10.499
3527900,-0.468,9.36,7.552
3528007,0.267,9.311,12.936
3528106,0.25,9.082,9.4
3528205,0.258,8.145,8.805
3528304,-0.287,10.766,9.146
3528403,0.845,6.327,9.165
3528502,2.096,7.287,10.148
3528601,0.813,10.206,10.834
3528700,1.483,7.388,7.037
3528809,0.044,7.354,9.234
3528858,1.677,7.517,9.909
3528908,-0.031,9.406,8.875
3529005,0.857,8.626,9.915
3529104,-0.619,8.651,8.633
3529203,0.567,9.44,10.435
3529302,0.526,8.529,8.673
3529401,0.803,8.399,10.142
3529500,2.283,14.455,17.787
3529609,0.367,13.019,12.512
3529658,0.116,10.736,10.483
3529708,0.296,6.289,7.408
3529807,0.035,7.46,7.47
3529906,-0.937,8.333,8.318
3530003,0.99,7.084,8.58
3530102,0.493,8.828,8.313
3530201,0.12,11.639,12.272
3530300,1.154,10.013,11.723
3530409,1.038,12.267,12.519
3530508,0.15,9.89,10.248
3530607,1.459,8.452,10.749
3530706,0.96,6.714,8.888
3530805,0.535,9.54,10.734
3530904,0.696,9.906,9.989
3531001,0.039,9.233,9.583
3531100,2.339,8.229,11.656
3531209,1.36,6.348,7.94
3531308,0.516,9.823,10.438
3531407,1.149,6.677,7.698
3531506,-0.344,9.647,9.597
3531605,0.347,9.496,11.332
3531704,0.857,8.459,8.143
3531803,2.393,7.459,10.423
3531902,0.666,7.236,8.134
3532009,1.498,5.226,3.959
3532058,0.389,3.37,4.888
3532108,0.007,7.558,7.002
3532157,1.176,9.971,14.6
3532207,1.766,17.875,21.83
3532306,-0.062,10.443,9.621
3532405,1.06,9.045,10.782
3532504,0.284,8.902,10.002
3532603,0.15,9.992,9.73
3532702,1.935,7.304,9.189
3532801,1.695,11.397,16.06
3532827,0.766,7.38,9.622
3532843,-0.969,7.964,8.432
3532868,0.637,10.383,10.625
3532900,1.315,10.039,10.543
3533007,0.751,8.132,8.344
3533106,0.352,8.524,9.293
3533205,3.83,10.94,16.334
3533254,2.066,4.245,8.598
3533304,0.833,7.747,9.983
3533403,1.781,9.4,13.217
3533502,0.968,9.651,12.423
3533601,0.771,12.339,14.492
3533700,0.269,9.626,10.395
3533809,-0.902,10.648,8.871
3533908,0.897,9.096,10.235
3534005,1.428,6.233,6.861
3534104,0.493,10.53,9.895
3534203,1.907,9.689,14.161
3534302,0.494,8.113,7.786
3534401,0.462,10.868,10.998
3534500,-0.036,9.931,10.701
3534609,0.405,8.474,8.348
3534708,0.564,7.075,8.336
3534757,2.318,9.202,12.383
3534807,0.624,8.649,8.367
3534906,0.827,7.811,8.154
3535002,1.404,9.197,10.43
3535101,1.155,6.794,8.158
3535200,-0.561,9.895,8.494
3535309,-0.116,9.549,8.85
3535408,0.499,8.636,9.826
3535507,0.296,11.203,11.184
3535606,0.164,7.759,7.244
3535705,0.598,9.671,8.547
3535804,1.059,11.459,14.006
3535903,0.629,10.306,10.989
3536000,-0.105,14.54,13.708
3536109,1.69,8.915,9.304
3536208,0.264,10.073,10.313
3536257,1.392,7.004,9.983
3536307,1.119,11.57,12.544
3536406,1.75,11.329,12.859
3536505,3.641,7.113,9.895
3536570,0.515,7.368,9.998
3536604,-0.324,8.532,6.577
3536703,1.035,9.993,10.288
3536802,0.637,9.19,11.025
3536901,0.115,8.588,8.256
3537008,0.261,6.798,13.447
3537107,1.064,8.115,10.067
3537156,0.013,8.794,11.749
3537206,0.94,6.097,8.68
3537305,0.609,8.455,9.58
3537404,-0.017,12.154,12.685
3537503,1.454,9.06,11.18
3537602,1.14,9.442,10.861
3537701,1.049,6.936,8.776
3537800,0.29,8.632,9.437
3537909,0.7,11.878,15.861
3538006,1.302,9.081,10.865
3538105,0.778,9.649,10.471
3538204,1.45,8.771,11.37
3538303,-0.122,8.277,7.657
3538501,-0.816,9.331,8.133
3538600,0.519,9.65,10.929
3538709,1.12,10.058,11.022
3538808,0.306,9.14,9.414
3538907,0.748,9.325,9.745
3539004,0.516,9.265,9.357
3539103,1.713,8.175,10.738
3539202,0.853,10.072,10.019
3539301,0.639,8.466,10.106
3539400,1.586,8.745,10.505
3539509,0.615,8.387,11.073
3539608,1.198,11.086,11.736
3539707,0.575,8.392,8.563
3539806,0.49,3.069,0.415
3539905,0.923,7.389,8.85
3540002,0.666,8.63,10.281
3540101,-0.39,9.471,9.462
3540200,1.53,8.379,9.642
3540259,0.898,7.508,8.466
3540309,0.039,11.612,11.982
3540408,-0.26,10.355,9.828
3540507,2.078,9.521,11.644
3540606,0.873,12.616,13.849
3540705,0.513,8.861,8.607
3540754,2.116,8.868,12.173
3540804,1.29,11.299,10.604
3540853,3.892,4.48,9.608
3540903,1.61,9.153,9.344
3541000,2.583,8.668,12.274
3541059,1.239,9.296,10.647
3541109,-0.42,7.995,7.344
3541208,-0.25,7.476,8.861
3541307,0.18,8.702,10.194
3541406,0.88,7.933,9.011
3541505,-0.058,8.248,8.231
3541604,0.823,10.991,10.585
3541653,1.208,9.728,9.513
3541703,0.748,11.518,13.838
3541802,2.058,16.959,21.37
3541901,0.612,11.916,13.385
3542008,1.2,12.056,13.169
3542107,0.449,8.471,9.374
3542206,0.047,10.903,10.282
3542305,0.335,9.891,9.123
3542404,0.789,10.275,11.834
3542503,2.856,7.166,9.892
3542602,0.434,10.677,12.764
3542701,0.814,7.916,8.786
3542800,-0.245,9.117,10.958
3542909,0.166,8.685,10.861
3543006,-0.887,10.939,8.894
3543105,0.783,9.812,12.08
3543204,0.129,11.47,14.269
3543238,-0.325,10.118,10.723
3543253,-0.024,3.644,6.177
3543303,0.516,8.984,10.286
3543402,1.595,8.365,10.119
3543501,-0.91,9.784,8.926
3543600,0.743,12.636,13.106
3543709,-0.294,8.589,8.722
3543808,-0.248,11.522,9.727
3543907,0.864,8.92,10.503
3544004,1.53,7.86,12.572
3544103,0.997,9.366,12.282
3544202,1.218,8.86,8.064
3544251,-1.814,6.487,7.056
3544301,0.932,9.159,11.25
3544400,1.153,1.314,3.906
3544509,1.53,10.802,10.982
3544608,0.281,7.75,8.971
3544707,0.184,8.573,8.786
3544806,1.573,9.762,12.562
3544905,0.949,6.916,9.505
3545001,0.327,3.198,7.559
3545100,0.668,7.393,9.098
3545159,1.662,9.71,13.458
3545209,1.512,9.69,11.583
3545308,0.976,7.649,9.449
3545407,0.322,8.384,9.745
3545506,0.939,6.398,12.149
3545605,0.357,7.899,8.563
3545704,0.682,11.293,10.107
3545803,0.417,10.092,11.169
3546009,0.296,4.95,7.687
3546108,0.94,9.967,11.921
3546207,0.927,3.467,6.258
3546256,0.831,8.599,9.267
3546306,0.837,7.669,9.686
3546405,0.642,10.597,10.69
3546504,0.212,6.793,8.066
3546603,1.202,9.406,10.752
3546702,1.908,11.32,14.617
3546801,1.043,8.187,9.24
3546900,-0.259,6.559,6.906
3547007,0.822,6.015,6.002
3547106,0.373,10.139,10.635
3547205,-0.502,8.25,7.628
3547304,3.091,7.221,10.255
3547403,0.287,4.972,5.107
3547502,-0.116,7.092,7.807
3547601,0.593,7.484,8.759
3547650,0.841,8.686,10.808
3547700,-0.459,9.557,8.695
3547809,0.705,6.486,8.349
3547908,0.792,11.047,12.188
3548005,1.087,11.56,13.747
3548054,1.022,5.31,7.793
3548104,-0.091,10.473,11.122
3548203,0.427,9.974,10.971
3548302,0.852,8.363,9.868
3548401,0.512,6.367,9.087
3548500,0.145,7.716,6.962
3548609,0.384,9.984,15.035
3548708,0.679,6.922,9.248
3548807,0.963,5.222,7.152
3548906,1.296,8.442,10.679
3549003,-0.408,7.995,7.49
3549102,0.855,8.52,9.58
3549201,-0.058,8.93,7.78
3549250,0.573,5.414,7.284
3549300,0.396,9.932,9.779
3549409,0.822,9.022,9.239
3549508,-0.088,8.661,8.667
3549607,-0.242,8.658,8.193
3549706,0.254,8.05,9.125
3549805,1.293,8.215,9.976
3549904,1.266,6.197,7.962
3549953,1.029,4.06,4.818
3550001,0.012,8.431,10.402
3550100,0.215,7.945,8.805
3550209,0.15,10.427,10.667
3550308,0.617,7.932,8.487
3550407,1.283,8.125,9.92
3550506,0.357,10.411,9.254
3550605,1.035,9.413,10.966
3550704,1.515,13.875,12.387
3550803,-0.626,10.665,10.059
3550902,0.06,8.0,9.147
3551009,0.555,7.837,8.942
3551108,1.292,8.414,10.002
3551207,-0.213,10.195,8.665
3551306,1.265,13.612,17.422
3551405,2.809,4.366,8.343
3551504,1.333,9.901,13.878
3551603,1.088,7.631,9.037
3551702,1.374,8.679,10.766
3551801,-0.394,8.473,8.807
3551900,0.461,6.842,9.382
3552007,0.696,8.006,8.905
3552106,1.081,8.877,10.492
3552205,1.696,9.132,10.82
3552304,0.101,8.114,8.612
3552403,1.582,8.28,12.834
3552502,1.215,7.205,10.058
3552551,1.251,14.488,15.836
3552601,0.531,7.007,8.37
3552700,0.705,7.345,7.461
3552809,1.631,6.883,10.39
3552908,0.876,8.182,9.332
3553005,2.709,8.85,14.441
3553104,0.165,7.195,7.3
3553203,0.623,5.952,6.009
3553302,-0.118,7.629,8.318
3553401,0.641,11.442,12.038
3553500,-0.652,7.997,7.109
3553609,-0.34,7.593,8.34
3553658,-0.132,7.956,6.899
3553708,0.14,8.318,8.231
3553807,0.331,12.5,13.919
3553856,1.656,11.431,16.94
3553906,0.7,8.253,8.536
3553955,1.584,6.799,10.195
3554003,1.279,9.181,11.066
3554102,1.161,7.215,8.728
3554201,-1.194,16.005,11.074
3554300,0.58,9.32,10.33
3554409,0.292,5.434,6.523
3554508,0.912,8.273,7.916
3554607,-0.297,8.378,8.235
3554656,-0.314,10.108,11.158
3554706,0.29,9.239,10.441
3554755,0.989,8.204,9.577
3554805,1.67,6.886,8.697
3554904,1.191,6.871,10.114
3554953,1.473,9.375,12.341
3555000,0.096,9.353,8.944
3555109,0.955,7.92,8.983
3555208,0.117,10.131,8.526
3555307,-1.482,10.261,7.138
3555356,1.205,3.683,9.944
3555406,1.416,9.615,10.671
3555505,1.005,9.949,10.788
3555604,0.633,9.357,10.092
3555703,1.104,6.691,8.63
3555802,0.098,10.183,10.187
3555901,-0.309,8.896,8.697
3556008,0.739,9.423,10.939
3556107,2.125,8.744,12.543
3556206,2.05,7.487,11.121
3556305,1.417,8.791,10.579
3556354,1.831,9.423,12.163
3556404,0.543,9.463,10.716
3556453,1.815,9.824,13.693
3556503,1.023,8.702,11.093
3556602,-0.278,8.855,10.784
3556701,2.256,8.724,14.815
3556800,0.44,7.662,8.228
3556909,2.625,8.145,10.418
3556958,0.3,10.287,12.798
3557006,1.302,8.84,12.191
3557105,1.135,8.841,10.527
3557154,1.699,9.783,11.781
3557204,0.046,9.75,8.395
3557303,1.028,6.739,9.256
4100103,-0.34,10.414,8.328
4100202,-0.336,16.045,13.305
4100301,1.54,10.027,13.781
4100400,1.239,7.699,9.738
4100459,-4.147,14.013,10.658
4100509,0.459,10.076,10.651
4100608,0.543,10.643,9.254
4100707,-0.283,11.95,11.711
4100806,0.809,9.033,10.646
4100905,0.462,9.402,9.468
4101002,1.018,11.057,13.001
4101051,-0.008,9.884,11.071
4101101,-0.481,8.272,9.801
4101150,0.413,11.314,12.316
4101200,-0.29,10.903,12.138
4101309,-0.098,5.562,9.071
4101408,0.97,8.217,9.225
4101507,1.577,7.646,10.048
4101606,0.469,6.207,10.411
4101655,-0.802,11.342,13.214
4101705,0.458,9.606,10.383
4101804,2.093,10.234,11.319
4101853,-1.022,13.208,12.151
4101903,-1.066,9.4,8.629
4102000,0.634,9.563,9.581
4102109,0.441,10.064,9.538
4102208,-0.005,12.433,11.682
4102307,1.166,9.149,10.162
4102406,-0.3,10.438,9.218
4102505,-0.915,11.01,9.946
4102604,0.428,10.131,11.306
4102703,0.358,10.448,8.416
4102752,-0.598,10.064,10.891
4102802,0.036,9.027,10.67
4102901,-0.121,10.476,9.659
4103008,-0.386,9.002,7.569
4103024,-0.895,11.332,12.637
4103040,-0.364,12.08,12.405
4103057,-0.089,9.819,11.366
4103107,1.832,8.252,12.685
4103156,-0.233,11.502,13.265
4103206,0.631,10.085,9.817
4103222,-0.096,12.621,16.197
4103305,-0.997,10.488,9.984
4103354,-0.719,9.383,9.353
4103370,-0.455,13.055,16.669
4103404,0.468,10.323,10.232
4103453,2.425,11.647,15.039
4103479,-0.042,13.011,12.802
4103503,0.621,10.172,11.521
4103602,0.224,9.115,8.863
4103701,0.898,10.873,12.819
4103800,1.508,10.872,13.199
4103909,-0.302,10.251,10.589
4103958,-0.471,10.613,9.21
4104006,1.149,12.167,14.213
4104055,-1.286,10.745,10.495
4104105,0.835,9.497,12.275
4104204,1.773,9.01,12.252
4104253,1.627,9.545,11.983
4104303,1.052,9.027,10.919
4104402,-0.905,11.265,11.993
4104428,0.313,10.275,12.416
4104451,-0.486,11.364,11.37
4104501,0.599,12.849,12.42
4104600,0.148,6.073,10.861
4104659,2.102,6.661,8.563
4104709,0.961,9.947,11.702
4104808,1.558,9.638,11.636
4104907,0.616,11.049,11.575
4105003,-0.037,10.091,10.608
4105102,-0.19,10.083,10.229
4105201,0.108,9.231,9.671
4105300,0.456,10.328,10.391
4105409,0.02,11.645,11.108
4105508,1.653,9.775,11.492
4105607,1.032,10.204,9.815
4105706,-0.834,11.111,10.114
4105805,1.013,9.724,10.614
4105904,0.474,9.592,8.825
4106001,0.421,10.667,12.16
4106100,0.221,10.184,11.317
4106209,1.728,9.48,12.361
4106308,0.553,9.798,11.204
4106407,-0.041,9.143,9.027
4106456,-0.635,11.134,13.704
4106506,-0.043,11.48,11.199
4106555,-1.238,10.847,11.158
4106571,-0.028,10.873,12.421
4106605,0.873,12.794,13.938
4106704,-0.205,9.415,8.251
4106803,-0.283,9.095,9.212
4106852,-0.914,10.921,13.204
4106902,0.624,7.897,8.341
4107009,0.306,8.497,9.499
4107108,-0.595,8.077,13.983
4107124,-0.324,10.386,10.117
4107157,0.922,8.49,8.442
4107207,1.629,9.904,12.019
4107256,2.075,11.619,14.891
4107306,0.456,9.043,10.333
4107405,-0.111,11.461,10.37
4107504,-0.36,9.184,8.805
4107520,-1.034,11.925,9.997
4107538,1.538,11.555,14.87
4107546,-0.657,11.333,10.547
4107553,-1.189,9.977,8.196
4107603,0.443,10.014,11.28
4107652,3.375,9.913,14.085
4107702,-0.14,9.406,9.637
4107736,-0.253,11.107,8.809
4107751,-0.536,8.583,7.352
4107801,-0.373,10.252,9.662
4107850,-0.588,10.735,12.962
4107900,3.016,7.943,11.806
4108007,-0.413,13.61,11.884
4108106,0.368,9.451,9.385
4108205,-0.523,12.143,12.343
4108304,0.172,7.526,8.939
4108320,0.774,10.543,13.715
4108403,1.761,9.486,12.032
4108452,-1.424,11.142,8.967
4108502,-0.962,8.524,8.165
4108551,-0.882,11.933,9.409
4108601,0.16,9.736,10.015
4108650,-0.985,11.736,13.419
4108700,-1.579,10.843,7.932
4108809,0.742,9.743,10.252
4108908,0.551,12.099,11.366
4108957,0.563,11.29,10.657
4109005,0.364,9.863,12.096
4109104,-0.021,10.683,8.51
4109203,0.234,11.385,11.457
4109302,-0.999,10.882,9.859
4109401,0.774,10.436,11.998
4109500,-0.537,10.324,9.748
4109609,1.769,8.094,10.116
4109658,-1.472,12.027,9.596
4109708,0.625,11.123,10.875
4109757,0.411,8.387,9.86
4109807,1.015,11.402,12.751
4109906,-0.517,11.105,10.216
4110003,1.706,9.313,13.742
4110052,0.216,8.451,10.411
4110078,1.93,8.679,13.179
4110102,0.975,10.3,13.202
4110201,-0.113,9.038,9.37
4110300,-0.432,9.12,7.551
4110409,0.365,17.074,16.377
4110508,0.41,10.805,11.687
4110607,-0.121,13.242,11.06
4110656,-0.994,11.04,12.485
4110706,0.667,10.482,12.218
4110805,0.081,10.991,11.534
4110904,-0.221,11.349,9.649
4110953,2.272,9.483,12.677
4111001,-0.338,10.567,9.257
4111100,0.212,7.816,7.399
4111209,1.51,12.214,14.97
4111258,1.954,9.687,12.688
4111308,-1.368,13.59,12.156
4111407,0.623,11.904,12.676
4111506,0.258,9.484,10.066
4111555,0.282,9.397,9.043
4111605,0.076,8.961,9.697
4111704,0.814,10.653,11.545
4111803,0.158,9.982,9.934
4111902,1.52,13.526,14.87
4112009,0.542,7.32,9.383
4112108,0.403,9.799,9.117
4112207,-1.465,11.595,9.253
4112306,0.097,12.342,11.531
4112405,0.981,10.794,12.392
4112504,-0.712,11.547,12.637
4112603,-0.692,12.825,9.515
4112702,0.279,8.93,10.162
4112751,0.394,11.881,12.874
4112801,1.149,13.585,14.577
4112900,-0.295,11.779,8.691
4112959,-0.191,10.081,9.742
4113007,0.385,9.778,15.229
4113106,-0.297,10.6,10.852
4113205,0.443,10.724,13.521
4113254,-1.13,11.152,12.395
4113304,0.407,10.601,10.992
4113403,-0.667,10.286,8.827
4113429,-0.758,10.812,10.737
4113452,-0.951,11.521,10.63
4113502,0.824,10.726,10.538
4113601,0.666,8.516,8.87
4113700,1.088,7.908,9.43
4113734,-0.185,9.307,10.159
4113759,-0.417,9.861,10.201
4113809,0.66,11.16,12.834
4113908,0.325,12.085,11.634
4114005,-0.545,9.494,8.855
4114104,2.71,9.669,12.601
4114203,0.668,13.311,12.536
4114302,2.086,6.184,7.258
4114351,-1.392,11.818,8.729
4114401,-0.285,8.377,12.561
4114500,0.335,11.169,12.454
4114609,1.417,10.175,10.434
4114708,-0.106,6.458,0.786
4114807,1.552,12.442,16.112
4114906,-0.137,10.025,10.226
4115002,0.367,11.596,11.931
4115101,-0.034,12.598,12.116
4115200,1.742,9.61,11.922
4115309,0.438,12.514,13.532
4115358,0.463,10.135,10.608
4115408,0.76,11.548,13.823
4115457,-1.136,11.239,9.924
4115507,0.221,10.554,10.651
4115606,1.237,11.607,11.221
4115705,1.85,7.895,9.464
4115739,-1.222,12.372,9.681
4115754,1.837,8.26,8.201
4115804,1.591,10.18,11.646
4115853,1.147,9.757,13.249
4115903,-0.602,14.23,10.75
4116000,0.012,9.873,8.001
4116059,0.291,8.576,8.684
4116109,-0.767,10.589,10.296
4116208,0.672,10.078,10.287
4116307,0.893,10.144,9.01
4116406,-0.141,9.007,9.049
4116505,0.134,10.157,9.221
4116604,-0.188,8.655,7.508
4116703,-0.144,11.555,12.026
4116802,-2.119,12.776,12.045
4116901,0.249,10.88,10.772
4116950,0.242,10.462,11.587
4117008,-0.47,11.303,12.819
4117057,0.219,10.86,13.128
4117107,-0.042,12.034,11.001
4117206,0.571,8.986,9.643
4117214,0.854,8.43,9.475
4117222,0.81,10.269,12.414
4117255,0.928,10.564,13.189
4117271,-0.97,12.303,12.071
4117297,0.558,12.029,11.814
4117305,-0.208,17.867,17.195
4117404,-0.063,9.783,10.854
4117453,1.13,8.73,11.772
4117503,1.681,11.115,14.46
4117602,1.633,7.365,9.064
4117701,0.486,11.183,11.73
4117800,-1.277,12.073,10.765
4117909,1.439,10.582,11.731
4118006,1.593,10.526,11.204
4118105,0.52,10.415,9.938
4118204,0.641,10.374,12.422
4118303,0.563,9.512,11.738
4118402,0.945,9.896,10.482
4118451,1.663,8.661,10.297
4118501,1.746,10.102,12.066
4118600,0.601,10.325,13.684
4118709,0.11,10.981,13.794
4118808,0.115,9.126,8.58
4118857,1.416,11.518,12.31
4118907,1.568,8.685,9.188
4119004,-0.613,11.034,11.5
4119103,1.433,5.493,8.509
4119152,0.941,9.552,11.562
4119202,0.191,11.021,8.497
4119251,0.529,10.319,15.187
4119301,0.473,7.436,10.349
4119400,0.507,11.364,11.087
4119509,1.942,8.378,11.612
4119608,-0.353,10.913,11.319
4119657,1.261,8.811,10.595
4119707,0.166,10.036,8.8
4119806,0.108,10.542,10.951
4119905,1.266,9.662,10.969
4119954,3.341,7.434,10.51
4120002,-1.319,7.621,7.738
4120101,-0.009,12.762,8.532
4120150,-1.771,13.251,14.411
4120200,1.145,11.62,15.222
4120309,-0.476,7.68,7.343
4120333,0.915,11.158,13.003
4120358,-0.403,11.635,11.607
4120408,0.254,11.117,12.833
4120507,-0.009,9.262,8.242
4120606,0.491,10.7,11.508
4120655,-0.882,12.043,10.203
4120705,0.718,9.447,9.846
4120804,1.691,9.441,12.438
4120853,0.944,9.568,10.328
4120903,0.756,5.787,10.356
4121000,-0.186,10.492,10.334
4121109,-0.838,10.39,9.565
4121208,0.992,11.766,14.807
4121257,0.535,8.626,8.986
4121307,-0.67,10.881,9.968
4121356,-0.47,10.828,10.433
4121406,0.868,10.52,11.759
4121505,0.34,11.646,11.655
4121604,0.037,10.419,12.057
4121703,0.302,10.049,13.031
4121752,0.168,8.696,7.868
4121802,0.524,7.51,10.672
4121901,-0.473,12.353,10.639
4122008,0.505,12.844,11.924
4122107,-0.296,10.365,8.608
4122156,-0.536,12.539,13.797
4122172,0.363,11.807,15.196
4122206,1.06,6.155,6.47
4122305,0.564,8.389,9.658
4122404,1.694,10.06,11.354
4122503,-0.863,11.795,11.324
4122602,0.47,10.841,9.863
4122651,-0.72,11.839,11.139
4122701,2.167,13.182,19.175
4122800,-1.34,10.931,7.543
4122909,-0.223,6.379,8.911
4123006,0.991,10.67,11.747
4123105,-1.28,12.48,9.31
4123204,-0.726,11.359,10.64
4123303,0.117,11.22,12.154
4123402,1.386,10.296,10.848
4123501,1.165,9.953,10.698
4123600,-1.037,12.326,8.787
4123709,-0.094,10.175,10.477
4123808,1.113,9.949,11.092
4123824,-0.303,10.412,12.643
4123857,-1.606,12.438,11.849
4123907,-0.784,10.227,9.333
4123956,0.572,10.174,10.434
4124004,-0.143,10.277,9.02
4124020,0.31,12.148,12.806
4124053,1.189,8.168,11.004
4124103,0.629,10.967,11.625
4124202,-0.523,9.533,7.456
4124301,-1.477,10.569,8.144
4124400,1.229,10.43,11.454
4124509,0.816,15.885,16.17
4124608,0.515,12.191,11.029
4124707,-0.195,11.617,11.45
4124806,0.359,14.212,14.476
4124905,-0.34,10.854,9.185
4125001,-0.845,10.143,9.875
4125100,0.7,14.4,11.592
4125209,0.141,11.92,12.448
4125308,-0.157,8.749,8.327
4125357,0.164,10.37,9.484
4125407,-0.432,11.134,10.353
4125456,0.123,8.916,8.797
4125506,2.112,7.012,10.682
4125555,0.37,8.645,7.268
4125605,0.862,8.677,10.395
4125704,0.721,8.574,9.758
4125753,-0.918,10.25,10.626
4125803,-0.029,9.032,8.101
4125902,-0.112,10.604,10.491
4126009,-0.179,9.387,10.307
4126108,0.385,8.378,7.838
4126207,-0.046,11.271,10.686
4126256,2.046,9.312,12.638
4126272,1.318,2.709,12.08
4126306,-0.084,7.996,9.446
4126355,0.092,8.601,8.393
4126405,-0.784,11.262,9.483
4126504,0.286,8.482,8.342
4126603,1.625,10.201,12.292
4126652,-0.485,12.293,11.912
4126678,0.996,9.591,11.892
4126702,0.897,9.304,8.366
4126801,0.966,10.756,10.89
4126900,-0.096,10.582,11.315
4127007,1.233,10.061,11.926
4127106,1.113,8.917,10.659
4127205,0.908,10.61,11.09
4127304,0.618,10.613,10.494
4127403,0.754,9.005,10.446
4127502,0.382,9.989,11.762
4127601,1.666,8.451,9.711
4127700,2.041,9.027,11.6
4127809,-0.688,11.791,11.084
4127858,0.135,10.435,11.555
4127882,3.195,8.352,13.5
4127908,-0.152,10.73,10.699
4127957,0.193,9.502,10.655
4127965,-0.219,12.084,11.831
4128005,0.47,12.732,12.662
4128104,1.226,9.388,10.302
4128203,0.679,8.629,10.314
4128302,-0.023,12.319,9.923
4128401,-0.382,10.483,8.992
4128500,-0.073,11.538,12.698
4128534,1.13,7.926,10.857
4128559,-0.545,9.917,9.826
4128609,-0.398,13.739,15.765
4128625,-1.071,11.321,9.387
4128633,-0.419,8.91,9.912
4128658,-0.139,12.414,13.59
4128708,1.834,11.46,14.913
4128807,-0.21,9.327,8.746
4200051,-0.137,10.347,10.301
4200101,0.187,8.959,9.076
4200200,1.728,8.744,11.024
4200309,1.628,9.328,12.098
4200408,-0.036,11.842,12.839
4200507,0.501,7.46,5.335
4200556,0.689,12.305,16.87
4200606,1.064,8.452,9.911
4200705,0.976,8.779,11.425
4200754,-0.351,7.149,8.093
4200804,-0.665,9.512,7.981
4200903,-0.404,9.518,10.497
4201000,-1.243,10.602,9.471
4201109,0.559,7.263,8.347
4201208,2.45,8.958,12.316
4201257,0.829,7.717,11.236
4201273,0.262,12.848,14.204
4201307,4.706,18.149,23.371
4201406,1.23,8.007,10.184
4201505,1.218,10.04,11.033
4201604,0.104,9.337,10.176
4201653,0.508,12.626,13.774
4201703,0.824,8.984,10.406
4201802,-0.19,9.753,12.143
4201901,1.04,12.544,16.987
4201950,4.454,7.196,11.775
4202008,2.977,8.974,12.231
4202057,3.887,8.177,12.774
4202073,4.756,7.742,12.716
4202081,-0.045,12.538,14.902
4202099,-1.076,10.58,8.5
4202107,4.757,10.725,20.295
4202131,0.303,8.363,11.1
4202156,0.481,9.77,10.318
4202206,0.901,10.246,11.522
4202305,2.052,9.006,11.399
4202404,1.547,7.609,10.047
4202438,0.868,7.439,11.004
4202453,4.776,8.778,13.445
4202503,0.255,13.242,13.63
4202537,1.735,10.789,17.594
4202578,0.163,7.563,6.008
4202602,0.494,8.09,10.017
4202701,1.956,12.872,14.384
4202800,1.343,10.486,13.274
4202859,0.959,8.612,11.501
4202875,-1.488,11.001,13.907
4202909,2.99,8.248,11.904
4203006,0.76,9.6,10.845
4203105,0.151,10.643,11.038
4203154,-0.252,7.32,3.388
4203204,4.134,10.247,15.943
4203253,-0.792,14.547,17.943
4203303,0.224,11.166,12.108
4203402,-0.541,10.721,9.348
4203501,-0.226,8.685,9.8
4203600,1.368,9.725,12.531
4203709,1.717,10.347,12.682
4203808,0.349,8.006,8.709
4203907,0.548,9.958,10.08
4203956,1.289,6.013,11.899
4204004,1.143,10.156,11.644
4204103,-0.813,8.95,7.023
4204152,0.164,8.635,9.906
4204178,-0.875,12.27,13.501
4204194,0.818,10.51,10.833
4204202,2.508,9.733,13.039
4204251,1.056,10.354,11.412
4204301,1.207,9.575,12.184
4204350,2.177,9.098,13.586
4204400,-0.093,9.04,9.878
4204459,0.033,8.468,8.951
4204509,1.304,10.265,10.425
4204558,-0.636,8.311,9.034
4204608,1.154,9.32,11.228
4204707,0.482,9.219,11.017
4204756,0.542,10.861,12.136
4204806,0.54,9.502,11.021
4204905,-0.18,9.255,9.311
4205001,0.331,12.087,15.667
4205100,1.388,9.763,12.624
4205159,1.058,11.615,12.843
4205175,0.895,8.852,10.809
4205191,0.432,11.723,13.619
4205209,0.706,9.418,11.679
4205308,0.05,8.445,11.285
4205357,0.402,12.178,14.309
4205407,2.087,7.581,9.796
4205431,-0.027,10.118,11.868
4205456,2.423,9.272,13.672
4205506,0.101,7.453,8.335
4205555,-1.409,11.344,11.93
4205605,-1.465,7.681,5.289
4205704,3.75,9.328,14.016
4205803,2.32,13.083,17.882
4205902,2.098,9.429,13.35
4206009,1.628,11.784,12.9
4206108,0.436,10.187,12.235
4206207,0.485,11.304,12.84
4206306,3.068,9.704,14.524
4206405,-0.041,10.867,11.67
4206504,2.887,9.305,13.567
4206603,0.315,10.515,10.919
4206652,2.392,11.493,14.015
4206702,0.419,8.253,10.279
4206751,0.215,9.508,10.578
4206801,-0.365,9.956,10.768
4206900,1.035,8.496,9.6
4207007,0.869,12.705,15.719
4207106,2.172,12.396,20.411
4207205,-0.641,10.326,8.993
4207304,1.733,12.742,15.721
4207403,0.804,10.737,14.586
4207502,2.764,8.316,12.295
4207577,0.628,12.333,12.599
4207601,-0.599,9.917,10.161
4207650,0.931,10.097,11.987
4207684,1.18,7.741,9.534
4207700,0.708,10.258,10.947
4207759,-0.438,12.596,11.555
4207809,0.832,8.85,13.41
4207858,-0.387,9.666,9.705
4207908,0.474,10.197,12.078
4208005,0.079,10.617,12.615
4208104,0.7,11.195,12.616
4208203,2.677,12.895,16.332
4208302,4.91,9.197,13.87
4208401,1.051,10.952,12.224
4208450,5.491,11.227,20.22
4208500,1.564,10.015,12.435
4208609,0.121,9.253,11.143
4208708,-0.064,12.502,12.752
4208807,1.617,10.212,16.396
4208906,2.466,7.291,10.441
4208955,-0.598,10.188,10.553
4209003,1.197,8.025,9.484
4209102,1.637,8.647,11.703
4209151,1.164,3.262,0.744
4209177,0.601,10.113,11.176
4209201,0.185,8.949,9.762
4209300,0.175,9.708,10.574
4209409,-0.341,10.056,9.09
4209458,0.156,11.341,11.465
4209508,2.058,11.406,16.716
4209607,0.451,9.039,10.015
4209706,-0.036,10.698,12.148
4209805,-0.536,10.293,11.878
4209854,-0.212,8.677,6.92
4209904,2.098,10.548,14.552
4210001,1.984,10.209,12.268
4210035,0.186,10.356,11.004
4210050,-0.098,10.7,9.081
4210100,0.57,9.205,9.878
4210209,0.481,7.719,7.754
4210308,0.622,10.277,12.907
4210407,1.579,7.568,8.929
4210506,2.107,10.114,11.791
4210555,-1.089,6.129,2.196
4210605,1.537,9.557,11.134
4210704,-1.111,11.545,10.437
4210803,0.036,10.476,11.416
4210852,-0.469,10.467,10.606
4210902,0.369,7.416,6.927
4211009,1.096,11.367,12.06
4211058,0.019,8.413,9.146
4211108,-0.206,10.87,11.957
4211207,1.097,8.057,10.542
4211256,0.202,11.401,12.194
4211306,3.679,12.976,18.761
4211405,1.838,8.263,12.938
4211454,0.29,8.333,10.47
4211504,1.784,10.559,11.472
4211603,0.96,9.239,11.258
4211652,-0.725,10.895,11.074
4211702,0.872,8.058,10.714
4211751,1.18,9.899,12.076
4211801,-0.314,9.417,10.87
4211850,-0.149,9.705,10.849
4211876,-0.55,8.419,9.832
4211892,-0.3,10.127,10.357
4211900,3.429,10.98,16.008
4212007,-0.297,9.948,13.352
4212056,0.923,10.619,13.635
4212106,0.075,10.187,11.516
4212205,0.7,9.925,11.653
4212239,-0.59,10.943,10.996
4212254,4.76,7.642,16.755
4212270,-1.086,10.252,6.928
4212304,1.937,8.662,8.505
4212403,-0.716,12.759,14.582
4212502,3.105,10.236,14.053
4212601,-0.465,11.283,12.079
4212650,0.741,13.004,14.75
4212700,0.237,9.532,11.663
4212809,4.303,12.348,16.381
4212908,2.783,9.063,11.745
4213005,1.21,11.172,13.508
4213104,-0.637,12.01,9.695
4213153,1.019,8.631,12.326
4213203,2.162,9.046,12.506
4213302,-0.744,8.645,8.472
4213351,-0.057,5.609,8.854
4213401,0.08,9.286,10.691
4213500,4.311,9.061,13.826
4213609,0.301,10.375,12.225
4213708,1.77,10.216,13.221
4213807,0.588,10.296,11.791
4213906,-0.877,6.772,9.782
4214003,2.295,9.797,12.697
4214102,0.246,8.36,9.542
4214151,0.798,11.34,14.182
4214201,0.142,7.434,6.453
4214300,0.905,10.142,12.428
4214409,0.088,10.34,11.026
4214508,-0.061,9.951,10.138
4214607,0.775,9.323,10.193
4214706,1.14,8.733,12.148
4214805,1.691,8.689,11.077
4214904,0.549,11.845,11.024
4215000,0.16,8.022,9.7
4215059,-0.115,9.774,8.533
4215075,-0.197,10.686,11.717
4215109,0.892,8.513,9.897
4215208,-1.107,5.566,3.149
4215307,0.323,10.739,11.853
4215356,-0.285,9.505,11.37
4215406,0.662,9.435,10.054
4215455,2.126,11.381,13.232
4215505,0.277,9.458,10.753
4215554,-0.259,11.501,13.004
4215604,0.243,9.863,7.559
4215653,0.941,9.878,11.555
4215679,-0.32,10.081,11.997
4215687,-1.318,9.685,8.977
4215695,-0.298,8.356,9.578
4215703,2.565,10.111,10.319
4215752,-0.692,8.762,7.63
4215802,1.119,7.489,10.013
4215901,-0.411,14.31,11.479
4216008,0.779,11.331,9.958
4216057,1.31,4.74,9.653
4216107,0.049,8.332,8.382
4216206,2.338,10.532,14.815
4216255,0.66,12.045,15.442
4216305,4.212,7.624,12.528
4216354,1.459,11.451,15.313
4216404,1.016,10.763,12.87
4216503,0.779,10.349,9.943
4216602,2.051,8.907,12.454
4216701,0.282,9.34,10.132
4216800,-0.825,11.857,12.472
4216909,1.197,10.649,12.22
4217006,2.092,8.353,11.786
4217105,0.195,9.395,8.319
4217154,-0.261,10.673,10.587
4217204,1.558,9.682,10.816
4217253,2.428,8.495,11.513
4217303,1.158,10.488,12.014
4217402,3.813,7.149,13.284
4217501,0.515,10.063,10.145
4217550,0.16,8.128,8.567
4217600,0.633,9.905,12.418
4217709,1.29,8.68,10.785
4217758,-0.388,8.292,6.8
4217808,0.69,9.617,11.12
4217907,-0.112,11.127,10.119
4217956,0.689,9.99,13.136
4218004,3.599,10.602,14.322
4218103,0.154,8.801,9.313
4218202,2.162,7.149,11.018
4218251,0.557,9.604,12.613
4218301,0.671,12.124,13.699
4218350,0.916,5.329,8.394
4218400,0.403,9.081,10.924
4218509,2.783,12.095,15.425
4218608,1.264,9.596,10.569
4218707,1.055,8.832,10.573
4218756,0.244,10.041,11.852
4218806,0.936,9.978,11.099
4218855,-1.126,7.451,4.869
4218905,0.346,10.395,11.042
4218954,0.19,10.516,9.031
4219002,0.598,9.306,11.69
4219101,0.237,7.824,6.169
4219150,-1.099,9.58,10.304
4219176,-0.475,9.638,10.395
4219200,0.104,10.575,11.257
4219309,1.313,9.266,10.864
4219358,-0.129,9.7,11.337
4219408,1.452,9.305,14.072
4219507,1.596,8.459,11.759
4219606,-0.687,9.604,10.214
4219705,1.533,8.173,10.737
4219853,1.791,8.947,13.31
4220000,3.153,9.09,9.395
4300034,0.556,10.266,12.673
4300059,0.075,12.282,18.836
4300109,-0.354,9.457,9.942
4300208,-0.488,10.612,11.489
4300307,-1.402,9.871,10.468
4300406,-0.705,9.232,8.524
4300455,-1.759,11.263,10.161
4300471,-0.677,10.154,9.293
4300505,-1.621,13.001,10.724
4300554,-0.933,8.687,8.603
4300570,0.427,12.872,11.728
4300604,0.18,10.346,9.981
4300638,0.222,9.415,12.037
4300646,0.035,9.873,14.349
4300661,0.386,10.375,15.223
4300703,-0.194,10.756,12.803
4300802,-0.033,10.285,10.202
4300851,-0.136,9.726,9.303
4300877,2.931,9.54,11.602
4300901,-0.342,10.393,9.005
4301008,1.126,9.51,10.253
4301057,3.179,8.125,10.845
4301073,0.236,11.795,12.826
4301107,0.347,9.628,9.017
4301206,0.148,8.613,9.089
4301305,-0.351,10.891,10.289
4301404,0.067,9.731,10.722
4301503,-0.469,9.693,11.537
4301552,-0.471,11.538,12.087
4301602,0.19,9.656,9.147
4301636,2.959,7.885,10.56
4301651,0.84,13.196,13.516
4301701,0.379,11.02,13.296
4301750,-0.23,7.737,10.962
4301800,-0.391,10.841,9.855
4301859,0.574,9.035,9.176
4301875,0.335,8.219,8.974
4301909,0.298,8.053,8.697
4301925,-1.536,11.784,9.527
4301958,0.539,9.261,10.744
4302006,-0.507,8.942,7.418
4302055,-1.205,11.294,11.766
4302105,1.353,8.307,9.778
4302154,-0.423,9.503,11.771
4302204,0.263,9.209,9.962
4302220,-0.302,10.843,13.576
4302238,0.236,7.257,9.936
4302253,-0.098,9.698,13.264
4302303,-0.152,11.827,11.146
4302352,1.625,10.444,12.879
4302378,-1.549,10.456,9.518
4302402,0.567,9.33,9.588
4302451,-0.79,9.422,8.385
4302501,-1.164,9.485,11.26
4302584,-0.452,10.56,16.155
4302600,-0.953,10.14,8.828
4302659,0.66,8.704,10.767
4302709,-0.169,7.099,8.195
4302808,-0.161,9.72,9.1
4302907,-1.261,11.334,9.872
4303004,-0.355,9.584,9.241
4303103,1.023,8.31,10.645
4303202,0.104,9.691,10.81
4303301,-0.318,9.243,10.361
4303400,-0.561,10.318,9.906
4303509,0.254,9.032,8.857
4303558,0.813,15.122,17.438
4303608,-0.238,5.693,8.951
4303673,0.214,10.788,9.662
4303707,-0.811,9.794,9.645
4303806,-0.228,8.954,9.319
4303905,0.879,6.958,8.265
4304002,-1.514,10.514,10.376
4304101,-0.279,8.148,8.123
4304200,0.056,9.857,9.507
4304309,-0.441,11.012,10.76
4304358,0.995,8.698,9.727
4304408,1.555,9.714,11.092
4304507,0.102,11.057,12.362
4304606,0.606,8.129,7.182
4304614,-0.844,10.162,9.901
4304622,-0.551,12.699,15.038
4304630,3.103,8.986,12.045
4304655,1.274,8.581,18.365
4304663,0.373,10.466,11.777
4304671,1.386,9.72,13.62
4304689,0.473,9.117,9.004
4304697,0.474,6.403,9.459
4304705,0.34,9.498,12.004
4304713,0.906,5.367,12.024
4304804,1.816,9.32,11.549
4304853,-1.346,11.168,10.436
4304903,0.5,10.933,10.6
4304952,0.4,10.835,15.113
4305009,-0.644,9.623,10.92
4305108,1.32,7.887,9.713
4305116,-0.453,11.447,11.183
4305124,-0.725,9.397,9.805
4305132,-0.17,8.317,7.108
4305157,-0.283,10.851,12.161
4305173,1.011,7.654,8.535
4305207,0.557,9.399,11.112
4305306,-0.04,8.878,9.224
4305355,0.962,10.422,11.316
4305371,-1.161,10.44,9.691
4305405,-0.694,10.142,9.601
4305439,0.767,12.073,11.138
4305447,0.423,8.45,8.947
4305454,2.799,6.977,9.11
4305504,-0.752,10.13,10.972
4305587,0.066,9.193,8.562
4305603,-1.0,8.101,7.745
4305702,0.079,9.071,10.479
4305801,0.32,10.127,9.765
4305835,-0.688,9.539,10.842
4305850,-0.771,9.192,10.188
4305871,0.565,8.649,13.402
4305900,-1.053,11.54,10.739
4305934,-0.859,7.737,7.597
4305959,-0.223,8.561,9.329
4305975,-0.406,10.104,11.134
4306007,-0.507,9.85,9.706
4306056,0.615,9.801,10.266
4306072,-0.112,10.338,10.478
4306106,-0.569,10.982,11.434
4306130,-1.898,13.068,15.584
4306205,0.256,11.341,11.434
4306304,-0.248,10.138,14.07
4306320,-1.179,10.094,10.021
4306353,-1.41,10.147,11.272
4306379,-0.527,12.641,14.212
4306403,1.421,7.016,10.467
4306429,-0.402,9.435,9.59
4306452,0.025,9.552,11.529
4306502,0.07,9.414,10.089
4306551,-0.235,10.394,10.028
4306601,-0.333,9.937,9.483
4306700,-1.204,9.698,7.66
4306734,-1.484,9.769,7.747
4306759,-0.475,10.728,11.992
4306767,1.671,6.796,12.518
4306809,0.998,8.238,9.649
4306908,0.142,10.973,11.193
4306924,-2.453,8.638,4.738
4306932,-0.317,10.924,13.691
4306957,-1.007,5.159,10.326
4306973,0.14,8.823,10.662
4307005,0.852,10.205,10.639
4307054,0.048,8.456,13.339
4307104,-0.42,9.792,9.517
4307203,-0.333,11.145,12.323
4307302,-1.282,11.724,12.912
4307401,0.277,12.091,13.294
4307450,-0.652,10.205,12.771
4307500,0.138,9.367,10.669
4307559,-0.476,10.875,10.072
4307609,1.503,6.751,9.583
4307708,-0.126,7.653,7.841
4307807,0.886,8.433,7.477
4307815,-0.53,8.475,8.895
4307831,-1.152,11.647,13.011
4307864,0.39,8.808,7.865
4307906,1.138,7.605,8.619
4308003,-0.074,9.977,10.761
4308052,-0.749,11.772,9.418
4308078,2.037,1.375,11.162
4308102,0.786,8.724,10.24
4308201,1.154,10.881,10.697
4308250,-1.456,10.897,10.422
4308300,-0.658,8.851,8.618
4308409,-0.695,9.599,9.575
4308433,-0.542,8.147,8.787
4308458,-0.606,8.627,10.265
4308508,0.937,10.03,10.347
4308607,1.259,9.838,10.826
4308656,-1.472,9.427,10.075
4308706,-0.552,11.016,8.44
4308805,-0.432,8.342,8.068
4308854,-0.022,8.751,12.392
4308904,0.085,10.222,10.126
4309001,-0.66,9.743,9.195
4309050,1.446,12.086,12.373
4309100,1.39,10.9,12.984
4309126,-0.988,12.566,13.635
4309159,0.014,9.983,10.42
4309209,0.646,8.455,9.574
4309258,-0.884,12.408,12.37
4309308,-0.041,13.041,14.704
4309407,1.135,9.413,9.852
4309506,-0.788,8.173,9.59
4309555,1.654,11.463,13.612
4309571,-0.381,10.115,10.347
4309605,0.378,5.217,12.658
4309654,1.218,8.032,12.653
4309704,-0.306,9.944,10.598
4309753,-0.37,8.074,7.97
4309803,-0.065,9.625,9.916
4309902,-0.096,8.774,8.766
4309951,-0.312,10.314,9.549
4310009,0.65,9.693,9.517
4310108,1.157,9.8,10.349
4310207,0.568,11.042,10.908
4310306,-0.175,9.7,10.387
4310330,3.353,7.175,9.827
4310363,0.253,13.383,9.638
4310405,-0.612,10.914,11.136
4310413,-0.598,7.951,6.87
4310439,0.429,10.735,9.617
4310462,-0.517,8.1,8.031
4310504,-0.871,10.7,10.461
4310538,0.829,12.626,18.217
4310553,-0.497,8.92,12.716
4310579,-1.376,11.195,10.904
4310603,-0.445,9.132,7.785
4310652,-0.531,9.598,10.326
4310702,-2.041,10.444,7.59
4310751,-1.196,6.601,5.964
4310801,1.902,6.341,9.594
4310850,-0.706,8.874,10.122
4310876,-0.229,8.216,11.907
4310900,-0.471,9.747,9.883
4311007,-0.584,10.643,9.353
4311106,-0.692,8.977,9.629
4311122,-1.39,9.123,9.204
4311130,-0.385,10.33,14.616
4311155,-0.423,7.94,11.21
4311205,-0.437,10.176,12.325
4311239,0.034,9.316,9.864
4311254,-0.268,11.513,12.54
4311270,0.36,7.212,10.174
4311304,0.021,10.574,10.488
4311403,1.953,9.068,11.155
4311429,0.371,9.756,12.046
4311502,-0.388,10.743,11.595
4311601,-1.034,10.499,10.36
4311627,1.449,4.051,6.912
4311643,0.39,8.261,7.845
4311700,0.278,7.906,13.022
4311718,-0.645,8.471,7.709
4311734,-0.006,10.975,10.47
4311759,-0.136,9.399,12.491
4311775,-0.065,11.436,11.315
4311791,0.238,7.828,4.93
4311809,2.137,7.964,10.173
4311908,-1.455,11.159,8.731
4311981,0.112,8.17,11.554
4312005,-0.983,10.076,6.84
4312054,-0.327,9.619,10.619
4312104,-0.732,10.842,10.637
4312138,0.157,6.789,11.089
4312153,1.847,9.276,9.245
4312179,-0.581,9.631,9.315
4312203,-1.164,10.385,9.853
4312252,0.246,11.052,12.206
4312302,-0.195,13.832,13.255
4312351,-0.5,9.004,10.935
4312377,0.199,9.044,10.841
4312385,-0.513,10.199,8.68
4312401,0.8,9.026,10.187
4312427,0.864,7.149,10.685
4312443,-0.696,10.339,10.203
4312450,0.258,8.941,10.414
4312476,0.968,8.828,10.437
4312500,0.126,7.865,9.885
4312609,0.085,9.379,8.431
4312617,0.141,11.417,12.789
4312625,0.169,9.193,11.467
4312658,1.03,11.905,11.716
4312674,0.158,7.109,9.365
4312708,0.134,10.414,10.965
4312757,0.944,7.646,11.171
4312807,2.0,10.687,12.936
4312906,1.006,6.211,7.595
4312955,-0.499,11.058,11.117
4313003,0.171,8.599,9.03
4313011,0.248,10.634,14.946
4313037,1.082,3.879,7.085
4313060,1.267,7.897,8.282
4313086,0.063,8.269,8.038
4313102,-0.292,9.258,9.877
4313201,1.306,8.292,10.375
4313300,1.691,5.395,9.628
4313334,-0.927,12.795,16.223
4313359,0.811,10.519,10.139
4313375,2.785,11.695,17.926
4313391,0.288,9.125,10.303
4313409,-0.058,7.386,7.286
4313425,-1.635,9.358,8.746
4313441,-0.477,10.323,9.942
4313466,-0.371,9.423,10.455
4313490,0.558,10.156,14.838
4313508,1.216,6.271,10.658
4313607,-1.14,10.189,9.127
4313656,0.514,10.661,10.228
4313706,-0.332,9.491,10.341
4313805,0.478,9.971,11.485
4313904,1.434,10.109,8.945
4313953,-0.551,10.816,9.767
4314001,0.903,8.672,11.224
4314027,-0.253,9.231,9.449
4314035,1.155,7.751,11.715
4314050,0.748,5.766,8.355
4314068,0.002,9.927,10.311
4314076,0.557,8.966,10.519
4314100,0.936,10.141,11.892
4314134,0.06,14.398,15.486
4314159,0.248,10.452,10.521
4314175,-1.154,12.06,16.074
4314209,-0.296,9.578,8.138
4314308,-0.467,9.771,10.441
4314407,0.154,9.689,9.966
4314423,0.599,8.314,9.623
4314456,0.772,12.087,12.334
4314464,-0.45,15.043,11.394
4314472,-0.897,5.359,11.648
4314498,0.756,10.113,11.057
4314506,-0.857,9.791,9.793
4314548,0.715,10.199,11.758
4314555,-1.752,10.35,8.819
4314605,-0.249,10.764,9.838
4314704,-0.304,10.374,9.704
4314753,0.633,10.629,14.628
4314779,-0.329,8.973,9.612
4314787,-1.17,10.861,11.507
4314803,1.634,6.953,10.552
4314902,0.137,8.493,8.385
4315008,-1.6,9.731,8.022
4315057,-1.032,10.485,9.608
4315073,-2.255,10.597,7.954
4315107,-0.493,9.249,8.659
4315131,-1.171,8.337,9.178
4315149,1.87,15.339,14.221
4315156,-0.357,8.987,8.651
4315172,-0.098,8.827,10.628
4315206,-0.632,8.03,5.27
4315305,-0.18,8.652,8.663
4315313,-0.374,8.489,9.047
4315321,-0.072,8.809,13.957
4315354,0.408,6.782,6.891
4315404,0.88,9.813,10.775
4315453,-0.738,8.602,8.603
4315503,-0.377,8.638,10.438
4315552,-2.283,12.23,11.513
4315602,0.342,9.714,9.75
4315701,-0.168,8.748,9.314
4315750,0.433,7.369,8.743
4315800,0.778,10.371,9.65
4315909,0.638,10.934,12.854
4315958,-0.97,9.503,11.175
4316006,0.687,10.313,11.036
4316105,0.148,8.634,9.673
4316204,-0.717,9.008,8.735
4316303,-0.58,13.256,10.266
4316402,-0.357,10.113,9.924
4316428,-0.101,9.868,12.081
4316436,-0.911,9.355,9.929
4316451,-0.346,3.113,0.039
4316477,0.41,10.299,13.087
4316501,1.178,6.344,7.109
4316600,0.556,9.086,9.853
4316709,-0.994,10.321,11.595
4316733,-0.148,9.413,11.398
4316758,1.634,6.617,9.798
4316808,0.973,7.907,9.703
4316907,0.574,8.953,9.713
4316956,0.299,9.314,10.42
4316972,0.867,9.752,15.167
4317004,-0.724,11.142,11.253
4317103,-0.521,10.683,8.861
4317202,0.74,9.427,9.319
4317251,-0.306,6.927,8.078
4317301,-0.391,11.595,9.092
4317400,-0.051,10.336,11.554
4317509,0.055,9.408,9.278
4317558,-0.145,9.957,13.279
4317608,0.765,11.041,11.242
4317707,-0.966,11.651,13.485
4317756,0.228,8.063,8.261
4317806,-0.065,8.735,8.531
4317905,0.085,7.851,7.949
4317954,-0.491,10.79,10.695
4318002,-0.368,9.615,9.121
4318051,0.023,10.15,11.206
4318101,-0.675,10.35,10.595
4318200,0.542,8.58,10.749
4318309,0.001,9.627,10.113
4318408,0.506,7.46,8.614
4318424,-0.297,11.066,11.682
4318432,-0.27,10.876,13.913
4318440,0.074,8.377,8.598
4318457,-0.917,10.989,13.054
4318465,-1.315,9.035,9.277
4318481,1.321,6.104,8.44
4318499,-0.101,10.305,13.811
4318507,0.493,13.177,12.169
4318606,-0.058,10.042,11.219
4318614,1.491,6.48,11.519
4318622,1.203,9.139,13.969
4318705,0.705,8.473,9.111
4318804,-0.092,10.913,11.133
4318903,-0.177,10.717,11.116
4319000,0.464,10.755,10.097
4319109,-0.496,9.755,11.754
4319125,-0.397,11.075,14.469
4319158,-0.011,11.657,14.192
4319208,-0.901,10.93,10.165
4319307,-0.787,10.528,9.374
4319356,1.011,9.534,11.501
4319364,0.214,11.187,18.381
4319372,0.341,10.32,10.803
4319406,-0.292,9.06,9.304
4319505,1.03,8.828,9.162
4319604,-0.494,9.628,10.208
4319703,-0.93,9.819,8.808
4319711,0.367,7.424,10.801
4319737,0.04,8.679,7.932
4319752,1.368,6.167,9.011
4319802,-0.043,11.087,12.012
4319901,0.43,10.284,10.167
4320008,0.433,8.492,9.98
4320107,1.199,9.336,10.94
4320206,0.304,13.509,13.792
4320230,-0.489,9.72,9.859
4320263,-0.242,8.998,9.302
4320305,0.25,8.15,8.815
4320321,-0.262,9.221,12.333
4320354,0.496,10.199,10.354
4320404,2.09,8.024,10.489
4320453,-1.248,9.58,7.352
4320503,-1.336,9.74,7.828
4320552,0.687,10.874,13.676
4320578,-0.902,9.192,9.402
4320602,-0.726,9.915,8.377
4320651,-0.895,10.101,11.162
4320677,-0.422,6.741,5.553
4320701,0.214,9.391,9.409
4320800,0.143,10.377,10.67
4320859,1.076,7.05,11.713
4320909,2.631,10.947,13.155
4321006,0.007,7.985,8.642
4321105,-0.298,9.411,7.755
4321204,0.042,9.189,8.887
4321303,-0.07,8.17,9.337
4321329,0.414,12.216,16.338
4321352,-0.021,8.956,10.385
4321402,0.092,10.877,12.463
4321436,1.001,10.765,13.008
4321451,2.066,7.591,9.564
4321469,1.415,8.614,10.366
4321477,-1.42,9.516,11.233
4321493,-0.875,9.45,10.841
4321501,1.296,9.211,9.817
4321600,2.445,8.004,9.92
4321626,-0.138,8.344,7.62
4321634,-0.798,11.163,12.099
4321667,0.617,10.718,12.106
4321709,1.162,6.504,8.081
4321808,0.146,10.343,10.36
4321832,-0.758,9.953,9.308
4321857,0.098,9.387,10.834
4321907,0.235,9.619,9.211
4321956,1.045,13.177,13.732
4322004,1.097,4.671,9.774
4322103,-0.466,7.718,8.595
4322152,-0.312,8.876,9.959
4322186,-0.752,10.495,10.735
4322202,0.076,8.83,10.614
4322251,2.426,12.221,14.762
4322301,-0.644,9.606,9.237
4322327,-0.421,6.928,8.001
4322343,-1.29,9.872,9.939
4322350,-2.066,8.578,4.687
4322376,-1.049,10.04,12.752
4322400,-0.255,8.418,7.589
4322509,0.584,9.995,10.224
4322525,0.293,9.888,10.78
4322533,0.043,8.613,10.123
4322541,1.47,10.714,10.576
4322558,0.42,8.199,11.395
4322608,0.594,6.541,9.878
4322707,1.071,9.554,10.232
4322806,1.125,8.898,9.309
4322855,-0.874,11.366,12.231
4322905,-1.076,11.006,8.837
4323002,0.065,9.857,8.872
4323101,-1.2,11.407,9.102
4323200,-0.723,8.974,8.899
4323309,0.63,11.626,13.9
4323358,-0.38,11.622,12.905
4323408,0.294,11.393,12.848
4323457,-0.344,13.32,12.883
4323507,-0.413,12.994,14.445
4323606,0.051,8.279,12.388
4323705,0.218,8.935,10.358
4323754,-0.882,10.151,13.003
4323770,0.766,10.349,13.79
4323804,3.174,10.074,13.154
5000203,1.72,10.564,11.396
5000252,2.131,8.947,10.873
5000609,1.465,11.732,14.553
5000708,0.384,10.832,11.101
5000807,0.056,12.506,12.118
5000856,2.216,16.01,16.598
5000906,1.064,15.168,23.014
5001003,1.916,12.292,11.01
5001102,0.426,9.737,9.245
5001243,1.736,11.185,16.814
5001508,0.975,13.432,13.64
5001904,1.575,10.147,10.662
5002001,-0.039,13.188,10.272
5002100,0.128,12.357,11.466
5002159,0.046,10.59,10.589
5002209,1.579,12.073,13.168
5002308,-0.18,12.118,8.637
5002407,2.174,10.711,13.008
5002605,-0.876,10.816,9.001
5002704,1.474,9.217,10.649
5002803,0.713,10.141,9.528
5002902,0.278,10.683,8.812
5002951,4.312,7.33,13.045
5003108,1.908,7.559,10.549
5003157,0.636,9.755,8.003
5003207,0.304,9.857,9.316
5003256,2.384,10.805,11.707
5003306,0.272,9.642,10.271
5003454,1.158,11.98,10.401
5003488,0.934,10.729,10.189
5003504,1.01,8.655,9.441
5003702,1.819,11.757,12.67
5003751,0.348,12.048,11.655
5003801,0.531,9.677,8.051
5003900,0.99,8.326,13.443
5004007,0.403,11.889,9.651
5004106,-0.67,13.297,10.451
5004304,0.205,12.578,12.072
5004403,0.106,13.475,11.608
5004502,1.815,10.244,13.08
5004601,1.095,12.667,15.22
5004700,1.251,13.975,13.825
5004809,1.429,11.296,11.553
5004908,1.354,12.982,10.088
5005004,0.378,11.567,11.922
5005103,-0.133,16.988,15.53
5005152,1.665,12.867,14.97
5005202,1.712,9.591,11.658
5005251,1.085,12.748,14.959
5005400,2.798,10.669,14.93
5005608,0.666,9.425,8.997
5005681,1.189,12.872,14.893
5005707,1.694,11.096,12.531
5005806,-0.773,12.205,10.851
5006002,3.799,11.346,14.756
5006200,1.733,10.871,13.278
5006259,-1.44,16.773,14.992
5006275,1.558,15.465,13.691
5006309,0.441,10.847,10.598
5006358,1.35,11.623,11.723
5006408,-0.85,12.052,9.93
5006606,2.066,10.964,12.85
5006903,0.334,9.577,10.304
5007109,1.626,12.698,11.696
5007208,2.401,10.596,11.822
5007307,-0.482,10.82,10.731
5007406,0.364,10.347,8.393
5007505,0.756,12.068,12.544
5007554,0.373,10.28,10.415
5007695,2.566,8.103,10.656
5007703,0.467,12.086,12.613
5007802,1.24,8.1,10.698
5007901,3.633,9.8,14.213
5007935,2.292,8.485,10.042
5007950,1.104,11.066,14.041
5007976,0.562,10.916,10.656
5008008,2.375,11.322,11.041
5008305,2.477,9.368,13.5
5008404,0.724,13.429,13.094
5100102,-0.714,12.956,12.893
5100201,3.389,12.715,16.805
5100250,1.019,11.32,11.967
5100300,2.229,13.415,10.776
5100359,2.678,13.196,15.646
5100409,2.227,9.179,12.147
5100508,0.7,9.732,7.72
5100607,4.273,7.703,10.552
5100805,1.655,10.578,11.516
5101001,0.297,11.273,11.649
5101209,-1.504,10.036,6.669
5101258,0.546,9.448,9.703
5101308,-0.397,10.308,9.108
5101407,2.277,12.458,14.588
5101605,0.194,9.691,9.431
5101704,0.409,9.022,9.855
5101803,1.226,11.04,12.798
5101852,2.992,20.035,24.779
5101902,2.707,13.18,15.462
5102504,0.472,10.016,10.299
5102603,1.13,12.613,10.773
5102637,3.965,10.525,15.554
5102678,4.21,8.385,14.385
5102686,4.815,10.526,15.94
5102694,-0.829,14.844,14.161
5102702,2.145,13.547,17.385
5102793,-0.496,13.45,14.207
5102850,0.221,10.499,9.866
5103007,1.057,16.468,13.189
5103056,-0.022,15.54,13.517
5103106,0.678,11.798,10.987
5103205,0.786,11.838,10.895
5103254,4.898,9.889,16.719
5103304,0.822,12.475,13.458
5103353,2.584,14.668,23.584
5103361,1.874,12.5,13.803
5103379,1.685,8.241,9.693
5103403,1.351,9.716,11.475
5103437,0.41,11.751,11.959
5103452,-0.174,11.701,7.152
5103502,0.761,13.371,13.378
5103601,-0.218,11.942,8.8
5103700,2.219,14.568,16.449
5103809,-1.137,11.547,9.125
5103858,2.81,19.862,24.101
5103908,1.594,11.1,11.763
5103957,-0.311,11.344,8.874
5104104,0.493,11.477,12.372
5104203,0.026,10.054,7.484
5104500,0.719,12.245,9.386
5104526,7.781,7.797,18.231
5104542,3.436,12.207,15.657
5104559,-1.199,16.799,12.267
5104609,1.501,9.141,10.331
5104807,0.728,10.031,9.245
5104906,0.147,10.439,10.711
5105002,-2.061,12.392,8.634
5105101,0.478,12.255,12.873
5105150,0.816,11.098,11.608
5105176,3.625,7.782,10.602
5105200,-0.338,11.679,8.645
5105234,0.902,9.04,8.953
5105259,6.638,9.136,16.911
5105309,0.076,12.522,7.751
5105507,1.196,13.304,13.291
5105580,-1.671,15.765,11.114
5105606,2.652,13.799,19.29
5105622,0.952,11.977,11.428
5105903,0.138,12.736,9.416
5106000,-0.562,14.895,8.737
5106109,-0.136,14.06,16.667
5106158,3.118,11.241,13.869
5106174,3.758,11.794,13.168
5106182,2.348,14.744,15.464
5106190,1.085,16.919,19.611
5106208,-1.719,15.071,9.042
5106216,0.311,16.893,15.335
5106224,6.488,9.741,16.1
5106232,0.599,4.817,6.35
5106240,3.251,13.331,19.716
5106257,1.508,11.919,12.53
5106265,1.538,15.328,17.517
5106273,0.288,11.347,10.218
5106281,-1.051,12.843,9.924
5106299,0.849,14.597,11.714
5106307,2.605,16.167,15.746
5106315,3.188,11.585,12.998
5106372,1.253,9.052,9.624
5106422,1.75,12.151,13.787
5106455,0.263,15.477,12.793
5106505,0.153,11.179,12.485
5106653,2.876,11.711,11.403
5106703,-0.365,10.751,8.473
5106752,1.408,11.708,14.052
5106778,1.702,15.076,17.591
5106802,-0.285,19.435,14.621
5106828,0.246,10.56,11.55
5106851,-1.866,11.93,7.519
5107008,0.58,11.576,9.703
5107040,2.907,11.188,14.938
5107065,5.668,15.766,29.287
5107107,-0.269,8.912,9.466
5107156,0.187,6.583,8.766
5107180,1.637,14.644,15.802
5107198,1.052,13.55,12.774
5107206,-0.245,9.497,7.73
5107248,1.574,16.499,20.039
5107263,-0.319,14.266,10.781
5107297,0.213,9.479,7.761
5107305,1.173,12.194,11.633
5107354,0.41,17.334,22.082
5107404,1.089,6.782,7.614
5107578,0.275,9.539,9.874
5107602,2.329,10.113,15.151
5107701,-0.732,13.54,11.292
5107743,4.24,19.332,21.556
5107750,-0.713,10.696,7.738
5107768,4.654,10.615,15.913
5107776,1.059,13.421,11.84
5107792,4.138,8.528,9.476
5107800,0.437,11.278,10.594
5107859,1.761,18.813,17.397
5107875,5.801,7.643,14.766
5107883,2.438,16.73,13.151
5107909,4.118,10.542,16.558
5107925,5.054,10.131,17.478
5107941,-1.224,20.739,16.82
5107958,2.755,9.786,13.585
5108006,0.882,12.425,14.047
5108055,-1.18,13.422,12.554
5108105,0.64,12.744,10.463
5108204,-0.735,12.561,9.011
5108303,-1.031,17.565,12.282
5108352,-0.562,12.0,13.429
5108402,1.451,10.837,12.074
5108501,1.318,14.974,12.677
5108600,1.316,10.941,11.311
5108808,-1.018,14.799,11.948
5108857,1.786,15.754,19.394
5108907,2.586,15.943,16.914
5108956,0.798,13.225,17.142
5200050,5.647,10.148,18.916
5200100,2.187,11.767,13.807
5200134,0.702,6.982,8.123
5200159,-0.225,10.144,9.51
5200175,0.682,12.578,14.165
5200209,-0.964,10.318,9.449
5200258,3.095,10.213,14.572
5200308,1.447,15.036,15.809
5200506,-0.404,9.886,9.029
5200555,4.373,16.329,27.726
5200605,1.937,11.977,13.556
5200803,0.62,10.291,10.092
5200829,0.569,11.125,11.137
5200852,0.586,7.838,8.57
5200902,-1.503,12.905,10.6
5201108,1.598,9.417,11.791
5201207,0.522,8.026,8.971
5201306,0.197,8.151,8.301
5201405,2.066,10.634,14.491
5201454,0.576,10.163,9.691
5201504,1.153,11.701,12.627
5201603,-0.609,9.776,8.758
5201702,0.529,10.555,11.579
5201801,2.718,8.145,10.955
5202155,0.058,10.713,9.699
5202353,-1.69,15.016,10.456
5202502,2.776,9.497,12.281
5202601,-1.353,11.411,9.432
5202809,0.418,9.04,9.45
5203104,3.699,9.754,11.919
5203203,2.913,17.989,20.621
5203302,2.658,10.419,11.767
5203401,0.06,12.664,11.738
5203500,1.952,8.975,10.938
5203559,2.926,7.752,11.052
5203575,1.75,12.646,13.465
5203609,1.648,8.882,10.329
5203807,0.335,11.857,10.767
5203906,0.843,11.745,10.907
5203939,-0.183,11.556,11.381
5203962,-0.371,12.404,10.416
5204003,0.652,10.719,10.914
5204102,1.624,6.942,9.445
5204201,-0.393,10.597,9.965
5204250,-0.385,5.07,9.797
5204300,1.692,13.007,11.349
5204409,0.801,11.313,10.504
5204508,2.963,6.8,10.683
5204557,1.818,9.557,13.239
5204607,0.595,8.565,9.861
5204656,0.225,12.024,13.325
5204706,1.245,11.308,12.788
5204805,2.606,8.298,10.703
5204854,2.6,9.291,13.141
5204904,0.354,9.482,9.922
5204953,-3.271,10.024,6.642
5205000,1.2,12.209,17.311
5205059,-1.297,7.457,4.579
5205109,2.784,6.832,10.537
5205208,0.882,10.126,12.033
5205307,0.184,12.465,11.749
5205406,0.732,10.051,10.045
5205455,1.123,4.788,5.263
5205471,5.449,6.185,11.966
5205497,3.648,9.13,12.096
5205513,2.233,9.138,11.538
5205521,0.161,10.528,11.63
5205703,-0.93,10.451,8.877
5205802,0.521,11.41,10.644
5205901,1.598,10.986,10.948
5206206,2.792,10.448,12.433
5206305,0.547,9.622,8.517
5206404,1.124,6.643,9.784
5206503,0.113,10.371,9.172
5206602,-0.38,10.428,9.0
5206701,0.643,9.567,11.007
5206800,0.441,7.995,8.036
5206909,-0.332,21.571,11.23
5207105,-0.604,12.329,11.205
5207253,-0.764,14.935,10.947
5207352,0.245,13.217,13.614
5207402,0.708,11.774,10.731
5207501,-0.238,11.607,8.773
5207535,-0.23,10.419,9.981
5207600,-0.991,11.681,9.217
5207808,0.673,10.394,9.475
5207907,3.1,7.549,9.61
5208004,1.887,10.78,12.687
5208103,-0.938,11.527,11.501
5208152,1.547,7.342,10.201
5208301,-0.661,10.892,10.274
5208400,0.79,11.877,12.392
5208509,0.306,11.441,11.429
5208608,1.939,9.768,11.501
5208707,1.409,8.077,9.632
5208806,5.905,6.187,14.785
5208905,-0.65,9.936,10.847
5209101,0.647,9.704,9.471
5209150,1.021,8.927,6.693
5209200,1.22,11.095,12.638
5209291,-1.392,10.685,9.011
5209408,-0.536,12.249,13.014
5209457,-1.343,13.163,16.079
5209606,-0.064,11.417,10.733
5209705,3.362,8.253,15.844
5209804,-1.154,11.666,9.109
5209903,0.1,10.651,10.765
5209937,0.699,10.185,8.546
5209952,1.623,10.465,11.841
5210000,0.833,9.663,9.759
5210109,0.685,11.763,11.531
5210158,0.231,9.809,10.1
5210208,0.502,10.477,10.61
5210307,-0.537,9.076,6.255
5210406,2.311,11.216,13.735
5210562,0.513,10.458,11.293
5210604,-0.503,9.202,8.545
5210802,-1.297,9.563,5.441
5210901,2.199,9.865,13.348
5211008,-2.311,12.102,9.419
5211206,-0.023,10.076,9.958
5211305,0.953,9.414,10.486
5211404,-0.041,11.803,10.55
5211503,1.378,8.466,10.032
5211602,-0.688,11.764,9.749
5211701,-0.056,10.765,9.822
5211800,1.639,8.773,10.295
5211909,1.553,10.453,12.113
5212006,-0.379,11.558,9.904
5212055,0.259,9.605,8.913
5212105,0.199,10.544,9.776
5212204,-0.119,10.105,9.972
5212253,2.29,8.143,11.054
5212303,0.424,10.957,9.817
5212501,1.65,8.679,10.37
5212600,0.358,8.151,7.026
5212709,2.645,10.027,13.859
5212808,-0.635,11.584,10.302
5212907,1.342,9.433,13.054
5212956,-0.571,11.665,9.975
5213004,1.084,6.752,7.831
5213053,0.024,13.78,15.579
5213087,-0.995,4.86,6.879
5213103,2.779,9.082,11.52
5213400,-0.94,11.614,9.639
5213509,0.452,9.177,8.905
5213707,0.442,13.893,12.072
5213756,2.332,6.418,8.535
5213772,-0.049,11.301,12.807
5213806,1.461,9.465,9.518
5213855,-0.148,10.485,10.072
5213905,-1.014,11.788,9.893
5214002,1.444,11.929,12.562
5214051,-2.005,14.096,11.353
5214101,-0.392,10.823,10.221
5214408,1.231,10.157,10.115
5214507,2.441,8.88,11.319
5214606,0.068,6.636,6.655
5214705,0.316,9.485,9.793
5214804,0.514,10.059,9.012
5214838,0.802,12.164,13.516
5214861,-0.42,5.446,5.195
5214879,0.692,9.245,11.3
5214903,-0.578,9.544,8.606
5215009,1.88,9.55,10.8
5215207,-0.966,9.782,8.166
5215231,1.544,9.544,11.855
5215256,1.039,11.25,11.547
5215306,1.082,11.235,11.262
5215405,-0.472,10.64,7.159
5215504,2.467,3.562,10.673
5215603,2.266,9.727,12.998
5215652,-0.13,14.287,12.637
5215702,2.83,11.878,13.737
5215801,-0.08,8.868,8.106
5215900,0.352,13.134,16.99
5216007,-0.603,12.16,8.304
5216304,0.026,10.803,10.141
5216403,-0.094,12.946,11.798
5216452,-0.037,10.509,9.449
5216809,-0.24,9.874,8.64
5216908,-1.422,13.158,16.228
5217104,0.247,10.598,9.761
5217203,-0.343,14.517,11.89
5217302,1.132,9.634,11.641
5217401,0.939,10.809,10.271
5217609,1.22,10.963,12.231
5217708,0.443,10.318,10.452
5218003,0.641,10.67,10.602
5218052,1.765,7.732,7.226
5218102,-0.438,9.381,10.486
5218300,1.591,10.505,12.289
5218391,0.044,8.874,9.066
5218508,1.488,10.701,10.81
5218607,0.654,9.527,10.147
5218706,-0.159,7.044,5.146
5218789,2.824,7.404,7.919
5218805,3.291,9.066,12.067
5218904,0.424,10.802,10.497
5219001,0.217,9.84,10.598
5219100,1.024,8.443,8.87
5219209,-0.849,14.099,12.113
5219258,1.039,9.355,9.982
5219308,0.576,8.046,8.689
5219357,0.151,11.205,14.093
5219407,1.375,9.825,11.84
5219456,-0.277,12.904,12.558
5219506,-1.302,12.107,9.347
5219605,-1.698,11.156,8.152
5219704,-0.478,10.385,10.416
5219712,0.3,12.551,12.68
5219738,3.89,8.575,13.508
5219753,1.123,9.564,11.39
5219803,0.627,6.429,8.715
5219902,0.294,9.456,7.691
5220009,3.524,10.379,14.228
5220058,-1.063,13.917,11.992
5220108,1.283,9.559,10.641
5220157,0.971,11.752,11.2
5220207,-0.324,9.535,9.698
5220264,0.987,9.134,8.843
5220280,0.727,8.204,9.252
5220405,1.33,4.107,11.365
5220454,4.644,8.588,13.008
5220504,1.483,10.861,13.074
5220603,0.973,10.835,11.511
5220686,-0.199,13.685,13.142
5220702,0.554,12.178,10.907
5221007,0.576,10.317,11.757
5221080,0.212,9.069,9.606
5221197,2.033,9.781,10.022
5221304,-0.045,10.217,8.812
5221403,2.424,8.699,10.626
5221452,-0.106,9.388,9.477
5221502,-0.583,14.75,8.78
5221551,1.598,5.941,7.273
5221577,-0.389,9.924,12.04
5221601,1.22,11.299,12.121
5221700,-0.044,10.748,10.1
5221809,0.435,9.911,9.031
5221858,3.227,9.344,13.143
5221908,0.333,10.466,9.663
5222005,1.166,10.598,12.767
5222054,1.835,9.687,9.868
5222203,1.822,11.586,13.548
5222302,1.209,10.066,11.228
5300108,1.641,7.777,9.717
