id_municipio,projecao_icr_2033_linear,inclinacao_icr_aa,n_obs,sigla_uf,regiao,porte,icr_sm_ultimo_observado,variacao_pp_ultimo_2033,acima_limite_internacional_2033
1100015,1.8223435161785915,-0.13463196804208455,15.0,RO,Norte,5-20 mil,4.554876042472234,-2.7325325262936424,False
1100023,0.0,-0.5602244822901468,24.0,RO,Norte,50-100 mil,6.916069440016879,-6.916069440016879,False
1100031,2.80719224051154,-0.37510155729382294,24.0,RO,Norte,<5 mil,5.770058762828775,-2.962866522317235,False
1100049,2.5866599004460795,-0.1855618638833967,18.0,RO,Norte,50-100 mil,4.399955164633055,-1.8132952641869755,False
1100056,3.7722251199581933,-0.26926668079109806,24.0,RO,Norte,5-20 mil,5.5245829069638805,-1.7523577870056872,False
1100064,3.8019965000785305,-0.25258211216964865,25.0,RO,Norte,5-20 mil,5.578020849521105,-1.776024349442575,False
1100072,1.2206487538643387,-0.4041874790961554,17.0,RO,Norte,<5 mil,5.828447825200274,-4.607799071335935,False
1100080,4.032783932527877,-0.48388135797256515,26.0,RO,Norte,5-20 mil,7.524713438049413,-3.4919295055215356,False
1100098,1.067758217997266,-0.42855751837458766,26.0,RO,Norte,20-50 mil,5.737206812940872,-4.669448594943606,False
1100106,0.0,-0.7404414974839885,26.0,RO,Norte,20-50 mil,8.307609941020996,-8.307609941020996,False
1100114,0.0,-0.7257447296500128,27.0,RO,Norte,20-50 mil,5.281938229234841,-5.281938229234841,False
1100122,0.0,-0.6385303871456272,27.0,RO,Norte,100-500 mil,4.537207198542435,-4.537207198542435,False
1100130,5.269686840545035,-0.18167855837489896,25.0,RO,Norte,20-50 mil,5.622721534559982,-0.3530346940149478,True
1100148,8.418148285473052,-0.08941031384535779,22.0,RO,Norte,5-20 mil,8.952995896966485,-0.5348476114934329,True
1100155,0.0,-0.5808955348408503,24.0,RO,Norte,20-50 mil,5.365980253188162,-5.365980253188162,False
1100189,3.6390971823431073,-0.32454244483422434,24.0,RO,Norte,20-50 mil,7.945799738859498,-4.306702556516391,False
1100205,2.62432578804669,-0.5158924008352779,27.0,RO,Norte,500 mil+,6.790236640597247,-4.1659108525505575,False
1100254,5.11464061606415,-0.22102398354503203,26.0,RO,Norte,5-20 mil,5.762089535673143,-0.6474489196089923,True
1100262,11.664785271932345,-0.11012529977503313,24.0,RO,Norte,<5 mil,8.903766348857108,2.7610189230752376,True
1100288,0.0,-0.7653209902294832,27.0,RO,Norte,20-50 mil,7.554289475672227,-7.554289475672227,False
1100296,6.7621329491917095,-0.16671727655002938,23.0,RO,Norte,<5 mil,6.841114572622312,-0.07898162343060289,True
1100304,2.2538296529234145,-0.040404865322715894,23.0,RO,Norte,50-100 mil,2.6751522128574234,-0.4213225599340089,False
1100320,0.0,-0.879177906663772,19.0,RO,Norte,5-20 mil,7.634314080242771,-7.634314080242771,False
1100338,5.457474257917056,-0.36841634983548405,26.0,RO,Norte,5-20 mil,7.789627684813211,-2.332153426896155,True
1100346,1.1945882023112517,-0.22729108951699656,19.0,RO,Norte,5-20 mil,5.674998001730676,-4.480409799419424,False
1100379,3.8230338716319494,0.02077831809791158,7.0,RO,Norte,<5 mil,4.2089518329877045,-0.38591796135575507,False
1100403,0.0,-0.73228599918883,24.0,RO,Norte,5-20 mil,6.70169193806173,-6.70169193806173,False
1100452,18.483563435969018,0.8684644226500637,7.0,RO,Norte,20-50 mil,7.759783059838165,10.723780376130852,True
1100502,9.333420059498962,0.13751217529290682,24.0,RO,Norte,<5 mil,4.822513770042162,4.5109062894568,True
1100601,4.538670304284551,-0.37672077562032213,24.0,RO,Norte,<5 mil,10.16397134505117,-5.625301040766619,False
1100700,,,2.0,RO,Norte,<5 mil,0.4827688651218063,,False
1100809,6.606071047995357,-0.11908966750846729,24.0,RO,Norte,5-20 mil,5.255888544531074,1.350182503464283,True
1100908,6.8450137929637265,-0.12079218937776244,24.0,RO,Norte,<5 mil,6.399878617669459,0.4451351752942676,True
1100924,2.8902318033682803,0.0512545382679715,4.0,RO,Norte,5-20 mil,2.584016423802028,0.30621537956625255,False
1100940,5.534874110752298,-0.3620610345931679,23.0,RO,Norte,5-20 mil,8.109665724709902,-2.574791613957604,True
1101005,,,1.0,RO,Norte,<5 mil,0.0,,False
1101104,0.0,0.0,12.0,RO,Norte,5-20 mil,0.0,0.0,False
1101203,8.869607959958643,-0.06794247266114081,23.0,RO,Norte,<5 mil,5.359829552449829,3.509778407508813,True
1101302,4.052664627717263,-0.2868009673103865,21.0,RO,Norte,5-20 mil,5.308976563961922,-1.2563119362446589,False
1101401,0.0,-0.8089029675670356,24.0,RO,Norte,5-20 mil,5.735062579360958,-5.735062579360958,False
1101435,5.232833971255559,-0.25269055814958913,23.0,RO,Norte,<5 mil,6.112709992590169,-0.87987602133461,True
1101450,3.60149578159826,-0.3466296186874422,22.0,RO,Norte,<5 mil,5.643373302494183,-2.0418775208959232,False
1101468,6.089750187623451,-0.16151122467460918,17.0,RO,Norte,<5 mil,6.225935909268893,-0.1361857216454414,True
1101476,3.774419612403186,-0.030483213047634395,10.0,RO,Norte,<5 mil,4.223875473484848,-0.44945586108166236,False
1101484,0.0,-0.8098443873017478,23.0,RO,Norte,<5 mil,4.246074140460023,-4.246074140460023,False
1101492,2.456367565294485,-0.052103844611761194,3.0,RO,Norte,5-20 mil,2.946863058016328,-0.490495492721843,False
1101500,0.0,-0.8945328833943191,17.0,RO,Norte,<5 mil,6.39978402757029,-6.39978402757029,False
1101559,0.0,-1.3627960320266785,23.0,RO,Norte,<5 mil,7.018029869024639,-7.018029869024639,False
1101609,6.641509303514027,-0.06401652217577478,19.0,RO,Norte,<5 mil,5.718834430672286,0.9226748728417418,True
1101708,5.239040551716641,-0.19761279685981695,23.0,RO,Norte,<5 mil,5.543110775085291,-0.3040702233686492,True
1101757,7.2389892098559585,-0.07812334590743644,19.0,RO,Norte,<5 mil,6.43632633252064,0.8026628773353188,True
1101807,0.0,-1.019783902487895,13.0,RO,Norte,<5 mil,0.0,0.0,False
1200013,0.0,-0.23422009235478103,25.0,AC,Norte,5-20 mil,2.954491520227221,-2.954491520227221,False
1200054,6.602849796014141,0.16656384055198245,18.0,AC,Norte,<5 mil,3.4152651127705616,3.1875846832435792,True
1200104,0.0,-0.56133579184595,25.0,AC,Norte,5-20 mil,2.8524055890612106,-2.8524055890612106,False
1200138,0.0,-0.24082352851292363,25.0,AC,Norte,<5 mil,2.9018731537649805,-2.9018731537649805,False
1200179,1.4183975492882723,-0.14216855405273052,24.0,AC,Norte,5-20 mil,3.197634710382236,-1.7792371610939637,False
1200203,0.0,-0.49124486687546265,25.0,AC,Norte,50-100 mil,3.218177497056698,-3.218177497056698,False
1200252,0.43969934110839404,-0.1823840850617904,24.0,AC,Norte,5-20 mil,3.3836255085399287,-2.9439261674315347,False
1200302,0.0,-0.9691758862527593,25.0,AC,Norte,5-20 mil,4.296006932908056,-4.296006932908056,False
1200328,5.795081483598807,0.07833746417547169,17.0,AC,Norte,<5 mil,4.615285847092601,1.1797956365062063,True
1200336,1.0655131584683204,-0.20299077144388514,23.0,AC,Norte,5-20 mil,4.189841717688252,-3.124328559219932,False
1200344,0.0,-0.568998704952458,25.0,AC,Norte,5-20 mil,3.6914099250705616,-3.6914099250705616,False
1200351,3.6685503723629154,0.1554730105917989,16.0,AC,Norte,5-20 mil,1.7984791873496293,1.870071185013286,False
1200385,1.455518791186364,-0.10870457875030659,24.0,AC,Norte,5-20 mil,3.070682041115853,-1.615163249929489,False
1200393,8.601180759280737,0.29811888340294557,11.0,AC,Norte,<5 mil,3.982884483908296,4.618296275372441,True
1200401,2.4848774499672572,-0.2584042130349758,24.0,AC,Norte,100-500 mil,5.054085663735976,-2.569208213768719,False
1200427,11.238506987378855,0.4238300815323677,15.0,AC,Norte,5-20 mil,3.2360661169422724,8.002440870436583,True
1200435,7.420184999547871,0.13888762461327847,20.0,AC,Norte,<5 mil,4.488098366354787,2.9320866331930837,True
1200450,0.0,-0.25108320913192356,25.0,AC,Norte,5-20 mil,2.561929227857284,-2.561929227857284,False
1200500,0.0,-0.3412935303075289,25.0,AC,Norte,20-50 mil,3.214471796580685,-3.214471796580685,False
1200609,0.0,-0.3403669748570845,25.0,AC,Norte,20-50 mil,2.867041488268127,-2.867041488268127,False
1200708,0.6931280035742589,-0.21487928969083347,25.0,AC,Norte,5-20 mil,3.605166580276319,-2.9120385767020602,False
1200807,1.5943187445685112,-0.14124656962102108,25.0,AC,Norte,<5 mil,3.2998307900845028,-1.7055120455159916,False
1300029,5.357437694904888,0.0948570724591173,18.0,AM,Norte,5-20 mil,8.84739507552906,-3.489957380624171,True
1300060,0.38920419676746576,-0.01658654103181662,8.0,AM,Norte,5-20 mil,0.296454405312463,0.09274979145500278,False
1300086,0.9611325099463954,-0.02921866499455227,4.0,AM,Norte,5-20 mil,1.5115288427185534,-0.5503963327721579,False
1300102,,,1.0,AM,Norte,5-20 mil,1.946496302895658,,False
1300144,,,1.0,AM,Norte,5-20 mil,2.194746273101259,,False
1300201,0.0,-0.3291247494463562,9.0,AM,Norte,5-20 mil,3.629631985266241,-3.629631985266241,False
1300300,0.0,-0.17634825165465234,20.0,AM,Norte,5-20 mil,3.0334635883397003,-3.0334635883397003,False
1300409,0.0,-0.15172881817649012,7.0,AM,Norte,5-20 mil,1.3032118055555555,-1.3032118055555555,False
1300508,,,2.0,AM,Norte,5-20 mil,1.8682200456948244,,False
1300607,0.0,-0.2454296010004679,23.0,AM,Norte,20-50 mil,3.2278598308525224,-3.2278598308525224,False
1300631,0.0,-0.1251976084063315,6.0,AM,Norte,5-20 mil,0.0,0.0,False
1300680,0.0,-0.21899820644298648,8.0,AM,Norte,5-20 mil,1.0356776204964246,-1.0356776204964246,False
1300706,0.0,-0.7392616367778433,3.0,AM,Norte,20-50 mil,2.3264968540361424,-2.3264968540361424,False
1300805,0.0,-0.05678664622705538,9.0,AM,Norte,5-20 mil,0.0,0.0,False
1300839,,,0.0,AM,Norte,<5 mil,,,False
1300904,1.0552855563130947,0.026391169487527195,6.0,AM,Norte,5-20 mil,0.6382700329028203,0.4170155234102745,False
1301001,2.028298219097536,-0.035909317550401346,18.0,AM,Norte,20-50 mil,3.172287750241589,-1.143989531144053,False
1301100,0.0,-0.32043350979632235,7.0,AM,Norte,5-20 mil,0.0749918934794714,-0.0749918934794714,False
1301159,5.113615073652937,0.06034976887923125,18.0,AM,Norte,<5 mil,10.487680635347484,-5.374065561694547,True
1301209,0.0,-0.26500944282285277,8.0,AM,Norte,50-100 mil,2.248480750588387,-2.248480750588387,False
1301308,1.3509419363483914,-0.060041317310356605,18.0,AM,Norte,20-50 mil,2.96410221875914,-1.6131602824107487,False
1301407,0.0,-0.2099005230195653,20.0,AM,Norte,20-50 mil,2.4266381305512525,-2.4266381305512525,False
1301506,0.0,0.0,11.0,AM,Norte,5-20 mil,0.0,0.0,False
1301605,0.0,-0.2554302879824252,7.0,AM,Norte,5-20 mil,0.0411684527413504,-0.0411684527413504,False
1301654,0.0,0.0,11.0,AM,Norte,5-20 mil,0.0,0.0,False
1301704,0.0,-0.2075575820637827,4.0,AM,Norte,20-50 mil,1.7962120127039027,-1.7962120127039027,False
1301803,0.0,-0.0503664531861894,3.0,AM,Norte,5-20 mil,0.0,0.0,False
1301852,0.0,-0.48580083948772157,9.0,AM,Norte,20-50 mil,0.8636139640266254,-0.8636139640266254,False
1301902,0.0,-0.2035269939885236,15.0,AM,Norte,50-100 mil,2.1439511751976505,-2.1439511751976505,False
1301951,0.0,-0.13039917504801088,18.0,AM,Norte,<5 mil,3.224057019672556,-3.224057019672556,False
1302009,0.0,-0.4585399184218534,8.0,AM,Norte,5-20 mil,1.3216575242261837,-1.3216575242261837,False
1302108,,,0.0,AM,Norte,,,,False
1302207,0.0,-0.1940188675506649,18.0,AM,Norte,5-20 mil,2.993875735836838,-2.993875735836838,False
1302306,,,1.0,AM,Norte,5-20 mil,0.0,,False
1302405,0.0,-0.2693771041885794,10.0,AM,Norte,20-50 mil,0.3940341950861753,-0.3940341950861753,False
1302504,0.0,-0.21476870384161106,16.0,AM,Norte,50-100 mil,1.2550903865955916,-1.2550903865955916,False
1302553,2.598791949760356,-0.005198302507908132,18.0,AM,Norte,5-20 mil,4.9552083916018725,-2.3564164418415166,False
1302603,2.119055486223033,-0.4086049939257855,24.0,AM,Norte,500 mil+,8.3331093925185,-6.214053906295467,False
1302702,0.0,-0.30562853312280863,15.0,AM,Norte,20-50 mil,0.7492102589538633,-0.7492102589538633,False
1302801,,,2.0,AM,Norte,<5 mil,6.310963724297464,,False
1302900,0.0,-0.18933813685563533,14.0,AM,Norte,20-50 mil,2.7207011147515123,-2.7207011147515123,False
1303007,10.599809184970127,0.3794566746169549,5.0,AM,Norte,5-20 mil,17.322425814434176,-6.722616629464049,True
1303106,1.67491136200983,0.03149423783188902,10.0,AM,Norte,5-20 mil,2.22024796091944,-0.5453365989096102,False
1303205,0.8528053287869852,-0.027097952650884074,12.0,AM,Norte,5-20 mil,0.9412669312887828,-0.08846160250179758,False
1303304,,,0.0,AM,Norte,5-20 mil,,,False
1303403,0.5854728614288263,-0.12201062044109882,17.0,AM,Norte,50-100 mil,2.9752233151954166,-2.3897504537665903,False
1303502,5.790048210657119,0.17757244167073669,4.0,AM,Norte,5-20 mil,3.231923190643583,2.558125020013536,True
1303536,0.0,-0.29651290310147843,12.0,AM,Norte,5-20 mil,2.3042844825023043,-2.3042844825023043,False
1303569,0.0,-0.6034073352005629,3.0,AM,Norte,5-20 mil,1.860783613195189,-1.860783613195189,False
1303601,0.0,-0.13915639555250392,3.0,AM,Norte,5-20 mil,0.0,0.0,False
1303700,0.0,-0.27637768603751967,3.0,AM,Norte,5-20 mil,1.0914318970959598,-1.0914318970959598,False
1303809,0.0,-0.5602239876208097,5.0,AM,Norte,20-50 mil,0.0,0.0,False
1303908,1.1818620798993607,-0.0800832885099098,18.0,AM,Norte,5-20 mil,6.0882573530341535,-4.906395273134793,False
1303957,0.0,-0.18467343082359125,13.0,AM,Norte,5-20 mil,1.8012035877917294,-1.8012035877917294,False
1304005,0.18931723678372947,-0.015596297196428894,5.0,AM,Norte,<5 mil,0.1988779369008329,-0.009560700117103443,False
1304062,0.0,-0.1151636757201313,18.0,AM,Norte,20-50 mil,0.776337404441081,-0.776337404441081,False
1304104,,,1.0,AM,Norte,5-20 mil,0.1786352268667381,,False
1304203,0.0,-0.3787883116029863,10.0,AM,Norte,20-50 mil,1.0815040027667933,-1.0815040027667933,False
1304237,0.0,0.0,6.0,AM,Norte,5-20 mil,0.0,0.0,False
1304260,,,0.0,AM,Norte,5-20 mil,,,False
1304302,1.7511041283315478,-0.02775060134049558,11.0,AM,Norte,5-20 mil,2.1568667979544496,-0.40576266962290175,False
1304401,,,0.0,AM,Norte,5-20 mil,,,False
1400027,1.7324079116365851,-0.09865383460215005,20.0,RR,Norte,<5 mil,3.119155330167163,-1.386747418530578,False
1400050,1.8777365738150422,-0.11337458886153058,27.0,RR,Norte,<5 mil,3.337763581998444,-1.4600270081834017,False
1400100,0.0,-0.4769052633918141,27.0,RR,Norte,100-500 mil,7.502575280685372,-7.502575280685372,False
1400159,3.2673006014289285,-0.11922025940136767,27.0,RR,Norte,<5 mil,8.542013658664589,-5.27471305723566,False
1400175,1.8264054912698668,-0.10875724914516294,20.0,RR,Norte,<5 mil,3.160477561066292,-1.334072069796425,False
1400209,0.0,-0.33442169707458724,27.0,RR,Norte,5-20 mil,3.544903953887182,-3.544903953887182,False
1400233,2.907992467526441,-0.10263484141200276,20.0,RR,Norte,<5 mil,4.072135038936056,-1.1641425714096156,False
1400282,3.776577284710392,-0.008511039999883766,20.0,RR,Norte,5-20 mil,3.3741120758699368,0.402465208840455,False
1400308,1.931951022386329,-0.13900546458055318,27.0,RR,Norte,5-20 mil,3.3524089420381507,-1.4204579196518217,False
1400407,0.0,-0.3437966796977323,27.0,RR,Norte,<5 mil,2.8095868892262748,-2.8095868892262748,False
1400456,1.9438725294294272,-0.1816030433145217,20.0,RR,Norte,5-20 mil,5.15780511874717,-3.213932589317743,False
1400472,1.8867076276720525,-0.10692288540457717,20.0,RR,Norte,5-20 mil,2.835692579074049,-0.9489849514019966,False
1400506,0.8852759177765961,-0.13925642786200323,27.0,RR,Norte,5-20 mil,2.4493462323331565,-1.5640703145565604,False
1400605,1.3016407989887284,-0.1443399084928244,22.0,RR,Norte,5-20 mil,2.9460440942053387,-1.6444032952166103,False
1400704,0.0,-0.76977514768872,16.0,RR,Norte,<5 mil,2.280613648099504,-2.280613648099504,False
1500107,0.7430980970482324,-0.2104558887423266,27.0,PA,Norte,50-100 mil,7.000372056644527,-6.2572739595962945,False
1500131,4.886406329771546,0.1623624564194166,10.0,PA,Norte,5-20 mil,3.542900894760756,1.34350543501079,False
1500206,0.0,-0.036210351334614456,4.0,PA,Norte,5-20 mil,0.0,0.0,False
1500305,0.6011568072919999,-0.18589743379884002,22.0,PA,Norte,5-20 mil,6.188751215237804,-5.587594407945804,False
1500347,,,0.0,PA,Norte,5-20 mil,,,False
1500404,0.0,-0.2526065241084642,22.0,PA,Norte,20-50 mil,4.967487012379833,-4.967487012379833,False
1500503,0.12478166816303116,-0.02984078255076532,7.0,PA,Norte,20-50 mil,1.6043270993766043,-1.4795454312135732,False
1500602,0.0,-0.7305092657181278,22.0,PA,Norte,50-100 mil,0.0,0.0,False
1500701,0.0,-0.3867877326877465,22.0,PA,Norte,5-20 mil,6.1443191927496,-6.1443191927496,False
1500800,0.5944991066683087,-0.2802778259121677,25.0,PA,Norte,500 mil+,6.54044856708218,-5.945949460413871,False
1500909,0.12631320686875824,-0.21437845120276633,22.0,PA,Norte,20-50 mil,5.978481130721767,-5.852167923853009,False
1500958,0.0,0.0,3.0,PA,Norte,5-20 mil,0.0,0.0,False
1501006,0.0,0.0,4.0,PA,Norte,<5 mil,0.0,0.0,False
1501105,0.0,0.0,7.0,PA,Norte,5-20 mil,0.0,0.0,False
1501204,0.0,-0.16199943039554462,10.0,PA,Norte,20-50 mil,0.0454129238383155,-0.0454129238383155,False
1501253,,,1.0,PA,Norte,<5 mil,0.0,,False
1501303,11.816217225962077,0.4350230369737739,11.0,PA,Norte,20-50 mil,6.953873473359812,4.862343752602265,True
1501402,0.0,-0.617655645479944,23.0,PA,Norte,500 mil+,8.153410662950606,-8.153410662950606,False
1501451,3.841421537652593,0.07316058627175014,6.0,PA,Norte,5-20 mil,1.3917187196660843,2.449702817986509,False
1501501,0.0,-0.023892036204986703,8.0,PA,Norte,20-50 mil,0.0,0.0,False
1501576,2.4651607578544628,-0.05910145000333342,8.0,PA,Norte,5-20 mil,3.4890690471183703,-1.0239082892639075,False
1501600,,,0.0,PA,Norte,<5 mil,,,False
1501709,0.0,-0.35202494877225227,27.0,PA,Norte,50-100 mil,6.540441118330584,-6.540441118330584,False
1501725,0.9261218862639282,-0.08758221070979531,9.0,PA,Norte,5-20 mil,1.4770635131972856,-0.5509416269333574,False
1501758,0.6000063162666152,0.04431213283750021,3.0,PA,Norte,<5 mil,0.0970692563722204,0.5029370598943947,False
1501782,0.0,-0.43625113419046896,21.0,PA,Norte,20-50 mil,2.395974303030304,-2.395974303030304,False
1501808,0.0,-0.3772827089964258,27.0,PA,Norte,50-100 mil,0.0,0.0,False
1501907,,,1.0,PA,Norte,5-20 mil,1.29515828388419,,False
1501956,0.0,-0.009975864843120628,4.0,PA,Norte,5-20 mil,0.0,0.0,False
1502004,0.0,-0.3809126919856418,22.0,PA,Norte,5-20 mil,5.911121483964337,-5.911121483964337,False
1502103,0.0,-0.1226631581439595,19.0,PA,Norte,50-100 mil,1.1655471813716818,-1.1655471813716818,False
1502152,4.684081292748601,0.12755999450077637,7.0,PA,Norte,20-50 mil,2.5659571034134228,2.1181241893351785,False
1502202,0.0,-0.2691695538532088,22.0,PA,Norte,50-100 mil,5.549541222288981,-5.549541222288981,False
1502301,0.0,-0.37602561234879506,22.0,PA,Norte,20-50 mil,5.94716401070104,-5.94716401070104,False
1502400,0.0,-0.3860011823696236,27.0,PA,Norte,100-500 mil,6.321401662397563,-6.321401662397563,False
1502509,,,1.0,PA,Norte,<5 mil,0.0,,False
1502608,,,2.0,PA,Norte,<5 mil,0.8158422580648922,,False
1502707,1.2665798013503036,-0.20091762859638598,23.0,PA,Norte,20-50 mil,7.24453018250983,-5.977950381159526,False
1502756,0.6436353814085294,0.030410373705467012,7.0,PA,Norte,5-20 mil,0.2637900467583686,0.3798453346501608,False
1502764,,,2.0,PA,Norte,<5 mil,0.0,,False
1502772,3.3298562675006735,-0.05923344477905817,14.0,PA,Norte,5-20 mil,3.571745159429736,-0.2418888919290625,False
1502806,0.0,0.0,4.0,PA,Norte,5-20 mil,0.0,0.0,False
1502855,,,2.0,PA,Norte,5-20 mil,0.7079646017699115,,False
1502905,,,1.0,PA,Norte,5-20 mil,1.5773636187148128,,False
1502939,0.0,-0.573340482006032,22.0,PA,Norte,20-50 mil,4.469280021925463,-4.469280021925463,False
1502954,5.323331409092255,0.02013679140608624,14.0,PA,Norte,5-20 mil,5.1516324721644144,0.17169893692784033,True
1503002,0.7125681194295908,-0.16878332545890823,22.0,PA,Norte,5-20 mil,6.122273553266258,-5.409705433836668,False
1503044,,,1.0,PA,Norte,5-20 mil,0.0,,False
1503077,,,1.0,PA,Norte,5-20 mil,0.0,,False
1503093,0.0,0.0,3.0,PA,Norte,20-50 mil,0.0,0.0,False
1503101,0.0,-0.07931109500660845,6.0,PA,Norte,5-20 mil,0.0,0.0,False
1503200,0.0,-0.3591659716940587,7.0,PA,Norte,20-50 mil,2.7018591963683494,-2.7018591963683494,False
1503309,0.0,-0.3708113457090229,22.0,PA,Norte,20-50 mil,6.121878106614079,-6.121878106614079,False
1503408,1.5091009989059785,-0.1982908090655714,22.0,PA,Norte,<5 mil,6.919835477603242,-5.410734478697264,False
1503457,,,1.0,PA,Norte,5-20 mil,0.0,,False
1503507,,,2.0,PA,Norte,5-20 mil,0.0,,False
1503606,0.0,-0.8652524825154865,23.0,PA,Norte,50-100 mil,6.955629075350974,-6.955629075350974,False
1503705,1.3114324913577775,-0.1613943990861561,21.0,PA,Norte,20-50 mil,4.971073701792879,-3.659641210435102,False
1503754,2.483598044426458,0.043761542187428455,11.0,PA,Norte,<5 mil,0.7567300847731833,1.7268679596532746,False
1503804,0.0,-0.22477497884425635,22.0,PA,Norte,50-100 mil,4.456423533652503,-4.456423533652503,False
1503903,0.0,-0.36361192224057415,14.0,PA,Norte,5-20 mil,0.0,0.0,False
1504000,0.3505327649205583,-0.17664951159223186,22.0,PA,Norte,5-20 mil,6.292651144989694,-5.942118380069136,False
1504059,0.0,-0.345654324038923,5.0,PA,Norte,20-50 mil,0.0,0.0,False
1504109,0.0,-0.3146139114023103,22.0,PA,Norte,<5 mil,6.3359261707420735,-6.3359261707420735,False
1504208,1.3843383266655565,-0.29286762192230953,27.0,PA,Norte,100-500 mil,6.32575469676252,-4.941416370096963,False
1504307,3.000187094539001,0.03073441444456228,5.0,PA,Norte,5-20 mil,0.0,3.000187094539001,False
1504406,0.0,-0.3445013859657032,22.0,PA,Norte,5-20 mil,5.741980779673284,-5.741980779673284,False
1504422,0.0,-0.42824005864455345,25.0,PA,Norte,100-500 mil,6.929870503377308,-6.929870503377308,False
1504455,0.0,-0.01343684666953612,3.0,PA,Norte,5-20 mil,0.0,0.0,False
1504505,,,1.0,PA,Norte,5-20 mil,0.0,,False
1504604,2.362199277660551,-0.11136180883576514,22.0,PA,Norte,20-50 mil,6.008781502907006,-3.646582225246455,False
1504703,0.44191011529846946,-0.16826400601315103,23.0,PA,Norte,20-50 mil,6.435088490261666,-5.993178374963197,False
1504752,,,1.0,PA,Norte,5-20 mil,0.6648646176071044,,False
1504802,0.0,-0.37791806886699114,22.0,PA,Norte,20-50 mil,6.144434763750006,-6.144434763750006,False
1504901,0.0,-0.001092923623247603,6.0,PA,Norte,5-20 mil,0.0,0.0,False
1504950,,,1.0,PA,Norte,5-20 mil,4.435469888181438,,False
1504976,,,0.0,PA,Norte,5-20 mil,,,False
1505007,0.0,-0.41250619605236005,22.0,PA,Norte,5-20 mil,6.860612446147027,-6.860612446147027,False
1505031,3.4228970665718634,-0.17589483081495733,15.0,PA,Norte,5-20 mil,6.845286009249869,-3.4223889426780056,False
1505064,0.0,-0.3048766799048014,20.0,PA,Norte,20-50 mil,3.422737603305785,-3.422737603305785,False
1505106,0.0,-0.31496600492528065,21.0,PA,Norte,20-50 mil,6.237067074170444,-6.237067074170444,False
1505205,1.0831044894071624,-0.1577178739470898,22.0,PA,Norte,5-20 mil,6.465159093964705,-5.382054604557543,False
1505304,0.0,-0.5257693624627147,22.0,PA,Norte,20-50 mil,1.1439244916671751,-1.1439244916671751,False
1505403,0.0,-0.6329748562848645,22.0,PA,Norte,5-20 mil,7.423404976367203,-7.423404976367203,False
1505437,0.0,-0.12041391682604351,7.0,PA,Norte,20-50 mil,0.9225726448177716,-0.9225726448177716,False
1505486,,,0.0,PA,Norte,5-20 mil,,,False
1505494,,,0.0,PA,Norte,<5 mil,,,False
1505502,0.8308825997980875,-0.15937539457791963,21.0,PA,Norte,50-100 mil,3.5807607706932933,-2.749878170895206,False
1505536,0.0,-0.4480126888943077,19.0,PA,Norte,100-500 mil,2.737632277354457,-2.737632277354457,False
1505551,6.418485418525279,0.4014211145320981,3.0,PA,Norte,<5 mil,1.7326732673267329,4.6858121511985455,True
1505601,0.0,-0.35384962812314974,22.0,PA,Norte,<5 mil,5.7609427394629495,-5.7609427394629495,False
1505650,,,2.0,PA,Norte,5-20 mil,0.0,,False
1505700,0.0,-0.25519530738816804,23.0,PA,Norte,5-20 mil,5.757376706077201,-5.757376706077201,False
1505809,0.0,-0.46871941477202833,22.0,PA,Norte,20-50 mil,4.1551678589949725,-4.1551678589949725,False
1505908,,,0.0,PA,Norte,5-20 mil,,,False
1506005,0.1375052816306379,-0.19190818743357058,22.0,PA,Norte,5-20 mil,5.847832117720726,-5.710326836090088,False
1506104,0.600275005254673,-0.1370929078028243,7.0,PA,Norte,5-20 mil,4.62961155763398,-4.0293365523793065,False
1506112,,,1.0,PA,Norte,5-20 mil,4.500319275765582,,False
1506138,0.0,-0.35868355937901675,17.0,PA,Norte,50-100 mil,3.275024352534855,-3.275024352534855,False
1506161,,,1.0,PA,Norte,5-20 mil,1.0932475884244373,,False
1506187,2.7443231256510785,-0.1269603878507618,17.0,PA,Norte,20-50 mil,3.781049131892315,-1.0367260062412367,False
1506195,4.973279750657753,0.2113139640371605,11.0,PA,Norte,5-20 mil,4.117870967907083,0.8554087827506693,False
1506203,0.0,-0.49745653975055715,22.0,PA,Norte,20-50 mil,6.165021370172878,-6.165021370172878,False
1506302,0.0,-0.43879768374876726,22.0,PA,Norte,5-20 mil,6.017405299630382,-6.017405299630382,False
1506351,0.0,-0.03745346909970087,15.0,PA,Norte,5-20 mil,0.0089009519763857,-0.0089009519763857,False
1506401,0.0,-0.605547011210039,15.0,PA,Norte,5-20 mil,0.8657279564267752,-0.8657279564267752,False
1506500,0.0,-0.34261103595117837,8.0,PA,Norte,50-100 mil,2.808275945865389,-2.808275945865389,False
1506559,0.0,-0.34191171641967677,22.0,PA,Norte,5-20 mil,6.397930572205203,-6.397930572205203,False
1506583,0.0,-0.2609584712695032,22.0,PA,Norte,5-20 mil,6.1702968974782095,-6.1702968974782095,False
1506609,1.1303993939129668,-0.16799066447070074,22.0,PA,Norte,5-20 mil,6.678760480900063,-5.5483610869870965,False
1506708,8.236814251763406,0.23678715591439042,11.0,PA,Norte,20-50 mil,4.05162044308622,4.185193808677186,True
1506807,0.0,-0.308045810987438,27.0,PA,Norte,100-500 mil,3.2801194547157206,-3.2801194547157206,False
1507003,,,1.0,PA,Norte,5-20 mil,4.209462732627657,,False
1507102,1.0724056262890258,-0.2116962945637285,22.0,PA,Norte,5-20 mil,6.180964491977339,-5.108558865688313,False
1507151,0.0,-0.2844954471902758,7.0,PA,Norte,5-20 mil,1.9410137091415371,-1.9410137091415371,False
1507201,0.0,-0.15642439040919628,8.0,PA,Norte,5-20 mil,1.6962244435612843,-1.6962244435612843,False
1507300,0.0,-0.5488315805182379,23.0,PA,Norte,50-100 mil,6.370345888755542,-6.370345888755542,False
1507409,0.0,-0.26146223794043927,22.0,PA,Norte,5-20 mil,6.246870837446063,-6.246870837446063,False
1507458,6.638920203576792,-0.006307429546019755,20.0,PA,Norte,5-20 mil,6.72378741098183,-0.08486720740503806,True
1507466,,,1.0,PA,Norte,<5 mil,5.29788838612368,,False
1507474,4.287849369080675,0.15242777003591748,5.0,PA,Norte,5-20 mil,1.172510229384691,3.115339139695984,False
1507508,0.0,-0.19175518045238038,8.0,PA,Norte,<5 mil,1.884443939878779,-1.884443939878779,False
1507607,0.0,-0.27052434777332307,10.0,PA,Norte,20-50 mil,0.0,0.0,False
1507706,,,1.0,PA,Norte,5-20 mil,0.0,,False
1507755,0.0,0.0,3.0,PA,Norte,<5 mil,0.0,0.0,False
1507805,,,0.0,PA,Norte,5-20 mil,,,False
1507904,0.0,-0.4057475433176149,22.0,PA,Norte,20-50 mil,6.264328131134668,-6.264328131134668,False
1507953,0.731566130705005,-0.16184210134782334,22.0,PA,Norte,50-100 mil,5.237494511425017,-4.505928380720012,False
1507961,0.8893857237777203,-0.003454061764821039,8.0,PA,Norte,5-20 mil,0.2016868353502016,0.6876988884275187,False
1507979,1.6969117895977206,-0.1345257632223848,27.0,PA,Norte,5-20 mil,5.885479746763085,-4.188567957165365,False
1508001,0.9240662716459553,-0.09526296882252616,17.0,PA,Norte,20-50 mil,2.034148301193756,-1.1100820295478004,False
1508035,0.004874923891350136,-0.22880746934005983,22.0,PA,Norte,5-20 mil,5.5195521312694655,-5.514677207378115,False
1508050,,,2.0,PA,Norte,5-20 mil,0.0,,False
1508084,5.141254731707418,0.005685057524565362,16.0,PA,Norte,20-50 mil,4.597062341686038,0.5441923900213803,True
1508100,0.0,-0.40197750528500914,7.0,PA,Norte,100-500 mil,0.0,0.0,False
1508126,0.0,0.0,9.0,PA,Norte,20-50 mil,0.0,0.0,False
1508209,0.0,-0.29194104607866284,22.0,PA,Norte,20-50 mil,5.812159899025616,-5.812159899025616,False
1508308,0.15910456106018955,-0.14931260281760478,22.0,PA,Norte,20-50 mil,5.57038297579758,-5.4112784147373905,False
1508357,0.0,-2.3821161506764454,3.0,PA,Norte,5-20 mil,7.2817774051991,-7.2817774051991,False
1508407,8.786968440340274,0.23611053717844674,14.0,PA,Norte,20-50 mil,5.634777635054875,3.1521908052853993,True
1600055,20.41967647746776,0.34569436834984474,14.0,AP,Norte,<5 mil,19.135046551369715,1.2846299260980452,True
1600105,0.0,-0.7655985549175511,27.0,AP,Norte,5-20 mil,7.760483157543628,-7.760483157543628,False
1600154,9.08887156204878,0.22527566168768745,15.0,AP,Norte,5-20 mil,1.5262244573816357,7.562647104667144,True
1600204,0.0,-0.9809789240452486,26.0,AP,Norte,5-20 mil,6.762390493909002,-6.762390493909002,False
1600212,0.0,-0.5156986811013038,26.0,AP,Norte,<5 mil,5.641269798276124,-5.641269798276124,False
1600238,0.0,-0.46471925341214115,26.0,AP,Norte,5-20 mil,6.73263652895902,-6.73263652895902,False
1600253,0.0,-0.31406165123864915,26.0,AP,Norte,<5 mil,7.092621046160344,-7.092621046160344,False
1600279,0.650832046253015,-0.2439777574231386,27.0,AP,Norte,20-50 mil,5.903836644855478,-5.253004598602463,False
1600303,1.0732337653822697,-0.4953472260352406,27.0,AP,Norte,500 mil+,6.783264374723104,-5.710030609340834,False
1600402,0.48246502355050325,-0.5885567393480241,27.0,AP,Norte,5-20 mil,9.884821279069586,-9.402356255519082,False
1600501,3.9429462898614247,-0.48035665712719033,27.0,AP,Norte,5-20 mil,10.80263524663277,-6.859688956771345,False
1600535,2.091900854568621,-0.45333691617661626,26.0,AP,Norte,5-20 mil,9.497440860438246,-7.405540005869625,False
1600550,2.162431950220764,-0.13461973347519376,25.0,AP,Norte,<5 mil,7.098438780048218,-4.936006829827454,False
1600600,1.0487466010058597,-0.2435258764142508,27.0,AP,Norte,100-500 mil,5.0331877949097406,-3.984441193903881,False
1600709,2.3741323431889896,-0.26740483171964685,26.0,AP,Norte,5-20 mil,7.96944819213681,-5.595315848947821,False
1600808,0.8942767262229552,-0.10508895100715289,25.0,AP,Norte,5-20 mil,5.471836513928,-4.577559787705045,False
1700251,6.729242323093487,0.03171039190753951,24.0,TO,Norte,<5 mil,5.871304458728701,0.8579378643647866,True
1700301,16.32570622324431,0.5058951017230192,15.0,TO,Norte,5-20 mil,9.027105722922093,7.298600500322218,True
1700350,6.030200047489966,-0.006531013041197644,24.0,TO,Norte,<5 mil,6.054613690220986,-0.024413642731019536,True
1700400,5.895604937109788,0.00612708326454257,25.0,TO,Norte,5-20 mil,7.062569628003523,-1.1669646908937352,True
1700707,6.07156036727325,-0.04990118437788143,25.0,TO,Norte,5-20 mil,6.875920363251743,-0.8043599959784933,True
1701002,2.396098941750637,-0.024302979001610676,14.0,TO,Norte,5-20 mil,2.77457064093409,-0.37847169918345314,False
1701051,5.388288641289794,-0.00722905264534683,22.0,TO,Norte,<5 mil,5.546241977984614,-0.15795333669482048,True
1701101,3.890348467098562,-0.1055034147201527,23.0,TO,Norte,<5 mil,4.3141948501600655,-0.4238463830615036,False
1701309,4.70839128479254,-0.043399943338899155,23.0,TO,Norte,<5 mil,4.621921194349089,0.08647009044345122,False
1701903,5.153633358639439,-0.06907276499127811,24.0,TO,Norte,<5 mil,6.381510527351436,-1.2278771687119967,True
1702000,6.5523786781462405,-0.02620112147690358,25.0,TO,Norte,5-20 mil,6.989592911896852,-0.43721423375061175,True
1702109,7.27546376082924,-0.09253856057002481,26.0,TO,Norte,100-500 mil,8.89842652115814,-1.6229627603288996,True
1702158,4.834224798436432,-0.005465197749342922,22.0,TO,Norte,<5 mil,4.778634292000629,0.0555905064358031,False
1702208,1.3952742805271896,-0.11180830369252867,15.0,TO,Norte,20-50 mil,3.967238854458905,-2.5719645739317154,False
1702307,5.840905691350073,-0.0517446527252433,25.0,TO,Norte,5-20 mil,6.529664213565846,-0.6887585222157728,True
1702406,6.632033146834294,0.0015090475245915303,25.0,TO,Norte,5-20 mil,6.161946239207804,0.47008690762648975,True
1702554,6.488755173041959,-0.020680577004689962,25.0,TO,Norte,5-20 mil,7.013421627629891,-0.5246664545879325,True
1702703,3.9988279990653837,-0.0677956121427627,25.0,TO,Norte,<5 mil,4.506199444730799,-0.5073714456654157,False
1702901,1.7348288723084906,-0.018879115425783844,6.0,TO,Norte,5-20 mil,2.3106147248743163,-0.5757858525658257,False
1703008,8.167979622070703,0.049416197155337786,25.0,TO,Norte,5-20 mil,6.303214485299881,1.8647651367708225,True
1703057,3.105339412713306,-0.12470727045483784,25.0,TO,Norte,<5 mil,1.8079535651803065,1.2973858475329996,False
1703073,4.97890046224029,-0.03174499187470471,22.0,TO,Norte,<5 mil,4.968875505016006,0.010024957224284314,False
1703107,6.856806614916273,-0.010402880792414965,25.0,TO,Norte,<5 mil,7.184688224042496,-0.3278816091262229,True
1703206,4.556560585513267,-0.06261702907181849,24.0,TO,Norte,<5 mil,4.151933278876061,0.4046273066372068,False
1703305,11.363745145052235,0.538669342092984,9.0,TO,Norte,<5 mil,4.759337173579109,6.604407971473126,True
1703602,3.9460156901001398,-0.052119582380720744,25.0,TO,Norte,<5 mil,3.595768853829449,0.35024683627069075,False
1703701,1.963424378326522,-0.18112640214668518,24.0,TO,Norte,<5 mil,3.939157662127643,-1.9757332838011212,False
1703800,7.993695215584978,0.14600535513410656,24.0,TO,Norte,5-20 mil,5.984545477925828,2.0091497376591505,True
1703826,,,1.0,TO,Norte,<5 mil,2.296738631143776,,False
1703842,6.8162502582970035,0.045751184796490325,23.0,TO,Norte,5-20 mil,5.998540779188051,0.8177094791089523,True
1703867,4.111473467863249,-0.11058754751001929,24.0,TO,Norte,<5 mil,6.412383266071934,-2.3009097982086857,False
1703883,2.502903621517646,-0.09134362295413075,21.0,TO,Norte,<5 mil,3.206466885412768,-0.7035632638951217,False
1703891,9.713064655616677,0.29660721992474304,15.0,TO,Norte,<5 mil,5.195178574113983,4.517886081502693,True
1703909,5.270448454069481,-0.08047326506221507,25.0,TO,Norte,<5 mil,5.73835030483034,-0.46790185076085944,True
1704105,4.648594480016513,-0.012111039894791994,25.0,TO,Norte,<5 mil,3.607212596259626,1.0413818837568867,False
1704600,34.20837319896418,2.323795817049352,3.0,TO,Norte,<5 mil,5.521927413671599,28.686445785292584,True
1705102,6.352285680057636,0.006129019209498103,23.0,TO,Norte,<5 mil,5.366475077671215,0.9858106023864215,True
1705508,9.368222497501023,0.04366157071205467,26.0,TO,Norte,20-50 mil,10.067223007891815,-0.6990005103907926,True
1705557,7.636431428252365,0.02542968616065711,25.0,TO,Norte,<5 mil,6.894900355420157,0.741531072832208,True
1705607,3.1094517346584496,-0.11231188165054416,25.0,TO,Norte,<5 mil,3.986578087053988,-0.8771263523955386,False
1706001,3.6075129963511756,-0.08274998585906577,25.0,TO,Norte,<5 mil,3.925747423120309,-0.31823442676913327,False
1706100,5.725835926825312,-0.06678413547107705,25.0,TO,Norte,5-20 mil,6.448048851144075,-0.7222129243187636,True
1706258,5.08269117089651,-0.023580913068865127,24.0,TO,Norte,<5 mil,3.949875715419644,1.132815455476866,True
1706506,0.0,-0.9415919254714193,4.0,TO,Norte,<5 mil,0.0,0.0,False
1707009,5.997567658756253,-0.06868443201490114,25.0,TO,Norte,5-20 mil,6.888712463888233,-0.8911448051319795,True
1707108,6.768004377866134,0.0431920525147995,23.0,TO,Norte,<5 mil,5.7127259428944015,1.0552784349717328,True
1707207,1.8666625720146612,-0.1863525971853522,25.0,TO,Norte,<5 mil,4.109365618918705,-2.242703046904044,False
1707306,5.33046746493936,-0.051278441805731975,24.0,TO,Norte,<5 mil,5.884568486371249,-0.5541010214318884,True
1707405,5.162013420349467,0.10888825532389551,12.0,TO,Norte,5-20 mil,2.190466268852219,2.9715471514972482,True
1707553,3.11011943844926,-0.11695693328695454,25.0,TO,Norte,<5 mil,3.7126294266075,-0.6025099881582401,False
1707652,5.533255292229654,-0.0663542332806349,25.0,TO,Norte,<5 mil,6.396041385011995,-0.8627860927823408,True
1707702,5.616141489102034,-0.06045779711201108,25.0,TO,Norte,5-20 mil,6.2358526374968095,-0.6197111483947753,True
1708205,4.784164408064385,-0.11618577028057225,26.0,TO,Norte,5-20 mil,6.806339827070025,-2.0221754190056407,False
1708254,5.4215609064446255,-0.02180740756985589,24.0,TO,Norte,<5 mil,5.882269102848371,-0.46070819640374516,True
1708304,6.332891282967481,0.04814915883563391,24.0,TO,Norte,<5 mil,5.634156340355225,0.6987349426122558,True
1709005,5.905834571389551,-0.012740552131255536,25.0,TO,Norte,5-20 mil,5.97049874053723,-0.06466416914767859,True
1709302,11.219204266263603,0.09287492963066293,26.0,TO,Norte,20-50 mil,10.489795401258702,0.7294088650049009,True
1709500,9.266139665069018,-0.0005303507784482478,26.0,TO,Norte,50-100 mil,10.467722399834736,-1.2015827347657186,True
1709807,1.7233867717969815,-0.1800350517798594,22.0,TO,Norte,<5 mil,3.428888991196713,-1.7055022193997313,False
1710508,2.536545728382805,-0.13958355391507957,11.0,TO,Norte,<5 mil,3.5502190431442684,-1.0136733147614634,False
1710706,18.217459304517206,0.8895237126637726,5.0,TO,Norte,<5 mil,6.754243239716868,11.463216064800339,True
1710904,6.647270908056726,0.060456094122067205,20.0,TO,Norte,<5 mil,6.187952839202839,0.4593180688538867,True
1711100,4.6682681038833636,-0.041994662557909554,22.0,TO,Norte,<5 mil,3.932204492770705,0.7360636111126584,False
1711506,3.528469429460017,-0.13817566877115603,24.0,TO,Norte,<5 mil,5.788145964997569,-2.259676535537552,False
1711803,4.278318314515758,-0.07152913639712037,25.0,TO,Norte,<5 mil,4.260707266284119,0.017611048231638726,False
1711902,7.558541949151856,-0.010189675967204364,24.0,TO,Norte,5-20 mil,7.764050030668401,-0.20550808151654554,True
1711951,5.977690847127761,0.030484909631256493,24.0,TO,Norte,<5 mil,4.095623957557046,1.8820668895707149,True
1712009,6.252598374170745,-0.0365045445660354,24.0,TO,Norte,<5 mil,4.903211529519328,1.3493868446514172,True
1712157,8.641110528349202,0.14008781276456536,10.0,TO,Norte,<5 mil,7.037928208101476,1.6031823202477264,True
1712405,5.15737520285974,-0.03819006775999497,24.0,TO,Norte,<5 mil,5.5814530925695305,-0.42407788970979077,True
1712454,4.33435873697514,-0.01851979312884624,25.0,TO,Norte,<5 mil,3.8452128605900513,0.4891458763850891,False
1712504,6.107332026638387,0.004805885779838409,25.0,TO,Norte,<5 mil,6.534991859486769,-0.4276598328483816,True
1712702,14.681703698877755,0.5634159367320459,6.0,TO,Norte,<5 mil,7.73403366660495,6.947670032272804,True
1712801,5.530769823915634,0.03443926074489304,24.0,TO,Norte,<5 mil,3.670701617459043,1.8600682064565905,True
1713205,5.114968347778245,-0.12633826209866075,26.0,TO,Norte,5-20 mil,7.21683051941827,-2.1018621716400254,True
1713304,6.886013153871524,-0.01049335608882013,25.0,TO,Norte,5-20 mil,6.689461071183947,0.1965520826875764,True
1713601,5.834085759844349,-0.017470246102657443,24.0,TO,Norte,<5 mil,6.051378841702999,-0.21729308185864937,True
1713700,5.8329643779286435,-0.0019534260969626795,23.0,TO,Norte,<5 mil,4.78273132663199,1.0502330512966536,True
1713809,6.938065066851745,0.016307991942180168,22.0,TO,Norte,<5 mil,6.732827925803797,0.20523714104794877,True
1713957,4.141165171608293,-0.044717271954779494,25.0,TO,Norte,<5 mil,3.744204593680342,0.3969605779279508,False
1714203,5.824967840294249,-0.06627042960518016,25.0,TO,Norte,5-20 mil,7.107169588356915,-1.2822017480626657,True
1714302,6.903667896482773,0.08881890646096866,23.0,TO,Norte,<5 mil,5.626681847972715,1.2769860485100581,True
1714880,6.511504631361893,-0.002904080100725031,25.0,TO,Norte,5-20 mil,6.116909829280801,0.3945948020810919,True
1715002,4.06147843401115,-0.07979651790694901,25.0,TO,Norte,<5 mil,3.897453998448626,0.16402443556252377,False
1715101,6.715253588195104,-0.007974644553752205,25.0,TO,Norte,<5 mil,5.516387181300548,1.198866406894556,True
1715150,5.1982260146304995,-0.02512522654880951,24.0,TO,Norte,<5 mil,4.885649891774892,0.31257612285560743,True
1715259,3.2476835245745406,-0.0820778865891332,25.0,TO,Norte,<5 mil,3.944246227204584,-0.6965627026300436,False
1715507,5.618559572703777,0.011018104156675286,19.0,TO,Norte,<5 mil,5.262266332152697,0.35629324055108036,True
1715705,4.847012899948808,-0.019478457233131338,22.0,TO,Norte,<5 mil,3.8953693527001954,0.9516435472486129,False
1715754,6.699449709684437,-0.024016307811501762,25.0,TO,Norte,5-20 mil,6.2553564464973626,0.4440932631870744,True
1716109,7.7712362901475345,-0.020096657133304177,26.0,TO,Norte,50-100 mil,8.417891498124893,-0.6466552079773589,True
1716208,5.151305786955717,-0.0549108432124478,25.0,TO,Norte,<5 mil,5.608704467043952,-0.45739868008823503,True
1716307,5.828875449705244,0.00034951294247082963,24.0,TO,Norte,<5 mil,4.483270903332803,1.3456045463724404,True
1716505,0.5823671607972187,-0.2085211989332902,17.0,TO,Norte,5-20 mil,3.582100312812988,-2.9997331520157693,False
1716604,7.361798262586994,-0.022460191794235407,25.0,TO,Norte,5-20 mil,7.10422347463023,0.2575747879567638,True
1716653,6.791216046345269,0.056031858731564785,23.0,TO,Norte,<5 mil,5.74671870611366,1.044497340231609,True
1716703,6.686151021424934,0.00798397020104747,25.0,TO,Norte,5-20 mil,6.436952561693284,0.2491984597316499,True
1717008,3.280047152062508,-0.09968067429745835,24.0,TO,Norte,<5 mil,4.289872125510423,-1.0098249734479152,False
1717206,2.4767098763648505,-0.24517655070313338,21.0,TO,Norte,<5 mil,4.838151342308144,-2.361441465943294,False
1717503,4.234605998747725,-0.10550115628732155,24.0,TO,Norte,<5 mil,6.060426224317478,-1.8258202255697533,False
1717800,4.371110738469611,-0.05555321195423027,23.0,TO,Norte,<5 mil,5.3864588958895885,-1.0153481574199779,False
1717909,4.3062281774070925,-0.07777474747926685,24.0,TO,Norte,5-20 mil,5.043431423354062,-0.7372032459469695,False
1718006,4.907285655970583,-0.041688354959086064,24.0,TO,Norte,<5 mil,4.928977700253095,-0.02169204428251259,False
1718204,10.59051796540406,0.02476146444727157,26.0,TO,Norte,20-50 mil,10.190985099178482,0.39953286622557904,True
1718303,6.409971390052135,0.17499346777187125,14.0,TO,Norte,<5 mil,4.628669837914024,1.7813015521381113,True
1718402,4.966554281146305,-0.009901828234515807,23.0,TO,Norte,<5 mil,5.340456351253741,-0.3739020701074365,False
1718451,4.11684177123513,-0.06456593294008747,23.0,TO,Norte,<5 mil,3.7320516757383215,0.3847900954968084,False
1718501,6.321617205511046,0.053768238182078404,25.0,TO,Norte,<5 mil,4.648457626893567,1.6731595786174793,True
1718550,4.964592431412269,0.0017572434399240288,25.0,TO,Norte,<5 mil,3.4046335962142,1.5599588351980693,False
1718659,4.753668933271555,-0.013725691912198223,22.0,TO,Norte,<5 mil,5.124430630345265,-0.37076169707370976,False
1718709,4.927430587114671,-0.007683421325514427,25.0,TO,Norte,<5 mil,3.5643314875754624,1.3630990995392085,False
1718758,10.534371077087371,0.2762663405053511,17.0,TO,Norte,<5 mil,6.760030422234144,3.7743406548532272,True
1718808,4.940929702859876,0.13064432851775892,14.0,TO,Norte,<5 mil,2.8717143113987773,2.0692153914610985,False
1718840,4.001456922776299,-0.07528568649345863,19.0,TO,Norte,<5 mil,5.53716758623563,-1.535710663459331,False
1718865,3.51374587778335,0.053647935914464796,9.0,TO,Norte,5-20 mil,3.399237141238073,0.11450873654527705,False
1718881,5.137908582936433,-0.052454902666629784,23.0,TO,Norte,<5 mil,5.280131260910434,-0.1422226779740008,True
1718899,4.385764747987423,-0.0696495398064507,21.0,TO,Norte,<5 mil,5.465471410215226,-1.079706662227803,False
1718907,3.6924431814675813,-0.1079449640439631,24.0,TO,Norte,<5 mil,5.837234241303292,-2.1447910598357103,False
1719004,4.266531532795057,-0.06600738394473807,25.0,TO,Norte,<5 mil,4.332407571114254,-0.06587603831919697,False
1720002,4.11476858371492,-0.055087108924577764,22.0,TO,Norte,<5 mil,4.059982433948763,0.05478614976615681,False
1720101,5.476049107219296,0.016361379852654328,23.0,TO,Norte,<5 mil,4.301586828888126,1.1744622783311707,True
1720150,4.548521443709177,-0.07637832508742648,19.0,TO,Norte,<5 mil,6.238646859757661,-1.6901254160484838,False
1720200,4.56811394298748,-0.035132165287690545,22.0,TO,Norte,<5 mil,4.854508131484767,-0.2863941884972867,False
1720259,4.1842886542942495,-0.09000509605711121,22.0,TO,Norte,<5 mil,4.542327864964178,-0.3580392106699284,False
1720309,11.827253790439954,0.3731481207444579,15.0,TO,Norte,<5 mil,6.652802895826556,5.174450894613398,True
1720499,7.285402558404144,0.07345100767226838,23.0,TO,Norte,<5 mil,5.740748594189316,1.5446539642148274,True
1720655,4.751472428699003,-0.0696729459531964,24.0,TO,Norte,<5 mil,6.1807058388765705,-1.4292334101775674,False
1720804,8.918372808203458,0.2775222865849655,7.0,TO,Norte,<5 mil,5.58902556018163,3.3293472480218274,True
1720853,3.1926728253302485,-0.13156319737789965,25.0,TO,Norte,<5 mil,3.9200326977142153,-0.7273598723839667,False
1720903,8.092852058563977,0.058798089557343294,25.0,TO,Norte,5-20 mil,9.96027446317462,-1.8674224046106431,True
1720937,2.400221927846843,-0.11847032956781653,22.0,TO,Norte,<5 mil,3.789732726970922,-1.389510799124079,False
1720978,2.230936325563505,-0.1458197078935645,17.0,TO,Norte,<5 mil,6.052216418214402,-3.8212800926508974,False
1721000,13.79712739135742,0.04070838290004861,26.0,TO,Norte,100-500 mil,13.014796092480092,0.7823312988773292,True
1721109,4.726304613426322,-0.1015466924894006,25.0,TO,Norte,<5 mil,5.578540872498103,-0.8522362590717814,False
1721208,9.881980937233493,0.06852309798987496,26.0,TO,Norte,5-20 mil,9.90218127581989,-0.020200338586397137,True
1721257,6.170659407669099,-0.010189276618321896,22.0,TO,Norte,<5 mil,5.493615415463116,0.6770439922059834,True
1721307,6.160390862544901,0.02286488944284451,25.0,TO,Norte,<5 mil,4.415021006410986,1.745369856133915,True
1722081,5.819442214735968,-0.00859223991329703,24.0,TO,Norte,5-20 mil,5.014958028237226,0.8044841864987422,True
1722107,5.837465597767363,-0.061743986039476124,21.0,TO,Norte,5-20 mil,6.403121113657026,-0.565655515889663,True
2100055,2.3691499917709393,-0.14982528484624866,27.0,MA,Nordeste,50-100 mil,4.155875971626602,-1.786725979855663,False
2100105,7.0820090076753495,0.00511795971510898,24.0,MA,Nordeste,<5 mil,6.789285386872019,0.29272362080333014,True
2100154,,,1.0,MA,Nordeste,<5 mil,0.0,,False
2100204,5.531922726370414,-0.0005472800720465571,23.0,MA,Nordeste,5-20 mil,5.179966281826739,0.35195644454367514,True
2100303,2.5733170396509415,-0.014902108841732483,21.0,MA,Nordeste,5-20 mil,2.886135293446896,-0.3128182537959545,False
2100402,6.777286063259226,0.1351743902632514,19.0,MA,Nordeste,<5 mil,4.7356612446958986,2.041624818563327,True
2100436,4.555972633304833,0.04229136561181655,22.0,MA,Nordeste,20-50 mil,3.20680196308352,1.349170670221313,False
2100477,5.8430145504413815,0.07610345532125537,19.0,MA,Nordeste,5-20 mil,4.416474537751588,1.4265400126897934,True
2100501,2.5590531725357835,-0.11840470182159275,22.0,MA,Nordeste,5-20 mil,4.15065294712751,-1.5915997745917263,False
2100550,2.0572084276724354,0.05965018251600034,4.0,MA,Nordeste,5-20 mil,1.2219561073366243,0.8352523203358111,False
2100600,1.2648478181582732,-0.2613316057486358,20.0,MA,Nordeste,5-20 mil,5.618988864535308,-4.354141046377035,False
2100709,,,1.0,MA,Nordeste,5-20 mil,2.236823710331329,,False
2100808,5.0824197829867614,0.050082472142060144,19.0,MA,Nordeste,5-20 mil,4.312537407014511,0.7698823759722506,True
2100832,,,1.0,MA,Nordeste,5-20 mil,0.773629387446297,,False
2100873,3.367017618386754,0.005688433493914215,18.0,MA,Nordeste,5-20 mil,3.2681296039342653,0.09888801445248863,False
2100907,0.0,-0.16156129047515996,20.0,MA,Nordeste,5-20 mil,0.0,0.0,False
2100956,7.579860864706632,0.21302603184164964,12.0,MA,Nordeste,5-20 mil,4.0618110657444255,3.518049798962206,True
2101004,,,0.0,MA,Nordeste,5-20 mil,,,False
2101103,4.757191906231064,0.026606842775204975,21.0,MA,Nordeste,5-20 mil,4.0216442553866365,0.7355476508444276,False
2101202,1.89422840882807,-0.11418273884819696,19.0,MA,Nordeste,50-100 mil,4.12942437509653,-2.23519596626846,False
2101251,6.36984823370986,0.03851990484472683,13.0,MA,Nordeste,<5 mil,5.183605460745975,1.186242772963885,True
2101301,4.470281726237559,-0.042896928711118394,19.0,MA,Nordeste,5-20 mil,4.798749419739663,-0.3284676935021045,False
2101350,0.0,0.0,8.0,MA,Nordeste,<5 mil,0.0,0.0,False
2101400,1.520011783287373,-0.18661414937633392,21.0,MA,Nordeste,50-100 mil,4.52596944559698,-3.0059576623096067,False
2101509,4.630866854635684,0.04244133625927321,19.0,MA,Nordeste,5-20 mil,4.241240378405693,0.38962647622999125,False
2101608,3.350344289582125,-0.0661338687210727,26.0,MA,Nordeste,50-100 mil,4.2410666074949175,-0.8907223179127923,False
2101707,10.50279454282446,0.18386363969323316,21.0,MA,Nordeste,20-50 mil,8.095969324670133,2.406825218154328,True
2101731,0.0,0.0,4.0,MA,Nordeste,<5 mil,0.0,0.0,False
2101772,,,0.0,MA,Nordeste,<5 mil,,,False
2101806,4.750860521537064,0.04445183184838986,19.0,MA,Nordeste,<5 mil,3.6941348757931904,1.0567256457438732,False
2101905,,,2.0,MA,Nordeste,5-20 mil,0.0,,False
2101939,4.978947492346606,0.09588183958936666,19.0,MA,Nordeste,<5 mil,3.6471681598469576,1.3317793324996483,False
2101970,0.0,-0.23424725839302563,3.0,MA,Nordeste,5-20 mil,0.0,0.0,False
2102002,2.808453486289082,-0.023688114411826933,20.0,MA,Nordeste,5-20 mil,2.628677335933655,0.17977615035542716,False
2102036,0.0,-0.3766647706753398,15.0,MA,Nordeste,5-20 mil,0.0,0.0,False
2102077,,,1.0,MA,Nordeste,<5 mil,0.0,,False
2102101,0.0,-0.20653537555744228,16.0,MA,Nordeste,5-20 mil,0.0,0.0,False
2102150,0.0,0.0,3.0,MA,Nordeste,<5 mil,0.0,0.0,False
2102200,6.40166820331055,0.11908488656514628,21.0,MA,Nordeste,5-20 mil,4.808648996226956,1.5930192070835938,True
2102309,4.5458675271104525,0.02323356070157332,19.0,MA,Nordeste,5-20 mil,3.78771727038328,0.7581502567271725,False
2102325,6.8312545119478045,0.08242887035899074,19.0,MA,Nordeste,20-50 mil,3.1212518670413405,3.710002644906464,True
2102358,0.08597013878632298,-0.0011283750341897435,5.0,MA,Nordeste,<5 mil,0.0,0.08597013878632298,False
2102374,0.0,0.0,7.0,MA,Nordeste,<5 mil,0.0,0.0,False
2102408,5.629877370672617,0.02890226747322079,19.0,MA,Nordeste,<5 mil,4.92783517482183,0.7020421958507868,True
2102507,0.0,-0.022248622297132897,12.0,MA,Nordeste,<5 mil,0.0,0.0,False
2102556,6.715191899540116,0.17116225693990045,7.0,MA,Nordeste,5-20 mil,4.38001841828885,2.3351734812512657,True
2102606,6.1217596109747205,0.11156572127148469,19.0,MA,Nordeste,5-20 mil,4.245735802001901,1.8760238089728194,True
2102705,6.409872974327726,0.07220820262818983,21.0,MA,Nordeste,5-20 mil,4.766406128867921,1.6434668454598054,True
2102754,,,1.0,MA,Nordeste,5-20 mil,0.7342224115756653,,False
2102804,0.0,-0.2056433030826943,19.0,MA,Nordeste,5-20 mil,3.386222632870199,-3.386222632870199,False
2102903,6.0940667517912175,0.11159605686824059,20.0,MA,Nordeste,5-20 mil,4.174168171127458,1.9198985806637596,True
2103000,3.8954185490881628,-0.029303713628880484,26.0,MA,Nordeste,100-500 mil,3.6578690551190993,0.23754949396906344,False
2103109,,,2.0,MA,Nordeste,<5 mil,1.1750329009212257,,False
2103125,,,0.0,MA,Nordeste,<5 mil,,,False
2103158,,,1.0,MA,Nordeste,5-20 mil,0.3381635383465156,,False
2103174,,,0.0,MA,Nordeste,5-20 mil,,,False
2103208,2.2482354571292262,-0.14788917931836765,24.0,MA,Nordeste,50-100 mil,4.288235486853991,-2.040000029724765,False
2103257,7.782025599593396,0.1492397009666901,19.0,MA,Nordeste,5-20 mil,5.665052313470924,2.116973286122472,True
2103307,2.523353856016655,-0.043039856003681785,19.0,MA,Nordeste,50-100 mil,3.651403737317081,-1.1280498813004258,False
2103406,5.272351515702255,0.03721366194113035,21.0,MA,Nordeste,20-50 mil,3.9172009691136274,1.3551505465886273,True
2103505,2.055619755030989,-0.2854444738161937,23.0,MA,Nordeste,20-50 mil,4.800175995196261,-2.744556240165272,False
2103554,0.0,-0.14118239590468928,18.0,MA,Nordeste,5-20 mil,2.42566247582205,-2.42566247582205,False
2103604,9.767284067835021,0.363224809237033,12.0,MA,Nordeste,20-50 mil,4.318196539996356,5.449087527838665,True
2103703,0.1784686194208689,-0.12613807999966106,14.0,MA,Nordeste,20-50 mil,1.9017073035502443,-1.7232386841293754,False
2103752,5.530931045745348,0.10249148056146577,18.0,MA,Nordeste,5-20 mil,3.692953616539158,1.8379774292061897,True
2103802,0.0,-0.21316719733931905,21.0,MA,Nordeste,5-20 mil,2.966740054891363,-2.966740054891363,False
2103901,7.00752498833063,0.11319823042690379,19.0,MA,Nordeste,5-20 mil,5.536416120743961,1.4711088675866693,True
2104008,4.342854967716262,-0.0072649422848519996,22.0,MA,Nordeste,5-20 mil,4.28401511845479,0.05883984926147168,False
2104057,16.356238351169395,0.9328966629733602,5.0,MA,Nordeste,20-50 mil,7.384997759035163,8.971240592134233,True
2104073,,,2.0,MA,Nordeste,<5 mil,0.0,,False
2104099,0.4166726540249215,-0.07832370601139231,4.0,MA,Nordeste,5-20 mil,1.3025942680474945,-0.885921614022573,False
2104107,4.167014428136312,-0.038195043315388165,21.0,MA,Nordeste,5-20 mil,3.874694454739592,0.2923199733967201,False
2104206,0.0,-0.5038145411727456,19.0,MA,Nordeste,5-20 mil,4.778861467589733,-4.778861467589733,False
2104305,5.496445643628192,0.07994172774644438,20.0,MA,Nordeste,5-20 mil,4.411246996166642,1.0851986474615503,True
2104404,4.244672504412485,0.013913617320205567,19.0,MA,Nordeste,5-20 mil,3.919053594390185,0.3256189100222997,False
2104503,3.935660899231202,0.01678078626021881,19.0,MA,Nordeste,5-20 mil,3.654639619608851,0.281021279622351,False
2104552,2.226460493685181,0.1394695695128195,6.0,MA,Nordeste,5-20 mil,0.5014083241657499,1.7250521695194312,False
2104602,0.0,-0.19994237197193754,20.0,MA,Nordeste,<5 mil,0.0,0.0,False
2104628,4.6813957225220975,0.06929198141759792,18.0,MA,Nordeste,5-20 mil,3.5406129309739494,1.140782791548148,False
2104651,5.330826929681336,0.07495176817408737,19.0,MA,Nordeste,<5 mil,3.961913126796551,1.3689138028847854,True
2104677,,,2.0,MA,Nordeste,5-20 mil,0.0,,False
2104701,6.3320777996807465,0.11918207776743905,18.0,MA,Nordeste,<5 mil,4.371772902598901,1.960304897081845,True
2104800,4.5848159584232695,-0.0012419124792975968,14.0,MA,Nordeste,20-50 mil,4.465391998714231,0.11942395970903874,False
2104909,4.394527200743063,-0.017171401641013138,19.0,MA,Nordeste,5-20 mil,4.22882176209194,0.16570543865112342,False
2105005,0.0,-0.3175775026516107,18.0,MA,Nordeste,5-20 mil,0.0,0.0,False
2105104,10.214382169065743,0.24744597691297213,20.0,MA,Nordeste,5-20 mil,5.997530482214889,4.2168516868508545,True
2105153,,,0.0,MA,Nordeste,5-20 mil,,,False
2105203,4.077036431160366,0.07773574810087903,17.0,MA,Nordeste,5-20 mil,3.1124050529359257,0.96463137822444,False
2105302,2.5197890435371164,-0.25948014444236894,27.0,MA,Nordeste,100-500 mil,6.393362417063848,-3.8735733735267317,False
2105351,,,1.0,MA,Nordeste,<5 mil,0.0,,False
2105401,2.755381470465238,-0.1310936983368923,23.0,MA,Nordeste,20-50 mil,5.060526903988498,-2.3051454335232595,False
2105427,0.0,-0.24389585490160484,11.0,MA,Nordeste,5-20 mil,0.262656717693974,-0.262656717693974,False
2105450,4.404616096797554,0.053331819988500055,19.0,MA,Nordeste,<5 mil,3.4733616590825758,0.9312544377149781,False
2105476,,,0.0,MA,Nordeste,<5 mil,,,False
2105500,5.511295940350436,0.04347135646708452,19.0,MA,Nordeste,5-20 mil,4.368745362527519,1.1425505778229175,True
2105609,5.105547406429054,0.09321527696311777,19.0,MA,Nordeste,5-20 mil,3.4833123744473213,1.6222350319817322,True
2105658,0.0,0.0,4.0,MA,Nordeste,<5 mil,0.0,0.0,False
2105708,2.6577779005387185,-0.08637248673887614,26.0,MA,Nordeste,20-50 mil,4.434908373009432,-1.7771304724707138,False
2105807,6.248952466147017,0.07683939432866839,19.0,MA,Nordeste,<5 mil,5.159684831240856,1.089267634906161,True
2105906,4.818083492169023,0.08261582145106722,22.0,MA,Nordeste,5-20 mil,3.516245601295145,1.3018378908738786,False
2105922,0.0,0.0,13.0,MA,Nordeste,<5 mil,0.0,0.0,False
2105948,,,2.0,MA,Nordeste,5-20 mil,0.0,,False
2105963,,,0.0,MA,Nordeste,,,,False
2105989,0.0,-0.0249402370968159,4.0,MA,Nordeste,<5 mil,0.3573470554602629,-0.3573470554602629,False
2106003,3.006051483702521,-0.06100303657567719,19.0,MA,Nordeste,5-20 mil,3.790745227691783,-0.7846937439892621,False
2106102,2.5897006947684673,-0.05181770699156554,21.0,MA,Nordeste,5-20 mil,3.970007118526457,-1.3803064237579896,False
2106201,8.099593072482776,0.16545569078278696,19.0,MA,Nordeste,5-20 mil,5.931244874841092,2.1683481976416834,True
2106300,4.451696660702069,0.02065190324339376,16.0,MA,Nordeste,5-20 mil,5.279501869611511,-0.8278052089094414,False
2106326,5.010671063761436,0.22683382334035757,3.0,MA,Nordeste,5-20 mil,1.6927088850832728,3.3179621786781626,True
2106359,0.0,0.0,6.0,MA,Nordeste,<5 mil,0.0,0.0,False
2106375,0.0,-0.22031500225859202,19.0,MA,Nordeste,5-20 mil,0.0,0.0,False
2106409,8.160244776186346,0.1936296627270426,19.0,MA,Nordeste,5-20 mil,7.118589601841258,1.0416551743450881,True
2106508,5.632942510689645,0.08567672884697718,17.0,MA,Nordeste,5-20 mil,4.402997534480136,1.2299449762095094,True
2106607,,,1.0,MA,Nordeste,5-20 mil,3.104516037075046,,False
2106631,8.354979254844295,0.1878865921418529,19.0,MA,Nordeste,5-20 mil,5.056275434133671,3.2987038207106245,True
2106706,8.21048005399902,0.11811998833896133,21.0,MA,Nordeste,5-20 mil,6.681877708380157,1.5286023456188635,True
2106755,3.487897171380098,0.02935246735072429,18.0,MA,Nordeste,20-50 mil,5.229308365619172,-1.741411194239074,False
2106805,9.480419076773387,0.2731495141062525,17.0,MA,Nordeste,5-20 mil,5.597962921292129,3.8824561554812584,True
2106904,0.0,-0.22963624273467498,17.0,MA,Nordeste,5-20 mil,0.0,0.0,False
2107001,4.997333109262165,0.01608001486967383,19.0,MA,Nordeste,<5 mil,4.526760380065563,0.47057272919660154,False
2107100,7.904593825570828,0.13526580802252358,19.0,MA,Nordeste,5-20 mil,5.5988065757713645,2.3057872497994634,True
2107209,4.038294346995902,0.00026350506368141505,19.0,MA,Nordeste,5-20 mil,4.039112136189084,-0.0008177891931824277,False
2107258,0.002409507147277057,8.207905409315571e-05,11.0,MA,Nordeste,<5 mil,0.0,0.002409507147277057,False
2107308,4.536952926211683,0.043523612742817526,17.0,MA,Nordeste,<5 mil,3.5966658289075406,0.9402870973041422,False
2107357,2.5473428780603626,0.12731346354816836,5.0,MA,Nordeste,5-20 mil,1.0228053999629587,1.524537478097404,False
2107407,0.0,-0.211506614212242,22.0,MA,Nordeste,5-20 mil,0.0,0.0,False
2107506,7.3924862072083215,0.20353069247856767,15.0,MA,Nordeste,50-100 mil,5.625798466421153,1.7666877407871686,True
2107605,5.212873138168931,0.04171441759924273,19.0,MA,Nordeste,<5 mil,4.360442502981215,0.8524306351877158,True
2107704,4.485029521126805,0.048916737300203336,19.0,MA,Nordeste,5-20 mil,3.5049658392717635,0.9800636818550412,False
2107803,0.0,-0.18190248699879624,6.0,MA,Nordeste,5-20 mil,0.0,0.0,False
2107902,,,1.0,MA,Nordeste,,1.3891279696398318,,False
2108009,2.4523622664693008,-0.01859189368265341,18.0,MA,Nordeste,5-20 mil,3.3898291684637214,-0.9374669019944206,False
2108058,5.966523322249316,0.1293171424610823,20.0,MA,Nordeste,5-20 mil,6.0951545454545455,-0.1286312232052298,True
2108108,5.965736795493683,0.0948844473379973,19.0,MA,Nordeste,5-20 mil,4.273170201151098,1.6925665943425852,True
2108207,5.384271506701428,0.0008966020318956384,21.0,MA,Nordeste,20-50 mil,4.921076655151275,0.4631948515501536,True
2108256,,,1.0,MA,Nordeste,5-20 mil,0.0,,False
2108306,4.768026885608879,0.015344838606588187,19.0,MA,Nordeste,5-20 mil,4.296634093020953,0.47139279258792666,False
2108405,6.119510202630806,0.06531179235763405,19.0,MA,Nordeste,<5 mil,5.044064753697593,1.0754454489332135,True
2108454,5.969470032737064,0.09788933261529081,22.0,MA,Nordeste,5-20 mil,5.3153751438362224,0.6540948889008416,True
2108504,5.423933284583548,0.02894047993905415,19.0,MA,Nordeste,20-50 mil,4.046245014891879,1.377688269691669,True
2108603,3.6478955571608935,-0.10587943738691409,27.0,MA,Nordeste,50-100 mil,5.888063347477006,-2.2401677903161126,False
2108702,3.7719350380704633,-0.006427665268037986,22.0,MA,Nordeste,5-20 mil,3.6692803593488903,0.10265467872157297,False
2108801,4.796944791282698,0.07583065433324111,19.0,MA,Nordeste,5-20 mil,3.526250816322709,1.2706939749599888,False
2108900,0.0,-0.2692701232611197,20.0,MA,Nordeste,5-20 mil,0.0,0.0,False
2109007,3.0806961257367504,-0.04488187982680893,10.0,MA,Nordeste,5-20 mil,3.737551808242519,-0.6568556825057685,False
2109056,3.4662415521091248,-0.07368686049847899,18.0,MA,Nordeste,<5 mil,4.156885077589215,-0.6906435254800902,False
2109106,0.158817833375565,-0.17893989907765998,21.0,MA,Nordeste,20-50 mil,3.5852608837022792,-3.4264430503267143,False
2109205,6.038998814869501,0.08005890239422894,19.0,MA,Nordeste,<5 mil,4.288706249566398,1.750292565303103,True
2109239,0.0,-0.00037232377789830895,6.0,MA,Nordeste,<5 mil,0.0,0.0,False
2109270,,,2.0,MA,Nordeste,<5 mil,0.0980988616372581,,False
2109304,0.0,-0.2299767822010165,16.0,MA,Nordeste,<5 mil,0.418170825418908,-0.418170825418908,False
2109403,0.0,-0.40790137726819337,20.0,MA,Nordeste,<5 mil,2.3222948334025806,-2.3222948334025806,False
2109452,2.9402111792899177,0.08908435896613216,4.0,MA,Nordeste,5-20 mil,2.019886470010301,0.9203247092796167,False
2109502,2.827379792804294,-0.06365842027216718,22.0,MA,Nordeste,5-20 mil,3.671007422170789,-0.843627629366495,False
2109551,0.09781327745110246,-0.013331362082584513,4.0,MA,Nordeste,<5 mil,0.3038657654452745,-0.20605248799417203,False
2109601,5.813258754723506,0.14591242867388557,13.0,MA,Nordeste,20-50 mil,4.327394569581615,1.4858641851418914,True
2109700,0.0,-0.27257318847043943,17.0,MA,Nordeste,<5 mil,0.0,0.0,False
2109759,2.8660577220287564,-0.08611750401500594,18.0,MA,Nordeste,<5 mil,4.387023484957191,-1.5209657629284346,False
2109809,0.0,-0.27196484348599753,13.0,MA,Nordeste,20-50 mil,0.9651089634636416,-0.9651089634636416,False
2109908,2.1754204053049193,-0.13594675947631216,27.0,MA,Nordeste,50-100 mil,4.369020140829104,-2.1935997355241845,False
2110005,4.976775287655798,0.061484208525467064,19.0,MA,Nordeste,20-50 mil,3.84809985416339,1.1286754334924076,False
2110039,0.0,-0.18562026853936836,15.0,MA,Nordeste,5-20 mil,0.8335558028158161,-0.8335558028158161,False
2110104,3.2970739449213156,-0.0263511744314977,21.0,MA,Nordeste,5-20 mil,3.482277076446271,-0.18520313152495538,False
2110203,0.0,-0.29835022263247374,23.0,MA,Nordeste,5-20 mil,0.0,0.0,False
2110237,,,0.0,MA,Nordeste,<5 mil,,,False
2110302,3.8917430111025126,-0.026801182424717244,22.0,MA,Nordeste,5-20 mil,3.893215299790848,-0.001472288688335155,False
2110401,4.916798365741954,0.08605400779500473,19.0,MA,Nordeste,5-20 mil,3.8538256280803305,1.0629727376616236,False
2110500,2.675957055682318,-0.11120129059492097,27.0,MA,Nordeste,20-50 mil,4.499566179622657,-1.8236091239403391,False
2110609,1.6471258156328759,-0.19402057956440816,21.0,MA,Nordeste,5-20 mil,5.221777647075547,-3.5746518314426714,False
2110658,2.535561596802296,-0.022029946339147295,19.0,MA,Nordeste,5-20 mil,2.9303931114820485,-0.3948315146797525,False
2110708,5.546924779508572,0.09041170747075802,20.0,MA,Nordeste,5-20 mil,3.760221243005832,1.7867035365027402,True
2110807,3.328040476630219e-05,-7.050333354223583e-06,12.0,MA,Nordeste,<5 mil,0.0,3.328040476630219e-05,False
2110856,6.919789422217747,0.09497490993147273,18.0,MA,Nordeste,5-20 mil,5.223149444529396,1.696639977688351,True
2110906,3.1936724215093975,-0.012571565984290345,20.0,MA,Nordeste,<5 mil,2.6261856505523515,0.5674867709570459,False
2111003,0.0,-0.05312076147556117,14.0,MA,Nordeste,5-20 mil,1.5889121608239254,-1.5889121608239254,False
2111029,,,0.0,MA,Nordeste,<5 mil,,,False
2111052,3.8904074811250453,0.02556078345426363,9.0,MA,Nordeste,5-20 mil,3.930456607458499,-0.0400491263334537,False
2111078,1.8827966027103997,0.03571713386318785,13.0,MA,Nordeste,5-20 mil,2.163691033672353,-0.2808944309619532,False
2111102,3.5582292326822085,-0.06220191156863537,22.0,MA,Nordeste,20-50 mil,4.610783008629874,-1.0525537759476657,False
2111201,4.88897408664382,-0.01760489866301391,21.0,MA,Nordeste,20-50 mil,6.445889684556976,-1.5569155979131555,False
2111250,2.935122018639724,-0.004874239983805056,19.0,MA,Nordeste,<5 mil,2.894495778691793,0.04062623994793135,False
2111300,3.2395507306151785,-0.35779804994611514,26.0,MA,Nordeste,500 mil+,8.754356061303318,-5.514805330688139,False
2111409,0.0,-0.24649188249124057,16.0,MA,Nordeste,5-20 mil,0.0,0.0,False
2111508,3.85218353655047,0.020912717550446366,22.0,MA,Nordeste,20-50 mil,3.531079340165165,0.32110419638530496,False
2111532,2.1876011094222747,-0.10950712216590311,19.0,MA,Nordeste,5-20 mil,4.7742811865173085,-2.586680077095034,False
2111573,,,1.0,MA,Nordeste,<5 mil,0.0,,False
2111607,0.0,-0.21830089518413812,23.0,MA,Nordeste,5-20 mil,0.0387938438954305,-0.0387938438954305,False
2111631,,,1.0,MA,Nordeste,<5 mil,1.775568181818182,,False
2111672,,,0.0,MA,Nordeste,<5 mil,,,False
2111706,2.8878646153804652,-0.05042084241207634,19.0,MA,Nordeste,5-20 mil,3.539742449422248,-0.6518778340417826,False
2111722,4.91531745408642,0.08566902626977596,18.0,MA,Nordeste,<5 mil,3.7293078572563134,1.1860095968301065,False
2111748,,,1.0,MA,Nordeste,5-20 mil,0.0,,False
2111763,5.459905972224277,0.06996942888542625,20.0,MA,Nordeste,5-20 mil,4.233356559516541,1.2265494127077359,True
2111789,0.47460653268252173,0.018907711445440196,3.0,MA,Nordeste,<5 mil,0.2057342808479951,0.2688722518345266,False
2111805,,,1.0,MA,Nordeste,5-20 mil,0.2829792050709873,,False
2111904,0.0,-0.1955190684247222,17.0,MA,Nordeste,5-20 mil,0.0,0.0,False
2111953,3.89100090625503,0.016927873880157325,21.0,MA,Nordeste,<5 mil,3.6763801380138017,0.21462076824122844,False
2112001,3.8875901128600034,-0.027798604404692045,22.0,MA,Nordeste,5-20 mil,3.3867973250527026,0.5007927878073009,False
2112100,4.010120599816994,-0.0036023278656053736,22.0,MA,Nordeste,5-20 mil,4.716945293739724,-0.7068246939227301,False
2112209,3.1353300626100804,-0.08182760357741543,24.0,MA,Nordeste,100-500 mil,5.178701442214426,-2.043371379604346,False
2112233,3.71608504651073,-0.0004776691867006021,21.0,MA,Nordeste,5-20 mil,3.8205302037985898,-0.10444515728785975,False
2112274,1.5615122959589485,-0.049877444900766676,11.0,MA,Nordeste,<5 mil,0.0,1.5615122959589485,False
2112308,4.848380632839948,0.03731335506475905,24.0,MA,Nordeste,5-20 mil,4.58761502843669,0.26076560440325824,False
2112407,0.0,0.0,6.0,MA,Nordeste,5-20 mil,0.0,0.0,False
2112456,,,1.0,MA,Nordeste,5-20 mil,0.0,,False
2112506,2.1928079999119774,0.0548374178107702,16.0,MA,Nordeste,20-50 mil,3.63607143760353,-1.4432634376915527,False
2112605,4.3865441705507635,0.06555618613956175,20.0,MA,Nordeste,20-50 mil,2.9132472215771683,1.4732969489735952,False
2112704,4.03532213963781,-0.0007883505112660774,21.0,MA,Nordeste,20-50 mil,3.585882711272904,0.4494394283649057,False
2112803,0.0,-0.28795543685251535,12.0,MA,Nordeste,20-50 mil,2.019616488119301,-2.019616488119301,False
2112852,,,2.0,MA,Nordeste,5-20 mil,0.0,,False
2112902,10.13916909414877,0.34762650991901295,15.0,MA,Nordeste,5-20 mil,4.75732919579661,5.381839898352159,True
2113009,2.2710728699233584,-0.04018114589699631,18.0,MA,Nordeste,5-20 mil,2.6828056922923933,-0.41173282236903486,False
2114007,5.561669307090966,0.08534173867595185,20.0,MA,Nordeste,20-50 mil,7.051015849654463,-1.4893465425634966,True
2200053,3.0585485229316305,-0.07026702747959639,17.0,PI,Nordeste,<5 mil,4.203871811110775,-1.1453232881791449,False
2200103,1.8600645577163846,-0.15596017138554352,26.0,PI,Nordeste,<5 mil,4.789586048006095,-2.9295214902897104,False
2200202,5.329183762011294,-0.011255926748224199,21.0,PI,Nordeste,5-20 mil,6.361101747225667,-1.0319179852143732,True
2200251,3.0529260210144713,-0.044875406192879254,17.0,PI,Nordeste,<5 mil,4.049953798571346,-0.997027777556875,False
2200277,0.0,0.0,16.0,PI,Nordeste,<5 mil,0.0,0.0,False
2200301,3.6823448941568984,-0.09717983058552077,22.0,PI,Nordeste,5-20 mil,5.26076461250597,-1.578419718349072,False
2200400,3.2260584253380102,-0.10257184345286,19.0,PI,Nordeste,20-50 mil,5.082147386020248,-1.8560889606822375,False
2200459,1.125218273356687,-0.02558723664407985,17.0,PI,Nordeste,<5 mil,0.8395890167051386,0.28562925665154826,False
2200509,5.344802655813851,-0.03293272803633104,17.0,PI,Nordeste,5-20 mil,6.8012321622233145,-1.4564295064094637,True
2200608,2.968784015459164,-0.09040528766970692,17.0,PI,Nordeste,5-20 mil,4.5703095039147685,-1.6015254884556045,False
2200707,2.906132117198524,-0.07526904836773396,17.0,PI,Nordeste,<5 mil,4.184286530007807,-1.2781544128092825,False
2200806,3.8416013451912647,-0.07393688092607727,17.0,PI,Nordeste,<5 mil,7.210196854609125,-3.36859550941786,False
2200905,3.4597487673249248,-0.06430396693864404,21.0,PI,Nordeste,<5 mil,5.036172013066544,-1.5764232457416192,False
2200954,,,0.0,PI,Nordeste,,,,False
2201002,3.7840093920973175,-0.06834963863141412,17.0,PI,Nordeste,<5 mil,5.189320627154229,-1.405311235056912,False
2201051,0.0,-0.09035747910707186,8.0,PI,Nordeste,<5 mil,0.1205054715997915,-0.1205054715997915,False
2201101,5.183248834078597,0.046901361948547125,17.0,PI,Nordeste,5-20 mil,5.455313252844271,-0.272064418765674,True
2201150,5.308340786175412,-0.005289733574203499,21.0,PI,Nordeste,5-20 mil,6.467234374977471,-1.1588935888020586,True
2201200,1.4039958325731732,-0.2466598829605284,26.0,PI,Nordeste,20-50 mil,5.675039277350297,-4.271043444777124,False
2201309,5.016188104986476,-0.012941136394652194,17.0,PI,Nordeste,<5 mil,5.940307624276757,-0.9241195192902811,True
2201408,4.193552312095122,-0.03319249215414007,21.0,PI,Nordeste,5-20 mil,4.932191667492384,-0.7386393553972619,False
2201507,4.0382296698143705,-0.06376166471332775,17.0,PI,Nordeste,5-20 mil,5.1897609950827785,-1.151531325268408,False
2201556,0.0,0.0,6.0,PI,Nordeste,<5 mil,0.0,0.0,False
2201572,5.724494210850253,0.14965478522057635,13.0,PI,Nordeste,<5 mil,3.555387733357718,2.1691064774925346,True
2201606,2.885439742480628,-0.0766146725688288,21.0,PI,Nordeste,5-20 mil,4.347842283579345,-1.462402541098717,False
2201705,4.797192154486055,-0.05163524908994119,21.0,PI,Nordeste,<5 mil,5.978229842009806,-1.1810376875237507,False
2201770,4.724238327875128,0.2199217611907313,5.0,PI,Nordeste,<5 mil,0.7120901390969606,4.012148188778167,False
2201804,2.8396774847620065,-0.11510872349125835,21.0,PI,Nordeste,<5 mil,5.4364484390512215,-2.596770954289215,False
2201903,2.3278683001117315,-0.20137987644868335,23.0,PI,Nordeste,5-20 mil,2.9797008096292528,-0.6518325095175213,False
2201919,,,0.0,PI,Nordeste,<5 mil,,,False
2201929,2.92217811300452,-0.04302926050218407,14.0,PI,Nordeste,<5 mil,3.803210335360183,-0.881032222355663,False
2201945,,,0.0,PI,Nordeste,<5 mil,,,False
2201960,2.0184213535363824,-0.19383850762884666,17.0,PI,Nordeste,<5 mil,4.34628238596243,-2.327861032426048,False
2201988,3.76722290052556,-0.022243557830625288,17.0,PI,Nordeste,<5 mil,4.150042757491184,-0.3828198569656234,False
2202000,0.9186881227922754,-0.19924425058896703,25.0,PI,Nordeste,5-20 mil,2.2571844351646746,-1.3384963123723992,False
2202026,1.0596011951847828,0.04100762038688421,17.0,PI,Nordeste,<5 mil,0.0,1.0596011951847828,False
2202059,3.9135590745029276,-0.08853924839423358,17.0,PI,Nordeste,<5 mil,5.62764734374031,-1.714088269237382,False
2202075,0.0,-0.003296404216718894,4.0,PI,Nordeste,<5 mil,0.0560265029718405,-0.0560265029718405,False
2202083,27.25853262520718,0.904715857943819,8.0,PI,Nordeste,<5 mil,10.470546169661214,16.78798645554597,True
2202091,,,1.0,PI,Nordeste,<5 mil,0.0,,False
2202109,3.475649295159002,-0.06857373921273396,20.0,PI,Nordeste,<5 mil,5.2600575382397,-1.7844082430806978,False
2202133,4.370515761027377,0.13871270218005852,11.0,PI,Nordeste,<5 mil,1.227855250234516,3.1426605107928616,False
2202174,,,1.0,PI,Nordeste,<5 mil,5.578848140926287,,False
2202208,5.859617561370953,0.020776358193323317,16.0,PI,Nordeste,20-50 mil,6.372521834727143,-0.5129042733561899,True
2202251,3.2650918355179783,-0.09896999854260229,20.0,PI,Nordeste,<5 mil,4.979353814287679,-1.7142619787697004,False
2202307,4.25072999668626,-0.0950524641922397,21.0,PI,Nordeste,5-20 mil,5.961271520728899,-1.7105415240426387,False
2202406,3.3790949859333352,-0.12290171183622695,22.0,PI,Nordeste,5-20 mil,5.904913609454868,-2.525818623521533,False
2202455,,,1.0,PI,Nordeste,<5 mil,0.0,,False
2202505,4.361434251802756,0.0065961531236103065,16.0,PI,Nordeste,<5 mil,4.289009363375755,0.07242488842700023,False
2202539,,,0.0,PI,Nordeste,<5 mil,,,False
2202554,2.4388281067925277,-0.08107844217625773,13.0,PI,Nordeste,<5 mil,2.4235877503413,0.015240356451227566,False
2202604,3.7186507581359507,-0.0601355634740638,22.0,PI,Nordeste,5-20 mil,4.87055604254369,-1.1519052844077393,False
2202653,,,2.0,PI,Nordeste,<5 mil,0.8217979709418838,,False
2202703,3.5251647758936997,-0.09002563424665219,20.0,PI,Nordeste,5-20 mil,4.79013612635013,-1.2649713504564302,False
2202711,0.0,-0.10191826974627939,13.0,PI,Nordeste,<5 mil,0.8458641891518232,-0.8458641891518232,False
2202729,,,0.0,PI,Nordeste,<5 mil,,,False
2202737,0.0,0.0,13.0,PI,Nordeste,<5 mil,0.0,0.0,False
2202752,2.6605275652606224,-0.1385217800057219,21.0,PI,Nordeste,5-20 mil,6.030024525008892,-3.36949695974827,False
2202778,4.7192294905175345,-0.03435579246458023,17.0,PI,Nordeste,<5 mil,5.396776388165132,-0.6775468976475976,False
2202802,4.157116003935258,-0.02735902765155434,19.0,PI,Nordeste,<5 mil,4.84874826156784,-0.6916322576325822,False
2202851,3.2493345598105066,-0.08085114066771747,17.0,PI,Nordeste,<5 mil,4.751636115080219,-1.502301555269712,False
2202901,3.739683232419509,-0.16280857217439093,23.0,PI,Nordeste,5-20 mil,7.214541632008729,-3.4748583995892206,False
2203008,5.1640360795023525,0.02078728056861739,17.0,PI,Nordeste,<5 mil,5.845725048695345,-0.6816889691929928,True
2203107,3.797272834576688,-0.07252518079803114,21.0,PI,Nordeste,5-20 mil,5.490853788731322,-1.6935809541546334,False
2203206,3.2568416918880985,-0.09649712411867059,21.0,PI,Nordeste,5-20 mil,5.785353662917312,-2.5285119710292134,False
2203230,,,0.0,PI,Nordeste,<5 mil,,,False
2203271,4.211311983217634,0.02983741068710039,13.0,PI,Nordeste,<5 mil,3.632107179058517,0.5792048041591169,False
2203305,3.9103713941313885,-0.05608945654610836,17.0,PI,Nordeste,5-20 mil,5.313303734548129,-1.4029323404167409,False
2203354,2.003408826155237,-0.13109807869171194,19.0,PI,Nordeste,<5 mil,4.201360370412042,-2.1979515442568047,False
2203404,3.6693613361433677,-0.08510150476277044,18.0,PI,Nordeste,<5 mil,4.878706528564452,-1.2093451924210843,False
2203420,6.345723255475335,0.00041363790317676185,17.0,PI,Nordeste,<5 mil,7.18070582831479,-0.8349825728394551,True
2203453,,,0.0,PI,Nordeste,<5 mil,,,False
2203503,3.463530866615571,-0.07820128397455274,17.0,PI,Nordeste,5-20 mil,4.868127365979092,-1.404596499363521,False
2203602,4.80739625196464,-0.020477038024209034,17.0,PI,Nordeste,<5 mil,5.377291075631996,-0.5698948236673562,False
2203701,4.216069874531129,-0.06259446205317855,20.0,PI,Nordeste,20-50 mil,5.610314855321956,-1.3942449807908268,False
2203750,0.0,-0.2836138439928053,5.0,PI,Nordeste,<5 mil,0.0,0.0,False
2203800,4.078931302445142,-0.049090679936633505,17.0,PI,Nordeste,<5 mil,4.797079898717572,-0.7181485962724299,False
2203859,,,1.0,PI,Nordeste,<5 mil,0.0,,False
2203909,1.7251185502113913,-0.2642926941822537,26.0,PI,Nordeste,50-100 mil,6.430437668195495,-4.705319117984104,False
2204006,4.560816382202257,0.005514595655450746,17.0,PI,Nordeste,<5 mil,5.208287677024438,-0.6474712948221804,False
2204105,3.8575904828869128,-0.030912971946379496,17.0,PI,Nordeste,<5 mil,4.543675496280971,-0.6860850133940586,False
2204154,0.0,0.0,5.0,PI,Nordeste,<5 mil,0.0,0.0,False
2204204,3.2443349858080808,-0.06379017015855576,17.0,PI,Nordeste,<5 mil,4.246787978560889,-1.0024529927528079,False
2204303,2.428768443927538,-0.130045803212689,18.0,PI,Nordeste,5-20 mil,4.326694684952499,-1.8979262410249609,False
2204352,,,0.0,PI,Nordeste,<5 mil,,,False
2204402,4.7372084156695,-0.054815052762720896,21.0,PI,Nordeste,5-20 mil,7.2906124198417634,-2.553404004172264,False
2204501,6.59565813306196,0.006058932593382163,20.0,PI,Nordeste,5-20 mil,8.329237748508227,-1.733579615446267,True
2204550,4.485625675925064,0.01878406083438407,18.0,PI,Nordeste,<5 mil,4.088462456887581,0.3971632190374832,False
2204600,3.0177850749082893,-0.07415740289689865,17.0,PI,Nordeste,<5 mil,4.364743623563067,-1.3469585486547775,False
2204659,3.735461624249652,-0.013637624927308585,17.0,PI,Nordeste,5-20 mil,4.238667982137563,-0.5032063578879109,False
2204709,2.3960534940325715,-0.1343043845693637,21.0,PI,Nordeste,5-20 mil,4.558742824853121,-2.16268933082055,False
2204808,3.8338578040125952,-0.03600444847805255,17.0,PI,Nordeste,5-20 mil,4.521555859827703,-0.6876980558151073,False
2204907,5.145809901020172,0.005251198416444571,18.0,PI,Nordeste,<5 mil,6.103093487875236,-0.9572835868550635,True
2205003,4.033074692655944,-0.06182853363408208,18.0,PI,Nordeste,<5 mil,5.56689089617917,-1.5338162035232257,False
2205102,1.6696056971912867,-0.17780132444203167,26.0,PI,Nordeste,5-20 mil,4.686257238422904,-3.0166515412316173,False
2205151,2.0007729937142926,-0.12366683186086756,20.0,PI,Nordeste,<5 mil,3.9854236133840657,-1.984650619669773,False
2205201,2.165099982657182,-0.1271982771452094,21.0,PI,Nordeste,5-20 mil,4.105520490827756,-1.9404205081705737,False
2205250,5.0905044516728175,0.006078255702557179,17.0,PI,Nordeste,<5 mil,5.288627019176738,-0.19812256750392088,True
2205276,,,1.0,PI,Nordeste,<5 mil,0.4302683084328458,,False
2205300,4.957197924183976,-0.0022644605846481015,17.0,PI,Nordeste,<5 mil,5.471862636095448,-0.5146647119114718,False
2205359,0.0,0.0,8.0,PI,Nordeste,<5 mil,0.0,0.0,False
2205409,2.169808746327078,-0.1471252209943586,26.0,PI,Nordeste,<5 mil,5.192483223000285,-3.022674476673207,False
2205458,,,0.0,PI,Nordeste,,,,False
2205508,2.840915466802187,-0.11651256453501316,21.0,PI,Nordeste,20-50 mil,4.989989076646181,-2.1490736098439944,False
2205516,3.834804839335547,-0.049511596596226795,22.0,PI,Nordeste,<5 mil,5.51695330083467,-1.6821484614991231,False
2205524,4.24060017920932,0.003557302884185966,17.0,PI,Nordeste,<5 mil,4.943086714965697,-0.7024865357563774,False
2205532,0.0,-0.39772940833853987,18.0,PI,Nordeste,<5 mil,2.2671596122546007,-2.2671596122546007,False
2205540,0.0,0.0,5.0,PI,Nordeste,<5 mil,0.0,0.0,False
2205557,3.5331238851338185,-0.05310418331114454,17.0,PI,Nordeste,<5 mil,4.836053975524002,-1.3029300903901833,False
2205565,0.0,0.0,3.0,PI,Nordeste,<5 mil,0.0,0.0,False
2205573,,,0.0,PI,Nordeste,<5 mil,,,False
2205581,0.0,0.0,6.0,PI,Nordeste,<5 mil,0.0,0.0,False
2205599,,,1.0,PI,Nordeste,<5 mil,1.339764201500536,,False
2205607,1.2112828239214082,-0.1743449331236386,22.0,PI,Nordeste,<5 mil,4.069663055838172,-2.8583802319167635,False
2205706,3.795749830799224,-0.11402453615347559,20.0,PI,Nordeste,5-20 mil,5.640155801294415,-1.844405970495191,False
2205805,4.349316852980564,-0.059665195580037994,19.0,PI,Nordeste,5-20 mil,5.341438446729288,-0.992121593748724,False
2205854,,,2.0,PI,Nordeste,<5 mil,1.466813348001467,,False
2205904,4.555254060429434,-0.030668565742921417,17.0,PI,Nordeste,<5 mil,5.732638234627961,-1.1773841741985276,False
2205953,,,1.0,PI,Nordeste,5-20 mil,0.0,,False
2206001,5.109144621288138,-0.015749989651207878,17.0,PI,Nordeste,<5 mil,7.087335607701075,-1.9781909864129368,True
2206050,,,0.0,PI,Nordeste,<5 mil,,,False
2206100,2.197370213105046,-0.10358688707422492,17.0,PI,Nordeste,5-20 mil,4.10989611032973,-1.9125258972246844,False
2206209,4.68209444727389,-0.022936701719304137,19.0,PI,Nordeste,5-20 mil,5.147550534097054,-0.4654560868231643,False
2206308,0.0,-0.42774720446321,7.0,PI,Nordeste,<5 mil,1.2503048448980227,-1.2503048448980227,False
2206357,0.0,0.0,9.0,PI,Nordeste,<5 mil,0.0,0.0,False
2206407,4.874753389518887,-0.024542154445010872,17.0,PI,Nordeste,5-20 mil,5.69585530110546,-0.821101911586573,False
2206506,2.1300030593840233,-0.12851777102685857,19.0,PI,Nordeste,<5 mil,4.254271168926275,-2.1242681095422515,False
2206605,5.48090929499898,-0.014879729998478102,17.0,PI,Nordeste,<5 mil,6.745726261656299,-1.2648169666573184,True
2206654,,,2.0,PI,Nordeste,<5 mil,0.0,,False
2206670,0.0,-0.0361281681446096,8.0,PI,Nordeste,<5 mil,0.220954335114454,-0.220954335114454,False
2206696,3.514932506611487,-0.049088279715944066,16.0,PI,Nordeste,<5 mil,4.578111561156116,-1.0631790545446291,False
2206704,5.988947427342506,0.011338940817714284,17.0,PI,Nordeste,<5 mil,5.862992658576558,0.1259547687659479,True
2206720,2.5508430885451503,-0.16861330660653862,14.0,PI,Nordeste,<5 mil,6.162344626230916,-3.6115015376857658,False
2206753,0.0,0.0,5.0,PI,Nordeste,<5 mil,0.0,0.0,False
2206803,4.891053628957124,-0.027261527994332343,17.0,PI,Nordeste,<5 mil,5.886960670394667,-0.995907041437543,False
2206902,3.870227943311363,-0.06916510964307362,17.0,PI,Nordeste,<5 mil,4.9210079625386784,-1.0507800192273153,False
2206951,,,0.0,PI,Nordeste,<5 mil,,,False
2207009,1.482580941598826,-0.27746036836740795,20.0,PI,Nordeste,20-50 mil,5.09116864159368,-3.608587699994854,False
2207108,,,0.0,PI,Nordeste,<5 mil,,,False
2207207,1.9714025019343069,-0.11083415068646715,17.0,PI,Nordeste,<5 mil,3.8632407396288446,-1.8918382376945377,False
2207306,5.82725952950247,0.030747703316365994,17.0,PI,Nordeste,<5 mil,6.100712962199905,-0.27345343269743516,True
2207355,1.7468536004474657,0.03873306031799861,6.0,PI,Nordeste,<5 mil,1.3751375137513753,0.37171608669609046,False
2207405,4.776128270208567,-0.008937736508791944,17.0,PI,Nordeste,<5 mil,6.949880632393136,-2.17375236218457,False
2207504,2.074642866889576,-0.13659469015764472,20.0,PI,Nordeste,5-20 mil,3.568094709341497,-1.493451842451921,False
2207553,8.756095287682626,0.1704267093559147,17.0,PI,Nordeste,<5 mil,6.387030861650979,2.369064426031647,True
2207603,2.399668678135413,-0.10910363011299422,21.0,PI,Nordeste,5-20 mil,5.336536130238136,-2.9368674521027236,False
2207702,4.178018800698538,-0.09990009984818443,26.0,PI,Nordeste,100-500 mil,6.562001988325624,-2.383983187627086,False
2207751,4.984658660659015,-0.027785810628526243,17.0,PI,Nordeste,<5 mil,5.214319080594089,-0.22966041993507424,False
2207777,4.04619202141445,-0.007082126958712769,17.0,PI,Nordeste,<5 mil,4.566162276605019,-0.5199702551905689,False
2207801,1.5363250698774777,-0.1913355097362754,23.0,PI,Nordeste,5-20 mil,4.82171363028726,-3.285388560409782,False
2207850,2.825471727908166,-0.07847957670245172,17.0,PI,Nordeste,<5 mil,4.259020357317845,-1.433548629409679,False
2207900,2.310921063685498,-0.11436061091349914,22.0,PI,Nordeste,20-50 mil,4.277146960482566,-1.9662258967970674,False
2207934,,,1.0,PI,Nordeste,<5 mil,0.0,,False
2207959,7.049726073427962,0.10551539352513893,17.0,PI,Nordeste,<5 mil,5.121900389908783,1.9278256835191794,True
2208007,3.6046507749910575,-0.19324479805083633,25.0,PI,Nordeste,50-100 mil,7.701923719506568,-4.0972729445155105,False
2208106,4.575732084384995,-0.022057467998862188,19.0,PI,Nordeste,<5 mil,5.35499407539201,-0.7792619910070142,False
2208205,2.6074611409116812,-0.09382492785160192,23.0,PI,Nordeste,5-20 mil,4.23931549673592,-1.631854355824239,False
2208304,2.1014569339893683,-0.15576553591323744,26.0,PI,Nordeste,20-50 mil,4.9006726265230816,-2.7992156925337133,False
2208403,1.4464250126481488,-0.1997737816897819,26.0,PI,Nordeste,20-50 mil,4.926546287523928,-3.4801212748757795,False
2208502,7.7224557709266435,0.1266346827532382,17.0,PI,Nordeste,5-20 mil,8.580749766975723,-0.8582939960490794,True
2208551,9.398267161396916,0.6235121960175151,3.0,PI,Nordeste,<5 mil,2.634982415130698,6.763284746266217,True
2208601,4.116018956317333,-0.02996114209721704,17.0,PI,Nordeste,<5 mil,4.713690853548632,-0.5976718972312991,False
2208650,0.0,0.0,3.0,PI,Nordeste,<5 mil,0.0,0.0,False
2208700,0.0,-0.26438069732628605,8.0,PI,Nordeste,5-20 mil,2.6547961738098973,-2.6547961738098973,False
2208809,2.572291172696225,-0.1335881326473977,21.0,PI,Nordeste,5-20 mil,4.943024562104783,-2.3707333894085574,False
2208858,3.35537926004136,-0.05453695519827271,17.0,PI,Nordeste,<5 mil,4.548219001299497,-1.1928397412581369,False
2208874,,,0.0,PI,Nordeste,<5 mil,,,False
2208908,7.832235181849782,0.06495245877556444,21.0,PI,Nordeste,<5 mil,9.464708955931506,-1.6324737740817241,True
2209005,5.319727577699023,0.015942368622438998,17.0,PI,Nordeste,<5 mil,5.50875627658517,-0.1890286988861467,True
2209104,3.8324136660748422,-0.05800044638832537,17.0,PI,Nordeste,<5 mil,5.03285507854064,-1.200441412465798,False
2209153,0.0,-0.2392636381958619,5.0,PI,Nordeste,<5 mil,0.0,0.0,False
2209203,4.833202054392558,-0.048995014185004196,21.0,PI,Nordeste,<5 mil,7.361441520864415,-2.528239466471857,False
2209302,3.7756576343286525,-0.0568394211506925,21.0,PI,Nordeste,<5 mil,4.993608787644239,-1.2179511533155862,False
2209351,4.027000148826197,-0.026605028309043367,10.0,PI,Nordeste,<5 mil,4.443882867510184,-0.4168827186839872,False
2209377,4.834531935958784,-0.001093585820341683,17.0,PI,Nordeste,<5 mil,4.855070716540319,-0.020538780581534688,False
2209401,4.413535842718103,-0.002737976857143694,17.0,PI,Nordeste,<5 mil,4.690534557331702,-0.27699871461359926,False
2209450,4.840167550685862,-0.1283270768190399,17.0,PI,Nordeste,<5 mil,7.650606278982329,-2.8104387282964662,False
2209500,4.133405949501345,-0.02228945879843632,17.0,PI,Nordeste,<5 mil,4.6575243072678925,-0.5241183577665476,False
2209559,5.451412220481416,0.06650491520788461,14.0,PI,Nordeste,<5 mil,4.395131477433458,1.0562807430479575,True
2209609,2.0648920236109802,-0.1413687350747449,17.0,PI,Nordeste,<5 mil,3.94679662353465,-1.8819045999236699,False
2209658,3.4133851752281856,-0.03860633714557732,16.0,PI,Nordeste,<5 mil,3.9514906138049706,-0.538105438576785,False
2209708,1.8554920149470604,-0.14718680584640514,20.0,PI,Nordeste,<5 mil,4.212514172335602,-2.357022157388542,False
2209757,0.0,-0.21224915598464167,6.0,PI,Nordeste,<5 mil,0.0245488474193392,-0.0245488474193392,False
2209807,4.146362864486155,-0.0057372084299575415,17.0,PI,Nordeste,<5 mil,4.759057077062258,-0.6126942125761028,False
2209856,4.471861805161751,-0.018657698669409962,18.0,PI,Nordeste,<5 mil,5.327208328035484,-0.8553465228737327,False
2209872,0.0,0.0,3.0,PI,Nordeste,<5 mil,0.0,0.0,False
2209906,3.700756980358321,-0.0322420624110034,17.0,PI,Nordeste,<5 mil,4.273269258668742,-0.5725122783104215,False
2209955,,,1.0,PI,Nordeste,<5 mil,2.3964550551636825,,False
2209971,0.7083193780103727,0.02427071246000301,5.0,PI,Nordeste,<5 mil,0.3532927924815147,0.355026585528858,False
2210003,6.242710351298518,-0.0062472849774495845,21.0,PI,Nordeste,5-20 mil,5.764545006087911,0.4781653452106074,True
2210052,3.026539651335611,-0.058689501352374183,17.0,PI,Nordeste,<5 mil,4.103245780064549,-1.0767061287289383,False
2210102,4.923992039455015,-0.04351373414173908,17.0,PI,Nordeste,<5 mil,6.036827309193858,-1.1128352697388424,False
2210201,3.157952413342855,-0.07232216105561882,21.0,PI,Nordeste,<5 mil,4.713100746985076,-1.5551483336422214,False
2210300,1.67208821906911,-0.161625299185822,17.0,PI,Nordeste,<5 mil,3.224289047262214,-1.552200828193104,False
2210359,3.935134720955716,-0.021331809248529537,17.0,PI,Nordeste,<5 mil,4.272926787315694,-0.33779206635997827,False
2210375,3.8734377015832706,-0.051489147685714214,17.0,PI,Nordeste,<5 mil,5.102276546098413,-1.2288388445151428,False
2210383,,,2.0,PI,Nordeste,<5 mil,0.4342539517109605,,False
2210391,,,1.0,PI,Nordeste,,0.1536123228051134,,False
2210409,2.6263120361431334,-0.13954659726486374,22.0,PI,Nordeste,5-20 mil,5.079494928659533,-2.4531828925163994,False
2210508,3.7819310583676327,-0.077334380101526,17.0,PI,Nordeste,5-20 mil,4.630220970855838,-0.8482899124882053,False
2210607,0.0,-0.3240624714501479,26.0,PI,Nordeste,20-50 mil,5.4899920459485125,-5.4899920459485125,False
2210623,,,1.0,PI,Nordeste,<5 mil,0.0,,False
2210631,3.244658545150756,-0.053594198236282004,17.0,PI,Nordeste,<5 mil,4.816986847938525,-1.5723283027877688,False
2210656,0.874225865862897,0.05757268023036297,3.0,PI,Nordeste,<5 mil,0.2169428138742627,0.6572830519886342,False
2210706,3.5194802411732553,-0.05702607217026478,21.0,PI,Nordeste,5-20 mil,4.610125720765707,-1.0906454795924514,False
2210805,3.4758899557783707,-0.0935327212821658,17.0,PI,Nordeste,5-20 mil,5.043524699692192,-1.5676347439138212,False
2210904,0.018905351258297287,-0.24779264868948317,20.0,PI,Nordeste,<5 mil,3.768394846910434,-3.7494894956521367,False
2210938,0.0,0.0,6.0,PI,Nordeste,<5 mil,0.0,0.0,False
2210953,,,0.0,PI,Nordeste,<5 mil,,,False
2210979,,,0.0,PI,Nordeste,<5 mil,,,False
2211001,0.0,-0.4614485905142769,26.0,PI,Nordeste,500 mil+,7.070401637361604,-7.070401637361604,False
2211100,7.400776548608405,0.08390253191879014,21.0,PI,Nordeste,20-50 mil,8.55796534819174,-1.1571887995833343,True
2211209,3.7975931004002064,-0.09669631640976731,25.0,PI,Nordeste,5-20 mil,6.083866221720784,-2.286273121320578,False
2211308,1.8672527255662885,-0.18873742683366618,23.0,PI,Nordeste,5-20 mil,4.980897963931069,-3.1136452383647804,False
2211357,4.960362345174872,0.06711196087163104,14.0,PI,Nordeste,<5 mil,3.866165887422076,1.0941964577527958,False
2211407,3.49941049590133,-0.0562119980687639,17.0,PI,Nordeste,<5 mil,4.547040223147998,-1.047629727246668,False
2211506,1.9085380658255247,0.05289342994740725,6.0,PI,Nordeste,<5 mil,1.121822708586648,0.7867153572388768,False
2211605,5.224457622345653,0.2514381846839603,7.0,PI,Nordeste,<5 mil,1.89633479901208,3.3281228233335733,True
2211704,3.692041460585294,-0.02547633063770913,17.0,PI,Nordeste,<5 mil,4.248939285820473,-0.5568978252351791,False
2300101,4.281435693256121,0.011489946773402765,17.0,CE,Nordeste,5-20 mil,4.423863324308078,-0.142427631051957,False
2300150,3.2503483878585087,-0.0674765620856716,19.0,CE,Nordeste,5-20 mil,4.372100126029243,-1.121751738170734,False
2300200,5.699052298090862,0.018629545291760925,22.0,CE,Nordeste,20-50 mil,5.7079081397790175,-0.00885584168815523,True
2300309,3.781299596548706,-0.040119163928828604,23.0,CE,Nordeste,20-50 mil,4.255672281029009,-0.47437268448030245,False
2300408,3.4733713853383392,0.13772165235227596,7.0,CE,Nordeste,<5 mil,1.9702242503501808,1.5031471349881584,False
2300507,4.8370723930078015,0.03887297298468176,22.0,CE,Nordeste,<5 mil,4.12529365938826,0.7117787336195418,False
2300606,3.9743092828786324,0.015289574070688903,17.0,CE,Nordeste,5-20 mil,3.757002053551812,0.21730722932682056,False
2300705,2.9782777682270876,-0.09028935809569093,16.0,CE,Nordeste,5-20 mil,3.379483906801548,-0.4012061385744605,False
2300754,0.42079068095458183,-0.10854010751727783,13.0,CE,Nordeste,5-20 mil,1.604533075594836,-1.183742394640254,False
2300804,4.438163754427272,0.03215926430351123,17.0,CE,Nordeste,5-20 mil,3.9613852053114296,0.4767785491158425,False
2300903,2.9291309067941,-0.04399055829834542,17.0,CE,Nordeste,5-20 mil,4.508290075120957,-1.579159168326857,False
2301000,4.698799768031279,-0.12686441620714467,25.0,CE,Nordeste,50-100 mil,6.753785900012932,-2.0549861319816536,False
2301109,5.828192635829392,0.011400571916745957,22.0,CE,Nordeste,20-50 mil,6.894261789240722,-1.0660691534113296,True
2301208,4.271816006482684,0.017356624604716875,16.0,CE,Nordeste,5-20 mil,4.526384606693331,-0.2545686002106473,False
2301257,6.421842557963259,0.24247407043419625,6.0,CE,Nordeste,5-20 mil,2.3894286878033686,4.032413870159891,True
2301307,1.7097642801217887,-0.09941368397752216,20.0,CE,Nordeste,5-20 mil,3.1010729562804,-1.3913086761586113,False
2301406,3.420821115129826,-0.05374840793548124,17.0,CE,Nordeste,<5 mil,4.451243326025127,-1.030422210895301,False
2301505,3.9339213365991688,0.005478087203004832,17.0,CE,Nordeste,<5 mil,3.408339121024664,0.5255822155745049,False
2301604,3.5848938740773946,-0.013205095104189246,17.0,CE,Nordeste,5-20 mil,3.6384100345559967,-0.05351616047860208,False
2301703,5.228472174496851,0.02605228136468671,18.0,CE,Nordeste,5-20 mil,5.405185032243236,-0.17671285774638523,True
2301802,3.3642435154512995,-0.02009853969189528,17.0,CE,Nordeste,<5 mil,3.384305269499381,-0.020061754048081415,False
2301851,1.6270445774923132,-0.08434899932197687,11.0,CE,Nordeste,5-20 mil,3.1317975639986653,-1.504752986506352,False
2301901,3.654967826712493,-0.1086425219586746,27.0,CE,Nordeste,20-50 mil,5.757488213229623,-2.1025203865171296,False
2301950,2.6300184634123625,-0.026088237980321265,17.0,CE,Nordeste,5-20 mil,3.871714515035809,-1.2416960516234465,False
2302008,3.827255015611236,-0.027106004994985358,17.0,CE,Nordeste,5-20 mil,4.116213794705605,-0.2889587790943686,False
2302057,5.148535886891722,0.09790019315897375,17.0,CE,Nordeste,5-20 mil,4.038647557980627,1.1098883289110946,True
2302107,2.594642023900178,-0.08966786088151651,23.0,CE,Nordeste,20-50 mil,4.249939387578762,-1.6552973636785842,False
2302206,3.468256673561285,-0.09892616497915689,18.0,CE,Nordeste,20-50 mil,3.87193464348094,-0.4036779699196549,False
2302305,7.1190272676870165,0.11200846182033626,22.0,CE,Nordeste,5-20 mil,4.561788757963563,2.5572385097234536,True
2302404,1.4517896406469504,-0.09874428232874355,19.0,CE,Nordeste,20-50 mil,3.741506384793571,-2.2897167441466206,False
2302503,0.06024955138357768,-0.09025498412295258,4.0,CE,Nordeste,20-50 mil,1.1504193038245576,-1.09016975244098,False
2302602,1.6607933777666801,-0.019083486977257993,17.0,CE,Nordeste,20-50 mil,2.34294145198226,-0.6821480742155797,False
2302701,4.701110949398455,0.04188644265192021,23.0,CE,Nordeste,5-20 mil,4.287114268927565,0.41399668047088944,False
2302800,0.3600919583574296,-0.14889539671275945,23.0,CE,Nordeste,20-50 mil,2.5730902341459325,-2.212998275788503,False
2302909,3.9053285511824676,0.0047107777591759254,16.0,CE,Nordeste,5-20 mil,4.605448052880224,-0.7001195016977562,False
2303006,3.3312669703705424,-0.01033630816985166,16.0,CE,Nordeste,5-20 mil,4.227482263967667,-0.8962152935971242,False
2303105,3.893749219118611,-0.025215286667997227,22.0,CE,Nordeste,5-20 mil,4.204266256863428,-0.310517037744817,False
2303204,1.2608424560030187,-0.0532093304961596,12.0,CE,Nordeste,5-20 mil,1.969729658078408,-0.7088872020753894,False
2303303,4.396685007117007,0.00718368535573815,20.0,CE,Nordeste,5-20 mil,4.501506129360139,-0.10482112224313145,False
2303402,3.747745440409581,0.018186050994093803,17.0,CE,Nordeste,5-20 mil,4.009664602060743,-0.26191916165116247,False
2303501,3.1991062865072095,-0.031129114222630434,23.0,CE,Nordeste,50-100 mil,3.3878873205913083,-0.18878103408409874,False
2303600,5.674723951952046,0.10690780397122236,17.0,CE,Nordeste,5-20 mil,4.773959965977292,0.9007639859747538,True
2303659,2.036294211794001,-0.07846600437269169,20.0,CE,Nordeste,5-20 mil,3.7958830759619167,-1.7595888641679158,False
2303709,4.591763891263071,-0.0659408861002191,27.0,CE,Nordeste,100-500 mil,5.705738754061376,-1.1139748627983055,False
2303808,4.158707180818915,0.013355241706272471,22.0,CE,Nordeste,5-20 mil,3.593222229241737,0.565484951577178,False
2303907,4.927413507504184,0.071124114905721,17.0,CE,Nordeste,5-20 mil,4.3376483312710565,0.5897651762331275,False
2303931,3.713808549407389,-0.02090007161252637,21.0,CE,Nordeste,<5 mil,4.309886538515348,-0.5960779891079593,False
2303956,0.9633890235834315,-0.07315611324979807,23.0,CE,Nordeste,5-20 mil,3.7800454412681,-2.8166564176846687,False
2304004,2.824892548277802,-0.10428220778784661,23.0,CE,Nordeste,5-20 mil,4.54257288794723,-1.7176803396694282,False
2304103,3.724819469673406,-0.0839568133962866,27.0,CE,Nordeste,50-100 mil,5.776808649998,-2.051989180324594,False
2304202,2.9328887272629345,-0.037447430099587176,17.0,CE,Nordeste,100-500 mil,4.179942845057978,-1.2470541177950434,False
2304236,4.789533317265022,0.011810853557817526,17.0,CE,Nordeste,5-20 mil,3.668195168550671,1.1213381487143508,False
2304251,3.6368362241152354,-0.011663325841400413,22.0,CE,Nordeste,5-20 mil,4.134093722071633,-0.4972574979563973,False
2304269,5.028441759484963,0.18117744413368653,9.0,CE,Nordeste,<5 mil,3.012661666578448,2.015780092906515,True
2304277,2.7410423627377156,-0.06658858455633417,16.0,CE,Nordeste,<5 mil,4.269303006498608,-1.528260643760892,False
2304285,6.73990852116178,-0.03015770787375015,17.0,CE,Nordeste,50-100 mil,6.836374303592109,-0.09646578243032877,True
2304301,2.200495115168934,-0.07286082359621146,23.0,CE,Nordeste,5-20 mil,2.802516000000761,-0.6020208848318269,False
2304350,5.461158166695142,0.045572701549915884,22.0,CE,Nordeste,5-20 mil,5.017310124811953,0.4438480418831894,True
2304400,3.0114357054929997,-0.29202644588524546,27.0,CE,Nordeste,500 mil+,8.574483494118606,-5.563047788625607,False
2304459,4.9109469043764165,0.05846948838813397,16.0,CE,Nordeste,5-20 mil,5.516148018648019,-0.605201114271603,False
2304509,5.372139757323907,0.0680138031036426,18.0,CE,Nordeste,5-20 mil,4.958227236522649,0.41391252080125795,True
2304608,3.224530797539842,-0.066658196065229,16.0,CE,Nordeste,<5 mil,5.022106614669906,-1.7975758171300642,False
2304657,3.9632747481184367,0.02190526750944508,17.0,CE,Nordeste,5-20 mil,3.847163274283533,0.11611147383490383,False
2304707,4.820742865236383,0.09883312352037242,12.0,CE,Nordeste,20-50 mil,3.3627059428006074,1.4580369224357757,False
2304806,4.823261474411922,0.018550000309245532,17.0,CE,Nordeste,<5 mil,3.4560057476814,1.3672557267305216,False
2304905,3.9738073735757418,0.014458958928259661,17.0,CE,Nordeste,5-20 mil,4.124641643612214,-0.15083427003647198,False
2304954,2.461660459289419,-0.10425074559435124,25.0,CE,Nordeste,20-50 mil,4.128400119981307,-1.6667396606918876,False
2305001,3.890601548596797,0.0029278792095042785,17.0,CE,Nordeste,5-20 mil,3.7605960219521153,0.1300055266446818,False
2305100,6.425295788918902,-0.17510727496052253,19.0,CE,Nordeste,<5 mil,10.677825117945968,-4.252529329027066,True
2305209,3.773959560412969,0.019337902867266093,17.0,CE,Nordeste,5-20 mil,4.205893748498413,-0.43193418808544415,False
2305233,0.0,-1.1916510050815148,23.0,CE,Nordeste,50-100 mil,5.13881780821477,-5.13881780821477,False
2305266,24.395334547718903,1.3968041364892125,5.0,CE,Nordeste,<5 mil,7.282060005543236,17.113274542175667,True
2305308,3.488198090440009,-0.003890291515562946,17.0,CE,Nordeste,5-20 mil,3.660917585400552,-0.17271949496054306,False
2305332,2.885676931629291,-0.022630443144912096,16.0,CE,Nordeste,5-20 mil,3.080051867596832,-0.19437493596754063,False
2305357,1.1353692771773751,-0.0920803618801418,13.0,CE,Nordeste,5-20 mil,2.982053924204024,-1.846684647026649,False
2305407,2.463138501672532,-0.06036137399401121,17.0,CE,Nordeste,20-50 mil,3.5654841654260574,-1.1023456637535256,False
2305506,2.9760793296975976,-0.08708555896107448,25.0,CE,Nordeste,50-100 mil,4.366109679122094,-1.3900303494244968,False
2305605,3.744619035388766,-0.04535996783960742,27.0,CE,Nordeste,5-20 mil,4.840213698321537,-1.095594662932771,False
2305654,,,1.0,CE,Nordeste,<5 mil,0.7402012162986387,,False
2305704,2.9493773805263572,-0.04533872979446759,18.0,CE,Nordeste,5-20 mil,4.063377019477296,-1.113999638950939,False
2305803,0.8487423057793535,-0.13455377446249653,11.0,CE,Nordeste,20-50 mil,2.690658464071317,-1.8419161582919634,False
2305902,1.0508938130584795,-0.09580050975994904,9.0,CE,Nordeste,5-20 mil,2.1042863947278008,-1.0533925816693213,False
2306009,2.005245207617577,-0.09423970599704586,15.0,CE,Nordeste,5-20 mil,4.4522403349159205,-2.4469951272983437,False
2306108,1.5459042160373713,-0.09869632308912975,21.0,CE,Nordeste,5-20 mil,5.818205092682387,-4.272300876645016,False
2306207,3.661891776272217,-0.010608977075140543,16.0,CE,Nordeste,<5 mil,4.578618365076249,-0.9167265888040319,False
2306256,5.5142333498403735,-0.003096538241819991,25.0,CE,Nordeste,20-50 mil,5.756997459187304,-0.24276410934693082,True
2306306,2.481804382419412,-0.008568450581663079,10.0,CE,Nordeste,20-50 mil,3.093239697865453,-0.611435315446041,False
2306405,5.616372211503602,0.04735622551125268,18.0,CE,Nordeste,50-100 mil,6.028913051340331,-0.41254083983672896,True
2306504,3.9499192538250423,0.007635055786870701,16.0,CE,Nordeste,5-20 mil,4.171634276614947,-0.22171502278990474,False
2306553,7.03487515609126,0.07561056384766025,21.0,CE,Nordeste,5-20 mil,7.033523787093736,0.001351368997524638,True
2306603,2.072818624921524,-0.023792062745303183,21.0,CE,Nordeste,5-20 mil,2.125530275452008,-0.052711650530483656,False
2306702,1.5559736657373833,-0.11773418096637331,21.0,CE,Nordeste,5-20 mil,4.243533586720447,-2.6875599209830634,False
2306801,4.474009848880826,-0.09357133406350723,17.0,CE,Nordeste,5-20 mil,6.392781404375442,-1.918771555494616,False
2306900,3.943852671545251,-0.017039472839519013,17.0,CE,Nordeste,20-50 mil,4.174163791078761,-0.2303111195335097,False
2307007,2.5866415788719053,-0.07725305898609415,21.0,CE,Nordeste,20-50 mil,4.555069503667065,-1.9684279247951597,False
2307106,0.0,-0.07695439018738073,5.0,CE,Nordeste,5-20 mil,1.508462799016638,-1.508462799016638,False
2307205,3.8100868770007708,-0.019728560400783145,17.0,CE,Nordeste,<5 mil,3.569069618414976,0.2410172585857948,False
2307254,18.93754543005025,0.4352841429680996,22.0,CE,Nordeste,5-20 mil,13.194126183715952,5.743419246334298,True
2307304,3.6337770365408346,-0.1124118205219011,27.0,CE,Nordeste,100-500 mil,5.876782359664972,-2.2430053231241374,False
2307403,0.32160236384873997,-0.16952818628263533,15.0,CE,Nordeste,5-20 mil,3.025621616215675,-2.704019252366935,False
2307502,3.03640813815872,-0.05230453383340825,23.0,CE,Nordeste,5-20 mil,3.632417947755216,-0.5960098095964961,False
2307601,3.970022417793679,-0.022143986089156728,19.0,CE,Nordeste,20-50 mil,4.40532872393343,-0.43530630613975063,False
2307635,0.0,-0.10863641939797458,15.0,CE,Nordeste,5-20 mil,0.5808080808080808,-0.5808080808080808,False
2307650,13.764127183930384,0.041391081168650236,25.0,CE,Nordeste,100-500 mil,8.569582293000542,5.194544890929842,True
2307700,1.2736654729301904,-0.18891375061873988,25.0,CE,Nordeste,100-500 mil,4.659492498201352,-3.385827025271162,False
2307809,3.0170416560762874,-0.0778749861615374,22.0,CE,Nordeste,5-20 mil,4.436976692431418,-1.4199350363551302,False
2307908,2.9615526073319423,-0.008358548984068511,22.0,CE,Nordeste,5-20 mil,3.769561375492388,-0.8080087681604455,False
2308005,5.763074597103326,0.07004820889088133,22.0,CE,Nordeste,20-50 mil,4.80151700468309,0.9615575924202364,True
2308104,5.0705863056249605,-0.005640143694049593,23.0,CE,Nordeste,20-50 mil,4.294931328826934,0.7756549767980268,True
2308203,5.178386792323948,0.07363758954977838,18.0,CE,Nordeste,5-20 mil,3.993469523839176,1.1849172684847722,True
2308302,3.2821914595159853,-0.07556763298975748,23.0,CE,Nordeste,5-20 mil,4.365286930396774,-1.0830954708807887,False
2308351,,,0.0,CE,Nordeste,,,,False
2308377,3.148584547780601,-0.026514644214810427,16.0,CE,Nordeste,5-20 mil,4.418059333888024,-1.2694747861074234,False
2308401,6.14014145717411,0.05333643875859231,17.0,CE,Nordeste,5-20 mil,4.247923979763328,1.8922174774107816,True
2308500,2.8007898805785345,-0.04846455815712164,16.0,CE,Nordeste,5-20 mil,4.0594189946338375,-1.258629114055303,False
2308609,0.06506874773191385,-0.15468799450352735,17.0,CE,Nordeste,5-20 mil,1.9433241806658763,-1.8782554329339625,False
2308708,2.9155433553379453,-0.06686250969266726,19.0,CE,Nordeste,20-50 mil,4.035867585925722,-1.1203242305877765,False
2308807,3.582164920299345,0.0008373427993229068,17.0,CE,Nordeste,<5 mil,3.595689382622211,-0.013524462322866082,False
2308906,3.144128677468345,-0.04668808481518766,16.0,CE,Nordeste,5-20 mil,4.605984723265715,-1.4618560457973704,False
2309003,2.8389190092399303,-0.05806069144577057,22.0,CE,Nordeste,5-20 mil,4.234698752141372,-1.3957797429014418,False
2309102,2.9030530172355213,-0.07163898311792619,19.0,CE,Nordeste,<5 mil,4.527902929270056,-1.6248499120345343,False
2309201,3.637548116300504,-0.0062061572973064975,17.0,CE,Nordeste,5-20 mil,3.851496770325292,-0.2139486540247879,False
2309300,2.230262057575686,-0.08006193413061102,8.0,CE,Nordeste,20-50 mil,3.5327156877194428,-1.3024536301437566,False
2309409,5.244158163535602,0.05621397101689199,27.0,CE,Nordeste,5-20 mil,4.377621747220899,0.8665364163147027,True
2309458,4.899484321532086,0.061419292413402354,17.0,CE,Nordeste,5-20 mil,4.521437624132303,0.3780466973997827,False
2309508,2.599215166732762,-0.09288704981771019,22.0,CE,Nordeste,5-20 mil,3.964549009026868,-1.3653338422941061,False
2309607,1.6670254393720825,-0.21225952394716985,23.0,CE,Nordeste,50-100 mil,5.317300838731883,-3.650275399359801,False
2309706,3.4022457771073107,-0.11178618062404945,25.0,CE,Nordeste,50-100 mil,5.530996616172807,-2.1287508390654963,False
2309805,1.0306181844694606,-0.24891231301564196,17.0,CE,Nordeste,5-20 mil,4.375587915130598,-3.3449697306611377,False
2309904,2.7558613702150296,-0.06591691098910474,22.0,CE,Nordeste,<5 mil,4.241509463291396,-1.4856480930763665,False
2310001,2.731385326100323,-0.060867739167126886,21.0,CE,Nordeste,<5 mil,4.529656050254898,-1.798270724154575,False
2310100,0.8668967784561801,-0.13652979217794786,19.0,CE,Nordeste,5-20 mil,4.261885713227558,-3.394988934771378,False
2310209,3.071622814507492,-0.11624135321309441,18.0,CE,Nordeste,20-50 mil,5.229306066899524,-2.157683252392032,False
2310258,4.641323010108096,-0.08127898577153965,18.0,CE,Nordeste,5-20 mil,6.743890604795637,-2.1025675946875415,False
2310308,3.3638338602833784,-0.0043405803373600385,17.0,CE,Nordeste,5-20 mil,4.032040763343575,-0.6682069030601969,False
2310407,3.1078793344699704,-0.04556837788641498,21.0,CE,Nordeste,5-20 mil,4.6580823800923135,-1.550203045622343,False
2310506,1.0088729099165192,-0.05371078890306584,15.0,CE,Nordeste,20-50 mil,1.5392248804862323,-0.5303519705697131,False
2310605,4.0687789166585695,0.015425774728669394,17.0,CE,Nordeste,5-20 mil,4.0132942144660895,0.05548470219248003,False
2310704,2.8989422356279135,-0.07506234269432262,22.0,CE,Nordeste,20-50 mil,4.707107706027808,-1.8081654703998948,False
2310803,0.0,-0.20611718010638685,22.0,CE,Nordeste,5-20 mil,4.115309061598124,-4.115309061598124,False
2310852,2.5448360938761425,-0.049396250220374575,15.0,CE,Nordeste,5-20 mil,3.8025607587932697,-1.2577246649171272,False
2310902,3.1914919305010017,-0.014920083829446465,16.0,CE,Nordeste,5-20 mil,4.022219408918078,-0.8307274784170762,False
2310951,3.589880495078592,-5.7038288769205134e-05,17.0,CE,Nordeste,<5 mil,4.003782729741599,-0.413902234663007,False
2311009,7.961148651733026,0.22923120605897346,17.0,CE,Nordeste,5-20 mil,4.863443180255525,3.097705471477501,True
2311108,4.553646357872493,0.003281950325042046,17.0,CE,Nordeste,5-20 mil,3.5820419877491987,0.9716043701232944,False
2311207,3.4575570859031837,0.0015551490033719395,17.0,CE,Nordeste,5-20 mil,3.4395187240216174,0.018038361881566267,False
2311231,0.743031014606288,-0.13604299154617042,20.0,CE,Nordeste,<5 mil,3.634634127827197,-2.891603113220909,False
2311264,2.872379689529474,-0.02614271967829625,17.0,CE,Nordeste,5-20 mil,3.733446563296265,-0.861066873766791,False
2311306,4.224900730663094,-0.03720423605989608,21.0,CE,Nordeste,50-100 mil,5.393832157328436,-1.1689314266653419,False
2311355,4.883503824802858,0.04485963200804802,14.0,CE,Nordeste,5-20 mil,4.344053190946131,0.5394506338567275,False
2311405,1.6435054831023876,-0.15593515356886856,24.0,CE,Nordeste,20-50 mil,4.220751878047214,-2.5772463949448268,False
2311504,2.298814553553939,-0.09861577768289545,21.0,CE,Nordeste,5-20 mil,3.7335961852816943,-1.4347816317277555,False
2311603,1.6107706475516466,-0.1465523215974341,19.0,CE,Nordeste,5-20 mil,4.283552894891339,-2.6727822473396925,False
2311702,2.539790147784018,-0.0595885016401084,23.0,CE,Nordeste,5-20 mil,3.64302950090025,-1.1032393531162321,False
2311801,2.9992405974834924,-0.137404584630333,21.0,CE,Nordeste,50-100 mil,5.917065298481748,-2.9178247009982554,False
2311900,3.86505332479177,-0.010060195781483641,17.0,CE,Nordeste,5-20 mil,3.5622641375301503,0.30278918726161974,False
2311959,10.441921908637937,0.5074094823981459,9.0,CE,Nordeste,5-20 mil,3.5216689106791,6.920252997958837,True
2312007,2.4137949191313623,-0.11437598006038045,22.0,CE,Nordeste,5-20 mil,4.183952828574901,-1.7701579094435385,False
2312106,3.9401875137801525,-0.016359745356144827,17.0,CE,Nordeste,5-20 mil,4.053475274513432,-0.11328776073327962,False
2312205,1.4357932598212244,-0.12383575287060723,26.0,CE,Nordeste,20-50 mil,4.8906434113892825,-3.454850151568058,False
2312304,4.695260637924157,-0.009124161769695981,20.0,CE,Nordeste,20-50 mil,4.634611887488456,0.060648750435701615,False
2312403,25.829454300449015,0.5318699295228907,22.0,CE,Nordeste,20-50 mil,25.396204638522825,0.4332496619261903,True
2312502,0.0,-0.24526775126943154,10.0,CE,Nordeste,<5 mil,3.448437692080009,-3.448437692080009,False
2312601,2.2460270378063143,-0.05815216428447995,16.0,CE,Nordeste,5-20 mil,4.176131222150285,-1.9301041843439704,False
2312700,2.906381284446553,-0.06184554872551941,19.0,CE,Nordeste,5-20 mil,4.361305244151358,-1.4549239597048045,False
2312809,2.9563283233612845,-0.001094734741403462,17.0,CE,Nordeste,5-20 mil,4.127107166628155,-1.1707788432668709,False
2312908,1.6307000736156283,-0.2095709555362515,27.0,CE,Nordeste,100-500 mil,5.737283795632074,-4.106583722016445,False
2313005,4.277315345981705,0.055211787279404616,10.0,CE,Nordeste,5-20 mil,4.067883752737089,0.20943159324461647,False
2313104,3.2077704359909944,-0.08857976755379939,21.0,CE,Nordeste,20-50 mil,5.1274225614129465,-1.919652125421952,False
2313203,3.260156733993675,-0.027581331946222087,17.0,CE,Nordeste,5-20 mil,3.935800053501353,-0.6756433195076781,False
2313252,4.307232927134933,0.021420365345872838,17.0,CE,Nordeste,<5 mil,3.873823195949636,0.43340973118529735,False
2313302,4.075238816813439,-0.03838443275680468,23.0,CE,Nordeste,20-50 mil,4.691882946904363,-0.6166441300909238,False
2313351,2.8675795983612815,-0.02251491186977203,15.0,CE,Nordeste,5-20 mil,4.694308594241167,-1.8267289958798854,False
2313401,4.385079495899106,-0.03084857969940273,27.0,CE,Nordeste,50-100 mil,5.586404627962304,-1.2013251320631984,False
2313500,0.0,-0.2941595470908703,22.0,CE,Nordeste,20-50 mil,4.849263001685863,-4.849263001685863,False
2313559,3.4871143020191724,0.008612390519248416,17.0,CE,Nordeste,5-20 mil,3.9857763280957728,-0.4986620260766004,False
2313609,5.082359664223503,0.03567345604310429,17.0,CE,Nordeste,5-20 mil,4.817697640404331,0.2646620238191719,True
2313708,3.255137770035862,-0.008982766019635418,17.0,CE,Nordeste,<5 mil,3.724834222352124,-0.46969645231626167,False
2313757,3.9921252870962043,0.010786755556938426,15.0,CE,Nordeste,5-20 mil,4.690921409214092,-0.698796122117888,False
2313807,2.042444219942638,-0.13117416622979503,22.0,CE,Nordeste,5-20 mil,4.787508577437814,-2.745064357495176,False
2313906,5.158065013528329,0.06919903394532778,17.0,CE,Nordeste,5-20 mil,4.314656050382623,0.8434089631457065,True
2313955,3.631729549028826,-0.030667719909865526,17.0,CE,Nordeste,5-20 mil,4.399448205667887,-0.7677186566390608,False
2314003,3.113165690707447,-0.035130865896864746,23.0,CE,Nordeste,20-50 mil,3.964592497409649,-0.8514268067022019,False
2314102,4.682388849316226,0.04792022690039001,17.0,CE,Nordeste,20-50 mil,3.971120777864613,0.7112680714516126,False
2400109,11.496171339579007,0.13457679642089868,17.0,RN,Nordeste,5-20 mil,6.421614567919377,5.07455677165963,True
2400208,3.2840473854045626,-0.17516826958937726,20.0,RN,Nordeste,20-50 mil,5.801828417389799,-2.517781031985236,False
2400307,7.225513163939048,-0.021640124131827632,22.0,RN,Nordeste,5-20 mil,8.152568686355815,-0.9270555224167669,True
2400406,3.7708411476569808,-0.0538064998252109,16.0,RN,Nordeste,<5 mil,4.799186344690807,-1.0283451970338264,False
2400505,0.0,-0.31790278506537384,22.0,RN,Nordeste,5-20 mil,3.191386150529486,-3.191386150529486,False
2400604,2.546092689872694,-0.15735359550713532,15.0,RN,Nordeste,<5 mil,4.914901408619123,-2.368808718746429,False
2400703,3.9123196865614887,-0.13826468652628454,27.0,RN,Nordeste,5-20 mil,6.015106397084629,-2.10278671052314,False
2400802,1.655964455586286,-0.23186706559090506,22.0,RN,Nordeste,5-20 mil,5.076722706614573,-3.4207582510282872,False
2400901,5.079021761002842,-0.01779888580133512,13.0,RN,Nordeste,<5 mil,5.504495899325382,-0.42547413832253955,True
2401008,2.101643691499362,-0.2308568058879837,22.0,RN,Nordeste,5-20 mil,5.656049806759703,-3.554406115260341,False
2401107,3.46998654332765,-0.24055050679705473,23.0,RN,Nordeste,20-50 mil,7.0133258411636135,-3.5433392978359635,False
2401206,6.109386425567654,0.005046997753835846,17.0,RN,Nordeste,5-20 mil,5.953805915287346,0.1555805102803074,True
2401305,2.824783386275101,-0.15915477983266801,22.0,RN,Nordeste,5-20 mil,5.471329478856493,-2.646546092581392,False
2401404,4.740013053148132,-0.02992725443333698,20.0,RN,Nordeste,5-20 mil,5.5883502555841655,-0.8483372024360332,False
2401453,6.199077379862757,0.046035927556916253,17.0,RN,Nordeste,5-20 mil,5.400522039713883,0.7985553401488739,True
2401503,4.602902215960122,-0.002685132373970619,17.0,RN,Nordeste,<5 mil,5.181865736573657,-0.5789635206135353,False
2401602,3.5616052269922136,-0.08200288181087367,19.0,RN,Nordeste,<5 mil,4.915736021073773,-1.3541307940815592,False
2401651,8.226694120287675,0.1278866536439274,16.0,RN,Nordeste,<5 mil,6.679932567551767,1.5467615527359078,True
2401701,6.229967474576178,0.014256484072050409,17.0,RN,Nordeste,5-20 mil,5.732828954071265,0.4971385205049126,True
2401800,0.0,-0.26368424689284004,8.0,RN,Nordeste,5-20 mil,1.8315196164234997,-1.8315196164234997,False
2401859,4.157278116058691,-0.04930624076220454,22.0,RN,Nordeste,5-20 mil,5.873484120712541,-1.7162060046538494,False
2401909,5.494048378559398,-0.07212270669433155,22.0,RN,Nordeste,<5 mil,6.533864052166086,-1.0398156736066877,True
2402006,0.31288083642982656,-0.37513030248510876,27.0,RN,Nordeste,50-100 mil,6.844129293812419,-6.531248457382593,False
2402105,4.686887878791708,-0.036712956128757815,17.0,RN,Nordeste,5-20 mil,4.93237671108551,-0.2454888322938018,False
2402204,6.9876334511858715,0.10804260789083854,17.0,RN,Nordeste,20-50 mil,5.35452548989521,1.6331079612906612,True
2402303,2.7190467444556248,-0.19018010392943205,22.0,RN,Nordeste,5-20 mil,5.677869441730323,-2.958822697274698,False
2402402,5.240522158716409,0.022128499360072728,14.0,RN,Nordeste,5-20 mil,4.681858464598213,0.5586636941181959,True
2402501,7.676985079667572,0.009482050474634856,17.0,RN,Nordeste,5-20 mil,7.927353039530022,-0.25036795986244975,True
2402600,0.35054150563649955,-0.23598700731174954,23.0,RN,Nordeste,20-50 mil,4.303561185948114,-3.9530196803116144,False
2402709,9.83769911058016,0.24940918146648497,17.0,RN,Nordeste,<5 mil,7.779632200864041,2.0580669097161195,True
2402808,7.615002745124258,0.10551569546818056,20.0,RN,Nordeste,<5 mil,5.43001188744467,2.184990857679588,True
2402907,7.762437325891966,0.07429289468397443,17.0,RN,Nordeste,<5 mil,6.885588051425068,0.8768492744668981,True
2403004,2.1439267420525425,-0.15517237884134819,15.0,RN,Nordeste,5-20 mil,4.752590289801476,-2.6086635477489333,False
2403103,0.0,-0.437101642141795,27.0,RN,Nordeste,20-50 mil,6.798082057681108,-6.798082057681108,False
2403202,2.4323723900795926,-0.13887001220147366,17.0,RN,Nordeste,<5 mil,4.690341530454821,-2.257969140375228,False
2403251,3.358604024921476,-0.19481509670187527,27.0,RN,Nordeste,100-500 mil,6.486005788497662,-3.127401763576186,False
2403301,2.482004288348321,-0.18091368838664235,17.0,RN,Nordeste,<5 mil,4.840062856804488,-2.3580585684561672,False
2403400,3.149569151340245,-0.09104433250389304,19.0,RN,Nordeste,5-20 mil,4.44658928305418,-1.2970201317139356,False
2403509,5.501365094202264,0.01881650238714114,17.0,RN,Nordeste,<5 mil,4.946618555925416,0.5547465382768477,True
2403608,2.3510447739306244,-0.12294011835068772,21.0,RN,Nordeste,5-20 mil,3.2882966136039187,-0.9372518396732943,False
2403707,1.896050756509453,-0.2044061147440059,22.0,RN,Nordeste,<5 mil,5.029328273566715,-3.1332775170572615,False
2403756,2.9319373120823684,-0.1302043260594561,22.0,RN,Nordeste,<5 mil,4.252213351133578,-1.3202760390512092,False
2403806,3.535223805312455,-0.17985381623714017,22.0,RN,Nordeste,5-20 mil,6.244018071366419,-2.708794266053964,False
2403905,3.203086892653232,-0.07516147646887024,15.0,RN,Nordeste,<5 mil,4.684872513198601,-1.4817856205453692,False
2404002,3.9116177432748316,-0.08302178729989058,16.0,RN,Nordeste,<5 mil,5.189734124741215,-1.2781163814663836,False
2404200,2.4815950139416714,-0.23162116027106397,27.0,RN,Nordeste,5-20 mil,6.825123221842561,-4.3435282079008894,False
2404309,2.1662112255922352,-0.2097564221308646,22.0,RN,Nordeste,5-20 mil,5.11696200216656,-2.950750776574325,False
2404408,6.770177149180128,0.024084921394740066,17.0,RN,Nordeste,5-20 mil,5.895099157765239,0.875077991414889,True
2404507,4.2959549761391145,-0.09686061981661923,17.0,RN,Nordeste,5-20 mil,5.503401627582573,-1.2074466514434583,False
2404606,4.474204547633377,-0.09825187683938694,17.0,RN,Nordeste,<5 mil,5.438552180948022,-0.9643476333146452,False
2404705,7.3848483403351395,0.11622648353378351,17.0,RN,Nordeste,5-20 mil,5.822676471442524,1.5621718688926158,True
2404804,5.0190599968350025,-0.002142192667086384,17.0,RN,Nordeste,<5 mil,5.090661342321808,-0.07160134548680563,True
2404853,0.0,0.0,4.0,RN,Nordeste,5-20 mil,0.0,0.0,False
2404903,4.387694800759462,-0.0463089260263818,17.0,RN,Nordeste,5-20 mil,4.931395565543396,-0.5437007647839343,False
2405009,6.962051237267417,0.13961120357646406,17.0,RN,Nordeste,5-20 mil,4.493844781819811,2.468206455447606,True
2405108,6.019736945036755,0.0876868116608343,17.0,RN,Nordeste,<5 mil,5.262956682118593,0.7567802629181619,True
2405207,3.507295541943165,-0.0981927349847717,17.0,RN,Nordeste,<5 mil,4.995246866697798,-1.4879513247546328,False
2405306,7.215865560901392,0.0842691571783193,17.0,RN,Nordeste,<5 mil,5.829710074481769,1.3861554864196233,True
2405405,6.884426149823213,0.12451736988664938,16.0,RN,Nordeste,<5 mil,4.570991854720528,2.3134342951026845,True
2405504,2.097660748072542,-0.1782614246303611,22.0,RN,Nordeste,<5 mil,4.918398883345366,-2.8207381352728236,False
2405603,4.155649630800298,-0.09481821844054632,20.0,RN,Nordeste,5-20 mil,6.124161900600016,-1.9685122697997182,False
2405702,0.0,-0.34292000581061816,22.0,RN,Nordeste,5-20 mil,4.843347572055842,-4.843347572055842,False
2405801,4.394413486417392,-0.09431470342152244,23.0,RN,Nordeste,20-50 mil,6.66379528681345,-2.269381800396058,False
2405900,4.881028656490127,0.00153954971212462,11.0,RN,Nordeste,<5 mil,4.473194565625145,0.40783409086498157,False
2406007,7.605089976172678,0.04445659956952107,16.0,RN,Nordeste,<5 mil,4.6918923592427175,2.9131976169299607,True
2406106,3.8801312918606925,-0.11732863403954523,19.0,RN,Nordeste,5-20 mil,5.593455555113557,-1.713324263252865,False
2406155,5.84616394641742,0.04650213509075023,17.0,RN,Nordeste,<5 mil,5.169810260595951,0.6763536858214687,True
2406205,4.321828944275396,-0.03846354241139987,17.0,RN,Nordeste,<5 mil,4.387205646432968,-0.06537670215757263,False
2406304,4.409560495345971,-0.0630723100895217,17.0,RN,Nordeste,<5 mil,4.99777789308434,-0.5882173977383687,False
2406403,4.026597499027702,-0.07715946026921087,17.0,RN,Nordeste,<5 mil,5.585132689165541,-1.5585351901378397,False
2406502,10.599946348591061,0.1605911867105871,22.0,RN,Nordeste,5-20 mil,10.442930384501864,0.15701596408919727,True
2406601,4.457014655664182,-0.0461815235137013,17.0,RN,Nordeste,5-20 mil,4.7955489259337645,-0.3385342702695828,False
2406700,5.582010196133638,-0.10312656609823673,22.0,RN,Nordeste,5-20 mil,8.310953519324068,-2.72894332319043,True
2406809,5.4577859326858515,-0.047600467367063914,17.0,RN,Nordeste,<5 mil,5.647297527873953,-0.189511595188101,True
2406908,6.1065113546417535,-0.05445188528932156,17.0,RN,Nordeste,<5 mil,6.486654357672932,-0.3801430030311783,True
2407005,0.0,-0.23271226612999132,22.0,RN,Nordeste,5-20 mil,4.520233831705793,-4.520233831705793,False
2407104,3.974893398520294,-0.12434508819057079,24.0,RN,Nordeste,50-100 mil,5.191129449948032,-1.216236051427738,False
2407203,6.88570139143269,-0.08951182834036953,22.0,RN,Nordeste,20-50 mil,8.546441060917184,-1.660739669484494,True
2407252,,,2.0,RN,Nordeste,<5 mil,0.0,,False
2407302,1.9028873369944677,-0.17692062404387382,15.0,RN,Nordeste,<5 mil,4.454906176608607,-2.5520188396141394,False
2407401,0.2821087488040348,-0.279121293335878,22.0,RN,Nordeste,5-20 mil,5.249719230674649,-4.967610481870614,False
2407500,1.0572845460732765,-0.1394559481387284,7.0,RN,Nordeste,<5 mil,3.01481905338372,-1.9575345073104433,False
2407609,1.3170594762482324,-0.22479359885974393,21.0,RN,Nordeste,<5 mil,4.634123429648609,-3.3170639534003765,False
2407708,5.1574297604599515,0.0033202761299052468,17.0,RN,Nordeste,5-20 mil,4.952139871020529,0.20528988943942217,True
2407807,4.572427869165153,-0.08013941960014057,19.0,RN,Nordeste,5-20 mil,5.587193411033571,-1.0147655418684174,False
2407906,6.569632879191147,0.07177114172979684,16.0,RN,Nordeste,<5 mil,5.176849559955995,1.3927833192351518,True
2408003,4.361140390026435,-0.24669287196899461,27.0,RN,Nordeste,100-500 mil,8.449702461593175,-4.08856207156674,False
2408102,2.847609608451421,-0.40970669390724024,27.0,RN,Nordeste,500 mil+,8.743978881764324,-5.896369273312903,False
2408201,6.606372869551684,0.013303004005238307,19.0,RN,Nordeste,5-20 mil,6.477562194267161,0.12881067528452306,True
2408300,0.6581620509755339,-0.2804646542245441,27.0,RN,Nordeste,20-50 mil,5.33155713212533,-4.673395081149796,False
2408409,5.899593701742095,0.012756964636679958,17.0,RN,Nordeste,<5 mil,5.641114245833187,0.2584794559089083,True
2408508,5.162277780151108,-0.026061383187023505,17.0,RN,Nordeste,<5 mil,4.868907331306901,0.2933704488442066,True
2408607,0.0,-0.19379580290562254,11.0,RN,Nordeste,<5 mil,1.7534559879599072,-1.7534559879599072,False
2408706,2.839632719366648,-0.13720881459640313,22.0,RN,Nordeste,<5 mil,4.8763480788038445,-2.0367153594371965,False
2408805,9.422119523403694,0.24226160110166192,17.0,RN,Nordeste,<5 mil,6.206373449528978,3.2157460738747163,True
2408904,5.3590470354389765,-0.09364939842093349,17.0,RN,Nordeste,5-20 mil,6.4597969627986,-1.1007499273596233,True
2408953,1.3313548255079866,-0.07545446107532905,13.0,RN,Nordeste,<5 mil,1.7695262121249082,-0.4381713866169217,False
2409100,3.9072037564593245,-0.07447898774326889,17.0,RN,Nordeste,5-20 mil,4.922354559142685,-1.0151508026833609,False
2409209,6.460748284640488,0.09461455743558723,17.0,RN,Nordeste,<5 mil,5.047817063241279,1.4129312213992087,True
2409308,2.547292759823222,-0.23812941066735124,21.0,RN,Nordeste,5-20 mil,4.927009124252269,-2.379716364429047,False
2409332,4.522554461979794,-0.0391561708085625,20.0,RN,Nordeste,<5 mil,5.04719768997384,-0.5246432279940461,False
2409407,0.0,-0.35244020789572694,27.0,RN,Nordeste,20-50 mil,6.45153002939241,-6.45153002939241,False
2409506,5.6882254200909985,0.002993070041816659,22.0,RN,Nordeste,<5 mil,6.0439620290154,-0.35573660892440184,True
2409605,6.409979948893181,-0.1938436526686995,22.0,RN,Nordeste,<5 mil,5.835244850451896,0.5747350984412849,True
2409704,2.770643426284437,-0.2686208175891518,22.0,RN,Nordeste,<5 mil,6.478978407521844,-3.7083349812374076,False
2409803,4.779379174767634,-0.019039590619043627,19.0,RN,Nordeste,5-20 mil,5.337419584133481,-0.5580404093658471,False
2409902,5.670189009807885,-0.04593360175247734,17.0,RN,Nordeste,5-20 mil,6.032669114191753,-0.36248010438386835,True
2410009,1.7258813047327806,-0.11158796314623193,13.0,RN,Nordeste,<5 mil,4.426295070335436,-2.7004137656026552,False
2410108,5.728411368756582,0.037035660680519084,17.0,RN,Nordeste,5-20 mil,4.996313830869389,0.732097537887193,True
2410207,3.9941145831130314,-0.0763968112723549,17.0,RN,Nordeste,<5 mil,4.968260077994179,-0.9741454948811477,False
2410256,3.9300982750480102,-0.08729046892206183,17.0,RN,Nordeste,<5 mil,4.858448119117468,-0.9283498440694578,False
2410306,5.066918246982546,-0.01653495701743409,17.0,RN,Nordeste,5-20 mil,4.976907374467476,0.09001087251506945,True
2410405,3.3148274422676423,-0.1529373002019514,22.0,RN,Nordeste,<5 mil,5.586810266303598,-2.2719828240359554,False
2410504,0.8659123007336689,-0.1931888428450102,15.0,RN,Nordeste,<5 mil,4.740033994018538,-3.874121693284869,False
2410603,3.694103091454565,-0.10834021250102899,17.0,RN,Nordeste,<5 mil,4.934897461785653,-1.2407943703310877,False
2410702,6.03297296087472,-0.003296121645603894,17.0,RN,Nordeste,<5 mil,5.774499292377154,0.25847366849756614,True
2410801,5.11577350137042,0.011286230103217791,17.0,RN,Nordeste,<5 mil,5.784488968991462,-0.6687154676210421,True
2410900,6.73249247371036,-0.005336373343504496,17.0,RN,Nordeste,5-20 mil,7.095341146069884,-0.3628486723595232,True
2411007,5.045926292537583,-0.012994124165811501,20.0,RN,Nordeste,<5 mil,5.424492483850461,-0.3785661913128777,True
2411056,6.276101403467546,-0.0041016551457991966,17.0,RN,Nordeste,<5 mil,6.458454673150932,-0.18235326968338583,True
2411106,5.156604804777658,-0.020795104144486733,17.0,RN,Nordeste,<5 mil,5.4429199803240245,-0.2863151755463669,True
2411205,2.0022899686637743,-0.1905425277112684,16.0,RN,Nordeste,20-50 mil,4.0003589609256895,-1.9980689922619153,False
2411403,1.7233028124658745,-0.23050834024524652,21.0,RN,Nordeste,5-20 mil,5.045679589485929,-3.3223767770200547,False
2411429,6.482194854356614,-0.025207021234512482,17.0,RN,Nordeste,<5 mil,6.728143713149675,-0.24594885879306094,True
2411502,5.524009411607299,-0.0053318095082977345,20.0,RN,Nordeste,5-20 mil,4.736098616119435,0.7879107954878641,True
2411601,4.994160190165019,-0.0229693477606447,22.0,RN,Nordeste,<5 mil,5.61204381307696,-0.6178836229119415,False
2411700,5.8126660517514495,-0.05576916503061315,16.0,RN,Nordeste,<5 mil,6.305522566505356,-0.4928565147539068,True
2411809,3.9785285603717853,-0.09750740356810111,17.0,RN,Nordeste,<5 mil,5.335371116011512,-1.3568425556397266,False
2411908,4.260308081814113,-0.011980422758603565,16.0,RN,Nordeste,<5 mil,4.60802214675249,-0.3477140649383772,False
2412005,4.338733664022342,-0.03177452312846107,24.0,RN,Nordeste,50-100 mil,4.948147230425685,-0.6094135664033429,False
2412104,4.519314304011502,-0.040097350560769844,17.0,RN,Nordeste,<5 mil,4.817768739271814,-0.2984544352603118,False
2412203,2.67638744732983,-0.17337152161878447,17.0,RN,Nordeste,20-50 mil,4.271495170069784,-1.5951077227399537,False
2412302,4.282150847896844,-0.050271672374820095,17.0,RN,Nordeste,5-20 mil,4.661692119227093,-0.3795412713302486,False
2412401,7.373049012432574,0.019097322340368424,17.0,RN,Nordeste,<5 mil,6.218942278951682,1.1541067334808917,True
2412500,2.84504925248865,-0.10652328734869916,11.0,RN,Nordeste,5-20 mil,4.346833616105769,-1.5017843636171193,False
2412559,0.0,-0.40911271418392714,15.0,RN,Nordeste,<5 mil,3.636935469862776,-3.636935469862776,False
2412609,4.064813413134885,-0.1003752559793444,19.0,RN,Nordeste,5-20 mil,5.547378457213513,-1.482565044078628,False
2412708,5.671367046644459,-0.009261131197832024,17.0,RN,Nordeste,<5 mil,5.1337049079817865,0.5376621386626725,True
2412807,5.033108562419699,-0.04450267602356929,17.0,RN,Nordeste,5-20 mil,5.890278085840042,-0.8571695234203434,True
2412906,6.240105867911893,-0.025593574088634073,19.0,RN,Nordeste,5-20 mil,6.968383977424146,-0.728278109512253,True
2413003,5.4947366393122365,0.025502046960427485,17.0,RN,Nordeste,<5 mil,5.527242121270951,-0.03250548195871428,True
2413102,4.58704777039884,-0.048340096635027,17.0,RN,Nordeste,<5 mil,5.058545201036605,-0.47149743063776484,False
2413201,5.905112556392378,0.0015891501288417753,17.0,RN,Nordeste,<5 mil,5.642454055443069,0.26265850094930965,True
2413300,5.693698116579512,0.038439699087213286,16.0,RN,Nordeste,<5 mil,4.961930867846977,0.7317672487325346,True
2413359,3.9618444643089106,-0.058555992081846246,6.0,RN,Nordeste,<5 mil,1.4611877581200745,2.500656706188836,False
2413409,1.6127302023582786,-0.07920333428733699,11.0,RN,Nordeste,5-20 mil,2.881376508606269,-1.2686463062479905,False
2413508,6.449472339659252,0.073034233522316,17.0,RN,Nordeste,<5 mil,5.127830705658449,1.3216416340008026,True
2413557,4.688802732181124,-0.018388720004822515,17.0,RN,Nordeste,<5 mil,4.945358481160616,-0.2565557489794923,False
2413607,2.135302389540641,-0.16362607659232267,23.0,RN,Nordeste,<5 mil,4.968349881206608,-2.833047491665967,False
2413706,10.763079355924333,0.30729964945123883,17.0,RN,Nordeste,<5 mil,7.867028056050442,2.896051299873891,True
2413805,5.087985648994874,-0.019743851033791733,17.0,RN,Nordeste,<5 mil,4.84995924052837,0.2380264084665038,True
2413904,3.4198946013576688,-0.12361227062760574,22.0,RN,Nordeste,<5 mil,4.958986538684476,-1.5390919373268073,False
2414001,3.537994166591261,-0.11855838394062579,23.0,RN,Nordeste,5-20 mil,5.0324876007153785,-1.4944934341241174,False
2414100,1.5938248887701434,-0.1540368311848182,15.0,RN,Nordeste,5-20 mil,4.694069550177836,-3.100244661407692,False
2414159,13.481545126401784,0.4272722462867333,17.0,RN,Nordeste,<5 mil,9.673654452585104,3.8078906738166793,True
2414209,13.112195806597242,0.08987940707701703,23.0,RN,Nordeste,5-20 mil,12.792840014873654,0.31935579172358786,True
2414308,2.910538852686841,-0.1848391535664519,17.0,RN,Nordeste,<5 mil,5.822738515724135,-2.9121996630372937,False
2414407,2.8823116135150713,-0.11626091799500474,16.0,RN,Nordeste,5-20 mil,3.647759400840663,-0.7654477873255918,False
2414456,4.607272292074043,0.0007567376393087607,17.0,RN,Nordeste,<5 mil,5.82252228977069,-1.215249997696647,False
2414506,2.3328926995184247,-0.20446399745027055,22.0,RN,Nordeste,5-20 mil,5.43955088652678,-3.106658187008355,False
2414605,3.400701444655624,-0.1394246599107062,22.0,RN,Nordeste,5-20 mil,5.280532156666816,-1.8798307120111923,False
2414704,4.481515274177426,-0.035004275223503446,17.0,RN,Nordeste,<5 mil,4.807341496941861,-0.3258262227644355,False
2414753,3.0167700088301217,-0.15938369059884047,16.0,RN,Nordeste,<5 mil,5.469203023435503,-2.452433014605381,False
2414803,8.436031023746466,0.12914206223808616,17.0,RN,Nordeste,5-20 mil,6.685245094371039,1.7507859293754269,True
2414902,5.403935213440923,0.0018930117856011544,17.0,RN,Nordeste,<5 mil,5.299962565701014,0.10397264773990944,True
2415008,5.458195681937923,-0.026878401207080842,17.0,RN,Nordeste,<5 mil,6.021596102374175,-0.5634004204362517,True
2500106,4.51558918466128,-0.010341724046137929,20.0,PB,Nordeste,<5 mil,3.605851821836988,0.9097373628242922,False
2500205,4.48138124361779,-0.03232424499787137,18.0,PB,Nordeste,<5 mil,5.2034114919774455,-0.7220302483596557,False
2500304,5.154136257107098,-0.09293592742604055,25.0,PB,Nordeste,5-20 mil,7.840994716296167,-2.686858459189069,True
2500403,4.366259975412856,0.01725648021106709,19.0,PB,Nordeste,5-20 mil,4.908771303595459,-0.5425113281826031,False
2500502,0.0,-0.1187322303193383,21.0,PB,Nordeste,5-20 mil,0.8680555555555556,-0.8680555555555556,False
2500536,0.0,0.0,4.0,PB,Nordeste,<5 mil,0.0,0.0,False
2500577,2.6177702154514293,-0.10200724020717578,9.0,PB,Nordeste,<5 mil,3.780179158604794,-1.1624089431533648,False
2500601,6.785199925631744,0.020279240094047628,22.0,PB,Nordeste,5-20 mil,7.154716138962333,-0.3695162133305887,True
2500700,3.7323979039892947,-0.09468732802099722,17.0,PB,Nordeste,5-20 mil,5.596670205253933,-1.8642723012646387,False
2500734,27.7208506617053,1.2144124517282104,5.0,PB,Nordeste,<5 mil,6.43107481060606,21.28977585109924,True
2500775,5.109532763812171,-0.003227992314910748,18.0,PB,Nordeste,<5 mil,5.918563069810631,-0.8090303059984603,True
2500809,6.825065694006241,0.09408022297362796,16.0,PB,Nordeste,5-20 mil,5.389142478639415,1.4359232153668264,True
2500908,0.5099630782792133,-0.12716695278008575,15.0,PB,Nordeste,5-20 mil,0.6824290571638519,-0.17246597888463866,False
2501005,2.818396223287664,-0.11520720581737705,21.0,PB,Nordeste,5-20 mil,3.4151636100235367,-0.5967673867358729,False
2501104,4.4633023983318765,-0.1142722171245513,21.0,PB,Nordeste,5-20 mil,6.793023541351692,-2.3297211430198157,False
2501153,8.403384413890194,0.20498333157527684,10.0,PB,Nordeste,<5 mil,5.614232728940909,2.7891516849492852,True
2501203,2.1630692420291666,-0.04472220813985195,13.0,PB,Nordeste,5-20 mil,2.7155572316888343,-0.5524879896596677,False
2501302,3.451812007460095,-0.002630376042994429,16.0,PB,Nordeste,5-20 mil,6.0284781790391015,-2.5766661715790065,False
2501351,10.8748223255011,0.5077360684630832,4.0,PB,Nordeste,<5 mil,4.711016534345742,6.163805791155358,True
2501401,5.292095714420725,0.16534306307192698,4.0,PB,Nordeste,<5 mil,2.898909397775715,2.39318631664501,True
2501500,2.1435719874946244,-0.16541590772900203,21.0,PB,Nordeste,5-20 mil,3.858407303354287,-1.7148353158596628,False
2501575,3.460092559833768,-0.06214687586900925,14.0,PB,Nordeste,<5 mil,3.7467861305361305,-0.28669357070236234,False
2501609,2.8536634126390794,-0.06219449609648921,18.0,PB,Nordeste,5-20 mil,4.241387940705739,-1.3877245280666592,False
2501708,0.0,-0.2686326357280777,10.0,PB,Nordeste,<5 mil,2.577625503499469,-2.577625503499469,False
2501807,6.392582733000893,-0.02347428541646682,27.0,PB,Nordeste,50-100 mil,6.774154245705513,-0.3815715127046202,True
2501906,4.196206439152505,-0.011689065777823545,19.0,PB,Nordeste,5-20 mil,3.3427423078984115,0.8534641312540932,False
2502003,5.921255578725905,0.0543774365149527,20.0,PB,Nordeste,5-20 mil,5.352975631929889,0.5682799467960162,True
2502052,,,2.0,PB,Nordeste,<5 mil,2.785295664615241,,False
2502102,5.554474475743476,0.049708432035523144,17.0,PB,Nordeste,<5 mil,5.196963073665857,0.3575114020776189,True
2502151,6.8778996137802215,-0.0017435187456606683,18.0,PB,Nordeste,<5 mil,6.670163521904119,0.20773609187610287,True
2502201,4.916224374393806,-0.02828372173455576,20.0,PB,Nordeste,<5 mil,5.553905174322464,-0.637680799928658,False
2502300,3.7483701995448087,-0.03528335214051285,17.0,PB,Nordeste,<5 mil,4.614610566994622,-0.8662403674498131,False
2502409,4.809175889829433,-0.00932081615845913,18.0,PB,Nordeste,5-20 mil,4.9563656539718375,-0.14718976414240448,False
2502508,4.649648262851315,-0.07003969494667706,23.0,PB,Nordeste,5-20 mil,6.374576581718324,-1.7249283188670095,False
2502607,5.729620276060075,0.06407623889646397,19.0,PB,Nordeste,<5 mil,4.982310553929888,0.7473097221301872,True
2502706,,,0.0,PB,Nordeste,<5 mil,,,False
2502805,5.554510108486625,0.02991200636005096,19.0,PB,Nordeste,5-20 mil,4.558150277871083,0.9963598306155417,True
2502904,3.742259910505723,-0.03181727021301636,19.0,PB,Nordeste,<5 mil,5.693596497709472,-1.9513365872037491,False
2503001,5.278114194188195,0.014012792523153387,17.0,PB,Nordeste,5-20 mil,4.520816243574043,0.7572979506141522,True
2503100,4.06104695250437,-0.08588565899148806,18.0,PB,Nordeste,<5 mil,7.45987253165471,-3.3988255791503406,False
2503209,7.994509153273526,-0.06709247061058955,27.0,PB,Nordeste,50-100 mil,8.690564930212757,-0.6960557769392306,True
2503308,8.87591264424384,0.19427886136161548,18.0,PB,Nordeste,<5 mil,12.49679085528479,-3.6208782110409494,True
2503407,8.107316387334038,0.2106596940037384,12.0,PB,Nordeste,<5 mil,5.309986386569691,2.7973300007643465,True
2503506,1.5891480642825968,-0.08063402699575925,18.0,PB,Nordeste,5-20 mil,1.9962018242065265,-0.40705375992392967,False
2503555,4.4290457490187976,0.026621478866662746,15.0,PB,Nordeste,<5 mil,3.1629823712861307,1.2660633777326669,False
2503605,2.779222099959469,-0.0921930377369744,20.0,PB,Nordeste,5-20 mil,3.0671693066779397,-0.28794720671847074,False
2503704,3.2688887008860092,-0.19427167492176328,26.0,PB,Nordeste,50-100 mil,6.373498951671277,-3.1046102507852673,False
2503753,7.991792684811401,0.11218700741013592,18.0,PB,Nordeste,<5 mil,5.836300446411906,2.1554922383994946,True
2503803,4.370476564409188,-0.023641041469124203,18.0,PB,Nordeste,<5 mil,5.106628923434512,-0.7361523590253238,False
2503902,4.986409073786284,0.0033360827113646193,18.0,PB,Nordeste,<5 mil,5.21814496416747,-0.23173589038118614,False
2504009,3.9496850389817837,-0.32049016030469946,27.0,PB,Nordeste,100-500 mil,9.292785043976492,-5.343100004994708,False
2504033,10.243631594188287,0.35381410719541034,14.0,PB,Nordeste,<5 mil,6.794940335870321,3.4486912583179654,True
2504074,3.3768830161392174,-0.05321693246902962,19.0,PB,Nordeste,<5 mil,4.93242096387058,-1.555537947731363,False
2504108,4.306039834373053,-0.013959557996586505,14.0,PB,Nordeste,<5 mil,5.305624797488568,-0.9995849631155158,False
2504157,0.1632185651280338,-0.17266062664119528,18.0,PB,Nordeste,<5 mil,1.0410551284907903,-0.8778365633627565,False
2504207,4.390480517070088,-0.03770493912141284,18.0,PB,Nordeste,<5 mil,4.559002400743599,-0.1685218836735105,False
2504306,4.683307577516416,-0.12303305881991365,25.0,PB,Nordeste,20-50 mil,6.4236946171555065,-1.7403870396390904,False
2504355,0.0,-0.49466362610137715,18.0,PB,Nordeste,<5 mil,11.615653301112102,-11.615653301112102,False
2504405,3.9299146447005455,-0.07168502556357416,21.0,PB,Nordeste,5-20 mil,4.938431304540282,-1.0085166598397368,False
2504504,5.744242343031274,0.04579322477448349,20.0,PB,Nordeste,<5 mil,5.611621264821406,0.13262107820986824,True
2504603,7.223437556089181,0.05842293626012632,19.0,PB,Nordeste,5-20 mil,6.206998185527625,1.0164393705615558,True
2504702,4.963956790651572,0.02150024514274027,18.0,PB,Nordeste,<5 mil,4.702729673373842,0.2612271172777305,False
2504801,,,1.0,PB,Nordeste,5-20 mil,0.0,,False
2504850,3.4314206069749105,-0.08448698837908748,18.0,PB,Nordeste,<5 mil,4.457328553801325,-1.0259079468264147,False
2504900,6.095033580506907,0.028079619729864173,19.0,PB,Nordeste,5-20 mil,5.513963378364797,0.5810702021421106,True
2505006,5.442115192112354,0.03528800383648309,19.0,PB,Nordeste,5-20 mil,5.1192118742201655,0.3229033178921883,True
2505105,1.9223587941148992,-0.10271638627462171,15.0,PB,Nordeste,5-20 mil,2.1311880544341784,-0.20882926031927918,False
2505204,6.134477441604702,0.0651042765444443,19.0,PB,Nordeste,5-20 mil,5.051799517238688,1.0826779243660134,True
2505238,9.652564855885089,0.31354980840949614,14.0,PB,Nordeste,<5 mil,4.64127563632824,5.011289219556849,True
2505279,0.0,0.0,3.0,PB,Nordeste,<5 mil,0.0,0.0,False
2505303,,,0.0,PB,Nordeste,<5 mil,,,False
2505352,0.0,-0.2930975524290009,10.0,PB,Nordeste,<5 mil,1.106329829681735,-1.106329829681735,False
2505402,5.680164424693714,0.08097417806312869,18.0,PB,Nordeste,5-20 mil,4.384201318113874,1.2959631065798405,True
2505501,5.079844589567049,0.013865377890379877,16.0,PB,Nordeste,<5 mil,4.805556228817496,0.2742883607495532,True
2505600,4.059816626736225,-0.015479362832026,18.0,PB,Nordeste,<5 mil,4.93708102172908,-0.8772643949928547,False
2505709,2.9774346572670964,-0.028592155626624875,10.0,PB,Nordeste,<5 mil,0.9162722563995715,2.061162400867525,False
2505808,5.470258618641395,0.05733147937204167,19.0,PB,Nordeste,<5 mil,2.898689857433064,2.571568761208331,True
2505907,1.6367009580221747,-0.17257907687824714,20.0,PB,Nordeste,<5 mil,4.765544634173562,-3.128843676151387,False
2506004,0.3854234431976806,-0.13550286056136804,20.0,PB,Nordeste,20-50 mil,2.6723892128661757,-2.286965769668495,False
2506103,4.896832796299364,0.036640891405373986,19.0,PB,Nordeste,5-20 mil,4.008507447377449,0.8883253489219154,False
2506202,0.0,-0.28970741821209495,13.0,PB,Nordeste,<5 mil,4.133455101500061,-4.133455101500061,False
2506251,0.0,-0.6484865417324603,7.0,PB,Nordeste,<5 mil,0.0,0.0,False
2506301,8.220102847153257,-0.02238299857991527,23.0,PB,Nordeste,50-100 mil,8.104997726765891,0.11510512038736564,True
2506400,8.340442232012265,0.16908917431235423,18.0,PB,Nordeste,5-20 mil,9.55808856108916,-1.2176463290768957,True
2506509,2.9405627864665576,-0.09676194898514734,18.0,PB,Nordeste,<5 mil,4.63492324894932,-1.6943604624827628,False
2506608,5.194076492964513,0.010662986032563685,21.0,PB,Nordeste,<5 mil,5.142914213512764,0.05116227945174856,True
2506707,4.216200792336146,0.022934557211060847,18.0,PB,Nordeste,5-20 mil,4.608806711126914,-0.39260591879076845,False
2506806,5.494934361923043,0.0425904925374944,19.0,PB,Nordeste,5-20 mil,5.254598227556677,0.24033613436636614,True
2506905,7.664652902482658,0.09115541827169216,26.0,PB,Nordeste,5-20 mil,6.173178847891618,1.4914740545910394,True
2507002,4.245700072484908,-0.1104635733967473,22.0,PB,Nordeste,5-20 mil,6.948428156415101,-2.702728083930193,False
2507101,0.0,0.0,10.0,PB,Nordeste,5-20 mil,0.0,0.0,False
2507200,6.2741380201257755,0.08831296799231202,20.0,PB,Nordeste,5-20 mil,5.051811988546023,1.2223260315797528,True
2507309,5.490999153627984,-0.0076426542318361775,22.0,PB,Nordeste,5-20 mil,5.694157272058091,-0.20315811843010767,True
2507408,2.7632770271836193,-0.10786180300203953,21.0,PB,Nordeste,<5 mil,5.050909994647091,-2.2876329674634714,False
2507507,4.8716659478495785,-0.3847436721177867,27.0,PB,Nordeste,500 mil+,10.877639913808144,-6.005973965958566,False
2507606,4.3177204651623695,0.00014648646244460968,19.0,PB,Nordeste,5-20 mil,4.34493389322376,-0.027213428061390488,False
2507705,5.373194325658503,0.02685344205587781,21.0,PB,Nordeste,5-20 mil,4.726653789787962,0.6465405358705407,True
2507804,9.86375312760174,0.540169808473322,4.0,PB,Nordeste,<5 mil,1.8721958088954056,7.9915573187063345,True
2507903,4.781022873497488,-0.013362222398316673,21.0,PB,Nordeste,5-20 mil,5.35636840397164,-0.5753455304741522,False
2508000,5.337419316554303,0.04196213214614691,19.0,PB,Nordeste,<5 mil,4.672236987710571,0.6651823288437324,True
2508109,3.2664899142755814,-0.06913112063822306,18.0,PB,Nordeste,<5 mil,4.3362710788719445,-1.069781164596363,False
2508208,4.887457282977238,0.026274185312694362,19.0,PB,Nordeste,<5 mil,3.18104443953785,1.7064128434393875,False
2508307,6.166006120026893,0.060729597070774806,21.0,PB,Nordeste,5-20 mil,5.220025242817888,0.9459808772090046,True
2508406,3.7020064884779345,-0.1028898982101001,17.0,PB,Nordeste,<5 mil,5.435687318731873,-1.7336808302539382,False
2508505,4.0610313801944535,-0.014007866087435886,18.0,PB,Nordeste,<5 mil,4.60214928275377,-0.5411179025593169,False
2508554,1.4145596550532673,-0.17540072690479647,17.0,PB,Nordeste,<5 mil,3.053188354549741,-1.6386286994964738,False
2508604,7.343322771523759,0.07072597564103307,19.0,PB,Nordeste,5-20 mil,5.83180990254714,1.5115128689766193,True
2508703,6.962923204251069,0.33136320904907396,13.0,PB,Nordeste,<5 mil,3.196821040799733,3.7661021634513365,True
2508802,4.925474470031168,0.00017037197358051726,19.0,PB,Nordeste,5-20 mil,4.79579037355224,0.1296840964789281,False
2508901,8.259839578289473,0.05226142863866449,22.0,PB,Nordeste,20-50 mil,8.723226236081734,-0.4633866577922614,True
2509008,5.218539242702192,0.03561315046309261,19.0,PB,Nordeste,5-20 mil,4.666586934515047,0.5519523081871451,True
2509057,,,0.0,PB,Nordeste,<5 mil,,,False
2509107,5.055324435086039,0.012528249223457813,21.0,PB,Nordeste,5-20 mil,5.120867923668032,-0.06554348858199344,True
2509156,5.797931394576054,0.05598712142384357,19.0,PB,Nordeste,5-20 mil,5.203728309947559,0.5942030846284947,True
2509206,5.0277788895098325,0.05556150961724167,20.0,PB,Nordeste,<5 mil,4.630654650243445,0.39712423926638785,True
2509305,0.0,0.0,12.0,PB,Nordeste,5-20 mil,0.0,0.0,False
2509339,4.935230439297328,0.040727840721792856,13.0,PB,Nordeste,<5 mil,4.100975010114994,0.8342554291823339,False
2509370,3.6741516444711237,-0.06696449906455404,18.0,PB,Nordeste,<5 mil,5.187087951038541,-1.5129363065674175,False
2509396,2.969521495155327,-0.010654798408015458,14.0,PB,Nordeste,<5 mil,2.064274336427977,0.9052471587273496,False
2509404,11.779897474383802,0.25073445614533385,19.0,PB,Nordeste,5-20 mil,7.112479664279986,4.6674178101038155,True
2509503,0.0,-0.15167755795898283,7.0,PB,Nordeste,<5 mil,2.7869464272008595,-2.7869464272008595,False
2509602,2.135207031385278,-0.12377481437568626,18.0,PB,Nordeste,<5 mil,4.457058332095836,-2.3218513007105583,False
2509701,5.689236190071767,-0.04939905233414554,23.0,PB,Nordeste,20-50 mil,6.821500240933184,-1.1322640508614166,True
2509800,6.119910867538408,0.07241093252213862,19.0,PB,Nordeste,<5 mil,4.721183575580373,1.3987272919580356,True
2509909,4.180531170849292,-0.07306530545899148,20.0,PB,Nordeste,<5 mil,5.651774288942947,-1.4712431180936552,False
2510006,3.996430705307418,-0.027840987123859195,18.0,PB,Nordeste,<5 mil,4.787828787234124,-0.7913980819267064,False
2510105,4.638010950295396,0.038067336649810275,11.0,PB,Nordeste,5-20 mil,2.3157196119700183,2.3222913383253774,False
2510204,5.2501233113454475,0.03489545885123761,19.0,PB,Nordeste,<5 mil,4.5459736244560425,0.704149686889405,True
2510303,1.706323461036277,-0.11571716787787895,12.0,PB,Nordeste,<5 mil,3.4502080778319524,-1.7438846167956754,False
2510402,5.90455275860883,0.03794238500946828,18.0,PB,Nordeste,<5 mil,5.448294201345645,0.456258557263185,True
2510501,3.041202099068869,-0.06359766142177843,18.0,PB,Nordeste,<5 mil,4.079524768545912,-1.0383226694770435,False
2510600,4.502425773097018,0.009727496040450492,18.0,PB,Nordeste,<5 mil,4.418488095293355,0.08393767780366268,False
2510659,3.8353204714430476,0.011589718055572497,10.0,PB,Nordeste,<5 mil,0.7333936030321782,3.101926868410869,False
2510709,8.781155743482145,0.2266947049746745,12.0,PB,Nordeste,<5 mil,5.191062291192218,3.590093452289927,True
2510808,4.287895124676595,-0.13907054812733513,27.0,PB,Nordeste,100-500 mil,6.664950965176287,-2.3770558404996915,False
2510907,6.113508338751274,0.04550613305989585,20.0,PB,Nordeste,5-20 mil,5.387490719180614,0.7260176195706594,True
2511004,7.529370373070833,0.3492141209716299,11.0,PB,Nordeste,<5 mil,4.439249924200444,3.0901204488703886,True
2511103,2.3604050063613045,-0.12978868042450545,20.0,PB,Nordeste,<5 mil,4.25185785669187,-1.8914528503305652,False
2511202,4.60625885064708,-0.0595497776581976,22.0,PB,Nordeste,5-20 mil,5.8471931287175964,-1.2409342780705162,False
2511301,4.522727575339445,-0.05685010141853359,22.0,PB,Nordeste,5-20 mil,5.786245097417835,-1.2635175220783896,False
2511400,0.2905215428941119,-0.2071836689487186,18.0,PB,Nordeste,5-20 mil,3.300929349915418,-3.010407807021306,False
2511509,5.721310858188502,0.048988028596219965,19.0,PB,Nordeste,5-20 mil,5.221953187981961,0.49935767020654165,True
2511608,0.0,-0.3233152227225836,14.0,PB,Nordeste,<5 mil,5.129954219799726,-5.129954219799726,False
2511707,4.495305502757589,-0.0003824919050381128,18.0,PB,Nordeste,<5 mil,4.943806832374058,-0.4485013296164695,False
2511806,5.159053717278798,0.017441659812526454,19.0,PB,Nordeste,5-20 mil,3.1069516467680027,2.0521020705107955,True
2511905,7.237711758667643,0.08193673977370998,19.0,PB,Nordeste,5-20 mil,6.183328158846813,1.05438359982083,True
2512002,2.005669808445532,-0.11393882987908835,20.0,PB,Nordeste,5-20 mil,4.380612227033792,-2.37494241858826,False
2512036,12.007645760136256,0.48825995897482205,11.0,PB,Nordeste,<5 mil,5.305492299229924,6.702153460906333,True
2512077,9.024042669444611,0.32979430422752687,13.0,PB,Nordeste,<5 mil,4.468182901446925,4.555859767997687,True
2512101,4.652015150156501,-0.08510546706988181,25.0,PB,Nordeste,20-50 mil,6.05172868756508,-1.3997135374085792,False
2512200,5.167373875108247,0.01777450595360112,18.0,PB,Nordeste,<5 mil,4.968597182298875,0.19877669280937216,True
2512309,2.3439502516073105,-0.1255153021573904,20.0,PB,Nordeste,5-20 mil,4.836129167310037,-2.492178915702726,False
2512408,3.7443988046341303,-0.03339613447552242,14.0,PB,Nordeste,<5 mil,4.441076452639576,-0.696677648005446,False
2512507,5.722561756183694,0.04889891086768789,19.0,PB,Nordeste,20-50 mil,4.875235957167074,0.8473257990166205,True
2512606,6.1527270350711945,0.0615497816013687,11.0,PB,Nordeste,<5 mil,5.239059943654622,0.9136670914165723,True
2512705,0.8827951038210813,-0.12671858521679538,15.0,PB,Nordeste,5-20 mil,3.7623026954735344,-2.879507591652453,False
2512721,7.844113829304661,0.18918767464833897,15.0,PB,Nordeste,<5 mil,5.12481029836231,2.7193035309423506,True
2512747,0.0,-0.2946365936032876,13.0,PB,Nordeste,<5 mil,0.7077141799444846,-0.7077141799444846,False
2512754,2.5120168576031574,-0.07412784215960305,17.0,PB,Nordeste,<5 mil,5.146174357340684,-2.634157499737527,False
2512762,,,1.0,PB,Nordeste,<5 mil,0.0,,False
2512788,0.6202246575589925,-0.14194206315539057,13.0,PB,Nordeste,<5 mil,0.0,0.6202246575589925,False
2512804,0.0,-0.33255731989235343,10.0,PB,Nordeste,<5 mil,0.0,0.0,False
2512903,8.683033932369582,0.03637484355192833,22.0,PB,Nordeste,5-20 mil,9.109616777314796,-0.42658284494521403,True
2513000,16.786489268556807,0.775710960799509,11.0,PB,Nordeste,<5 mil,6.17817720725561,10.608312061301197,True
2513109,5.856759434381242,0.014715222368977722,19.0,PB,Nordeste,5-20 mil,5.587835848562829,0.26892358581841336,True
2513208,6.4416998663783716,0.09567821527557467,16.0,PB,Nordeste,<5 mil,5.380559861435107,1.0611400049432644,True
2513307,4.248977826334617,-0.02176480604441611,18.0,PB,Nordeste,<5 mil,4.934921266956917,-0.6859434406223004,False
2513356,0.0,-0.06598724082272517,5.0,PB,Nordeste,<5 mil,0.4098360655737705,-0.4098360655737705,False
2513406,5.85054160140281,0.03930492860116417,23.0,PB,Nordeste,5-20 mil,5.809253609612753,0.04128799179005682,True
2513505,4.236000486670619,-0.046605886867920866,18.0,PB,Nordeste,<5 mil,4.722963175998217,-0.4869626893275978,False
2513604,5.5072723414495,0.023011164773072884,21.0,PB,Nordeste,<5 mil,5.0501533474187,0.45711899403080025,True
2513653,8.581825513664569,0.2559050315827271,11.0,PB,Nordeste,<5 mil,5.283052346901357,3.298773166763212,True
2513703,3.534562811074977,-0.1356272828801686,26.0,PB,Nordeste,100-500 mil,4.053731985615681,-0.5191691745407034,False
2513802,3.6600629005766905,-0.07547603603424824,20.0,PB,Nordeste,<5 mil,4.931761418877359,-1.2716985183006688,False
2513851,0.0,-0.8798119800010704,4.0,PB,Nordeste,<5 mil,0.8152969860478112,-0.8152969860478112,False
2513901,4.9767576583659405,-0.02924500836301245,21.0,PB,Nordeste,20-50 mil,5.501784516237049,-0.5250268578711088,False
2513927,4.925175409490277,0.004782174163901683,18.0,PB,Nordeste,<5 mil,4.942421083102682,-0.01724567361240492,False
2513943,4.080345795430702,-0.06568210078910963,18.0,PB,Nordeste,<5 mil,5.248260252204824,-1.1679144567741222,False
2513968,0.0,0.0,3.0,PB,Nordeste,<5 mil,0.0,0.0,False
2513984,10.398147911131218,0.40313523175540944,12.0,PB,Nordeste,<5 mil,5.637765807473196,4.7603821036580225,True
2514008,1.796198433565678,-0.15939822103589213,18.0,PB,Nordeste,<5 mil,0.9567415094204588,0.8394569241452192,False
2514107,,,1.0,PB,Nordeste,<5 mil,0.0,,False
2514206,4.044183949364779,-0.01642160646102501,19.0,PB,Nordeste,<5 mil,4.995665505212231,-0.9514815558474519,False
2514305,4.417963313308949,-0.01483239440905082,18.0,PB,Nordeste,<5 mil,4.399782209823805,0.018181103485144234,False
2514404,6.056166828159498,0.027989520946782684,18.0,PB,Nordeste,<5 mil,5.461352906123946,0.5948139220355513,True
2514453,5.037711416534137,0.03513882212923833,18.0,PB,Nordeste,<5 mil,5.084184406413151,-0.04647298987901394,True
2514503,3.8883272850606545,-0.05633647059743743,21.0,PB,Nordeste,5-20 mil,5.557446525067632,-1.6691192400069772,False
2514552,,,1.0,PB,Nordeste,<5 mil,0.0,,False
2514602,5.5618950087011,0.04052784464011878,20.0,PB,Nordeste,<5 mil,4.946105150915644,0.6157898577854564,True
2514651,12.640065915594505,0.6013225878190168,10.0,PB,Nordeste,<5 mil,5.624261718298902,7.015804197295603,True
2514701,3.672615597590635,-0.05752767576605871,18.0,PB,Nordeste,<5 mil,4.532362760704344,-0.8597471631137088,False
2514800,4.072057333855582,-0.022204267120498118,18.0,PB,Nordeste,<5 mil,4.426039299626685,-0.3539819657711023,False
2514909,6.025830436405968,0.06071933653013042,21.0,PB,Nordeste,5-20 mil,5.09812932421437,0.9277011121915981,True
2515005,1.5328237369191413,0.07202424787932912,5.0,PB,Nordeste,<5 mil,0.8938393839383938,0.6389843529807475,False
2515104,6.810798075161472,0.14819909371810874,20.0,PB,Nordeste,<5 mil,4.802400955504355,2.0083971196571166,True
2515203,,,1.0,PB,Nordeste,<5 mil,0.0,,False
2515302,5.364399796007831,-0.07241723562537472,26.0,PB,Nordeste,20-50 mil,7.279911020670658,-1.9155112246628274,True
2515401,4.284312181228287,-0.028298125694871328,18.0,PB,Nordeste,<5 mil,4.760867348870809,-0.4765551676425215,False
2515500,4.758808313406367,-0.0021791131873565377,20.0,PB,Nordeste,5-20 mil,4.708171670917435,0.05063664248893218,False
2515609,4.092671447348142,-0.014512328375854663,18.0,PB,Nordeste,<5 mil,2.8200154862870006,1.2726559610611412,False
2515708,3.2324233594816434,-0.05849243556077459,18.0,PB,Nordeste,<5 mil,4.392892156005855,-1.1604687965242118,False
2515807,5.143879631225445,0.061049173259854886,16.0,PB,Nordeste,<5 mil,4.094440698380183,1.0494389328452627,True
2515906,3.2306636843815966,-0.10019647649328332,19.0,PB,Nordeste,<5 mil,3.388178730942639,-0.15751504656104265,False
2515930,3.3383669432155187,-0.03043460334001075,18.0,PB,Nordeste,<5 mil,3.006941858557918,0.3314250846576008,False
2515971,4.390562183145818,-0.06861057211651948,18.0,PB,Nordeste,<5 mil,5.537121892484155,-1.1465597093383373,False
2516003,3.453672019765989,-0.05751523429005054,23.0,PB,Nordeste,5-20 mil,3.3817964827941327,0.07187553697185622,False
2516102,5.1555336414384545,0.01030284345688263,20.0,PB,Nordeste,5-20 mil,4.846499027029759,0.30903461440869506,True
2516151,,,0.0,PB,Nordeste,<5 mil,,,False
2516201,0.0,-0.7097601136965394,13.0,PB,Nordeste,50-100 mil,1.915179566060824,-1.915179566060824,False
2516300,7.661108989189813,0.09795264941503769,21.0,PB,Nordeste,5-20 mil,6.491616513862579,1.1694924753272344,True
2516409,0.0,-0.19947394648537392,16.0,PB,Nordeste,<5 mil,0.6794355893686763,-0.6794355893686763,False
2516508,5.216129719451921,0.017278601460596458,18.0,PB,Nordeste,5-20 mil,5.261582916916922,-0.04545319746500098,True
2516607,6.409839533780627,0.10656330928792827,23.0,PB,Nordeste,5-20 mil,4.841812304358057,1.5680272294225697,True
2516706,3.46337900794472,-0.011547777846392202,17.0,PB,Nordeste,5-20 mil,2.53707720348306,0.92630180446166,False
2516755,0.0,0.0,5.0,PB,Nordeste,<5 mil,0.0,0.0,False
2516805,2.533657961519083,-0.08730821678671864,17.0,PB,Nordeste,<5 mil,4.742620555193561,-2.208962593674478,False
2516904,5.201766519551061,-0.01505195926621825,18.0,PB,Nordeste,5-20 mil,5.133104799984841,0.06866171956621958,True
2517001,5.947119009356925,0.03944999358900163,21.0,PB,Nordeste,<5 mil,5.712893849173571,0.23422516018335404,True
2517100,3.531322459480407,-0.09116752404368882,20.0,PB,Nordeste,<5 mil,5.234642460956622,-1.7033200014762153,False
2517209,6.092338707209386,0.021600980623960115,10.0,PB,Nordeste,<5 mil,5.620014886103995,0.47232382110539106,True
2517407,0.0,0.0,11.0,PB,Nordeste,<5 mil,0.0,0.0,False
2600054,3.4313276516856206,-0.06556113161980763,25.0,PE,Nordeste,50-100 mil,4.965925145583733,-1.5345974938981124,False
2600104,4.266993993024187,-0.03183723095123843,20.0,PE,Nordeste,20-50 mil,4.872845700825041,-0.6058517078008547,False
2600203,2.3140795316134586,-0.13772632487221556,19.0,PE,Nordeste,5-20 mil,3.7678329144414593,-1.4537533828280007,False
2600302,3.540146943918444,-0.06563930072349404,18.0,PE,Nordeste,5-20 mil,4.470873777910806,-0.9307268339923622,False
2600401,0.4987447088052477,-0.20090397077463862,23.0,PE,Nordeste,20-50 mil,4.258361796807272,-3.759617088002024,False
2600500,0.0,-0.21033619714231366,18.0,PE,Nordeste,20-50 mil,2.767505250232772,-2.767505250232772,False
2600609,0.6873686071112672,-0.10478344935327301,17.0,PE,Nordeste,5-20 mil,3.0075490799384936,-2.3201804728272264,False
2600708,3.6982998531515747,-0.027834823753564327,18.0,PE,Nordeste,20-50 mil,3.9343862895386223,-0.23608643638704763,False
2600807,4.207702730548184,-0.0021497019102696925,18.0,PE,Nordeste,5-20 mil,4.404993054192104,-0.1972903236439203,False
2600906,2.1308859160715308,-0.004151228909830245,4.0,PE,Nordeste,5-20 mil,2.164017475205356,-0.03313155913382504,False
2601003,3.867951930380535,-0.0227617612527979,17.0,PE,Nordeste,5-20 mil,4.109020902090209,-0.2410689717096739,False
2601052,1.842702244091356,-0.10008393348914763,24.0,PE,Nordeste,5-20 mil,3.557296564271812,-1.7145943201804559,False
2601102,3.573935836423601,-0.07448394444208584,20.0,PE,Nordeste,50-100 mil,4.527500371144381,-0.9535645347207797,False
2601201,6.072603426973728,0.06523390518866957,23.0,PE,Nordeste,50-100 mil,4.979190021963495,1.0934134050102333,True
2601300,3.972518138232907,0.0014675732138096408,17.0,PE,Nordeste,5-20 mil,3.982019054800628,-0.009500916567720896,False
2601409,3.094733805396544,-0.10180150497640744,22.0,PE,Nordeste,20-50 mil,3.546306063239234,-0.45157225784268995,False
2601508,5.0943828839397725,0.039239154855717384,22.0,PE,Nordeste,5-20 mil,4.021529145421353,1.0728537385184191,True
2601607,3.8878840428526473,-0.14058981219289832,19.0,PE,Nordeste,5-20 mil,5.282187512241811,-1.3943034693891638,False
2601706,1.7421573194465054,-0.14075438106156393,19.0,PE,Nordeste,50-100 mil,4.490667292840839,-2.7485099733943334,False
2601805,6.406117076928837,0.11684114094694147,17.0,PE,Nordeste,<5 mil,5.18762534802188,1.2184917289069563,True
2601904,4.893602239814864,0.017311099428255816,18.0,PE,Nordeste,50-100 mil,4.557589624281042,0.33601261553382233,False
2602001,3.242746015042485,-0.08345504881884996,17.0,PE,Nordeste,5-20 mil,4.172599324531201,-0.929853309488716,False
2602100,4.421363581572223,-0.03811172978982571,20.0,PE,Nordeste,20-50 mil,5.049408095107349,-0.6280445135351265,False
2602209,3.2676295738118526,-0.023860781909005885,18.0,PE,Nordeste,5-20 mil,2.932746475544304,0.3348830982675488,False
2602308,5.243241538250956,0.01865054713099643,23.0,PE,Nordeste,20-50 mil,5.097545778614192,0.14569575963676407,True
2602407,3.1266877270237785,-0.06791838030935927,17.0,PE,Nordeste,<5 mil,4.11473250352379,-0.9880447765000113,False
2602506,2.6928357714071325,-0.06222917755867812,17.0,PE,Nordeste,<5 mil,4.21647576032383,-1.5236399889166972,False
2602605,0.0,-0.18111662926744526,20.0,PE,Nordeste,20-50 mil,2.951203116370779,-2.951203116370779,False
2602704,3.9990180978020184,0.009764642886260734,17.0,PE,Nordeste,5-20 mil,3.681012945147514,0.31800515265450446,False
2602803,2.860211108748558,-0.049676804336200205,23.0,PE,Nordeste,20-50 mil,3.38810791733163,-0.5278968085830718,False
2602902,5.374029998807941,-0.25601023413856944,25.0,PE,Nordeste,100-500 mil,9.53415403136253,-4.160124032554588,True
2603009,2.668902515586751,-0.14483303938131048,20.0,PE,Nordeste,20-50 mil,4.810923109933455,-2.142020594346704,False
2603108,5.025681365457352,0.03352384222106762,17.0,PE,Nordeste,5-20 mil,4.219681261110932,0.8060001043464204,True
2603207,3.1910739188860475,-0.22134486019954155,25.0,PE,Nordeste,5-20 mil,3.933946726537127,-0.7428728076510795,False
2603306,1.9878401930242262,-0.06347747007013506,17.0,PE,Nordeste,<5 mil,3.31751182722835,-1.3296716342041237,False
2603405,4.626230318453743,0.02009405355415147,17.0,PE,Nordeste,<5 mil,4.287334619319983,0.3388956991337597,False
2603454,3.624835011604034,-0.06131159598449002,25.0,PE,Nordeste,100-500 mil,4.290780655666284,-0.6659456440622495,False
2603504,4.888809975387602,0.04887411130398851,17.0,PE,Nordeste,5-20 mil,4.25539206826201,0.6334179071255921,False
2603603,4.649452773880499,0.001083526597044751,17.0,PE,Nordeste,5-20 mil,4.351729068721145,0.2977237051593544,False
2603702,4.669457665447116,-0.013391021090524249,18.0,PE,Nordeste,5-20 mil,5.235789970626436,-0.5663323051793201,False
2603801,3.406122217414193,0.005674640855636571,17.0,PE,Nordeste,5-20 mil,4.084550729622061,-0.6784285122078675,False
2603900,3.8905808716944392,-0.04260315728143578,17.0,PE,Nordeste,5-20 mil,4.314562440437812,-0.4239815687433728,False
2603926,0.0,0.0,4.0,PE,Nordeste,<5 mil,0.0,0.0,False
2604007,2.724433157446441,-0.10487605170146046,18.0,PE,Nordeste,50-100 mil,3.874289636859277,-1.1498564794128359,False
2604106,4.324847086160901,-0.15038055171506004,23.0,PE,Nordeste,100-500 mil,6.335979346485828,-2.011132260324927,False
2604155,1.2309182937256082,-0.14097889028104177,17.0,PE,Nordeste,<5 mil,4.022263073936052,-2.7913447802104434,False
2604205,0.0,-0.22547527274521528,10.0,PE,Nordeste,20-50 mil,2.229937530421508,-2.229937530421508,False
2604304,2.980375834097927,-0.0481735347391904,17.0,PE,Nordeste,5-20 mil,3.8996382104064966,-0.9192623763085694,False
2604403,2.5707820520727296,-0.06259679377247787,17.0,PE,Nordeste,5-20 mil,3.140165831025516,-0.5693837789527865,False
2604502,3.471795304058702,-0.039247247756150565,17.0,PE,Nordeste,5-20 mil,4.197834904504444,-0.7260396004457421,False
2604601,2.19899948801239,-0.0999581365470598,18.0,PE,Nordeste,20-50 mil,3.1575225825012168,-0.9585230944888266,False
2604700,4.044102664073051,-0.043867095394941893,17.0,PE,Nordeste,5-20 mil,4.286095802492586,-0.2419931384195344,False
2604809,0.0,-0.08408208250877984,9.0,PE,Nordeste,5-20 mil,0.507419694094247,-0.507419694094247,False
2604908,0.0,-0.2512402746440525,20.0,PE,Nordeste,<5 mil,3.2046797828318394,-3.2046797828318394,False
2605004,5.205137847686512,0.01702105785067837,18.0,PE,Nordeste,20-50 mil,4.642709171634355,0.5624286760521571,True
2605103,1.1896290581060214,-0.12229453410766461,19.0,PE,Nordeste,20-50 mil,3.327942800021929,-2.1383137419159075,False
2605152,6.149956779420478,-0.04037985203577931,17.0,PE,Nordeste,5-20 mil,6.0304986555662685,0.1194581238542094,True
2605202,1.714294892383748,-0.14833813739713753,22.0,PE,Nordeste,50-100 mil,3.638216979231959,-1.923922086848211,False
2605301,2.5237517843536352,-0.07432439927783269,19.0,PE,Nordeste,5-20 mil,3.147668113065744,-0.6239163287121086,False
2605400,2.9735973542375973,-0.047264967458784675,17.0,PE,Nordeste,5-20 mil,3.444288777544017,-0.47069142330641967,False
2605459,34.48167055747285,-0.06966043752095892,22.0,PE,Nordeste,<5 mil,65.97042051766154,-31.488749960188684,True
2605509,4.670394739995915,-0.006254781683404726,17.0,PE,Nordeste,5-20 mil,4.42598103084831,0.2444137091476053,False
2605608,3.8478714037700996,-0.05684159423921007,20.0,PE,Nordeste,5-20 mil,4.2965179842564085,-0.4486465804863089,False
2605707,5.768494337926896,-0.039606474510397026,23.0,PE,Nordeste,20-50 mil,5.362524180001697,0.4059701579251991,True
2605806,0.0,-0.22013112515074684,17.0,PE,Nordeste,<5 mil,2.501153186031298,-2.501153186031298,False
2605905,0.0,-0.3777484371195026,20.0,PE,Nordeste,20-50 mil,3.034582137132771,-3.034582137132771,False
2606002,4.97710823590991,-0.055375321995772456,25.0,PE,Nordeste,100-500 mil,5.711599896024516,-0.7344916601146059,False
2606101,5.559762901415446,0.01267620025692681,18.0,PE,Nordeste,5-20 mil,4.503252923462982,1.056509977952464,True
2606200,9.344421939492605,0.09938265407541878,20.0,PE,Nordeste,50-100 mil,7.84773780978147,1.4966841297111353,True
2606309,3.964836785466204,-0.049090286568727666,17.0,PE,Nordeste,<5 mil,3.814893353078456,0.1499434323877482,False
2606408,2.968412598979512,-0.18821328245172353,18.0,PE,Nordeste,50-100 mil,5.457728328767844,-2.4893157297883324,False
2606507,0.0,-0.25135758645067036,3.0,PE,Nordeste,5-20 mil,4.689699224127036,-4.689699224127036,False
2606606,5.169173393187069,0.015697617927617372,20.0,PE,Nordeste,5-20 mil,4.769608295528177,0.3995650976588925,True
2606705,4.4442520842337885,0.031443008528937,17.0,PE,Nordeste,<5 mil,4.004982044062395,0.4392700401713938,False
2606804,4.365099984733348,-0.03557809175530916,25.0,PE,Nordeste,100-500 mil,4.600916615673407,-0.2358166309400591,False
2606903,2.884504262737323,-0.07071747358190048,17.0,PE,Nordeste,5-20 mil,4.071473820321438,-1.1869695575841144,False
2607000,0.0,-0.05578617560551126,5.0,PE,Nordeste,5-20 mil,0.0,0.0,False
2607109,3.923912429528869,-0.04306075583868541,17.0,PE,Nordeste,<5 mil,4.460933080452465,-0.537020650923596,False
2607208,28.69452550596702,0.7365491909338213,25.0,PE,Nordeste,50-100 mil,6.653906486632194,22.040619019334827,True
2607307,4.726298558142432,0.03942780269231306,17.0,PE,Nordeste,5-20 mil,4.030188279617378,0.6961102785250537,False
2607406,6.62585992790855,0.07938825304822894,17.0,PE,Nordeste,<5 mil,5.512097300518528,1.113762627390022,True
2607505,4.734015951887443,0.03831430965995551,17.0,PE,Nordeste,5-20 mil,4.230142976455651,0.5038729754317917,False
2607604,2.908271539562776,-0.10103375316069761,25.0,PE,Nordeste,20-50 mil,3.732537443234988,-0.8242659036722122,False
2607653,0.04634237131863017,-0.008954158005203909,11.0,PE,Nordeste,20-50 mil,0.2731114802390257,-0.22676910892039553,False
2607703,2.23203353402846,-0.0503754537529859,20.0,PE,Nordeste,5-20 mil,4.054663349435899,-1.8226298154074385,False
2607752,2.0934855448047642,-0.1494932542710028,25.0,PE,Nordeste,20-50 mil,4.199743452012296,-2.1062579072075316,False
2607802,3.2821503263288037,-0.041352564332761396,17.0,PE,Nordeste,5-20 mil,3.67462197862122,-0.39247165229241654,False
2607901,4.788428732130811,-0.022934234199635025,25.0,PE,Nordeste,500 mil+,4.775208624395972,0.013220107734838393,False
2607950,,,2.0,PE,Nordeste,5-20 mil,0.0,,False
2608008,0.0,-0.17289355746881618,17.0,PE,Nordeste,5-20 mil,2.818833998418853,-2.818833998418853,False
2608057,9.89206344175841,0.23631659075437536,13.0,PE,Nordeste,5-20 mil,5.216197864812594,4.6758655769458155,True
2608107,1.7757645796969541,-0.14796651308284037,18.0,PE,Nordeste,5-20 mil,3.6066948219561343,-1.8309302422591802,False
2608206,1.3928874331974157,-0.11806221470429183,22.0,PE,Nordeste,5-20 mil,2.630691495602526,-1.23780406240511,False
2608255,0.6848939180904381,-0.08719517510646659,17.0,PE,Nordeste,<5 mil,3.3048407340734074,-2.6199468159829693,False
2608305,0.0,-0.23678413109298097,17.0,PE,Nordeste,5-20 mil,1.96419454705526,-1.96419454705526,False
2608404,2.903691947446319,-0.06110504320104871,17.0,PE,Nordeste,5-20 mil,3.632213086076928,-0.728521138630609,False
2608453,3.1689153183532284,-0.029549022981031407,17.0,PE,Nordeste,5-20 mil,3.3575869173079185,-0.1886715989546901,False
2608503,2.227770301205794,-0.09000790066914184,17.0,PE,Nordeste,5-20 mil,2.71202930855101,-0.48425900734521576,False
2608602,4.56452246757344,-0.021520415295877147,17.0,PE,Nordeste,5-20 mil,4.751053184042273,-0.186530716468833,False
2608701,2.7466528499160745,-0.11668143908171062,17.0,PE,Nordeste,5-20 mil,4.400626003603724,-1.6539731536876499,False
2608750,3.7548423138769635,-0.045618132371236436,17.0,PE,Nordeste,5-20 mil,4.8716735068838375,-1.116831193006874,False
2608800,3.282997538885695,-0.029988956379319393,18.0,PE,Nordeste,20-50 mil,3.472881925470566,-0.18988438658487095,False
2608909,3.9599997227109043,-0.04424997088808229,23.0,PE,Nordeste,20-50 mil,3.9010771578535888,0.05892256485731551,False
2609006,3.5450115202853283,-0.0734073409013695,18.0,PE,Nordeste,5-20 mil,4.453031899800896,-0.9080203795155679,False
2609105,4.869313282742128,0.007643517036158152,17.0,PE,Nordeste,5-20 mil,4.723778568997465,0.14553471374466298,False
2609154,4.645083087775788,0.07381407826930088,15.0,PE,Nordeste,<5 mil,3.3921230149005,1.2529600728752879,False
2609204,2.389079798565291,-0.12436194443201795,22.0,PE,Nordeste,5-20 mil,3.976661015089948,-1.587581216524657,False
2609303,3.127200010970597,-0.05617872273121271,20.0,PE,Nordeste,5-20 mil,4.139080419549583,-1.0118804085789863,False
2609402,2.6126691263161206,-0.12857141298253807,25.0,PE,Nordeste,50-100 mil,4.322392086001078,-1.7097229596849575,False
2609501,4.717837931016874,-0.041257078530322205,18.0,PE,Nordeste,20-50 mil,5.188244360032575,-0.47040642901570173,False
2609600,4.238293298909127,-0.18314900798110537,25.0,PE,Nordeste,100-500 mil,6.29705295411684,-2.0587596552077123,False
2609709,1.2027374312569918,-0.15264140536045862,17.0,PE,Nordeste,5-20 mil,1.3814595791615478,-0.17872214790455598,False
2609808,3.467247677957772,-0.06697808272429225,17.0,PE,Nordeste,5-20 mil,4.137553862813714,-0.6703061848559422,False
2609907,4.392283313074429,-0.031955455930582834,19.0,PE,Nordeste,20-50 mil,4.681443458241803,-0.289160145167374,False
2610004,0.7288575804806783,-0.22030399843789517,24.0,PE,Nordeste,50-100 mil,4.081041061932348,-3.3521834814516698,False
2610103,3.9025258974679105,-0.03360189284919754,17.0,PE,Nordeste,<5 mil,4.107397103649597,-0.20487120618168664,False
2610202,2.297341817743046,-0.10898089735703148,18.0,PE,Nordeste,5-20 mil,4.006963755674759,-1.709621937931713,False
2610301,0.0,-0.23527392227267416,17.0,PE,Nordeste,<5 mil,2.144859277594426,-2.144859277594426,False
2610400,4.991824805158423,-0.029580570896200923,20.0,PE,Nordeste,5-20 mil,5.215931117913124,-0.22410631275470116,False
2610509,0.6560600023497045,-0.1683668218638753,17.0,PE,Nordeste,5-20 mil,3.35727518245751,-2.7012151801078055,False
2610608,2.6480856463507507,-0.10212663607010422,18.0,PE,Nordeste,20-50 mil,3.736356978619536,-1.0882713322687851,False
2610707,3.4700462402062158,-0.12849496842412686,25.0,PE,Nordeste,100-500 mil,5.44363934827014,-1.9735931080639242,False
2610806,2.142687683460366,-0.026955869499304536,19.0,PE,Nordeste,5-20 mil,3.3738465743542423,-1.2311588908938762,False
2610905,2.302847088698229,-0.09326828090042562,20.0,PE,Nordeste,20-50 mil,4.040825493656596,-1.7379784049583673,False
2611002,6.558039620332325,0.010780817777759985,18.0,PE,Nordeste,20-50 mil,5.327311193939364,1.230728426392961,True
2611101,3.6812190228591817,-0.33174112684421364,25.0,PE,Nordeste,100-500 mil,8.062976122291818,-4.381757099432637,False
2611200,0.0,-0.21957388526514868,17.0,PE,Nordeste,5-20 mil,0.870418808017489,-0.870418808017489,False
2611309,5.672867341896051,0.064587836162979,18.0,PE,Nordeste,5-20 mil,4.380316938828651,1.2925504030674002,True
2611408,1.4229450142169071,-0.1946035334395728,22.0,PE,Nordeste,5-20 mil,3.694110363657334,-2.2711653494404267,False
2611507,3.4066690943278104,-0.10002240813979359,20.0,PE,Nordeste,5-20 mil,4.293553043711074,-0.8868839493832636,False
2611533,2.484506543686649,-0.08555198072010166,17.0,PE,Nordeste,<5 mil,2.492839047910931,-0.008332504224281667,False
2611606,8.997432562825594,-0.11707670694108696,25.0,PE,Nordeste,500 mil+,10.82595446360496,-1.828521900779366,True
2611705,1.0004243962520718,-0.14236547239408884,17.0,PE,Nordeste,5-20 mil,3.8224017531427457,-2.821977356890674,False
2611804,2.0155048740039945,-0.1215450126851637,23.0,PE,Nordeste,20-50 mil,3.8546551180294895,-1.839150244025495,False
2611903,3.493487505375981,-0.15985647832109248,22.0,PE,Nordeste,5-20 mil,5.039308608267779,-1.5458211028917983,False
2612000,1.1642963901160215,-0.16349440851656385,17.0,PE,Nordeste,5-20 mil,4.03599604324519,-2.871699653129168,False
2612109,0.0,-0.3088110248529355,17.0,PE,Nordeste,<5 mil,3.4090336272433213,-3.4090336272433213,False
2612208,6.737638517850693,0.01059363710945922,23.0,PE,Nordeste,20-50 mil,6.2592644092613305,0.478374108589362,True
2612307,0.0,-0.21038147420901415,17.0,PE,Nordeste,5-20 mil,2.536473850484995,-2.536473850484995,False
2612406,1.3718607680002322,-0.11496552789018373,17.0,PE,Nordeste,5-20 mil,3.685665135566056,-2.3138043675658237,False
2612455,3.365881616526579,0.03843801690361544,17.0,PE,Nordeste,5-20 mil,3.733803711253478,-0.36792209472689885,False
2612471,0.0,-0.3378341088120923,14.0,PE,Nordeste,5-20 mil,2.6742737851371343,-2.6742737851371343,False
2612505,5.091892341686446,0.026965811404359562,23.0,PE,Nordeste,100-500 mil,3.458500682280453,1.633391659405993,True
2612554,1.6384487667380085,-0.09843765147680905,17.0,PE,Nordeste,<5 mil,1.777048291092518,-0.1385995243545095,False
2612604,3.2565322959708567,-0.11443362124828145,19.0,PE,Nordeste,5-20 mil,4.593065567737453,-1.336533271766596,False
2612703,0.0,-0.2072670570269718,19.0,PE,Nordeste,<5 mil,2.3946524858723293,-2.3946524858723293,False
2612802,2.234332326365376,-0.04866553523872128,17.0,PE,Nordeste,5-20 mil,3.77502857555259,-1.540696249187214,False
2612901,3.725807131127425,-0.06490538112979062,22.0,PE,Nordeste,5-20 mil,4.36444500240516,-0.6386378712777354,False
2613008,0.0,-0.25065482376794856,18.0,PE,Nordeste,20-50 mil,3.1678002686925324,-3.1678002686925324,False
2613107,1.9268330902506534,-0.10073766870996158,17.0,PE,Nordeste,20-50 mil,2.774571578924569,-0.8477384886739157,False
2613206,6.751449651994491,0.05879024523075374,18.0,PE,Nordeste,5-20 mil,4.8686289158465,1.8828207361479912,True
2613305,4.667700324850742,0.02180730854660142,17.0,PE,Nordeste,5-20 mil,4.518640934800965,0.14905939004977675,False
2613404,1.722871622676962,-0.1726017505761525,22.0,PE,Nordeste,5-20 mil,3.6131450040417215,-1.8902733813647594,False
2613503,2.6082593134914305,-0.1024788000062271,18.0,PE,Nordeste,5-20 mil,3.964308180111901,-1.3560488666204704,False
2613602,2.9505180025523714,-0.07572611424617057,18.0,PE,Nordeste,20-50 mil,4.432057433599716,-1.4815394310473442,False
2613701,4.578696521886016,-0.040266229478843306,25.0,PE,Nordeste,100-500 mil,5.135119579355576,-0.5564230574695603,False
2613800,7.647158185861372,0.1934441110241772,17.0,PE,Nordeste,5-20 mil,4.90989906027059,2.737259125590782,True
2613909,5.419991483113368,0.00014315235979259704,23.0,PE,Nordeste,50-100 mil,5.123398283580945,0.29659319953242314,True
2614006,0.8985571739135594,-0.15644099484947685,17.0,PE,Nordeste,5-20 mil,1.3237439927711332,-0.4251868188575738,False
2614105,3.081752363477193,-0.057633050512293775,18.0,PE,Nordeste,5-20 mil,3.901650632247775,-0.819898268770582,False
2614204,4.3414417659590185,-0.10082869505681796,22.0,PE,Nordeste,20-50 mil,5.258607906781244,-0.9171661408222258,False
2614303,1.0177612690281421,-0.1408640983545235,17.0,PE,Nordeste,5-20 mil,3.105936079196892,-2.08817481016875,False
2614402,0.24731796967165565,-0.18862880662519385,17.0,PE,Nordeste,<5 mil,3.2776129812981294,-3.0302950116264737,False
2614501,2.644626154185829,-0.10001531777327559,18.0,PE,Nordeste,20-50 mil,4.7408146369398505,-2.0961884827540214,False
2614600,3.8185585121694636,-0.013913348434081423,19.0,PE,Nordeste,20-50 mil,4.130796278471556,-0.31223776630209255,False
2614709,2.127791494466493,-0.09466172357585996,17.0,PE,Nordeste,5-20 mil,4.760440933209166,-2.632649438742673,False
2614808,4.060876888166504,-0.05287936448459046,20.0,PE,Nordeste,5-20 mil,4.378135634618212,-0.3172587464517074,False
2614857,9.396255503405058,0.09748642809669202,22.0,PE,Nordeste,5-20 mil,7.119129473755535,2.277126029649523,True
2615003,0.0,-0.8754947051093034,17.0,PE,Nordeste,20-50 mil,1.0295239761018598,-1.0295239761018598,False
2615102,2.3566804470395084,-0.09930349165431052,17.0,PE,Nordeste,<5 mil,4.197128941233474,-1.8404484941939652,False
2615201,1.9505103096472567,-0.10675124054140653,17.0,PE,Nordeste,5-20 mil,3.582896044613569,-1.6323857349663125,False
2615300,3.0182851691303654,-0.08639256454712689,18.0,PE,Nordeste,20-50 mil,3.968325301391469,-0.9500401322611038,False
2615409,0.12557283698930632,-0.19780833786274488,17.0,PE,Nordeste,20-50 mil,3.2372966357549458,-3.1117237987656394,False
2615508,1.8038123045539294,-0.11031961379169125,25.0,PE,Nordeste,5-20 mil,3.5624231411994702,-1.7586108366455409,False
2615607,3.9519523007321027,-0.015709768387576612,25.0,PE,Nordeste,20-50 mil,3.639325718938297,0.31262658179380587,False
2615706,1.844845552237075,-0.12764226223386144,17.0,PE,Nordeste,5-20 mil,4.182512694984484,-2.337667142747409,False
2615805,3.928814732393583,-0.018314004838559286,17.0,PE,Nordeste,5-20 mil,4.174288656086566,-0.24547392369298304,False
2615904,3.245527790931618,-0.07229513097730596,17.0,PE,Nordeste,5-20 mil,4.434631314094518,-1.1891035231629,False
2616001,4.511079035434136,0.07591870980175137,17.0,PE,Nordeste,5-20 mil,4.896230588442312,-0.3851515530081757,False
2616100,1.9526651315806873,-0.09276726924493273,17.0,PE,Nordeste,<5 mil,3.9354302591975374,-1.98276512761685,False
2616183,0.0,-0.2538160491188614,17.0,PE,Nordeste,<5 mil,2.2406405627121853,-2.2406405627121853,False
2616209,1.6270959701039942,-0.087255224338487,17.0,PE,Nordeste,5-20 mil,2.5435979617834104,-0.9165019916794162,False
2616308,2.293597791231946,-0.14254422911102052,17.0,PE,Nordeste,5-20 mil,4.12902257817512,-1.8354247869431743,False
2616407,4.963752517485773,-0.06522005254143069,23.0,PE,Nordeste,100-500 mil,5.816753848298236,-0.8530013308124635,False
2616506,0.0,-0.1511180833720835,14.0,PE,Nordeste,5-20 mil,1.154824262703087,-1.154824262703087,False
2700102,5.4595852838405445,-0.007515925303630665,17.0,AL,Nordeste,5-20 mil,5.754865878481601,-0.2952805946410564,True
2700201,3.19673405742617,-0.17603226230019323,22.0,AL,Nordeste,5-20 mil,5.959344963764099,-2.7626109063379296,False
2700300,4.11602928617009,-0.1643099882586137,27.0,AL,Nordeste,100-500 mil,7.948618932669817,-3.832589646499727,False
2700409,0.47140661528342775,-0.1258893194291459,11.0,AL,Nordeste,20-50 mil,3.366252822492784,-2.894846207209356,False
2700508,,,2.0,AL,Nordeste,5-20 mil,3.943203284614176,,False
2700607,9.852006076453268,0.0034175952227771035,17.0,AL,Nordeste,5-20 mil,8.34190454213194,1.5101015343213273,True
2700706,11.271267993404535,0.1885041970637046,17.0,AL,Nordeste,5-20 mil,9.544645740084212,1.7266222533203237,True
2700805,,,0.0,AL,Nordeste,,,,False
2700904,2.149648689664275,-0.24049883982914477,20.0,AL,Nordeste,<5 mil,5.611473327302609,-3.461824637638334,False
2701001,1.2887213701997666,-0.13838917025368397,22.0,AL,Nordeste,5-20 mil,3.2142919928207365,-1.92557062262097,False
2701100,0.0,-0.08372757989157265,6.0,AL,Nordeste,5-20 mil,0.0,0.0,False
2701209,4.910814190091912,-0.14421901893714853,20.0,AL,Nordeste,5-20 mil,5.822560115538254,-0.9117459254463416,False
2701308,2.340048408539701,-0.1157455422886185,26.0,AL,Nordeste,5-20 mil,4.416954031256138,-2.0769056227164366,False
2701357,12.265136494213266,0.7806270262568873,6.0,AL,Nordeste,5-20 mil,5.82125921579599,6.4438772784172755,True
2701407,0.0,-0.3612367651774435,21.0,AL,Nordeste,20-50 mil,2.7988871883371544,-2.7988871883371544,False
2701506,6.776085953475885,0.04666875542597132,17.0,AL,Nordeste,<5 mil,6.110982872656283,0.6651030808196019,True
2701605,4.577391000411204,-0.021725505953102554,20.0,AL,Nordeste,5-20 mil,5.340505810902191,-0.7631148104909871,False
2701704,2.758242308217291,-0.26059347084331086,17.0,AL,Nordeste,5-20 mil,6.369094284582588,-3.6108519763652973,False
2701803,4.188339628671486,-0.05990100527359076,17.0,AL,Nordeste,5-20 mil,4.9955723263748375,-0.8072326977033519,False
2701902,0.0,-0.8014551874415077,7.0,AL,Nordeste,<5 mil,1.9631121684135355,-1.9631121684135355,False
2702009,7.338205614219561,0.10080400775452063,17.0,AL,Nordeste,<5 mil,5.874718841310882,1.463486772908679,True
2702108,3.2864487654922527,-0.16918704667818504,27.0,AL,Nordeste,5-20 mil,6.242792499214586,-2.956343733722333,False
2702207,4.104959502538236,-0.08379087998913409,17.0,AL,Nordeste,5-20 mil,4.744276199273471,-0.6393166967352348,False
2702306,0.0,-0.4470866914262881,21.0,AL,Nordeste,50-100 mil,2.3487131215335397,-2.3487131215335397,False
2702355,6.728859622144768,0.06720786704038538,17.0,AL,Nordeste,5-20 mil,6.008953222580146,0.7199063995646213,True
2702405,4.087913997391922,-0.1514351135275081,27.0,AL,Nordeste,20-50 mil,6.935147044125353,-2.8472330467334306,False
2702504,6.210067737669149,0.042764679746551654,17.0,AL,Nordeste,5-20 mil,5.426500532936177,0.7835672047329725,True
2702553,4.862205926283043,-0.013718719668806037,17.0,AL,Nordeste,<5 mil,5.36814028390791,-0.5059343576248674,False
2702603,9.712892433866415,0.07197196519506335,17.0,AL,Nordeste,<5 mil,10.6534686739963,-0.9405762401298858,True
2702702,,,2.0,AL,Nordeste,<5 mil,0.2183884736655004,,False
2702801,7.7125733852744816,0.10215534854288506,17.0,AL,Nordeste,5-20 mil,7.893260582170686,-0.18068719689620405,True
2702900,6.324903288677753,0.022398064096975014,17.0,AL,Nordeste,5-20 mil,6.096027559105117,0.22887572957263558,True
2703007,1.2022274532367305,-0.2305839102807366,22.0,AL,Nordeste,5-20 mil,2.8581509031871035,-1.655923449950373,False
2703106,6.417202757299407,0.06417829234957108,17.0,AL,Nordeste,5-20 mil,5.0212597195383015,1.3959430377611053,True
2703205,1.8118960329773017,-0.3059746028226198,17.0,AL,Nordeste,5-20 mil,6.195331867945737,-4.383435834968435,False
2703304,6.834449256459578,0.0878643732153448,17.0,AL,Nordeste,5-20 mil,5.862688059153606,0.9717611973059723,True
2703403,6.367317424033985,-0.08068498665117839,17.0,AL,Nordeste,<5 mil,8.57006659899616,-2.2027491749621753,True
2703502,4.6044778160076305,-0.06011610547171415,19.0,AL,Nordeste,<5 mil,6.092319581958196,-1.4878417659505656,False
2703601,9.178237104787001,0.12321526452211899,17.0,AL,Nordeste,<5 mil,8.591402197228092,0.5868349075589094,True
2703700,3.5264865573452795,-0.055322174682081685,17.0,AL,Nordeste,<5 mil,4.729644608703674,-1.2031580513583942,False
2703759,2.716305934411942,-0.027945652043542202,11.0,AL,Nordeste,<5 mil,2.8356777900012227,-0.11937185558928087,False
2703809,6.41350030421836,0.038307635835932725,17.0,AL,Nordeste,5-20 mil,6.33743597980174,0.07606432441661948,True
2703908,4.806014805579025,-0.07600789725417584,17.0,AL,Nordeste,<5 mil,5.613252982756838,-0.8072381771778128,False
2704005,5.822126994582163,-0.19743002349578512,22.0,AL,Nordeste,5-20 mil,6.728591449035114,-0.9064644544529505,True
2704104,4.997440161694051,-0.030959219038886408,19.0,AL,Nordeste,5-20 mil,5.86319974740869,-0.8657595857146392,False
2704203,0.05948822712772994,-0.030555362199148096,5.0,AL,Nordeste,<5 mil,0.5424014976555392,-0.4829132705278093,False
2704302,3.9310904982942247,-0.42562295950311346,27.0,AL,Nordeste,500 mil+,10.423066408087797,-6.491975909793572,False
2704401,7.021440819186534,0.012980627159659235,17.0,AL,Nordeste,5-20 mil,6.38134902225781,0.6400917969287239,True
2704500,10.7626237657743,0.016085143213782023,23.0,AL,Nordeste,20-50 mil,6.544210288165887,4.218413477608413,True
2704609,4.260644354441496,-0.07877187420959725,19.0,AL,Nordeste,<5 mil,5.59679471979456,-1.3361503653530642,False
2704708,1.6977511804054188,-0.17794462792674923,24.0,AL,Nordeste,20-50 mil,4.3350175382513525,-2.6372663578459337,False
2704807,6.485601952188624,0.03119875994776624,17.0,AL,Nordeste,5-20 mil,5.141697456059263,1.343904496129361,True
2704906,5.290635816657691,-0.02295978292571875,17.0,AL,Nordeste,<5 mil,5.887809943834519,-0.597174127176828,True
2705002,3.663727577020069,-0.11512736287699361,23.0,AL,Nordeste,5-20 mil,5.606717721695068,-1.942990144674999,False
2705101,5.940971496281703,-0.0007582451604641559,17.0,AL,Nordeste,20-50 mil,6.593377119046137,-0.6524056227644337,True
2705200,5.628850509508153,0.007330660219213289,17.0,AL,Nordeste,5-20 mil,5.19035160281492,0.43849890669323255,True
2705309,5.240614635250509,-0.017608365315173624,17.0,AL,Nordeste,<5 mil,6.295622535856071,-1.0550079006055624,True
2705408,5.3777514866528975,-0.048868484750280265,17.0,AL,Nordeste,<5 mil,5.956328131202296,-0.5785766445493987,True
2705507,1.3963293429658847,-0.22695810436751154,19.0,AL,Nordeste,20-50 mil,4.749614791238133,-3.3532854482722483,False
2705606,4.11406964447275,-0.07643717966079294,17.0,AL,Nordeste,5-20 mil,5.256745332884698,-1.1426756884119484,False
2705705,3.2997722521619153,-0.17536410909983888,23.0,AL,Nordeste,5-20 mil,6.577984719044822,-3.2782124668829065,False
2705804,6.319708733759298,0.004028462765296654,17.0,AL,Nordeste,<5 mil,5.853353009389402,0.4663557243698957,True
2705903,7.028686525573022,0.03501298176580054,17.0,AL,Nordeste,<5 mil,6.350516991823599,0.6781695337494229,True
2706000,2.96697970686256,-0.15845545141643186,17.0,AL,Nordeste,<5 mil,5.491068204634206,-2.524088497771646,False
2706109,5.1622942816952815,0.03046271205272879,17.0,AL,Nordeste,5-20 mil,5.164222291131551,-0.0019280094362699174,True
2706208,6.4660974388252015,0.03651406946011612,17.0,AL,Nordeste,<5 mil,5.692731282290533,0.7733661565346681,True
2706307,3.1684400141954256,-0.2096284053724251,27.0,AL,Nordeste,50-100 mil,7.139482596620776,-3.9710425824253504,False
2706406,17.033337591691406,0.400194743072644,19.0,AL,Nordeste,5-20 mil,3.3145861891799413,13.718751402511465,True
2706422,8.06203066620094,0.137756223233681,17.0,AL,Nordeste,<5 mil,6.186390641326576,1.8756400248743637,True
2706448,6.505254283257511,-0.01057108125848406,17.0,AL,Nordeste,5-20 mil,6.038728829235327,0.46652545402218326,True
2706505,6.110873098260125,-0.007969183582940248,18.0,AL,Nordeste,5-20 mil,6.792717061057957,-0.6818439627978314,True
2706604,6.2610552200720875,-0.011029693240894582,19.0,AL,Nordeste,<5 mil,6.328907955562396,-0.0678527354903089,True
2706703,2.74775621731834,-0.14473912844439832,24.0,AL,Nordeste,20-50 mil,4.279195620947564,-1.531439403629224,False
2706802,3.5268157632775683,-0.14922645248710403,27.0,AL,Nordeste,5-20 mil,6.11292293152887,-2.586107168251302,False
2706901,2.1582393564155495,-0.20339022455700634,16.0,AL,Nordeste,20-50 mil,4.222601113498511,-2.0643617570829615,False
2707008,4.43769707724784,0.02624393119307574,22.0,AL,Nordeste,<5 mil,5.315017510925404,-0.8773204336775642,False
2707107,0.015639030888223715,-0.5393189956640569,27.0,AL,Nordeste,5-20 mil,8.885237573766984,-8.86959854287876,False
2707206,8.522560981997287,0.10797763265742691,17.0,AL,Nordeste,<5 mil,6.323012972986603,2.1995480090106847,True
2707305,0.40332627701889123,0.027499518887650884,6.0,AL,Nordeste,20-50 mil,0.1924966322135569,0.21082964480533434,False
2707404,7.5658761731230015,0.06380637898542532,17.0,AL,Nordeste,<5 mil,13.732728350227145,-6.166852177104143,True
2707503,0.0,-0.3185974079241896,5.0,AL,Nordeste,5-20 mil,0.9554898604156116,-0.9554898604156116,False
2707602,6.168905664319482,-0.060153027406850676,17.0,AL,Nordeste,5-20 mil,6.113616160305169,0.055289504014313096,True
2707701,1.570380315276168,-0.22344723460777216,27.0,AL,Nordeste,50-100 mil,3.78272639602475,-2.212346080748582,False
2707800,0.0,-0.13511743496145173,8.0,AL,Nordeste,5-20 mil,0.0,0.0,False
2707909,0.0,-0.6367456688038488,17.0,AL,Nordeste,5-20 mil,5.59252377144613,-5.59252377144613,False
2708006,3.3126432875020555,-0.21479708335581157,27.0,AL,Nordeste,20-50 mil,7.929422794620951,-4.6167795071188955,False
2708105,0.0,0.0,4.0,AL,Nordeste,5-20 mil,0.0,0.0,False
2708204,2.973529575683756,-0.21939991925755675,19.0,AL,Nordeste,<5 mil,6.753894233762998,-3.7803646580792423,False
2708303,3.097313373341237,-0.03736060382604156,7.0,AL,Nordeste,5-20 mil,3.892265794905367,-0.7949524215641302,False
2708402,4.4804860007287175,-0.10647177941466905,17.0,AL,Nordeste,5-20 mil,5.937385190857214,-1.456899190128497,False
2708501,0.0,-0.3139210054460265,3.0,AL,Nordeste,5-20 mil,0.6240678751660236,-0.6240678751660236,False
2708600,0.075392289309832,-0.24915484647886024,21.0,AL,Nordeste,50-100 mil,3.142865502995545,-3.067473213685713,False
2708709,,,2.0,AL,Nordeste,<5 mil,3.174683907508874,,False
2708808,7.3703955608988565,0.07355690834476131,17.0,AL,Nordeste,5-20 mil,5.851238962538082,1.5191565983607749,True
2708907,5.04764865615968,-0.04255373684037518,17.0,AL,Nordeste,5-20 mil,4.496749481111133,0.5508991750485475,True
2708956,5.570081371113993,0.028581799604714395,17.0,AL,Nordeste,<5 mil,5.581946794986561,-0.011865423872568392,True
2709004,,,1.0,AL,Nordeste,<5 mil,0.0,,False
2709103,5.6735317032808155,-0.02357673445018485,17.0,AL,Nordeste,5-20 mil,6.4837037357228375,-0.8101720324420221,True
2709152,0.0,-0.41601268451600165,22.0,AL,Nordeste,20-50 mil,2.321909160086153,-2.321909160086153,False
2709202,3.42393220982666,-0.16026754108254715,23.0,AL,Nordeste,5-20 mil,5.965009812322174,-2.5410776024955144,False
2709301,0.5166567421504169,-0.1926677700788672,24.0,AL,Nordeste,50-100 mil,2.38603984382484,-1.8693831016744231,False
2709400,7.1598719367523245,0.1323936595865585,16.0,AL,Nordeste,5-20 mil,5.835331214346107,1.3245407224062173,True
2800100,2.3405411426984983,-0.24831240038662358,17.0,SE,Nordeste,<5 mil,6.108442975820854,-3.7679018331223553,False
2800209,3.3211028089097,-0.10119633334834521,27.0,SE,Nordeste,5-20 mil,4.827017532360713,-1.5059147234510135,False
2800308,5.874732891432245,-0.3784676912890023,27.0,SE,Nordeste,500 mil+,11.052638333861871,-5.177905442429626,True
2800407,3.7078990682099686,-0.12000803389098981,17.0,SE,Nordeste,<5 mil,5.080657303535231,-1.3727582353252625,False
2800506,2.9302614750916973,-0.2049049060152787,17.0,SE,Nordeste,5-20 mil,6.602699605991775,-3.672438130900078,False
2800605,9.70833350170875,0.12276773697040688,17.0,SE,Nordeste,20-50 mil,8.408381478536036,1.2999520231727146,True
2800670,1.9784245358176804,-0.18279460375583798,27.0,SE,Nordeste,5-20 mil,4.876787759200955,-2.8983632233832743,False
2800704,5.220468470762341,-0.04337919660438086,17.0,SE,Nordeste,<5 mil,5.850439679729563,-0.6299712089672216,True
2801009,3.3456437167436377,-0.08416139043948936,27.0,SE,Nordeste,5-20 mil,4.540828339720745,-1.1951846229771075,False
2801108,5.464684076874519,-0.04017811447426912,17.0,SE,Nordeste,<5 mil,5.445147071067815,0.019537005806704144,True
2801207,8.400173622233467,-0.04331376200063855,20.0,SE,Nordeste,5-20 mil,10.629170728861688,-2.2289971066282206,True
2801306,0.5120745828908184,-0.13565065652010783,25.0,SE,Nordeste,20-50 mil,2.468133505962121,-1.9560589230713026,False
2801405,3.095061043485458,-0.10723595703871067,23.0,SE,Nordeste,5-20 mil,4.4889002227214485,-1.3938391792359903,False
2801504,0.0,-0.18318497945436482,18.0,SE,Nordeste,5-20 mil,3.3209535979862843,-3.3209535979862843,False
2801603,5.122089061330271,-0.028552941554236533,17.0,SE,Nordeste,5-20 mil,5.32246227827911,-0.20037321694883836,True
2801702,2.9933365807453356,-0.14935654021165184,27.0,SE,Nordeste,5-20 mil,5.504297345147165,-2.5109607644018297,False
2801900,3.389661086122203,-0.2358674740243679,17.0,SE,Nordeste,<5 mil,5.372251129162212,-1.982590043040009,False
2802007,3.0477628263062115,-0.24886591957893095,22.0,SE,Nordeste,<5 mil,6.919958633187262,-3.8721958068810505,False
2802106,3.0469095150858294,-0.055827963452656296,25.0,SE,Nordeste,50-100 mil,4.1779825490227545,-1.131073033936925,False
2802205,3.990531778431034,-0.08269134715250873,17.0,SE,Nordeste,<5 mil,4.99237624876349,-1.0018444703324558,False
2802304,4.068835003189008,-0.08473261178460319,17.0,SE,Nordeste,5-20 mil,5.157946349217672,-1.0891113460286634,False
2802403,5.2525096378098866,-0.031054892885767755,17.0,SE,Nordeste,<5 mil,5.3758578299690445,-0.12334819215915793,True
2802502,4.726327913823752,-0.0969535388558697,22.0,SE,Nordeste,<5 mil,5.960685999581552,-1.2343580857578003,False
2802601,4.050385316627256,-0.06911744259888758,17.0,SE,Nordeste,<5 mil,4.96207958118876,-0.911694264561504,False
2802700,3.9440704014719756,-0.07972751158623191,17.0,SE,Nordeste,5-20 mil,5.2048160189529495,-1.260745617480974,False
2802809,1.5830613797288606,-0.28288666549263647,22.0,SE,Nordeste,5-20 mil,4.8070716061811405,-3.22401022645228,False
2802908,3.436387989921002,-0.14079840514315886,27.0,SE,Nordeste,50-100 mil,6.099364257232834,-2.662976267311832,False
2803005,3.626049868377379,-0.12178945878116075,19.0,SE,Nordeste,20-50 mil,4.785304768580001,-1.1592549002026225,False
2803104,3.788216719894592,-0.09095653979879277,20.0,SE,Nordeste,<5 mil,5.168019373899011,-1.3798026540044184,False
2803203,1.7778314065818677,-0.22190258830931564,22.0,SE,Nordeste,5-20 mil,6.149993375837438,-4.37216196925557,False
2803302,2.847194445799289,-0.21911368188305494,23.0,SE,Nordeste,5-20 mil,6.977053480068262,-4.129859034268973,False
2803401,4.991934964576274,-0.08421878168111911,20.0,SE,Nordeste,<5 mil,5.659685712321232,-0.6677507477449582,False
2803500,2.9957101886896,-0.16195889454951548,27.0,SE,Nordeste,50-100 mil,5.785852959792725,-2.790142771103125,False
2803609,13.729823332384626,0.1798485221225852,22.0,SE,Nordeste,20-50 mil,41.95169785062598,-28.221874518241357,True
2803708,4.285371747066009,-0.04401806876119513,17.0,SE,Nordeste,<5 mil,4.786282235171747,-0.5009104881057382,False
2803807,4.138412718730763,-0.09118850381442911,17.0,SE,Nordeste,<5 mil,5.09967770494476,-0.9612649862139975,False
2803906,4.423586772299018,-0.022442081867822733,17.0,SE,Nordeste,5-20 mil,4.4348769684358365,-0.011290196136818587,False
2804003,4.107331675059925,-0.13286489066197366,22.0,SE,Nordeste,5-20 mil,4.698068404743027,-0.5907367296831021,False
2804102,3.458490673566587,-0.06940418015113796,17.0,SE,Nordeste,<5 mil,4.268638327234994,-0.8101476536684071,False
2804201,6.377737736117801,-0.019935027635412612,17.0,SE,Nordeste,5-20 mil,5.986999703161516,0.3907380329562855,True
2804300,4.085089891196091,-0.06242567191888903,17.0,SE,Nordeste,<5 mil,4.761903477304252,-0.6768135861081612,False
2804409,4.426063134789587,-0.08908928005474381,20.0,SE,Nordeste,5-20 mil,5.834439100242477,-1.4083759654528905,False
2804458,4.296547517466365,-0.054483405361655225,19.0,SE,Nordeste,<5 mil,4.774651640118805,-0.4781041226524394,False
2804508,1.9511048461225755,-0.2943365756523693,27.0,SE,Nordeste,20-50 mil,6.4577871992204505,-4.506682353097875,False
2804607,3.695107565945918,-0.04041751370151348,19.0,SE,Nordeste,5-20 mil,4.474888724703704,-0.7797811587577863,False
2804706,4.572980769807529,-0.035546296633746685,17.0,SE,Nordeste,<5 mil,5.236923378410901,-0.6639426086033717,False
2804805,7.770331894047601,0.038435689143305474,22.0,SE,Nordeste,100-500 mil,6.475514937712755,1.294816956334846,True
2804904,5.315975323980211,-0.04566281272930416,19.0,SE,Nordeste,<5 mil,7.746986504897378,-2.4310111809171664,True
2805000,3.515762990004589,-0.1136600318122762,17.0,SE,Nordeste,<5 mil,4.890895669672601,-1.3751326796680123,False
2805109,3.0322549567612214,-0.14473983282702527,17.0,SE,Nordeste,5-20 mil,4.533785401222077,-1.5015304444608555,False
2805208,3.3477742293537176,-0.07365369586568206,19.0,SE,Nordeste,<5 mil,2.898270718563252,0.44950351079046547,False
2805307,4.55731184244857,-0.07086699233341309,17.0,SE,Nordeste,5-20 mil,4.814656793133934,-0.257344950685364,False
2805406,0.19677390874358025,-0.3960707825932855,17.0,SE,Nordeste,5-20 mil,5.6582922395378565,-5.461518330794276,False
2805505,3.6188470213929236,-0.07377386290844334,17.0,SE,Nordeste,5-20 mil,4.156671397473125,-0.5378243760802013,False
2805604,0.9533189105231941,-0.2558263510047978,20.0,SE,Nordeste,5-20 mil,4.410388282821417,-3.457069372298223,False
2805703,1.5895466757896202,-0.30095266309622704,23.0,SE,Nordeste,20-50 mil,4.825085404452736,-3.2355387286631156,False
2805802,3.132929838698402,-0.11582321212969757,22.0,SE,Nordeste,<5 mil,4.91674183830184,-1.7838119996034383,False
2805901,2.1306105121078076,-0.21858135474200274,22.0,SE,Nordeste,5-20 mil,5.621654521813331,-3.491044009705523,False
2806008,4.532746813478212,-0.03119834576345334,17.0,SE,Nordeste,5-20 mil,4.926311322830045,-0.3935645093518323,False
2806107,3.0370822407355718,-0.21786723972258965,22.0,SE,Nordeste,5-20 mil,6.630001500413847,-3.5929192596782755,False
2806206,4.797039620317719,-0.03828257266934974,17.0,SE,Nordeste,5-20 mil,4.912123763120562,-0.11508414280284285,False
2806305,7.744950515453411,-0.07904597734354786,22.0,SE,Nordeste,<5 mil,9.880636893023668,-2.1356863775702575,True
2806404,4.204531588703929,-0.0713756646069691,17.0,SE,Nordeste,5-20 mil,4.672346810236018,-0.46781522153208854,False
2806503,1.3574491845675425,-0.25162571157651503,22.0,SE,Nordeste,<5 mil,3.911750382588712,-2.5543011980211694,False
2806602,3.63965802115311,-0.08821506746391132,22.0,SE,Nordeste,5-20 mil,5.193044033220351,-1.5533860120672411,False
2806701,4.2497517856434115,-0.0876469148430838,13.0,SE,Nordeste,50-100 mil,5.208313481821643,-0.958561696178232,False
2806800,3.9228272595063913,-0.06063903378141462,17.0,SE,Nordeste,5-20 mil,4.54943470419102,-0.6266074446846286,False
2806909,6.001157137985539,0.00519719371954347,17.0,SE,Nordeste,<5 mil,7.532463915713257,-1.5313067777277185,True
2807006,4.6705492939419315,-0.021019675737317042,17.0,SE,Nordeste,<5 mil,5.101903467124182,-0.43135417318225056,False
2807105,3.031332576215277,-0.13875685605668195,25.0,SE,Nordeste,20-50 mil,5.7369732310328905,-2.7056406548176133,False
2807204,24.545016212247447,0.8772549565387254,19.0,SE,Nordeste,<5 mil,11.93557152432415,12.609444687923297,True
2807303,4.356488211350381,-0.08788790667402538,17.0,SE,Nordeste,<5 mil,5.625490404237407,-1.2690021928870259,False
2807402,3.9029603127453356,-0.09493584321596855,27.0,SE,Nordeste,20-50 mil,5.410492746233729,-1.507532433488393,False
2807501,3.3866757705595774,-0.07904636252591872,17.0,SE,Nordeste,5-20 mil,4.4792702299275575,-1.0925944593679802,False
2807600,3.3713606280995236,-0.14222913595179248,17.0,SE,Nordeste,5-20 mil,5.847699523858636,-2.4763388957591124,False
2900108,,,0.0,BA,Nordeste,,,,False
2900207,5.430431529595776,0.014171137852976374,19.0,BA,Nordeste,5-20 mil,5.024859623508819,0.4055719060869567,True
2900306,4.179634116744369,0.005141862374448092,17.0,BA,Nordeste,5-20 mil,4.012981465895506,0.16665265084886283,False
2900355,4.346498783368851,0.03090011909615933,20.0,BA,Nordeste,5-20 mil,3.670958759352199,0.675540024016652,False
2900405,2.6785468856331534,-0.06389176770847202,18.0,BA,Nordeste,5-20 mil,3.0675036157461903,-0.388956730113037,False
2900504,0.22099791014909442,-0.0966237243203814,9.0,BA,Nordeste,<5 mil,1.3179944389206135,-1.096996528771519,False
2900603,3.5127539139717783,-0.08720196653809946,17.0,BA,Nordeste,<5 mil,4.42191458470574,-0.9091606707339617,False
2900702,1.644181714147635,-0.20117134661532843,25.0,BA,Nordeste,100-500 mil,5.440414936570138,-3.7962332224225035,False
2900801,3.758520625148435,-0.08889017391357175,20.0,BA,Nordeste,5-20 mil,5.055657081552886,-1.2971364564044512,False
2900900,4.052295163161806,-0.003118726130842945,17.0,BA,Nordeste,<5 mil,4.143296576716496,-0.09100141355469038,False
2901007,3.9243459724668526,-0.05430485726671504,19.0,BA,Nordeste,20-50 mil,4.794343635264721,-0.8699976627978687,False
2901106,3.6274827048040734,-0.02880647325824379,17.0,BA,Nordeste,5-20 mil,3.632495914382435,-0.00501320957836171,False
2901155,3.7890906799002226,0.0010153559689287529,17.0,BA,Nordeste,5-20 mil,3.670238405419489,0.11885227448073366,False
2901205,4.938861090558902,-0.03386405786788955,19.0,BA,Nordeste,<5 mil,5.199957901080211,-0.26109681052130895,False
2901304,4.562367630185979,0.005132464922867496,17.0,BA,Nordeste,5-20 mil,4.345521739781699,0.21684589040428026,False
2901353,4.329808760710868,0.01956095514054474,17.0,BA,Nordeste,5-20 mil,3.953339306940758,0.37646945377011054,False
2901403,4.42081266513795,-0.007577261123559514,23.0,BA,Nordeste,5-20 mil,4.111924513710426,0.30888815142752346,False
2901502,3.6403519819569112,-0.029335125096319664,17.0,BA,Nordeste,<5 mil,3.877592478123315,-0.23724049616640386,False
2901601,3.949963403671802,-0.01810981005186473,17.0,BA,Nordeste,5-20 mil,3.98550574621766,-0.03554234254585786,False
2901700,3.964996903800426,-0.027888629558245108,17.0,BA,Nordeste,<5 mil,3.8325295348384825,0.13246736896194333,False
2901809,2.785375393548833,-0.08863459443711896,17.0,BA,Nordeste,5-20 mil,3.609728528326205,-0.8243531347773723,False
2901908,4.479100327092702,0.026426221727531604,22.0,BA,Nordeste,5-20 mil,4.1700684578518725,0.3090318692408296,False
2901957,4.0992944901435635,0.01874680772518602,17.0,BA,Nordeste,<5 mil,3.5745117466749186,0.524782743468645,False
2902005,4.492524602583259,-0.01722199872696498,17.0,BA,Nordeste,<5 mil,4.754477649038661,-0.2619530464554014,False
2902054,0.0,-0.06071668875311807,4.0,BA,Nordeste,5-20 mil,0.291648883198179,-0.291648883198179,False
2902104,3.0575128379692273,-0.07673773614616078,22.0,BA,Nordeste,20-50 mil,3.657057680478125,-0.5995448425088976,False
2902203,2.8502742502124363,-0.08159302666484917,22.0,BA,Nordeste,5-20 mil,3.644633925381514,-0.7943596751690776,False
2902252,4.03652164963286,-0.010881059428155315,17.0,BA,Nordeste,5-20 mil,3.8839693747431694,0.1525522748896906,False
2902302,2.81174263492494,-0.0903563006880963,21.0,BA,Nordeste,5-20 mil,4.1321743691441055,-1.3204317342191656,False
2902401,4.2996849224087725,0.013739096765427075,17.0,BA,Nordeste,5-20 mil,4.0613630301000025,0.23832189230877,False
2902500,8.489964398964332,0.18935709197218198,17.0,BA,Nordeste,<5 mil,5.0923854542764975,3.397578944687835,True
2902609,4.527946722139175,0.009436556679844606,17.0,BA,Nordeste,5-20 mil,4.929008269184406,-0.4010615470452308,False
2902658,4.91586237198185,0.009656225503659813,17.0,BA,Nordeste,<5 mil,4.449435508261437,0.46642686372041364,False
2902708,0.7945305144842791,-0.09738960937419701,9.0,BA,Nordeste,20-50 mil,2.53458012145708,-1.7400496069728009,False
2902807,0.0,-0.19021449673895668,16.0,BA,Nordeste,5-20 mil,0.1669542348290222,-0.1669542348290222,False
2902906,4.3143539914475335,0.0019230426991485364,17.0,BA,Nordeste,5-20 mil,4.28312361986804,0.031230371579493266,False
2903003,4.401429284037399,0.005249150547113044,17.0,BA,Nordeste,5-20 mil,4.430130881845045,-0.028701597807645918,False
2903102,4.545887245757278,-0.011561889100133163,17.0,BA,Nordeste,<5 mil,4.403247214623285,0.14264003113399326,False
2903201,8.180640785654923,-0.021310499137509174,22.0,BA,Nordeste,100-500 mil,9.417605723603776,-1.2369649379488532,True
2903235,3.1786894159927357,-0.03984244668123708,17.0,BA,Nordeste,5-20 mil,3.608653281400148,-0.42996386540741227,False
2903276,3.3082261163275817,-0.02536321431314475,17.0,BA,Nordeste,5-20 mil,3.519451616805708,-0.21122550047812627,False
2903300,,,0.0,BA,Nordeste,5-20 mil,,,False
2903409,6.181346161408456,-0.029598196931817936,19.0,BA,Nordeste,5-20 mil,6.100548161508476,0.08079799989998016,True
2903508,6.256922933712019,0.21000180523981296,11.0,BA,Nordeste,5-20 mil,3.0983461185200905,3.1585768151919287,True
2903607,3.7661010224004485,-0.03350814070191508,17.0,BA,Nordeste,<5 mil,3.926197209038678,-0.16009618663822955,False
2903706,4.531643497878177,0.008834329827279856,17.0,BA,Nordeste,<5 mil,4.3248135213490535,0.20682997652912327,False
2903805,2.541319334548774,-0.09663828319903298,20.0,BA,Nordeste,5-20 mil,3.724478166958956,-1.1831588324101818,False
2903904,2.587958530910271,-0.12388339708469401,24.0,BA,Nordeste,20-50 mil,4.737839932412369,-2.149881401502098,False
2903953,4.549627597617215,0.0028764948699173767,17.0,BA,Nordeste,<5 mil,4.290544349183928,0.25908324843328767,False
2904001,5.206055477793413,0.012891245293941589,16.0,BA,Nordeste,<5 mil,4.448031472888987,0.758024004904426,True
2904050,2.9398944061390324,-0.045524780362426645,17.0,BA,Nordeste,5-20 mil,3.045644608951388,-0.10575020281235581,False
2904100,0.007533486540410195,-0.16587869662512725,3.0,BA,Nordeste,5-20 mil,1.83337247504871,-1.8258389885082997,False
2904209,6.446487984600523,0.03632927627233983,17.0,BA,Nordeste,<5 mil,6.015297129765961,0.4311908548345622,True
2904308,4.671307216617869,0.02070749968876337,18.0,BA,Nordeste,<5 mil,4.036364732739236,0.6349424838786328,False
2904407,2.59226595263101,-0.12012498319480593,21.0,BA,Nordeste,<5 mil,4.472814949764207,-1.8805489971331975,False
2904506,4.616044596527487,0.02018250529420155,17.0,BA,Nordeste,<5 mil,4.203566831146354,0.41247776538113357,False
2904605,4.61366890019525,-0.09079003792131296,23.0,BA,Nordeste,20-50 mil,5.818832131509,-1.2051632313137493,False
2904704,3.9528086002851452,-0.024826040943085395,17.0,BA,Nordeste,5-20 mil,3.954827263664397,-0.002018663379251606,False
2904753,3.795643135666513,0.015913345221058913,11.0,BA,Nordeste,5-20 mil,3.787980729921664,0.007662405744848666,False
2904803,4.091562094623029,-0.05087421107881538,17.0,BA,Nordeste,<5 mil,7.56005575970938,-3.468493665086351,False
2904852,2.807101927567345,-0.08746349237627486,17.0,BA,Nordeste,5-20 mil,3.669759232313007,-0.862657304745662,False
2904902,6.255846170798129,-0.020233739652414148,17.0,BA,Nordeste,5-20 mil,5.671224309249472,0.5846218615486576,True
2905008,3.463925683212153,-0.08824534384765305,20.0,BA,Nordeste,5-20 mil,4.592198985441221,-1.1282733022290676,False
2905107,3.252195106197102,0.0006118960678649336,17.0,BA,Nordeste,<5 mil,3.654621072388036,-0.40242596619093396,False
2905156,9.295066264891943,0.34717974735267604,13.0,BA,Nordeste,<5 mil,4.376192109451809,4.918874155440134,True
2905206,3.728586913496315,-0.08514275130823168,21.0,BA,Nordeste,20-50 mil,5.054975498857873,-1.326388585361558,False
2905305,3.7244081650721697,-0.015989537660912104,17.0,BA,Nordeste,5-20 mil,3.734610480169346,-0.010202315097176395,False
2905404,6.995346584158838,-0.050330293920024693,17.0,BA,Nordeste,5-20 mil,6.612451843931912,0.38289474022692627,True
2905503,5.010143058133231,0.023509523193807294,17.0,BA,Nordeste,<5 mil,4.225861689367091,0.7842813687661403,True
2905602,6.2808660230651085,0.025922122900118225,18.0,BA,Nordeste,20-50 mil,5.78304073226197,0.49782529080313864,True
2905701,10.68494764048262,0.08406390904896385,27.0,BA,Nordeste,100-500 mil,7.430315947096175,3.254631693386444,True
2905800,3.821131771052819,-0.06340959930635576,22.0,BA,Nordeste,5-20 mil,4.567711633501395,-0.7465798624485762,False
2905909,12.282006695881137,0.6691167958245728,6.0,BA,Nordeste,5-20 mil,4.146710750874194,8.135295945006943,True
2906006,2.289251337792564,-0.13086848316987507,21.0,BA,Nordeste,20-50 mil,3.707173120847909,-1.4179217830553452,False
2906105,6.599935685488788,0.09598435137408769,21.0,BA,Nordeste,<5 mil,5.291162760902539,1.3087729245862487,True
2906204,3.21854165951018,-0.041195387902408814,21.0,BA,Nordeste,5-20 mil,3.862995969049793,-0.6444543095396131,False
2906303,7.106791193707181,0.053316729458075564,17.0,BA,Nordeste,20-50 mil,6.052566757351411,1.0542244363557707,True
2906402,3.7527718606872202,0.007370040596974907,17.0,BA,Nordeste,<5 mil,3.377052384799681,0.3757194758875393,False
2906501,36.29051434263124,0.5139484816544498,25.0,BA,Nordeste,50-100 mil,28.64037332430888,7.650141018322362,True
2906600,5.4562725780698,0.0424077057431517,17.0,BA,Nordeste,5-20 mil,4.769515611919759,0.6867569661500417,True
2906709,2.5722674556607785,-0.10956378692838406,17.0,BA,Nordeste,5-20 mil,4.008753157274167,-1.436485701613388,False
2906808,4.130551646575739,-0.0048790554605617886,17.0,BA,Nordeste,5-20 mil,4.126006314890229,0.004545331685510412,False
2906824,4.203107539917433,-0.02249851134022215,21.0,BA,Nordeste,5-20 mil,4.0381998774985375,0.1649076624188952,False
2906857,3.6776895363309023,-0.05695686765431834,20.0,BA,Nordeste,5-20 mil,4.420228525495389,-0.7425389891644869,False
2906873,4.087828031050262,-0.0020568743308849186,17.0,BA,Nordeste,20-50 mil,4.026071498090711,0.06175653295955108,False
2906899,4.472143467140528,0.0035717523898196107,17.0,BA,Nordeste,<5 mil,4.494692548756793,-0.022549081616264566,False
2906907,6.113425476943302,0.016461569596352935,17.0,BA,Nordeste,5-20 mil,5.688418270385662,0.42500720655764024,True
2907004,4.512125202206445,0.016092390274119996,17.0,BA,Nordeste,<5 mil,3.899185431945048,0.6129397702613968,False
2907103,2.498664835801179,-0.028890274896038334,15.0,BA,Nordeste,5-20 mil,3.163561594460798,-0.6648967586596188,False
2907202,1.174779260686762,-0.12731927877117258,8.0,BA,Nordeste,20-50 mil,2.6464360041361426,-1.4716567434493806,False
2907301,2.7031707953038904,-0.10002256090676259,17.0,BA,Nordeste,5-20 mil,3.922396324971301,-1.2192255296674106,False
2907400,6.271609958743568,0.14782376412320672,13.0,BA,Nordeste,<5 mil,3.7715699550917017,2.500040003651866,True
2907509,0.29111061898220214,-0.246314324911895,21.0,BA,Nordeste,20-50 mil,4.120766079164183,-3.829655460181981,False
2907558,6.2987592059808435,0.09236227924606175,17.0,BA,Nordeste,<5 mil,4.776776101233569,1.5219831047472745,True
2907608,4.631542335305696,0.02811503635020822,17.0,BA,Nordeste,5-20 mil,4.054311581919696,0.5772307533859999,False
2907707,6.232146532003412,0.03491206060624642,17.0,BA,Nordeste,<5 mil,5.196197115900615,1.0359494161027971,True
2907806,4.341695092549664,0.0031737376019401386,19.0,BA,Nordeste,5-20 mil,3.9774352601398575,0.3642598324098061,False
2907905,4.814112055984083,-0.040395070517798386,22.0,BA,Nordeste,5-20 mil,5.54130148354172,-0.7271894275576374,False
2908002,4.159163518266055,-0.01142714666028127,17.0,BA,Nordeste,5-20 mil,4.210792764343369,-0.05162924607731334,False
2908101,,,0.0,BA,Nordeste,5-20 mil,,,False
2908200,3.544829624534799,-0.051196807304097744,17.0,BA,Nordeste,5-20 mil,3.901206240585047,-0.3563766160502482,False
2908309,3.4086481044333823,-0.07141098841824808,17.0,BA,Nordeste,5-20 mil,4.033503423871799,-0.6248553194384163,False
2908408,3.4927149125210235,-0.026316835499684738,20.0,BA,Nordeste,20-50 mil,3.757897600818228,-0.26518268829720437,False
2908507,3.0364897379388367,-0.022799121676369813,18.0,BA,Nordeste,20-50 mil,2.8593151010783533,0.1771746368604834,False
2908606,6.055058653901895,0.04399444430088314,17.0,BA,Nordeste,5-20 mil,5.42727701562143,0.6277816382804655,True
2908705,4.022107574241801,-0.05429304413023799,17.0,BA,Nordeste,5-20 mil,4.60024435276861,-0.578136778526809,False
2908804,4.45531027676785,-0.013461026767259668,17.0,BA,Nordeste,<5 mil,4.303467918356721,0.15184235841112947,False
2908903,2.1315369013149166,-0.07940181131176216,17.0,BA,Nordeste,5-20 mil,3.003920160421967,-0.8723832591070506,False
2909000,3.8696946845842746,-0.04602041980700561,17.0,BA,Nordeste,<5 mil,4.4421318500213465,-0.5724371654370719,False
2909109,0.0,-0.15729181237146636,4.0,BA,Nordeste,5-20 mil,3.219808506432835,-3.219808506432835,False
2909208,3.1245020137668433,-0.037312163023219505,21.0,BA,Nordeste,5-20 mil,3.77079797597279,-0.6462959622059468,False
2909307,0.0,-0.5544754569248656,4.0,BA,Nordeste,5-20 mil,4.480460431718995,-4.480460431718995,False
2909406,3.300228000960601,-0.07397787242243516,17.0,BA,Nordeste,5-20 mil,3.8391833664995674,-0.5389553655389663,False
2909505,7.349364061628961,0.08635630660609567,17.0,BA,Nordeste,<5 mil,6.086230461453639,1.2631336001753217,True
2909604,3.4056112853870246,-0.052416512527131566,22.0,BA,Nordeste,5-20 mil,4.230459663332745,-0.8248483779457203,False
2909703,3.2301931816842853,-0.08348149952687002,21.0,BA,Nordeste,<5 mil,4.281100934229807,-1.0509077525455215,False
2909802,6.024878832349387,0.03955350795886518,21.0,BA,Nordeste,50-100 mil,6.009180283600251,0.015698548749136343,True
2909901,3.2928301363981625,0.01628799851777687,16.0,BA,Nordeste,5-20 mil,3.0387733552129963,0.25405678118516617,False
2910008,4.871893553954406,-0.0010838462198318314,17.0,BA,Nordeste,<5 mil,4.597879595982169,0.2740139579722367,False
2910057,8.023441594099808,0.07170244471230575,25.0,BA,Nordeste,50-100 mil,5.172475897488701,2.850965696611107,True
2910107,3.557065011530341,0.066970233212284,3.0,BA,Nordeste,<5 mil,2.9441925,0.6128725115303406,False
2910206,1.834615874831968,-0.13290594435164876,19.0,BA,Nordeste,<5 mil,3.593860199938751,-1.759244325106783,False
2910305,3.7211270787287134,-0.04421039381208401,17.0,BA,Nordeste,<5 mil,4.353151008035586,-0.6320239293068726,False
2910404,4.185073903769933,-0.22742795139195257,22.0,BA,Nordeste,<5 mil,6.930699652045405,-2.7456257482754722,False
2910503,0.0,-1.095585952230681,23.0,BA,Nordeste,20-50 mil,4.4515422365074455,-4.4515422365074455,False
2910602,3.451096463799331,-0.08345944198104449,21.0,BA,Nordeste,20-50 mil,4.7042159573100175,-1.2531194935106864,False
2910701,4.931566180209408,-0.023839348642205094,21.0,BA,Nordeste,20-50 mil,5.07439626260809,-0.14283008239868167,False
2910727,3.6775470357400764,-0.10239212418218858,20.0,BA,Nordeste,100-500 mil,5.19918077261193,-1.5216337368718538,False
2910750,3.82765936418685,0.022913542212758885,17.0,BA,Nordeste,5-20 mil,3.34521900357123,0.48244036061562,False
2910776,,,1.0,BA,Nordeste,<5 mil,1.833904935227584,,False
2910800,7.511699898648764,-0.011866796276995842,27.0,BA,Nordeste,500 mil+,6.464774990352234,1.0469249082965302,True
2910859,4.5399660929145895,0.02607107356846353,17.0,BA,Nordeste,5-20 mil,3.733498975444352,0.8064671174702376,False
2910909,3.3101141896460433,-0.06497527976842768,17.0,BA,Nordeste,<5 mil,4.184040475511205,-0.8739262858651617,False
2911006,3.659194082158706,-0.04795412435212611,17.0,BA,Nordeste,5-20 mil,4.214569482241732,-0.555375400083026,False
2911105,4.279856489748639,-0.056181328480723734,17.0,BA,Nordeste,5-20 mil,4.910980216689116,-0.6311237269404772,False
2911204,2.891236507423315,-0.09080931328518814,24.0,BA,Nordeste,20-50 mil,4.41851228018546,-1.5272757727621453,False
2911253,4.088802083753535,-0.03167984415592957,17.0,BA,Nordeste,<5 mil,4.230479233395316,-0.14167714964178124,False
2911303,7.358585703254022,0.09227963252071492,20.0,BA,Nordeste,5-20 mil,6.120248219876934,1.2383374833770882,True
2911402,4.194516541760024,-0.04677667429932095,21.0,BA,Nordeste,<5 mil,5.050464206412763,-0.8559476646527395,False
2911501,4.240901491508097,-0.024865158605125056,17.0,BA,Nordeste,<5 mil,4.169172227757366,0.07172926375073096,False
2911600,3.72925537835696,-0.03134700600821368,17.0,BA,Nordeste,5-20 mil,3.965701809266632,-0.23644643090967188,False
2911659,1.8412275258590398,-0.17795384159208907,17.0,BA,Nordeste,<5 mil,4.132082447762182,-2.2908549219031418,False
2911709,8.029298742016683,-0.0045819334369864165,23.0,BA,Nordeste,50-100 mil,9.64778987636033,-1.618491134343646,True
2911808,4.213624174162835,-0.01333179531520911,17.0,BA,Nordeste,5-20 mil,4.192384468524663,0.021239705638171458,False
2911857,4.0323152320437075,0.0289607017984728,17.0,BA,Nordeste,5-20 mil,3.3416930377576404,0.6906221942860671,False
2911907,3.039276441571417,-0.0800462045166327,23.0,BA,Nordeste,5-20 mil,3.9931417381640513,-0.9538652965926344,False
2912004,4.166878992247156,-0.027696702643110502,17.0,BA,Nordeste,<5 mil,4.365085826922392,-0.19820683467523637,False
2912103,0.0,-0.18242461526652154,16.0,BA,Nordeste,5-20 mil,2.413872023807156,-2.413872023807156,False
2912202,3.034002192180864,-0.05711484726016951,17.0,BA,Nordeste,5-20 mil,4.2745355928286894,-1.2405334006478252,False
2912301,4.826271219629142,-0.004427507292413939,17.0,BA,Nordeste,5-20 mil,6.757811026424662,-1.93153980679552,False
2912400,4.862982931948935,0.033952943178609696,17.0,BA,Nordeste,5-20 mil,4.232211614018545,0.6307713179303898,False
2912509,3.885803765088916,-0.019038125668184372,17.0,BA,Nordeste,5-20 mil,4.029280514569121,-0.14347674948020472,False
2912608,4.574211902287928,0.04142741235569315,17.0,BA,Nordeste,<5 mil,3.905143407859305,0.6690684944286232,False
2912707,3.826008091309582,-0.016528397697714886,17.0,BA,Nordeste,5-20 mil,4.10331573612641,-0.2773076448168279,False
2912806,2.7017320902088215,-0.10608219019932709,17.0,BA,Nordeste,<5 mil,5.115364446916926,-2.4136323567081046,False
2912905,4.269913729215247,-0.00865461693545457,17.0,BA,Nordeste,5-20 mil,4.129878166721755,0.14003556249349192,False
2913002,3.5552466794739814,-0.08904396432883795,17.0,BA,Nordeste,<5 mil,3.226652691790396,0.3285939876835853,False
2913101,4.178016134199726,0.01678999021652751,18.0,BA,Nordeste,5-20 mil,3.880125919200693,0.29789021499903345,False
2913200,8.613914744463784,0.08142833642744544,22.0,BA,Nordeste,20-50 mil,7.727040601256388,0.8868741432073959,True
2913309,3.3613178260011765,-0.022815576138131448,17.0,BA,Nordeste,<5 mil,3.5460490353591707,-0.18473120935799425,False
2913408,3.400247403902796,0.0486487511186552,8.0,BA,Nordeste,5-20 mil,3.141367056589829,0.25888034731296683,False
2913457,3.0014308356910533,-0.0986968947467961,17.0,BA,Nordeste,<5 mil,4.257492658921724,-1.256061823230671,False
2913507,4.6257983986727425,-0.007387487151335513,17.0,BA,Nordeste,5-20 mil,4.564689859914223,0.061108538758519515,False
2913606,4.6971256543007485,-0.23380117637042988,22.0,BA,Nordeste,100-500 mil,7.89436061620839,-3.1972349619076414,False
2913705,4.004626789173685,-0.037738618482316834,22.0,BA,Nordeste,5-20 mil,4.565417334629911,-0.5607905454562268,False
2913804,3.933428072614717,-0.04104305841812665,17.0,BA,Nordeste,<5 mil,3.9832275864889786,-0.049799513874261514,False
2913903,6.132506006393971,0.01869206885332782,17.0,BA,Nordeste,20-50 mil,6.071874559800553,0.060631446593418126,True
2914000,3.570822843122386,-0.08596492336875795,21.0,BA,Nordeste,20-50 mil,5.345175160140265,-1.774352317017879,False
2914109,6.816327502775067,0.1024305030015749,21.0,BA,Nordeste,5-20 mil,5.683601805614439,1.1327256971606285,True
2914208,3.6298467803969956,0.02441752284514293,17.0,BA,Nordeste,<5 mil,2.9686512670475427,0.6611955133494529,False
2914307,3.6234376440525367,-0.030414775453544044,17.0,BA,Nordeste,<5 mil,3.87343507303584,-0.24999742898330313,False
2914406,3.651329342714291,-0.042768066067210495,17.0,BA,Nordeste,5-20 mil,2.806579344599391,0.8447499981149003,False
2914505,0.0,-0.2862391873979638,14.0,BA,Nordeste,5-20 mil,2.158825061871354,-2.158825061871354,False
2914604,5.354539656580158,-0.031638813698581854,21.0,BA,Nordeste,50-100 mil,5.79034435502011,-0.4358046984399522,True
2914653,4.889460044716451,0.02176579054382899,17.0,BA,Nordeste,20-50 mil,4.210733995823033,0.6787260488934175,False
2914703,5.002466151447322,-0.04617636322243698,19.0,BA,Nordeste,50-100 mil,6.129286839635678,-1.1268206881883556,True
2914802,1.3955587273260335,-0.30913664262513496,28.0,BA,Nordeste,100-500 mil,6.013942013383692,-4.618383286057658,False
2914901,7.6342559240150365,-0.05202564730112041,16.0,BA,Nordeste,5-20 mil,8.795839655849997,-1.1615837318349609,True
2915007,4.773682619432376,0.005089090392682794,17.0,BA,Nordeste,5-20 mil,4.295939515466998,0.4777431039653779,False
2915106,3.606216307547399,-0.035175950005974226,18.0,BA,Nordeste,5-20 mil,4.105547867334798,-0.4993315597873993,False
2915205,4.790097998188305,-0.011206065961128284,17.0,BA,Nordeste,5-20 mil,5.328044613429403,-0.5379466152410979,False
2915304,3.877337156025675,-0.03998238750464255,17.0,BA,Nordeste,5-20 mil,4.239004595113125,-0.3616674390874506,False
2915353,1.9178814830796682,-0.1949664355880899,10.0,BA,Nordeste,<5 mil,4.516002557677271,-2.5981210745976027,False
2915403,7.435179254904995,0.1240555600430591,17.0,BA,Nordeste,5-20 mil,5.617745153636243,1.817434101268752,True
2915502,3.038328382490264,-0.0014863647629685455,13.0,BA,Nordeste,5-20 mil,3.200261323235392,-0.1619329407451282,False
2915601,8.650164134443969,0.08673243531426153,21.0,BA,Nordeste,50-100 mil,7.301322805246162,1.348841329197807,True
2915700,3.126379173793282,-0.03677187823052288,17.0,BA,Nordeste,5-20 mil,3.0834660282267543,0.0429131455665277,False
2915809,3.6169947304250627,-0.08906793378435827,22.0,BA,Nordeste,5-20 mil,4.793154740364387,-1.1761600099393243,False
2915908,1.8799446592883555,-0.16266451546504693,21.0,BA,Nordeste,<5 mil,4.498871377620427,-2.6189267183320712,False
2916005,3.7554673792120497,-0.05092715062576121,20.0,BA,Nordeste,5-20 mil,4.622886321084032,-0.867418941871982,False
2916104,7.3215285723504095,0.029638077978133916,25.0,BA,Nordeste,20-50 mil,6.05267405146334,1.2688545208870696,True
2916203,3.941782475342279,-0.00044257292724376334,17.0,BA,Nordeste,5-20 mil,3.844426030110207,0.0973564452320721,False
2916302,4.524645119508191,-0.005728152841032985,17.0,BA,Nordeste,5-20 mil,4.2016066068688,0.32303851263939176,False
2916401,0.969423766844784,-0.14101170398545446,17.0,BA,Nordeste,50-100 mil,3.1156469993472378,-2.1462232325024537,False
2916500,1.599298337591108,-0.1336440462604183,22.0,BA,Nordeste,5-20 mil,3.768474660620284,-2.169176323029176,False
2916609,3.8795532258860845,-0.05482548682329265,19.0,BA,Nordeste,5-20 mil,4.412638141251723,-0.5330849153656381,False
2916708,3.6488081706045357,-0.01383906187237507,17.0,BA,Nordeste,5-20 mil,3.510961038874972,0.13784713172956353,False
2916807,4.950446779854332,-0.0698873195777349,22.0,BA,Nordeste,5-20 mil,4.737847231755899,0.2125995480984324,False
2916856,3.875172250307145,-0.05770846212158788,17.0,BA,Nordeste,5-20 mil,4.341953488700347,-0.4667812383932022,False
2916906,2.7345352606760684,-0.03165213856837076,17.0,BA,Nordeste,5-20 mil,2.78733550736026,-0.0528002466841917,False
2917003,3.2012560346693135,-0.07094092293412176,21.0,BA,Nordeste,5-20 mil,4.051658404855132,-0.8504023701858188,False
2917102,2.8431189879659797,-0.024627666680991166,11.0,BA,Nordeste,5-20 mil,3.2325463613551477,-0.389427373389168,False
2917201,5.071076523646205,0.01594494209869756,17.0,BA,Nordeste,5-20 mil,4.779991693085012,0.29108483056119283,True
2917300,2.423399973053506,-0.15380097386724217,22.0,BA,Nordeste,20-50 mil,4.287701892189219,-1.8643019191357126,False
2917334,8.662800669048124,0.15371272217938584,19.0,BA,Nordeste,5-20 mil,6.632920579975736,2.029880089072388,True
2917359,0.9961301321030192,-0.12179189121172572,5.0,BA,Nordeste,<5 mil,3.199964318600369,-2.2038341864973496,False
2917409,5.0166272930552225,0.0230550531229855,17.0,BA,Nordeste,5-20 mil,5.996632396364203,-0.9800051033089803,True
2917508,3.678483874728812,-0.08097425737466168,21.0,BA,Nordeste,50-100 mil,4.555726516664412,-0.8772426419355996,False
2917607,0.0,-0.3855924930109897,27.0,BA,Nordeste,20-50 mil,5.550661785156376,-5.550661785156376,False
2917706,4.494226443214444,-0.07127863899255157,17.0,BA,Nordeste,5-20 mil,5.468126829319577,-0.9739003861051332,False
2917805,4.02392546290306,-0.00745331119920474,17.0,BA,Nordeste,5-20 mil,3.9916283367629593,0.03229712614010083,False
2917904,3.0369954881160197,-0.05332994872534947,21.0,BA,Nordeste,5-20 mil,3.868155722676093,-0.8311602345600733,False
2918001,9.011606846858399,-0.043049541530922476,27.0,BA,Nordeste,100-500 mil,8.473640858347876,0.537965988510523,True
2918100,2.6176566669236934,-0.1193307312975699,23.0,BA,Nordeste,5-20 mil,4.519545755425573,-1.9018890885018793,False
2918209,5.5993451726033,-0.016115277559570113,17.0,BA,Nordeste,5-20 mil,5.794942309984952,-0.19559713738165208,True
2918308,2.661738559540936,-0.0928444242260258,18.0,BA,Nordeste,5-20 mil,3.971107138751921,-1.309368579210985,False
2918357,4.156222760261649,-0.008115823828790957,18.0,BA,Nordeste,5-20 mil,4.197399643182602,-0.04117688292095334,False
2918407,0.0,-0.32024776105380687,28.0,BA,Nordeste,100-500 mil,4.036066802106013,-4.036066802106013,False
2918456,3.202795509481888,-0.07958312956521915,17.0,BA,Nordeste,<5 mil,4.21791000165247,-1.0151144921705821,False
2918506,3.9454322638853476,0.011822007665119465,18.0,BA,Nordeste,5-20 mil,3.786752123337679,0.15868014054766855,False
2918555,1.6285356249519083,-0.04079581709179853,8.0,BA,Nordeste,<5 mil,2.511633485239716,-0.8830978602878079,False
2918605,4.7649074107057885,-0.021227644365727362,17.0,BA,Nordeste,<5 mil,4.755249938938237,0.009657471767551051,False
2918704,3.702346539665591,-0.02895267552504586,17.0,BA,Nordeste,<5 mil,4.092625848423833,-0.39027930875824257,False
2918753,4.88650967458824,-0.031386083554455387,17.0,BA,Nordeste,<5 mil,4.94364506207175,-0.05713538748350988,False
2918803,5.696835245241459,-0.12964970807158457,17.0,BA,Nordeste,5-20 mil,6.440102086832349,-0.7432668415908896,True
2918902,4.550071312319094,-0.008674470753441497,21.0,BA,Nordeste,<5 mil,4.925175135091895,-0.3751038227728012,False
2919009,3.874422352660687,0.0037129231924586965,21.0,BA,Nordeste,<5 mil,3.602299754382373,0.272122598278314,False
2919058,2.206110637782018,-0.08433267945318328,17.0,BA,Nordeste,5-20 mil,3.3518587249700307,-1.1457480871880126,False
2919108,3.5768308767924957,-0.014878371494963648,17.0,BA,Nordeste,<5 mil,3.231991717542361,0.34483915925013475,False
2919157,2.9219313423518543,-0.0711364745253428,21.0,BA,Nordeste,5-20 mil,3.974766709819552,-1.0528353674676976,False
2919207,0.049806116502736586,-0.47099080965614826,25.0,BA,Nordeste,100-500 mil,6.749446854273258,-6.699640737770522,False
2919306,8.409890722861864,0.000569972248521619,21.0,BA,Nordeste,5-20 mil,7.238368862789386,1.1715218600724775,True
2919405,4.4751267275015,0.012652521530015545,17.0,BA,Nordeste,5-20 mil,4.001605402647774,0.473521324853726,False
2919504,2.4828288826157063,-0.19260577701056256,23.0,BA,Nordeste,20-50 mil,5.494443014941671,-3.011614132325965,False
2919553,9.450637820708096,0.16366084647842988,17.0,BA,Nordeste,50-100 mil,7.940964277920634,1.5096735427874615,True
2919603,2.9330099889386645,-0.06731036085340095,17.0,BA,Nordeste,5-20 mil,3.5019304690209285,-0.568920480082264,False
2919702,0.0,-0.21855108113710126,23.0,BA,Nordeste,5-20 mil,2.9664432647618693,-2.9664432647618693,False
2919801,0.7907467129134602,-0.12713797678303537,20.0,BA,Nordeste,5-20 mil,2.4984036556572424,-1.7076569427437822,False
2919900,,,0.0,BA,Nordeste,<5 mil,,,False
2919926,3.6813850198826685,-0.270978748604632,25.0,BA,Nordeste,20-50 mil,7.095985890184058,-3.4146008703013893,False
2919959,3.873691237612306,-0.02745059572366504,16.0,BA,Nordeste,<5 mil,4.453781635949551,-0.5800903983372452,False
2920007,2.6445841013460836,-0.13498560765353831,22.0,BA,Nordeste,5-20 mil,4.6745976582824085,-2.030013556936325,False
2920106,2.2437344420442855,-0.09223407776203042,20.0,BA,Nordeste,5-20 mil,3.668343687581694,-1.4246092455374084,False
2920205,4.308482981504426,-0.061871509045680215,17.0,BA,Nordeste,5-20 mil,5.184677613522598,-0.8761946320181719,False
2920304,3.905957376057401,-0.049211693895099766,20.0,BA,Nordeste,<5 mil,5.192892405678924,-1.2869350296215227,False
2920403,4.289952441282402,0.012409392059061133,16.0,BA,Nordeste,5-20 mil,3.617526854072814,0.6724255872095881,False
2920452,6.90613206036727,0.18263053562168452,13.0,BA,Nordeste,5-20 mil,4.239596815351638,2.6665352450156314,True
2920502,2.4983431510366927,-0.06773550195417077,20.0,BA,Nordeste,5-20 mil,2.834649881051732,-0.3363067300150395,False
2920601,5.4070398748935276,-0.055554343379094664,20.0,BA,Nordeste,20-50 mil,5.626946913494964,-0.2199070386014368,True
2920700,2.7140380038169667,-0.12009161255283232,22.0,BA,Nordeste,<5 mil,4.243425377724398,-1.529387373907431,False
2920809,3.8136403100945984,-0.013691243751015469,17.0,BA,Nordeste,5-20 mil,3.846552275923368,-0.03291196582876976,False
2920908,3.9218105741233753,-0.0067329957748209325,17.0,BA,Nordeste,5-20 mil,3.778298849003715,0.14351172511966048,False
2921005,13.92837132246703,-0.004745315992311773,21.0,BA,Nordeste,20-50 mil,10.65765032737932,3.270720995087709,True
2921054,6.718337481890842,0.1455397610941918,10.0,BA,Nordeste,<5 mil,4.80068259941259,1.917654882478252,True
2921104,4.958328860499513,-0.0099656521477281,17.0,BA,Nordeste,5-20 mil,5.238482135427961,-0.28015327492844744,False
2921203,5.661025920668692,0.04842782385508071,27.0,BA,Nordeste,5-20 mil,4.170820324215796,1.4902055964528955,True
2921302,2.5858699894399706,-0.15631134546198963,17.0,BA,Nordeste,5-20 mil,4.498232748369654,-1.9123627589296834,False
2921401,4.547793810230203,-0.01999938409447302,19.0,BA,Nordeste,5-20 mil,4.093881603186225,0.4539122070439783,False
2921450,3.545320151572085,-0.03915970046737127,17.0,BA,Nordeste,<5 mil,4.366301568379761,-0.8209814168076761,False
2921500,3.4755253854253567,-0.04742360593495437,23.0,BA,Nordeste,5-20 mil,3.936213689573019,-0.4606883041476624,False
2921609,4.041090457237985,-0.02791499208654068,22.0,BA,Nordeste,5-20 mil,4.532532107771268,-0.49144165053328326,False
2921708,7.522383801711584,0.11844967421887519,19.0,BA,Nordeste,20-50 mil,5.5692928932143735,1.9530909084972103,True
2921807,4.127043840379969,-0.01625963465184982,17.0,BA,Nordeste,5-20 mil,4.540815725158522,-0.4137718847785532,False
2921906,0.0,0.0,9.0,BA,Nordeste,<5 mil,0.0,0.0,False
2922003,6.190444061288048,-0.033690416975173276,19.0,BA,Nordeste,20-50 mil,6.245936466609021,-0.055492405320973326,True
2922052,5.262358757285142,0.1294880151637802,13.0,BA,Nordeste,5-20 mil,3.2387665832261194,2.0235921740590226,True
2922102,3.5434708458063255,-0.018067876843967927,20.0,BA,Nordeste,5-20 mil,3.810476381057261,-0.2670055352509353,False
2922201,2.9786824118610298,-0.07037227859555766,17.0,BA,Nordeste,<5 mil,3.858901584688753,-0.8802191728277231,False
2922250,6.503207613618159,0.06039377639456795,17.0,BA,Nordeste,<5 mil,5.741179177907359,0.7620284357107998,True
2922300,6.357312289834738,0.0680710536324564,17.0,BA,Nordeste,5-20 mil,5.244113716230479,1.113198573604259,True
2922409,7.019389633367497,0.0063424744452996295,17.0,BA,Nordeste,5-20 mil,6.914792082885097,0.10459755048240016,True
2922508,3.9380449709138503,-0.04811989112079592,17.0,BA,Nordeste,20-50 mil,4.472698166824236,-0.5346531959103853,False
2922607,3.9346665887271683,-0.09781510529650922,17.0,BA,Nordeste,<5 mil,4.819414552418822,-0.8847479636916535,False
2922656,4.027582763435815,-0.007227694562966404,17.0,BA,Nordeste,<5 mil,4.000477298298566,0.02710546513724843,False
2922706,5.339858237712718,0.04570078823084291,17.0,BA,Nordeste,5-20 mil,4.661920746446842,0.677937491265876,True
2922730,3.53871537341017,-0.02975589631800776,17.0,BA,Nordeste,5-20 mil,3.786631667198978,-0.24791629378880797,False
2922755,5.059303498484681,0.0491750698448705,17.0,BA,Nordeste,<5 mil,4.138980316950614,0.9203231815340667,True
2922805,1.707020178898233,-0.08705913774911796,17.0,BA,Nordeste,<5 mil,3.244588866418188,-1.537568687519955,False
2922854,4.055386018861956,0.007059463138636459,17.0,BA,Nordeste,5-20 mil,3.847449455961888,0.207936562900068,False
2922904,4.519844108102998,0.008404233975561816,17.0,BA,Nordeste,5-20 mil,4.390112089140528,0.12973201896246955,False
2923001,2.4862987476798253,-0.07542973139292657,17.0,BA,Nordeste,20-50 mil,4.328841397527533,-1.842542649847708,False
2923035,19.273324329969682,0.8840974463288169,4.0,BA,Nordeste,<5 mil,4.597306720911715,14.676017609057968,True
2923050,3.370890746253803,-0.010178427135946301,17.0,BA,Nordeste,5-20 mil,3.7396986167543314,-0.36880787050052843,False
2923100,5.048664444002043,0.023217558732171274,17.0,BA,Nordeste,5-20 mil,4.421881917980901,0.6267825260211417,True
2923209,0.7475221933029275,-0.03952325478944328,11.0,BA,Nordeste,5-20 mil,1.0147325165086485,-0.267210323205721,False
2923308,3.7405239189375195,-0.018387194338479403,17.0,BA,Nordeste,<5 mil,3.903614275520216,-0.16309035658269666,False
2923357,5.521817278290584,0.05601348625828023,17.0,BA,Nordeste,5-20 mil,5.585779776460436,-0.06396249816985211,True
2923407,4.158235978558395,-0.05031880373596541,21.0,BA,Nordeste,5-20 mil,5.003011918558268,-0.8447759399998738,False
2923506,8.079041577629084,0.12083780475495724,19.0,BA,Nordeste,5-20 mil,5.730516210242541,2.348525367386543,True
2923605,2.926021632857953,-0.13999257419259797,21.0,BA,Nordeste,5-20 mil,4.934096431468802,-2.008074798610849,False
2923704,0.9753500369544668,-0.1493340137278775,10.0,BA,Nordeste,5-20 mil,3.5478655943630604,-2.5725155574085936,False
2923803,3.304485283806777,-0.02580821647905307,17.0,BA,Nordeste,5-20 mil,3.3216433548116724,-0.017158071004895525,False
2923902,3.882021952838322,-0.024614115596447498,17.0,BA,Nordeste,5-20 mil,4.210649847700147,-0.32862789486182464,False
2924009,6.983002556503976,-0.04758261397751002,23.0,BA,Nordeste,100-500 mil,7.282857930105859,-0.29985537360188275,True
2924058,3.9811532720182115,0.029793160770851763,17.0,BA,Nordeste,5-20 mil,3.645554486004156,0.33559878601405524,False
2924108,4.90706325446331,0.0476866321819573,17.0,BA,Nordeste,<5 mil,3.866304131416352,1.040759123046958,False
2924207,3.685887062635942,-0.03162803852293526,17.0,BA,Nordeste,<5 mil,3.8492531280375366,-0.1633660654015947,False
2924306,,,0.0,BA,Nordeste,5-20 mil,,,False
2924405,,,2.0,BA,Nordeste,5-20 mil,3.003691427705069,,False
2924504,6.213190310106015,0.0520927491841222,17.0,BA,Nordeste,<5 mil,5.703489789904832,0.5097005202011831,True
2924603,0.0,-0.14765216566228928,10.0,BA,Nordeste,5-20 mil,0.4990215588723051,-0.4990215588723051,False
2924652,3.8631632477289592,-0.015262295241765431,17.0,BA,Nordeste,5-20 mil,3.886330493514468,-0.023167245785508772,False
2924678,1.9907198176140355,-0.15160386490658134,22.0,BA,Nordeste,<5 mil,4.500366351510881,-2.509646533896846,False
2924702,3.0011118580784597,-0.052521280668256835,17.0,BA,Nordeste,<5 mil,3.90687553247806,-0.9057636743996005,False
2924801,3.6920893872070053,-0.018355082555897975,17.0,BA,Nordeste,5-20 mil,3.7382471928803818,-0.04615780567337646,False
2924900,2.7558984822729826,-0.04065073900550026,17.0,BA,Nordeste,<5 mil,3.2404063819650206,-0.484507899692038,False
2925006,4.059004369416005,0.008090906887320563,20.0,BA,Nordeste,5-20 mil,3.758001943653623,0.30100242576238223,False
2925105,4.876160360660471,0.01500200191934071,27.0,BA,Nordeste,20-50 mil,4.425321347117667,0.45083901354280354,False
2925204,3.7393673415106434,-0.09682826194485128,17.0,BA,Nordeste,20-50 mil,4.571476608250873,-0.8321092667402299,False
2925253,3.8392142048850952,0.0033301021549514433,17.0,BA,Nordeste,5-20 mil,3.6928161916658953,0.14639801321919999,False
2925303,7.458905803339064,-0.11169683182584735,21.0,BA,Nordeste,100-500 mil,8.697575070799267,-1.2386692674602031,True
2925402,2.629665861796468,-0.12634725275276631,22.0,BA,Nordeste,<5 mil,4.427975363325806,-1.7983095015293378,False
2925501,5.1378089169647865,-0.026600793080695902,18.0,BA,Nordeste,5-20 mil,5.267721312675089,-0.12991239571030277,True
2925600,4.662163396477759,0.02596611112041284,27.0,BA,Nordeste,5-20 mil,4.088929471036399,0.5732339254413601,False
2925709,3.449818115610789,-0.019140172055870996,15.0,BA,Nordeste,<5 mil,4.094318843613058,-0.644500728002269,False
2925758,2.947578908524804,-0.08843458484563566,22.0,BA,Nordeste,5-20 mil,4.286701854787403,-1.3391229462625995,False
2925808,2.5897309458440247,-0.10229683755583252,20.0,BA,Nordeste,5-20 mil,3.732407044980572,-1.1426760991365472,False
2925907,3.138654340507543,-0.05217686538630801,20.0,BA,Nordeste,5-20 mil,3.7420285302023113,-0.6033741896947684,False
2925931,3.6910958018208966,0.011033633215414514,17.0,BA,Nordeste,<5 mil,3.334821862659477,0.3562739391614196,False
2925956,4.108588613160045,-0.021397073389644486,18.0,BA,Nordeste,5-20 mil,4.129422660613701,-0.020834047453655913,False
2926004,0.0,-0.36962203024561985,22.0,BA,Nordeste,20-50 mil,2.694502515102174,-2.694502515102174,False
2926103,3.407998452227023,-0.00956309822957547,17.0,BA,Nordeste,5-20 mil,3.143273001140829,0.26472545108619405,False
2926202,4.571866155369477,-0.061675096904996576,21.0,BA,Nordeste,5-20 mil,4.3038366182504815,0.2680295371189958,False
2926301,2.7934600841540203,-0.09352910755292132,22.0,BA,Nordeste,20-50 mil,4.072921346107323,-1.279461261953303,False
2926400,1.7908708213795137,-0.05301181790869713,10.0,BA,Nordeste,5-20 mil,2.7084492760427468,-0.9175784546632331,False
2926509,7.01547014785308,0.07929648849279428,17.0,BA,Nordeste,<5 mil,5.433124861578567,1.5823452862745127,True
2926608,4.090609473973998,-0.05300044970968504,23.0,BA,Nordeste,20-50 mil,5.029200801965303,-0.938591327991305,False
2926657,47.70884928341184,2.224565669245275,11.0,BA,Nordeste,<5 mil,44.62672248706352,3.0821267963483194,True
2926707,7.591243172914687,0.07980210417282166,17.0,BA,Nordeste,5-20 mil,4.494698449532454,3.096544723382234,True
2926806,3.5841209354385484,-0.025554694839042397,17.0,BA,Nordeste,5-20 mil,4.256105352924051,-0.6719844174855023,False
2926905,3.9641155163964044,-0.03909388464042144,21.0,BA,Nordeste,5-20 mil,4.65880588975768,-0.6946903733612757,False
2927002,3.1843904743532505,-0.06981652421501532,22.0,BA,Nordeste,20-50 mil,4.264307476943348,-1.079917002590098,False
2927101,0.0,0.0,12.0,BA,Nordeste,5-20 mil,0.0,0.0,False
2927200,3.6308844592599456,-0.05553564542579512,21.0,BA,Nordeste,20-50 mil,4.281434737528909,-0.6505502782689634,False
2927309,4.254399086173642,-0.017849481146059862,17.0,BA,Nordeste,5-20 mil,4.331207940666133,-0.07680885449249075,False
2927408,14.630185682882683,0.11264968047399483,26.0,BA,Nordeste,500 mil+,9.605255220329708,5.024930462552975,True
2927507,3.8219580481569153,-0.03227742975299074,17.0,BA,Nordeste,5-20 mil,4.023051223045394,-0.201093174888479,False
2927606,6.6862371790721795,0.07837982433390915,17.0,BA,Nordeste,5-20 mil,5.099899106486242,1.5863380725859377,True
2927705,10.966066446547842,0.08887268309603143,17.0,BA,Nordeste,20-50 mil,9.741897620386856,1.2241688261609855,True
2927804,3.7650473635198978,-0.01081381839250691,17.0,BA,Nordeste,<5 mil,3.966229627227994,-0.20118226370809644,False
2927903,6.728376369805581,0.005777284635221462,17.0,BA,Nordeste,5-20 mil,6.266429031415702,0.4619473383898791,True
2928000,3.8175529925836784,-0.014977687061487291,17.0,BA,Nordeste,20-50 mil,3.996686880934871,-0.17913388835119237,False
2928059,3.715593495617263,-0.01404834849839403,17.0,BA,Nordeste,5-20 mil,4.12772017942535,-0.41212668380808726,False
2928109,0.4699308127309223,-0.2996751423780009,15.0,BA,Nordeste,20-50 mil,4.81907390639744,-4.349143093666518,False
2928208,4.997142426562277,0.010180321943490181,23.0,BA,Nordeste,5-20 mil,5.005405795267464,-0.008263368705186735,False
2928307,4.832282515160543,0.03730258660195908,17.0,BA,Nordeste,<5 mil,3.870570901007811,0.961711614152732,False
2928406,2.264387266253806,-0.045208854147702364,18.0,BA,Nordeste,5-20 mil,3.24023156871892,-0.9758443024651142,False
2928505,5.549951935018946,0.011717405232567563,17.0,BA,Nordeste,<5 mil,4.450362489978865,1.0995894450400812,True
2928604,5.497555815438638,-0.0239350206302051,27.0,BA,Nordeste,20-50 mil,5.474921688670364,0.022634126768273255,True
2928703,5.4360143370128995,-0.031074202479945263,21.0,BA,Nordeste,50-100 mil,5.69972056353061,-0.26370622651771036,True
2928802,4.00255473496766,-0.036287944443689026,21.0,BA,Nordeste,20-50 mil,4.298159251678466,-0.2956045167108057,False
2928901,4.946702464423311,-0.0820794583212252,21.0,BA,Nordeste,5-20 mil,5.783763511842539,-0.8370610474192279,False
2928950,4.48049108793095,0.019717356198850625,17.0,BA,Nordeste,5-20 mil,4.03226116077597,0.4482299271549799,False
2929008,8.000130600831795,0.0695786514269331,17.0,BA,Nordeste,5-20 mil,6.377905595735353,1.6222250050964426,True
2929057,4.5517962089909325,-0.008945825875820169,15.0,BA,Nordeste,5-20 mil,4.709255092423629,-0.15745888343269687,False
2929107,4.3554625062522945,-0.02753553750989067,17.0,BA,Nordeste,5-20 mil,4.467451636885882,-0.11198913063358784,False
2929206,4.487625863571282,-0.1808254753062606,27.0,BA,Nordeste,20-50 mil,5.266519087854527,-0.7788932242832454,False
2929255,3.5442686596255015,-0.03150530472564326,20.0,BA,Nordeste,5-20 mil,3.8250637681249327,-0.2807951084994311,False
2929305,0.8025121479063273,-0.2793350262347072,18.0,BA,Nordeste,5-20 mil,4.043631946534871,-3.241119798628544,False
2929354,3.8917406892321225,0.021196545094037834,17.0,BA,Nordeste,5-20 mil,3.647231956782738,0.24450873244938442,False
2929370,3.4144270813495012,-0.01453714010532867,17.0,BA,Nordeste,5-20 mil,3.503037258078892,-0.08861017672939075,False
2929404,3.337668697673763,-0.06345493142202825,17.0,BA,Nordeste,<5 mil,4.100043551491187,-0.7623748538174242,False
2929503,1.1443527081392517,-0.20300478021139157,23.0,BA,Nordeste,20-50 mil,4.042975194333837,-2.8986224861945855,False
2929602,3.148051672491377,-0.052161828932648216,17.0,BA,Nordeste,5-20 mil,3.813817867749572,-0.665766195258195,False
2929701,4.354549056768482,-0.002941310183142753,17.0,BA,Nordeste,<5 mil,4.488637419784499,-0.13408836301601745,False
2929750,3.4380662995020543,-0.02007084909201466,17.0,BA,Nordeste,5-20 mil,3.4429607113647025,-0.0048944118626481625,False
2929800,2.863477797585432,-0.06868189071283151,17.0,BA,Nordeste,5-20 mil,3.4613525460209766,-0.5978747484355447,False
2929909,3.216967516215675,-0.07918519601810768,23.0,BA,Nordeste,20-50 mil,3.763155102601083,-0.546187586385408,False
2930006,0.0,0.0,7.0,BA,Nordeste,<5 mil,0.0,0.0,False
2930105,2.8226517030726654,-0.12712651368570402,23.0,BA,Nordeste,50-100 mil,4.544293023730737,-1.7216413206580716,False
2930154,5.342132186733579,0.15627404130869,5.0,BA,Nordeste,5-20 mil,3.740613318061007,1.601518868672572,True
2930204,8.729954336597302,0.4329730980914387,3.0,BA,Nordeste,20-50 mil,3.949364560066365,4.780589776530937,True
2930303,3.163904138368693,-0.05702840810062456,21.0,BA,Nordeste,5-20 mil,4.275252977332617,-1.1113488389639237,False
2930402,4.68377406909017,0.022526885425820077,17.0,BA,Nordeste,5-20 mil,4.035865339815524,0.6479087292746453,False
2930501,2.1559737033459783,-0.1339271622379373,23.0,BA,Nordeste,50-100 mil,4.048562136283955,-1.892588432937977,False
2930600,3.6805837004416047,-0.0036952932400579875,17.0,BA,Nordeste,5-20 mil,3.618039087580552,0.0625446128610525,False
2930709,11.171814276319552,-0.042331446423277616,27.0,BA,Nordeste,100-500 mil,7.304733325639651,3.8670809506799007,True
2930766,2.4147572988354256,-0.06091951539574675,21.0,BA,Nordeste,<5 mil,3.555856895105194,-1.1410995962697683,False
2930774,2.5220396214328247,-0.03470894955015941,19.0,BA,Nordeste,20-50 mil,3.4939184998613344,-0.9718788784285097,False
2930808,3.5444867063114316,-0.02230280961629517,17.0,BA,Nordeste,5-20 mil,3.2186803696548942,0.32580633665653735,False
2930907,5.3833337871782305,0.19594491166009698,12.0,BA,Nordeste,<5 mil,5.130031844128886,0.25330194304934484,True
2931004,3.439390479066134,-0.10817694436179494,21.0,BA,Nordeste,5-20 mil,4.577238121783028,-1.1378476427168938,False
2931053,4.368842142480519,0.00879443702514669,21.0,BA,Nordeste,5-20 mil,3.7472441156352967,0.6215980268452221,False
2931103,0.0,-0.2919910569403781,21.0,BA,Nordeste,5-20 mil,4.0756670995140825,-4.0756670995140825,False
2931202,4.064558695944129,-0.048193764184394326,14.0,BA,Nordeste,5-20 mil,4.647966871260463,-0.5834081753163343,False
2931301,3.7213567099020253,-0.009488440256201323,17.0,BA,Nordeste,5-20 mil,3.8548276234809102,-0.13347091357888496,False
2931350,5.797936972276844,-0.033973671804000606,23.0,BA,Nordeste,100-500 mil,6.693930400351052,-0.8959934280742079,True
2931400,3.452644122972522,-0.021648069871807365,17.0,BA,Nordeste,5-20 mil,3.345235680003817,0.10740844296870522,False
2931509,3.6791267152701757,0.0018507488593150917,17.0,BA,Nordeste,5-20 mil,3.3058785393679964,0.3732481759021793,False
2931608,3.6841188158644087,-0.04736048908637922,17.0,BA,Nordeste,5-20 mil,4.476345235253221,-0.792226419388812,False
2931707,3.749896925833454,-0.028112740808767533,17.0,BA,Nordeste,5-20 mil,3.6848585689604496,0.06503835687300441,False
2931806,4.180669549332492,-0.09417723176210602,20.0,BA,Nordeste,<5 mil,5.248508153924201,-1.0678386045917083,False
2931905,7.064532560459412,0.09293050163676825,17.0,BA,Nordeste,20-50 mil,5.127967943997444,1.9365646164619683,True
2932002,4.011953699657035,-0.0247469141929089,17.0,BA,Nordeste,5-20 mil,4.084314433264029,-0.07236073360699447,False
2932101,5.223920463256835,-0.0036697802603872917,20.0,BA,Nordeste,5-20 mil,5.453420860264185,-0.22950039700734948,True
2932200,4.189969474645423,-0.034096002886741396,18.0,BA,Nordeste,5-20 mil,4.351780193571456,-0.16181071892603338,False
2932309,4.195523452029903,-0.04065884000752558,18.0,BA,Nordeste,5-20 mil,4.559164000119079,-0.363640548089176,False
2932408,4.156740920682651,0.013405080951677284,18.0,BA,Nordeste,5-20 mil,4.154326608803578,0.002414311879072706,False
2932457,5.872329096103812,0.11358984112856983,17.0,BA,Nordeste,5-20 mil,5.757432212737509,0.11489688336630266,True
2932507,3.724457456920618,-0.06379968732077194,20.0,BA,Nordeste,5-20 mil,4.295962668196312,-0.571505211275694,False
2932606,,,1.0,BA,Nordeste,5-20 mil,0.0,,False
2932705,6.418604407991438,0.06808607630365292,17.0,BA,Nordeste,5-20 mil,5.0258318438496055,1.3927725641418327,True
2932804,3.445211256715808,-0.046009738882963246,21.0,BA,Nordeste,5-20 mil,3.973097800509282,-0.5278865437934739,False
2932903,3.9868977968608306,-0.1390093356708039,23.0,BA,Nordeste,50-100 mil,6.343273787870155,-2.3563759910093243,False
2933000,3.8208552916928857,0.002713582308646112,17.0,BA,Nordeste,5-20 mil,3.6729858363619137,0.14786945533097207,False
2933059,3.739138722123929,-0.004507336761172654,17.0,BA,Nordeste,5-20 mil,3.494131001335428,0.24500772078850108,False
2933109,3.5987885624645806,0.004531602391517502,21.0,BA,Nordeste,5-20 mil,3.2737993028536083,0.32498925961097225,False
2933158,7.67832250017949,0.15688985717915682,17.0,BA,Nordeste,5-20 mil,5.357722781024127,2.3205997191553633,True
2933174,3.6817191439197288,-0.021796643927619697,17.0,BA,Nordeste,<5 mil,3.753205331375764,-0.0714861874560353,False
2933208,3.622144084645015,-0.11905941373783735,24.0,BA,Nordeste,20-50 mil,5.466935844229237,-1.844791759584222,False
2933257,4.869253952372418,0.035208174875437294,17.0,BA,Nordeste,<5 mil,4.370804804361033,0.4984491480113853,False
2933307,8.3983871905182,-0.0019674621483813074,27.0,BA,Nordeste,100-500 mil,7.797875884526459,0.6005113059917413,True
2933406,4.325828576110899,0.006086080813467661,17.0,BA,Nordeste,5-20 mil,3.794652463475281,0.531176112635618,False
2933455,5.407962868124287,0.07035756844831433,13.0,BA,Nordeste,5-20 mil,4.421277896283586,0.9866849718407007,True
2933505,3.7975232496504816,-0.022523892231085973,18.0,BA,Nordeste,5-20 mil,4.166587680674663,-0.3690644310241815,False
2933604,0.0,-0.1474357652783204,18.0,BA,Nordeste,20-50 mil,2.6615962295600726,-2.6615962295600726,False
3100104,2.0726966538304623,-0.19703685559792303,18.0,MG,Sudeste,<5 mil,4.995158008951581,-2.9224613551211185,False
3100203,1.918065911355086,-0.21632757893491328,19.0,MG,Sudeste,20-50 mil,5.112905140251701,-3.1948392288966154,False
3100302,4.07399761517712,-0.07939465186123525,12.0,MG,Sudeste,5-20 mil,5.286699010221514,-1.2127013950443937,False
3100401,0.7342370584034157,0.02736570023963877,9.0,MG,Sudeste,<5 mil,0.4348271609095906,0.2994098974938251,False
3100500,7.846642083537887,0.12050850887713169,18.0,MG,Sudeste,<5 mil,6.508221655498883,1.3384204280390035,True
3100609,0.10133942274256924,-0.24888795302393543,14.0,MG,Sudeste,5-20 mil,3.5436322598473584,-3.442292837104789,False
3100708,2.9674609857437986,-0.2503697708592042,22.0,MG,Sudeste,<5 mil,6.788656920859684,-3.8211959351158855,False
3100807,0.0,-0.11742001102026961,16.0,MG,Sudeste,<5 mil,0.7172442565518234,-0.7172442565518234,False
3100906,2.0500660827246406,-0.17912875434491438,15.0,MG,Sudeste,5-20 mil,4.753502740369376,-2.703436657644735,False
3101003,1.9829530725863265,-0.17074051555699565,20.0,MG,Sudeste,5-20 mil,4.381324632220738,-2.3983715596344117,False
3101102,5.262071694756457,-0.0751789811246499,15.0,MG,Sudeste,5-20 mil,6.577193528447952,-1.315121833691495,True
3101201,0.0,0.0,7.0,MG,Sudeste,<5 mil,0.0,0.0,False
3101300,,,2.0,MG,Sudeste,<5 mil,0.3747982779318342,,False
3101409,4.073283539547102,0.0073571758316031514,8.0,MG,Sudeste,<5 mil,3.827843933371617,0.2454396061754851,False
3101508,6.1942448558018555,-0.16111296106622847,19.0,MG,Sudeste,20-50 mil,8.631620494621004,-2.437375638819148,True
3101607,10.13486697113541,-0.06519648417393475,23.0,MG,Sudeste,50-100 mil,9.767398649570062,0.36746832156534737,True
3101631,1.8375888858969347,-0.14741503388993535,17.0,MG,Sudeste,<5 mil,4.079872223514779,-2.2422833376178444,False
3101706,3.854883299057292,-0.27926337088201425,18.0,MG,Sudeste,20-50 mil,7.703276226273738,-3.8483929272164463,False
3101805,0.8697525278776084,-0.20908645765040415,22.0,MG,Sudeste,5-20 mil,3.8260473501153296,-2.956294822237721,False
3101904,7.360224101487706,0.00014761808806414072,22.0,MG,Sudeste,5-20 mil,7.517846102972463,-0.15762200148475713,True
3102001,2.112482527517443,-0.18416740186653704,19.0,MG,Sudeste,5-20 mil,5.058226236493896,-2.945743708976453,False
3102050,0.0,-0.057624465196015974,6.0,MG,Sudeste,<5 mil,0.0,0.0,False
3102100,1.4885229611348336,-0.1867189242584434,20.0,MG,Sudeste,<5 mil,4.142033705209552,-2.653510744074718,False
3102209,1.2651232814027935,-0.2078581355435478,22.0,MG,Sudeste,<5 mil,4.193674839860959,-2.9285515584581656,False
3102308,3.1516670857176337,-0.1046157706470152,17.0,MG,Sudeste,5-20 mil,4.498620705177112,-1.3469536194594784,False
3102407,1.388903941854835,-0.2485322334169985,18.0,MG,Sudeste,<5 mil,5.043196210216031,-3.6542922683611962,False
3102506,2.7669791684386382,-0.14757921193753498,18.0,MG,Sudeste,<5 mil,4.727023627819172,-1.9600444593805335,False
3102605,3.8795855646954465,-0.20732050963115267,22.0,MG,Sudeste,20-50 mil,6.789113028106552,-2.9095274634111057,False
3102704,0.0,-0.29748044720267824,13.0,MG,Sudeste,<5 mil,1.981662655053546,-1.981662655053546,False
3102803,2.2379230937106627,-0.13375295473964155,19.0,MG,Sudeste,5-20 mil,4.003130464347043,-1.7652073706363804,False
3102852,0.0,-0.21519377980548232,12.0,MG,Sudeste,<5 mil,2.4596232279882573,-2.4596232279882573,False
3102902,2.491790513558385,-0.14397649878316537,19.0,MG,Sudeste,5-20 mil,4.385777076599831,-1.8939865630414463,False
3103009,3.046922299424409,-0.12854604554943647,19.0,MG,Sudeste,<5 mil,4.857495897130696,-1.810573597706287,False
3103108,1.4539246907227152,-0.19689306263166628,18.0,MG,Sudeste,<5 mil,4.296433671144892,-2.842508980422177,False
3103207,0.3352440919483115,-0.28389707106969575,18.0,MG,Sudeste,<5 mil,4.206543602121406,-3.8712995101730945,False
3103306,10.810179595078125,0.622735520848499,5.0,MG,Sudeste,<5 mil,3.2653408638345467,7.544838731243578,True
3103405,6.184101914612029,-0.12055721326434976,18.0,MG,Sudeste,20-50 mil,7.6289721036519635,-1.4448701890399347,True
3103504,3.641636183635825,-0.026656115316283223,26.0,MG,Sudeste,100-500 mil,4.8181219187388855,-1.1764857351030606,False
3103603,26.989324507157562,1.23851464380382,11.0,MG,Sudeste,<5 mil,3.56714347615864,23.42218103099892,True
3103702,0.6950397734699436,-0.19047335846453106,18.0,MG,Sudeste,<5 mil,3.4727103691814496,-2.777670595711506,False
3103751,3.9977926018328844,0.07798407403619455,9.0,MG,Sudeste,5-20 mil,2.2000921496740555,1.797700452158829,False
3103801,5.876080794446921,0.38523804900703496,5.0,MG,Sudeste,<5 mil,2.5411221017539014,3.3349586926930193,True
3103900,8.760537041439989,0.18483697481098976,7.0,MG,Sudeste,5-20 mil,6.59438653035317,2.166150511086818,True
3104007,8.32773211649777,-0.16552084455449415,19.0,MG,Sudeste,100-500 mil,9.665545135033028,-1.3378130185352575,True
3104106,10.409879939816317,-0.015319713311743838,18.0,MG,Sudeste,5-20 mil,10.749042510826229,-0.3391625710099113,True
3104205,2.2848351732711762,-0.2535788081242953,19.0,MG,Sudeste,20-50 mil,5.762753875044662,-3.4779187017734854,False
3104304,2.0392314603723207,-0.2075030032832948,19.0,MG,Sudeste,5-20 mil,5.009847480509148,-2.970616020136827,False
3104403,2.8587541590441674,0.09112520626445506,7.0,MG,Sudeste,<5 mil,1.6315958837717817,1.2271582752723857,False
3104452,0.0,-0.24970824750968626,14.0,MG,Sudeste,<5 mil,6.00044152239456,-6.00044152239456,False
3104502,2.049420561172269,-0.1862358028297989,19.0,MG,Sudeste,5-20 mil,5.028813519339635,-2.9793929581673657,False
3104601,0.5513598337614667,-0.3218647826319989,18.0,MG,Sudeste,5-20 mil,5.138347045488863,-4.586987211727396,False
3104700,1.799244382088773,-0.23281285273788596,15.0,MG,Sudeste,5-20 mil,5.349353484838094,-3.550109102749321,False
3104809,1.299964193938024,-0.21666611475329728,18.0,MG,Sudeste,<5 mil,4.652597271341757,-3.352633077403733,False
3104908,2.5068446444795427,-0.19200197949615574,23.0,MG,Sudeste,5-20 mil,5.290889931714141,-2.7840452872345987,False
3105004,1.1714221890555905,-0.21693971490970296,23.0,MG,Sudeste,<5 mil,4.326271488102024,-3.1548492990464334,False
3105103,3.4907395333650015,-0.13596348649760587,23.0,MG,Sudeste,20-50 mil,5.514981178341752,-2.02424164497675,False
3105202,0.0,-0.20412292800555523,13.0,MG,Sudeste,<5 mil,3.4688337018048987,-3.4688337018048987,False
3105301,2.9255660481799737,-0.07961782792627388,18.0,MG,Sudeste,5-20 mil,4.035924492381701,-1.1103584442017276,False
3105400,4.348008037836507,-0.1728864282944166,18.0,MG,Sudeste,20-50 mil,7.047944358246365,-2.699936320409858,False
3105509,1.0537297529778584,-0.2038897664343397,22.0,MG,Sudeste,<5 mil,3.851601767319589,-2.7978720143417304,False
3105608,6.533189132032149,-0.050429864373821014,20.0,MG,Sudeste,100-500 mil,6.953740231924072,-0.42055109989192285,True
3105707,3.4262881870911315,-0.12981014641094216,19.0,MG,Sudeste,<5 mil,5.703419161541915,-2.2771309744507837,False
3105905,3.3906346616655583,-0.09850257085460339,23.0,MG,Sudeste,20-50 mil,4.421463548835609,-1.0308288871700508,False
3106002,2.214006669942762,-0.20853409419999508,18.0,MG,Sudeste,5-20 mil,5.0978582131812,-2.883851543238438,False
3106101,1.4855497338232908,-0.23206385064259874,19.0,MG,Sudeste,<5 mil,4.900078692999041,-3.41452895917575,False
3106200,4.020682291377625,-0.5978016941059877,27.0,MG,Sudeste,500 mil+,11.425311193132922,-7.404628901755297,False
3106309,3.4634925454928407,0.07538573876947938,14.0,MG,Sudeste,20-50 mil,5.000060608353223,-1.5365680628603826,False
3106408,4.541692024317882,-0.08292010854800684,17.0,MG,Sudeste,<5 mil,5.920511030622837,-1.3788190063049548,False
3106507,0.0,-0.31082798303467735,13.0,MG,Sudeste,<5 mil,4.525235369658144,-4.525235369658144,False
3106606,0.0,-0.24580871048560107,14.0,MG,Sudeste,<5 mil,3.426842739494833,-3.426842739494833,False
3106655,0.44497462606955196,-0.20732419669272528,18.0,MG,Sudeste,<5 mil,3.411526695184292,-2.9665520691147402,False
3106705,0.0,-0.7021226572032234,27.0,MG,Sudeste,100-500 mil,9.089957689893188,-9.089957689893188,False
3106804,,,2.0,MG,Sudeste,<5 mil,0.3648107007502144,,False
3106903,2.474385415948973,-0.19281691047986965,22.0,MG,Sudeste,5-20 mil,5.2944419803252,-2.8200565643762268,False
3107000,2.1797949884622767,-0.17720008205871252,18.0,MG,Sudeste,<5 mil,5.04283130460448,-2.863036316142203,False
3107109,4.729996999363522,-0.05146082554988144,19.0,MG,Sudeste,20-50 mil,6.065883103213993,-1.3358861038504717,False
3107208,6.498564559178021,0.4706885575977887,3.0,MG,Sudeste,<5 mil,1.0858844505140168,5.412680108664004,True
3107307,3.3637790080137506,-0.12069842417891948,21.0,MG,Sudeste,20-50 mil,4.99622634134924,-1.632447333335489,False
3107406,6.500706016073764,-0.17731312114245978,27.0,MG,Sudeste,20-50 mil,8.566884864446465,-2.066178848372701,True
3107505,2.27174271989648,-0.11805779775340239,18.0,MG,Sudeste,5-20 mil,4.005016636058905,-1.7332739161624247,False
3107604,4.285152665326706,-0.08657981922888035,22.0,MG,Sudeste,<5 mil,6.18108619138941,-1.895933526062704,False
3107703,1.4813657454808435,-0.23994998648558055,18.0,MG,Sudeste,<5 mil,4.818554495052738,-3.3371887495718946,False
3107802,1.0308320901638695,-0.20269047414697255,18.0,MG,Sudeste,5-20 mil,4.103518090585971,-3.0726860004221015,False
3107901,4.629218718204356,-0.20327824566483224,19.0,MG,Sudeste,5-20 mil,7.189318942909448,-2.560100224705092,False
3108008,8.715877437571319,0.01495196000421792,10.0,MG,Sudeste,5-20 mil,8.406961946388678,0.30891549118264017,True
3108107,5.706230913356819,-0.1424401620708889,19.0,MG,Sudeste,<5 mil,11.0913301809437,-5.385099267586881,True
3108206,1.7329963232959926,-0.20762291633590224,18.0,MG,Sudeste,<5 mil,4.991077229333563,-3.25808090603757,False
3108255,0.8512181770458369,-0.18151735152272927,17.0,MG,Sudeste,<5 mil,3.2851173048339315,-2.4338991277880946,False
3108305,5.4853931496081145,-0.15091807705970978,23.0,MG,Sudeste,5-20 mil,7.5669293322155635,-2.081536182607449,True
3108404,5.1058283434995815,-0.10018407267548869,22.0,MG,Sudeste,5-20 mil,7.576448374268735,-2.4706200307691537,True
3108503,0.0,-0.20641037269038184,14.0,MG,Sudeste,<5 mil,3.646153113454336,-3.646153113454336,False
3108552,4.539616995545174,-0.08829596623543211,17.0,MG,Sudeste,5-20 mil,6.630432454663146,-2.090815459117972,False
3108602,4.626551925784497,-0.179794999487788,23.0,MG,Sudeste,20-50 mil,6.599999307589853,-1.9734473818053555,False
3108701,0.0,0.0,3.0,MG,Sudeste,<5 mil,0.0,0.0,False
3108800,2.4779026587436306,-0.18721626896454607,17.0,MG,Sudeste,<5 mil,4.972270085107573,-2.494367426363943,False
3108909,1.0939489742285105,-0.23879535750215397,18.0,MG,Sudeste,5-20 mil,4.642489527376941,-3.54854055314843,False
3109006,7.871965994406651,-0.14399915582325593,25.0,MG,Sudeste,20-50 mil,11.634285742726854,-3.7623197483202038,True
3109105,4.296804094615368,-0.26349140635682333,23.0,MG,Sudeste,5-20 mil,7.291862122258736,-2.995058027643368,False
3109204,6.285888479579953,-0.014901822974015709,19.0,MG,Sudeste,5-20 mil,6.663755025676179,-0.37786654609622605,True
3109253,1.691054659122642,-0.1551579107623803,19.0,MG,Sudeste,<5 mil,3.666734441301273,-1.9756797821786307,False
3109303,3.7480982613294316,-0.12403494431632932,23.0,MG,Sudeste,5-20 mil,6.403470729370106,-2.6553724680406745,False
3109402,4.396809076633765,-0.023049982604738076,19.0,MG,Sudeste,20-50 mil,4.507914197460015,-0.11110512082624968,False
3109451,4.821870532078606,0.10180232098976544,12.0,MG,Sudeste,5-20 mil,3.7049961178235744,1.1168744142550313,False
3109501,6.2487103080342905,-0.05629650806036504,19.0,MG,Sudeste,5-20 mil,7.938594396879302,-1.6898840888450115,True
3109600,2.1136615600017166,0.027943566418484198,7.0,MG,Sudeste,<5 mil,1.6514944509156797,0.46216710908603686,False
3109709,2.40237859119992,-0.17691688144861525,18.0,MG,Sudeste,5-20 mil,5.102820851414504,-2.700442260214584,False
3109808,0.0,-0.06492388859239201,7.0,MG,Sudeste,<5 mil,0.0,0.0,False
3109907,3.133205231265663,-0.15926072816890796,18.0,MG,Sudeste,5-20 mil,5.470715081089991,-2.337509849824328,False
3110004,1.890513026213796,-0.223198070955927,22.0,MG,Sudeste,20-50 mil,5.832368870321512,-3.9418558441077165,False
3110103,1.2610143155593505,-0.2092898915746312,22.0,MG,Sudeste,<5 mil,4.395910819342803,-3.1348965037834526,False
3110202,1.8946036186732158,-0.15913353433045382,18.0,MG,Sudeste,<5 mil,4.34752257037081,-2.452918951697594,False
3110301,4.343744295837155,-0.12727987524162662,22.0,MG,Sudeste,5-20 mil,7.004695614488984,-2.660951318651829,False
3110400,1.9275628751441332,-0.1589113221202721,19.0,MG,Sudeste,<5 mil,4.508742600450521,-2.581179725306388,False
3110509,9.297676751636182,-0.018364104796155873,19.0,MG,Sudeste,5-20 mil,9.433105241051427,-0.13542848941524532,True
3110608,3.9204725671099254,-0.07792562509536484,16.0,MG,Sudeste,20-50 mil,4.840095422019718,-0.9196228549097922,False
3110707,3.308229823243636,0.07674984307024053,11.0,MG,Sudeste,5-20 mil,2.4241744113247563,0.8840554119188795,False
3110806,0.0,-0.292355505177565,22.0,MG,Sudeste,<5 mil,4.033780438164522,-4.033780438164522,False
3110905,1.8809596802617534,-0.3088826520970584,17.0,MG,Sudeste,5-20 mil,7.389426761969675,-5.508467081707922,False
3111002,2.6061336529570553,-0.18053472460828512,22.0,MG,Sudeste,5-20 mil,5.16147320179727,-2.555339548840215,False
3111101,8.579926788151745,-0.025407583481972074,19.0,MG,Sudeste,5-20 mil,8.226308364698781,0.35361842345296424,True
3111150,1.4160602235490956,-0.16411638391899658,18.0,MG,Sudeste,<5 mil,3.59831923867278,-2.1822590151236843,False
3111200,5.158294171298408,-0.05086165324512484,19.0,MG,Sudeste,50-100 mil,5.444103252378317,-0.28580908107990854,True
3111309,2.0383489984582184,-0.11438721918089466,19.0,MG,Sudeste,5-20 mil,4.220947555281844,-2.182598556823626,False
3111408,4.935070662809096,-0.21993879720331033,22.0,MG,Sudeste,5-20 mil,8.829732255257925,-3.894661592448829,False
3111507,2.7944088048353706,-0.16053055836268612,18.0,MG,Sudeste,5-20 mil,5.219294309202324,-2.4248855043669533,False
3111606,2.8708901337792554,-0.1601439062263339,19.0,MG,Sudeste,20-50 mil,5.6001173953513534,-2.729227261572098,False
3111705,1.398938314889051,-0.16665223725890596,18.0,MG,Sudeste,<5 mil,4.069171798464763,-2.6702334835757116,False
3111804,3.1703783916835278,-0.18643314786292717,22.0,MG,Sudeste,5-20 mil,5.81194143988948,-2.6415630482059527,False
3111903,2.297795959716524,-0.12121848075046891,19.0,MG,Sudeste,<5 mil,4.315937072061027,-2.0181411123445034,False
3112000,1.8071588184899952,-0.1851869895731185,19.0,MG,Sudeste,5-20 mil,4.787335729354374,-2.9801769108643787,False
3112059,3.1269673613627305,-0.028753147565014986,14.0,MG,Sudeste,<5 mil,3.894238260123083,-0.7672708987603527,False
3112109,1.6199590767485574,-0.2021118144654012,19.0,MG,Sudeste,<5 mil,4.411006113219391,-2.7910470364708333,False
3112208,1.566523597223977,-0.1581840710962483,18.0,MG,Sudeste,<5 mil,4.015271137156451,-2.448747539932474,False
3112307,4.234327562275354,-0.12286430653707235,22.0,MG,Sudeste,20-50 mil,6.355471931204041,-2.121144368928687,False
3112406,3.345709181047141,-0.12993957100677003,22.0,MG,Sudeste,5-20 mil,5.230893864849448,-1.885184683802307,False
3112505,3.923510040836277,-0.13212184635898896,23.0,MG,Sudeste,5-20 mil,5.979879353986852,-2.056369313150575,False
3112604,2.455487015638596,-0.2460150424756246,22.0,MG,Sudeste,5-20 mil,5.922163263698373,-3.466676248059777,False
3112653,0.0,-0.20635551531832264,10.0,MG,Sudeste,<5 mil,0.2863897952737282,-0.2863897952737282,False
3112703,4.032713422356608,-0.050926604505131104,18.0,MG,Sudeste,5-20 mil,5.434685006140763,-1.4019715837841558,False
3112802,8.115775535901207,-0.09916520561741135,22.0,MG,Sudeste,5-20 mil,8.812778567957047,-0.6970030320558394,True
3112901,1.4082446891450786,-0.21053745312103453,18.0,MG,Sudeste,<5 mil,4.587387568559959,-3.17914287941488,False
3113008,0.24592639076388423,-0.1490626865265478,13.0,MG,Sudeste,5-20 mil,2.214789994233146,-1.968863603469262,False
3113107,0.0,-0.004962964374651306,7.0,MG,Sudeste,<5 mil,0.0,0.0,False
3113206,1.554600864605618,-0.19793662891568234,18.0,MG,Sudeste,20-50 mil,4.463133313512009,-2.9085324489063913,False
3113305,3.901351029172332,-0.09198802140120481,16.0,MG,Sudeste,20-50 mil,5.352340923544263,-1.450989894371931,False
3113404,3.2690804111372245,-0.2586752351672325,23.0,MG,Sudeste,50-100 mil,7.688312757484504,-4.41923234634728,False
3113503,2.9533031320131045,-0.13825766304664486,13.0,MG,Sudeste,5-20 mil,4.800751855337291,-1.8474487233241863,False
3113602,2.808793674836295,-0.1588907533875219,18.0,MG,Sudeste,5-20 mil,5.084265138194336,-2.2754714633580413,False
3113701,2.3488790650031888,-0.297089206223009,18.0,MG,Sudeste,5-20 mil,6.361788960993904,-4.012909895990715,False
3113800,4.494920436746838,0.19127450348278366,7.0,MG,Sudeste,<5 mil,1.941845379387374,2.5530750573594645,False
3113909,4.861239475938646,-0.08946274636767304,18.0,MG,Sudeste,5-20 mil,7.062599542990726,-2.2013600670520796,False
3114006,4.654987546610158,-0.05589345441560383,10.0,MG,Sudeste,5-20 mil,5.129781167352127,-0.47479362074196896,False
3114105,9.068124515087106,0.26281342316785083,15.0,MG,Sudeste,5-20 mil,6.52565140924288,2.542473105844226,True
3114204,6.815339033149996,0.17257061960098938,19.0,MG,Sudeste,5-20 mil,4.339337844902889,2.476001188247107,True
3114303,11.24974195310395,0.12209648276100395,18.0,MG,Sudeste,20-50 mil,9.423527096480218,1.8262148566237322,True
3114402,7.745465911752305,-0.053317144526361326,19.0,MG,Sudeste,5-20 mil,7.873416965457168,-0.12795105370486315,True
3114501,4.627861451314004,-0.13922723767215586,15.0,MG,Sudeste,5-20 mil,5.290030307164575,-0.6621688558505712,False
3114550,5.589582363919135,-0.2574850946762547,23.0,MG,Sudeste,5-20 mil,8.437354704781857,-2.847772340862722,True
3114600,0.0,-0.042146092902788417,4.0,MG,Sudeste,<5 mil,0.0,0.0,False
3114709,3.088698991491924,-0.13932474602315278,17.0,MG,Sudeste,<5 mil,5.243656912861097,-2.1549579213691725,False
3114808,1.8165434291562974,-0.2385019618628013,19.0,MG,Sudeste,<5 mil,6.092655659244085,-4.276112230087787,False
3114907,,,2.0,MG,Sudeste,<5 mil,0.0,,False
3115003,2.1949070334426892,-0.23586517869554693,22.0,MG,Sudeste,<5 mil,6.1505813231925615,-3.9556742897498722,False
3115102,3.2103897964504426,-0.18207601060998632,22.0,MG,Sudeste,5-20 mil,5.69197914314875,-2.481589346698307,False
3115201,4.307829770115774,-0.0967633419653813,18.0,MG,Sudeste,<5 mil,5.5487671583298095,-1.2409373882140358,False
3115300,4.714038000875348,-0.16465949022262644,23.0,MG,Sudeste,50-100 mil,7.744380754787684,-3.030342753912336,False
3115359,0.07668230885484917,-0.012898712787095104,13.0,MG,Sudeste,<5 mil,0.1671355482049333,-0.09045323935008412,False
3115409,0.0,0.0,4.0,MG,Sudeste,<5 mil,0.0,0.0,False
3115458,0.9695136618585138,-0.17067717514393693,13.0,MG,Sudeste,<5 mil,4.450805534093232,-3.481291872234718,False
3115474,2.758028446373146,-0.07754706920750593,17.0,MG,Sudeste,<5 mil,4.0044186264742505,-1.2463901801011046,False
3115508,1.8728269513553641,-0.4108153144891833,23.0,MG,Sudeste,20-50 mil,7.172582931261812,-5.299755979906448,False
3115607,2.097830776044873,-0.1390894564130577,17.0,MG,Sudeste,<5 mil,4.292647293105044,-2.194816517060171,False
3115706,0.0,-0.30306516279722817,9.0,MG,Sudeste,5-20 mil,3.755168704345857,-3.755168704345857,False
3115805,4.36911477341809,-0.12339272950638126,22.0,MG,Sudeste,5-20 mil,6.319884648703493,-1.9507698752854026,False
3115904,1.881848117604818,-0.1272083477709736,16.0,MG,Sudeste,<5 mil,3.900526897646423,-2.018678780041605,False
3116001,0.0,0.0,9.0,MG,Sudeste,<5 mil,0.0,0.0,False
3116100,0.0,-0.2643530764254368,12.0,MG,Sudeste,5-20 mil,2.1373760648057623,-2.1373760648057623,False
3116159,2.3908422759644736,-0.12580551274423854,17.0,MG,Sudeste,5-20 mil,4.287084287367746,-1.896242011403272,False
3116209,0.05766893302090992,-0.013511919045028221,3.0,MG,Sudeste,<5 mil,0.2070921222557038,-0.1494231892347939,False
3116308,2.447651554634433,-0.07647646193559372,17.0,MG,Sudeste,<5 mil,3.5745286989016365,-1.1268771442672034,False
3116407,1.0192717326266845,0.023728733310725364,6.0,MG,Sudeste,<5 mil,0.5756454690776522,0.44362626354903223,False
3116506,2.217291220938705,-0.12214358923859057,19.0,MG,Sudeste,5-20 mil,3.936427366089322,-1.719136145150617,False
3116605,7.73443180254651,-0.08777158241627356,19.0,MG,Sudeste,20-50 mil,7.947128910687526,-0.2126971081410156,True
3116704,1.2693752707243675,-0.16409273715675501,19.0,MG,Sudeste,5-20 mil,3.830940957721949,-2.5615656869975814,False
3116803,0.7289536321587207,-0.2131238533517059,17.0,MG,Sudeste,<5 mil,3.994029491299916,-3.2650758591411955,False
3116902,3.8772257092028326,-0.13812357951269782,17.0,MG,Sudeste,<5 mil,5.911370289880447,-2.034144580677615,False
3117009,0.0,-0.2539978608111865,12.0,MG,Sudeste,<5 mil,2.7069828674043874,-2.7069828674043874,False
3117108,2.2462748267468555,-0.17316060141550277,19.0,MG,Sudeste,5-20 mil,4.922175463328542,-2.6759006365816864,False
3117207,0.0,-0.0928747771078846,11.0,MG,Sudeste,<5 mil,0.6054476584022038,-0.6054476584022038,False
3117306,3.850859614538969,-0.02630197852881947,14.0,MG,Sudeste,20-50 mil,4.481920531976599,-0.6310609174376305,False
3117405,0.0,-0.005496875927470137,14.0,MG,Sudeste,<5 mil,0.0,0.0,False
3117504,9.043437289734811,0.06936381330040615,16.0,MG,Sudeste,5-20 mil,7.746258400881826,1.2971788888529856,True
3117603,6.009858549202789,-0.07422480164204742,17.0,MG,Sudeste,<5 mil,8.2795130270339,-2.2696544778311107,True
3117702,1.7164754675373501,-0.18526857006763525,18.0,MG,Sudeste,5-20 mil,4.53720923115822,-2.8207337636208702,False
3117801,1.4941071555740564,-0.2590722280508452,18.0,MG,Sudeste,5-20 mil,5.19233329102141,-3.698226135447354,False
3117836,1.285137854483878,-0.19073141045903186,20.0,MG,Sudeste,<5 mil,4.1397568593493,-2.8546190048654223,False
3117876,15.061227803156441,-0.07273527745672877,25.0,MG,Sudeste,5-20 mil,16.289046846699875,-1.227819043543434,True
3117900,3.311367084385722,-0.21960537554093698,19.0,MG,Sudeste,5-20 mil,7.7774736305766785,-4.466106546190956,False
3118007,8.426562621165765,0.03285669401108757,16.0,MG,Sudeste,50-100 mil,8.666685194316734,-0.24012257315096974,True
3118106,0.0,-0.6366977106946208,12.0,MG,Sudeste,<5 mil,0.0,0.0,False
3118205,6.964169352797853,-0.0815492974687025,22.0,MG,Sudeste,5-20 mil,8.394516413128315,-1.4303470603304618,True
3118304,3.2965058745273836,-0.286234714838317,23.0,MG,Sudeste,100-500 mil,7.45057911275185,-4.154073238224466,False
3118403,3.381744602084183,-0.08547327593277744,12.0,MG,Sudeste,5-20 mil,4.542626726369654,-1.1608821242854708,False
3118502,0.0,-0.05166206068176818,12.0,MG,Sudeste,<5 mil,0.8657185773522407,-0.8657185773522407,False
3118601,3.604606331669288,-0.47593273807265946,27.0,MG,Sudeste,500 mil+,10.110933352805324,-6.506327021136036,False
3118700,1.744495098675202,-0.1791261513168505,24.0,MG,Sudeste,5-20 mil,4.656512303376191,-2.912017204700989,False
3118809,3.5307803641804014,-0.12076729756540198,19.0,MG,Sudeste,5-20 mil,5.114147986064717,-1.5833676218843156,False
3118908,4.724454240284871,-0.11726513013009017,18.0,MG,Sudeste,5-20 mil,6.045059049836837,-1.3206048095519662,False
3119005,1.4016141321097848,-0.20080379332598472,18.0,MG,Sudeste,<5 mil,4.347220523123152,-2.945606391013367,False
3119104,3.0280304399682336,-0.29214559175730903,23.0,MG,Sudeste,20-50 mil,6.992802533324244,-3.96477209335601,False
3119203,1.638332523053748,-0.16614771568168119,22.0,MG,Sudeste,<5 mil,4.035864505158756,-2.397531982105008,False
3119302,2.8965881090106222,-0.19718915773360038,19.0,MG,Sudeste,20-50 mil,5.76041668556284,-2.8638285765522173,False
3119401,0.4028779074818658,-0.485691828484606,23.0,MG,Sudeste,100-500 mil,8.139897015385413,-7.7370191079035475,False
3119500,5.302319189673085,-0.06827411084420199,12.0,MG,Sudeste,5-20 mil,6.069735474258229,-0.7674162845851438,True
3119609,1.5062046337493769,0.0682875613005346,9.0,MG,Sudeste,<5 mil,0.3649124188037178,1.141292214945659,False
3119708,1.6877799223009902,-0.22982467956913924,18.0,MG,Sudeste,<5 mil,4.868246991365803,-3.1804670690648127,False
3119807,2.8277847765079684,-0.12391650562682081,19.0,MG,Sudeste,<5 mil,4.677780474947902,-1.8499956984399333,False
3119906,0.9250265937747599,-0.11536378406147924,7.0,MG,Sudeste,<5 mil,2.6941363659612616,-1.7691097721865017,False
3119955,5.212632466314616,0.05490139362460706,18.0,MG,Sudeste,<5 mil,4.822820504097215,0.38981196221740166,True
3120003,2.388178296548176,-0.15371521096505522,17.0,MG,Sudeste,<5 mil,4.6328210188860295,-2.2446427223378533,False
3120102,9.543244225546005,0.42213021746606233,9.0,MG,Sudeste,<5 mil,4.772975013981844,4.770269211564161,True
3120151,3.6588698802360398,-0.018350127048792807,12.0,MG,Sudeste,<5 mil,2.71402547133908,0.9448444088969596,False
3120201,2.460435630491588,-0.16156070219151986,19.0,MG,Sudeste,5-20 mil,5.014579572525683,-2.554143942034095,False
3120300,1.8095980964856153,-0.17630542256091972,18.0,MG,Sudeste,<5 mil,4.427379960603551,-2.6177818641179353,False
3120409,3.3055303660694335,-0.12154619990128827,18.0,MG,Sudeste,<5 mil,6.538687202053538,-3.2331568359841043,False
3120508,0.41676303304369,0.010384608301540955,12.0,MG,Sudeste,5-20 mil,0.2583156437709499,0.1584473892727401,False
3120607,2.2406954783075435,-0.15913425282537622,17.0,MG,Sudeste,<5 mil,4.677359995882233,-2.4366645175746893,False
3120706,3.3361543854394426,-0.12605171938120943,18.0,MG,Sudeste,<5 mil,5.50741947957172,-2.171265094132277,False
3120805,4.434281367691739,-0.08750302023097647,23.0,MG,Sudeste,5-20 mil,6.665249019304617,-2.230967651612878,False
3120839,1.7856029254463692,-0.16455577304429084,17.0,MG,Sudeste,<5 mil,4.461987383709469,-2.6763844582631,False
3120870,1.065498719966854,-0.1273233764160512,17.0,MG,Sudeste,5-20 mil,2.966551914209877,-1.901053194243023,False
3120904,8.550595678500194,-0.012788216662615213,23.0,MG,Sudeste,50-100 mil,8.075491651258899,0.4751040272412954,True
3121001,4.816346823991296,0.2157092638129438,7.0,MG,Sudeste,<5 mil,1.8097019002725865,3.006644923718709,False
3121100,,,0.0,MG,Sudeste,<5 mil,,,False
3121209,7.390810901191173,-0.018066730465408343,22.0,MG,Sudeste,5-20 mil,8.225068133019866,-0.8342572318286923,True
3121258,0.0,-0.11403216903708088,12.0,MG,Sudeste,5-20 mil,1.2248319402457877,-1.2248319402457877,False
3121308,8.342101182228362,0.43032950981203344,10.0,MG,Sudeste,<5 mil,4.387837225264171,3.9542639569641906,True
3121407,3.802459768646571,0.07070798265337436,14.0,MG,Sudeste,<5 mil,3.0021182556108714,0.8003415130356997,False
3121506,5.216929643759727,-0.07893371385926057,18.0,MG,Sudeste,<5 mil,6.04996430841186,-0.8330346646521329,True
3121605,0.7068344182141573,-0.394491271161846,18.0,MG,Sudeste,20-50 mil,6.890311863834809,-6.183477445620651,False
3121704,0.0015859718749046126,-0.0004185202965426773,8.0,MG,Sudeste,<5 mil,0.0,0.0015859718749046126,False
3121803,2.032802652682392,-0.14806895782481283,18.0,MG,Sudeste,5-20 mil,4.353181397577534,-2.320378744895142,False
3121902,2.1548558563550273,-0.1305612294770053,15.0,MG,Sudeste,<5 mil,4.099857136169543,-1.945001279814516,False
3122009,4.604315851225351,-0.11702344905217492,22.0,MG,Sudeste,5-20 mil,7.092194020989402,-2.487878169764051,False
3122108,1.5256438645247385,-0.18990849587790315,22.0,MG,Sudeste,<5 mil,4.324690697712987,-2.7990468331882488,False
3122207,2.3709089951823614,-0.05841515655258981,10.0,MG,Sudeste,5-20 mil,3.4714765232272997,-1.1005675280449383,False
3122306,6.021061399329142,-0.1607587521121945,27.0,MG,Sudeste,100-500 mil,9.471215570788722,-3.4501541714595803,True
3122355,1.499776276705859,-0.2391431601454291,18.0,MG,Sudeste,5-20 mil,5.118376071067667,-3.618599794361808,False
3122405,2.390128641353499,-0.15758465667061364,19.0,MG,Sudeste,<5 mil,5.033458526333916,-2.6433298849804174,False
3122454,2.7367003488938906,-0.08912643335013186,18.0,MG,Sudeste,5-20 mil,4.1887763125052,-1.4520759636113096,False
3122470,,,0.0,MG,Sudeste,<5 mil,,,False
3122504,1.6110768103134774,-0.18578272844964605,19.0,MG,Sudeste,<5 mil,4.310085170190078,-2.6990083598766006,False
3122603,3.3899380154998937,-0.12265674830633216,19.0,MG,Sudeste,<5 mil,5.372125971445278,-1.9821879559453839,False
3122702,2.6278132989702954,-0.15081617781358772,18.0,MG,Sudeste,<5 mil,4.800350318180989,-2.1725370192106936,False
3122801,1.36273537514505,0.05060858919590411,13.0,MG,Sudeste,<5 mil,0.6006164811396394,0.7621188940054106,False
3122900,2.785954790703954,-0.17410605659478925,18.0,MG,Sudeste,5-20 mil,5.489676514568347,-2.703721723864393,False
3123007,,,1.0,MG,Sudeste,5-20 mil,0.2029318266310973,,False
3123106,0.5944639181460047,-0.09117047314155019,11.0,MG,Sudeste,<5 mil,1.8923960891728708,-1.297932171026866,False
3123205,5.372304193986849,-0.17058498790082713,19.0,MG,Sudeste,5-20 mil,7.299396316527551,-1.9270921225407012,True
3123304,1.9293617113659707,-0.14490722810941503,18.0,MG,Sudeste,<5 mil,4.391274680853501,-2.46191296948753,False
3123403,0.0,0.0,6.0,MG,Sudeste,<5 mil,0.0,0.0,False
3123502,0.0,0.0,3.0,MG,Sudeste,<5 mil,0.0,0.0,False
3123528,1.821420222935899,-0.16317826095381902,19.0,MG,Sudeste,<5 mil,4.317332097912309,-2.49591187497641,False
3123601,1.194858415842532,-0.1666978712616044,18.0,MG,Sudeste,20-50 mil,3.198176104768621,-2.003317688926089,False
3123700,1.6835202283310196,-0.16818687708315053,22.0,MG,Sudeste,5-20 mil,4.119293100588684,-2.4357728722576644,False
3123809,4.343689930883897,-0.07309892985397183,23.0,MG,Sudeste,<5 mil,5.613477950098533,-1.2697880192146354,False
3123858,1.3106310864714033,-0.19139687247502593,18.0,MG,Sudeste,<5 mil,4.212789982222172,-2.9021588957507687,False
3123908,1.4180396552620778,-0.21541937341762957,18.0,MG,Sudeste,5-20 mil,4.458659801635145,-3.040620146373067,False
3124005,1.5683650166095617,-0.19862563299273986,19.0,MG,Sudeste,5-20 mil,4.348900431758124,-2.780535415148562,False
3124104,3.2593315259562132,-0.12662103872496372,25.0,MG,Sudeste,50-100 mil,4.785137927185786,-1.5258064012295725,False
3124203,2.4026499249581548,-0.18643612511063115,22.0,MG,Sudeste,5-20 mil,5.220786617241294,-2.8181366922831392,False
3124302,1.142044397574864,-0.2165665149777382,19.0,MG,Sudeste,5-20 mil,4.616602907585131,-3.474558510010267,False
3124401,0.0,0.0,4.0,MG,Sudeste,<5 mil,0.0,0.0,False
3124500,2.1616743194950914,-0.20733662077941317,19.0,MG,Sudeste,5-20 mil,5.148189076898557,-2.986514757403466,False
3124609,1.1198092573129657,-0.24784459554547533,18.0,MG,Sudeste,<5 mil,4.759589947089947,-3.6397806897769813,False
3124708,4.528374886524375,-0.08816555916385338,18.0,MG,Sudeste,<5 mil,6.911276804763809,-2.382901918239434,False
3124807,4.139264523709812,-0.15437539882520263,18.0,MG,Sudeste,5-20 mil,6.666477738798974,-2.527213215089162,False
3124906,1.7628342796231777,-0.19146713713688732,22.0,MG,Sudeste,5-20 mil,4.42376579425532,-2.660931514632142,False
3125002,,,1.0,MG,Sudeste,<5 mil,0.0,,False
3125101,10.938775862011056,-0.08782477061420038,19.0,MG,Sudeste,20-50 mil,12.40008792781883,-1.4613120658077747,True
3125200,6.567726020458508,-0.038248311447793185,17.0,MG,Sudeste,<5 mil,7.652768100382873,-1.0850420799243645,True
3125309,2.1759451666882796,-0.15377548405248162,19.0,MG,Sudeste,<5 mil,4.419350379186855,-2.2434052124985753,False
3125408,,,0.0,MG,Sudeste,<5 mil,,,False
3125507,4.303104601412173,0.1133493030361275,8.0,MG,Sudeste,<5 mil,2.7908153766521013,1.5122892247600714,False
3125606,6.9008785514751025,0.2683203604922525,6.0,MG,Sudeste,5-20 mil,3.643346272823512,3.2575322786515906,True
3125705,1.4932225017976748,-0.19888925243106925,19.0,MG,Sudeste,5-20 mil,5.353667416160221,-3.860444914362546,False
3125804,1.838455402387467,-0.17597047623215786,18.0,MG,Sudeste,<5 mil,4.431759324409599,-2.593303922022132,False
3125903,1.0284667747500862,-0.31251281651351004,19.0,MG,Sudeste,<5 mil,5.449936437421035,-4.421469662670948,False
3125952,4.719287766198903,0.10789579028727656,12.0,MG,Sudeste,5-20 mil,3.4579314730923643,1.2613562931065387,False
3126000,1.472796715542529,-0.2510654496419832,23.0,MG,Sudeste,5-20 mil,5.22734307379517,-3.7545463582526413,False
3126109,3.2646778922809006,-0.04766970487775082,19.0,MG,Sudeste,50-100 mil,4.109544770597966,-0.8448668783170659,False
3126208,1.577284120679792,-0.16202516131750724,19.0,MG,Sudeste,5-20 mil,4.15647447823777,-2.5791903575579775,False
3126307,1.0447036829328908,-0.24417004822130564,22.0,MG,Sudeste,<5 mil,4.486853180215981,-3.44214949728309,False
3126406,0.34170792143387985,-0.02684852190503673,15.0,MG,Sudeste,<5 mil,0.9266355020010024,-0.5849275805671226,False
3126505,0.0,-0.2025935412315009,12.0,MG,Sudeste,<5 mil,3.619471130190456,-3.619471130190456,False
3126604,2.838771506248463,-0.1458609907454442,21.0,MG,Sudeste,<5 mil,5.605145486458758,-2.766373980210295,False
3126703,3.836616489303953,0.017031850294820232,15.0,MG,Sudeste,5-20 mil,3.8622624378394232,-0.025645948535470087,False
3126752,4.759526175940465,0.04060300917217201,16.0,MG,Sudeste,<5 mil,4.4093556820094815,0.35017049393098354,False
3126802,0.07876665465357746,-0.2077712746902865,13.0,MG,Sudeste,<5 mil,3.393394966705152,-3.3146283120515747,False
3126901,0.916909682293749,-0.2449180098845047,22.0,MG,Sudeste,5-20 mil,4.307171030039457,-3.3902613477457075,False
3126950,,,2.0,MG,Sudeste,<5 mil,0.0,,False
3127008,2.4492163884837055,-0.33841621987977927,18.0,MG,Sudeste,5-20 mil,8.352446523172983,-5.903230134689277,False
3127057,1.1073688734983875,-0.1035663607844632,12.0,MG,Sudeste,<5 mil,3.126083786436197,-2.0187149129378095,False
3127073,3.8121466859521718,0.09062202650520085,8.0,MG,Sudeste,<5 mil,2.818744106553512,0.9934025793986598,False
3127107,7.13585968919449,-0.25601528376470495,27.0,MG,Sudeste,50-100 mil,9.374698964346354,-2.2388392751518644,True
3127206,6.839049138784372,-0.013988006259502892,18.0,MG,Sudeste,<5 mil,7.731364550512346,-0.8923154117279744,True
3127339,0.0,0.0,7.0,MG,Sudeste,<5 mil,0.0,0.0,False
3127354,3.540320147583941,-0.15213029080488163,19.0,MG,Sudeste,<5 mil,5.8133694085300585,-2.2730492609461175,False
3127370,6.878312079506713,0.2993509461272627,12.0,MG,Sudeste,<5 mil,2.8698261567228154,4.008485922783898,True
3127388,7.895420149535823,0.21423010243504334,14.0,MG,Sudeste,<5 mil,4.786901152844643,3.1085189966911804,True
3127404,9.320966169377826,-0.05919623534732301,18.0,MG,Sudeste,<5 mil,11.17422932952975,-1.8532631601519238,True
3127503,1.5148070528330777,-0.09094401781468595,13.0,MG,Sudeste,<5 mil,2.7788038452282726,-1.263996792395195,False
3127602,0.9706530337115282,-0.22202374100613853,19.0,MG,Sudeste,5-20 mil,4.302756334330833,-3.3321033006193046,False
3127701,2.4472009146415985,-0.25438416946767506,27.0,MG,Sudeste,100-500 mil,6.477351223122706,-4.030150308481107,False
3127800,3.8801057500666616,-0.12503102000676278,18.0,MG,Sudeste,5-20 mil,5.196140069694269,-1.3160343196276072,False
3127909,7.286202070606635,0.14833553163181998,14.0,MG,Sudeste,<5 mil,5.35792962887354,1.9282724417330943,True
3128006,2.074940028722949,-0.20123165933986145,18.0,MG,Sudeste,20-50 mil,5.459139443520476,-3.3841994147975267,False
3128105,4.618178715278711,-0.004006957504275137,18.0,MG,Sudeste,5-20 mil,5.203376023338167,-0.5851973080594561,False
3128204,2.0746351735642747,-0.20204013352045627,18.0,MG,Sudeste,<5 mil,5.7459057144680425,-3.671270540903768,False
3128253,3.4639544622690437,0.13554995044521254,6.0,MG,Sudeste,<5 mil,2.955969774039081,0.5079846882299628,False
3128303,3.8802614194725606,-0.15625716172890472,18.0,MG,Sudeste,5-20 mil,6.259263502939305,-2.3790020834667445,False
3128402,1.6071239667833481,-0.10333780450868363,12.0,MG,Sudeste,5-20 mil,2.5826311148965257,-0.9755071481131776,False
3128501,1.854429016180461,-0.16017878372297667,22.0,MG,Sudeste,<5 mil,4.04286517606079,-2.188436159880329,False
3128600,8.593975937963009,-0.06039999202965848,19.0,MG,Sudeste,<5 mil,8.788196364052649,-0.19422042608963963,True
3128709,6.98469374026709,-0.07042489982959142,19.0,MG,Sudeste,20-50 mil,9.098350686153823,-2.113656945886733,True
3128808,4.893029684449804,0.00952790826239766,15.0,MG,Sudeste,5-20 mil,4.3680631984373415,0.5249664860124623,False
3128907,15.694736591908395,0.7631074075201604,12.0,MG,Sudeste,5-20 mil,6.672097005187121,9.022639586721274,True
3129004,1.297907412158679,-0.22776702960504447,18.0,MG,Sudeste,<5 mil,4.548522131624928,-3.250614719466249,False
3129103,3.200227363781323,-0.18309289532828288,22.0,MG,Sudeste,<5 mil,6.273774826948751,-3.0735474631674276,False
3129202,2.389358727968329,-0.1500847567141823,19.0,MG,Sudeste,<5 mil,4.669470342971655,-2.2801116150033263,False
3129301,0.31945304029085264,-0.2410446040195757,19.0,MG,Sudeste,5-20 mil,3.7896871531887353,-3.4702341128978826,False
3129400,0.7714769073964476,-0.20459564457798474,18.0,MG,Sudeste,<5 mil,3.707658847868593,-2.9361819404721454,False
3129509,4.566212264998313,-0.03743881407449221,15.0,MG,Sudeste,20-50 mil,4.916547454606956,-0.35033518960864285,False
3129608,3.070395899555024,-0.0980739779913034,19.0,MG,Sudeste,5-20 mil,4.519236060661904,-1.4488401611068804,False
3129657,0.10671070240169911,-0.1757310963863599,18.0,MG,Sudeste,<5 mil,2.9972846298175164,-2.8905739274158173,False
3129707,6.815050343206977,-0.05153859676103055,22.0,MG,Sudeste,5-20 mil,9.573136924348171,-2.7580865811411943,True
3129806,6.412334431336561,-0.05320507229283596,25.0,MG,Sudeste,100-500 mil,7.315814967477234,-0.9034805361406733,True
3129905,5.144489087405653,-0.0308053783469974,15.0,MG,Sudeste,<5 mil,5.411594636133329,-0.26710554872767656,True
3130002,7.675750899351101,0.30080694752452275,7.0,MG,Sudeste,<5 mil,3.52144417241526,4.154306726935841,True
3130051,3.141340082187469,-0.1497019255747145,18.0,MG,Sudeste,<5 mil,5.327221262394696,-2.185881180207227,False
3130101,4.111831705953307,-0.1818007711096447,25.0,MG,Sudeste,20-50 mil,7.391191216286132,-3.2793595103328252,False
3130200,2.462449113871969,-0.2485110376739292,18.0,MG,Sudeste,5-20 mil,5.8828830991424805,-3.4204339852705115,False
3130309,9.92420943286072,0.4901317164243535,9.0,MG,Sudeste,5-20 mil,4.453298065307973,5.470911367552748,True
3130408,1.5020690614592667,0.06015406161369654,13.0,MG,Sudeste,5-20 mil,2.9816816325406617,-1.479612571081395,False
3130507,2.8659767979285107,-0.14103091096242681,19.0,MG,Sudeste,5-20 mil,4.90413158488411,-2.038154786955599,False
3130556,1.535296604163193,-0.17351888700469012,18.0,MG,Sudeste,<5 mil,3.99362480701361,-2.4583282028504168,False
3130606,2.087359786598313,-0.2643904392544204,22.0,MG,Sudeste,<5 mil,5.97235839764025,-3.8849986110419374,False
3130655,2.2046213959436045,-0.14343313449485678,18.0,MG,Sudeste,<5 mil,4.557591839209258,-2.3529704432656535,False
3130705,3.458809821767204,-0.17740157894982414,22.0,MG,Sudeste,<5 mil,6.13384805004717,-2.6750382282799663,False
3130804,4.036375140761521,-0.09897709553595885,18.0,MG,Sudeste,<5 mil,5.2133103338959845,-1.1769351931344634,False
3130903,3.0480733650057346,-0.2384511357533685,18.0,MG,Sudeste,5-20 mil,7.208576274294096,-4.160502909288361,False
3131000,0.5984419019806921,-0.0984696663569852,11.0,MG,Sudeste,<5 mil,1.5878493707288666,-0.9894074687481744,False
3131109,2.187734006073754,-0.1505075520820954,17.0,MG,Sudeste,5-20 mil,5.088162177562294,-2.9004281714885405,False
3131158,3.882932414332231,-0.15735551665813316,17.0,MG,Sudeste,5-20 mil,5.943044342389705,-2.0601119280574736,False
3131208,2.717837511059365,-0.002109405699527248,21.0,MG,Sudeste,5-20 mil,1.777655482674608,0.9401820283847568,False
3131307,3.589689375965804,-0.44229573484290996,23.0,MG,Sudeste,100-500 mil,8.692789156244816,-5.1030997802790115,False
3131406,0.0,-0.18026137577728818,9.0,MG,Sudeste,<5 mil,1.64209574991729,-1.64209574991729,False
3131505,5.123192052739,-0.1396186946102983,19.0,MG,Sudeste,5-20 mil,7.818855053764208,-2.695663001025208,True
3131604,2.9318531369967786,-0.2075452410879757,19.0,MG,Sudeste,5-20 mil,6.035725518544139,-3.103872381547361,False
3131703,2.3121464907501377,-0.28537886161836573,26.0,MG,Sudeste,100-500 mil,6.162371785712757,-3.8502252949626197,False
3131802,2.334063898470049,-0.22884530688336086,16.0,MG,Sudeste,5-20 mil,5.884237220272259,-3.55017332180221,False
3131901,12.265476492927746,0.19399637496085803,18.0,MG,Sudeste,50-100 mil,10.189972592781944,2.0755039001458027,True
3132008,0.0,-0.30741605174897413,13.0,MG,Sudeste,<5 mil,3.631733314038209,-3.631733314038209,False
3132107,5.469236796782425,-0.04736421050038907,17.0,MG,Sudeste,5-20 mil,5.9942997472759965,-0.5250629504935711,True
3132206,5.956291406218369,-0.03178551227868717,22.0,MG,Sudeste,5-20 mil,5.738284429455739,0.2180069767626307,True
3132305,0.0,-0.21317256747800495,13.0,MG,Sudeste,5-20 mil,3.037007748968745,-3.037007748968745,False
3132404,8.109712278513712,-0.24528301118425455,23.0,MG,Sudeste,50-100 mil,10.075931299961258,-1.9662190214475466,True
3132503,3.4338427889164223,-0.14416463146950023,14.0,MG,Sudeste,20-50 mil,6.197963076185911,-2.7641202872694883,False
3132602,13.810558590515711,0.7308446073857588,8.0,MG,Sudeste,<5 mil,4.632209031288652,9.178349559227058,True
3132701,2.231697654017296,-0.1196765466139031,11.0,MG,Sudeste,5-20 mil,3.9298652996140735,-1.6981676455967776,False
3132800,0.0,0.0,9.0,MG,Sudeste,<5 mil,0.0,0.0,False
3132909,3.036220728859689,-0.15869085273918063,17.0,MG,Sudeste,5-20 mil,5.189710528128036,-2.153489799268347,False
3133006,1.0518410468539514,-0.3741434560293136,18.0,MG,Sudeste,5-20 mil,6.84256862026887,-5.790727573414919,False
3133105,4.093243191124145,0.09061165487452313,13.0,MG,Sudeste,5-20 mil,3.331633594557333,0.7616095965668119,False
3133204,2.0454667330006373,-0.19606106988408514,22.0,MG,Sudeste,5-20 mil,5.049584624788228,-3.0041178917875904,False
3133303,5.897944248528063,-0.06973823110386422,13.0,MG,Sudeste,5-20 mil,6.797207362810975,-0.8992631142829124,True
3133402,1.7208267441528733,-0.31000568195832545,19.0,MG,Sudeste,5-20 mil,5.906575907590759,-4.185749163437886,False
3133501,5.0076933314675784,-0.12460066001878276,23.0,MG,Sudeste,5-20 mil,6.172875486286799,-1.1651821548192203,True
3133600,5.322796464101799,-0.08215573167239296,17.0,MG,Sudeste,5-20 mil,7.901261502310759,-2.57846503820896,True
3133709,2.7265810659182534,-0.22844177574831778,22.0,MG,Sudeste,5-20 mil,6.233394148464769,-3.5068130825465156,False
3133758,3.435195623270772,-0.20504407637062302,22.0,MG,Sudeste,5-20 mil,6.140466197112445,-2.7052705738416725,False
3133808,6.186613894846801,-0.08248818762808738,24.0,MG,Sudeste,50-100 mil,6.320423783012403,-0.1338098881656027,True
3133907,1.7208449184627739,-0.19134907101631032,18.0,MG,Sudeste,<5 mil,4.369026425130831,-2.648181506668057,False
3134004,8.627601357571734,0.3036855301094227,8.0,MG,Sudeste,5-20 mil,5.303987161212612,3.323614196359122,True
3134103,1.0924890203884843,-0.2866207237412574,22.0,MG,Sudeste,<5 mil,5.438697729013589,-4.346208708625105,False
3134202,2.4245583578426135,-0.2160469838087087,26.0,MG,Sudeste,100-500 mil,5.732105160421811,-3.307546802579197,False
3134301,1.319351230731968,-0.17756575294121443,19.0,MG,Sudeste,<5 mil,3.9919509596590728,-2.672599728927105,False
3134400,3.7335520058251177,-0.3682828541409684,27.0,MG,Sudeste,20-50 mil,8.009887403937224,-4.276335398112106,False
3134509,3.610875984881389,-0.0485316028779061,17.0,MG,Sudeste,<5 mil,4.277596709547953,-0.6667207246665638,False
3134608,6.41721370912154,-0.05305266236612434,23.0,MG,Sudeste,5-20 mil,7.161662990614404,-0.7444492814928632,True
3134707,4.500088126492557,-0.0945441536982541,12.0,MG,Sudeste,5-20 mil,6.110089633672745,-1.610001507180188,False
3134806,2.085887344089258,-0.1764968144809078,19.0,MG,Sudeste,<5 mil,4.775391041462637,-2.689503697373379,False
3134905,,,1.0,MG,Sudeste,20-50 mil,3.928440124546807,,False
3135001,0.151669672324811,-0.004720204924937289,13.0,MG,Sudeste,<5 mil,0.2789023705142369,-0.1272326981894259,False
3135050,5.124689508135333,-0.0662744879953434,19.0,MG,Sudeste,20-50 mil,6.798466385779249,-1.673776877643916,True
3135076,,,1.0,MG,Sudeste,<5 mil,4.006187551178177,,False
3135100,4.602171384961025,-0.13177060906233395,23.0,MG,Sudeste,50-100 mil,7.220119301778928,-2.6179479168179025,False
3135209,1.5536021937072064,-0.2901277012442256,23.0,MG,Sudeste,20-50 mil,5.54161022544888,-3.988008031741674,False
3135308,3.646431144247444,0.05671082311342476,13.0,MG,Sudeste,<5 mil,2.612527643828097,1.0339035004193469,False
3135357,0.6646039285554934,-0.2004187574851458,17.0,MG,Sudeste,<5 mil,3.6368429949307215,-2.972239066375228,False
3135407,2.5143221154479534,0.12708909012781774,13.0,MG,Sudeste,<5 mil,1.14242562789916,1.3718964875487933,False
3135456,3.8628256937669656,0.004067656330769552,11.0,MG,Sudeste,<5 mil,4.718078071883765,-0.8552523781167993,False
3135506,1.554976433814204,-0.14208771703084228,14.0,MG,Sudeste,5-20 mil,3.233289886374285,-1.6783134525600811,False
3135605,1.1099051676746967,-0.19698038075076302,17.0,MG,Sudeste,5-20 mil,3.989979671283837,-2.88007450360914,False
3135704,3.1473208829986277,-0.12274262987489194,17.0,MG,Sudeste,<5 mil,5.419272644753264,-2.2719517617546368,False
3135803,5.108703510981968,-0.09432433266517444,14.0,MG,Sudeste,5-20 mil,5.972737933480532,-0.8640344224985643,True
3135902,2.1434363561555756,0.11462597580095663,3.0,MG,Sudeste,<5 mil,0.44795642279919,1.6954799333563857,False
3136009,5.631837489698938,-0.08191451050740782,12.0,MG,Sudeste,5-20 mil,6.041916657986047,-0.41007916828710833,True
3136108,0.002411527099535778,-7.075328882631048e-20,5.0,MG,Sudeste,<5 mil,0.0,0.002411527099535778,False
3136207,3.234526092530416,-0.16175669272680387,15.0,MG,Sudeste,50-100 mil,6.607048751192989,-3.3725226586625734,False
3136306,5.478119346713811,-0.19250883242839667,21.0,MG,Sudeste,20-50 mil,8.346877992626263,-2.868758645912452,True
3136405,2.0937193752940857,-0.17123408478748914,17.0,MG,Sudeste,<5 mil,4.445719161483896,-2.3519997861898103,False
3136504,1.8251440569333681,-0.16409355815667073,17.0,MG,Sudeste,5-20 mil,4.164085609807724,-2.3389415528743562,False
3136520,3.151098246228429,-0.058987524416244996,12.0,MG,Sudeste,<5 mil,4.149426405522648,-0.9983281592942195,False
3136553,0.8569332387959321,-0.20985641921108217,18.0,MG,Sudeste,<5 mil,4.0641707184350375,-3.2072374796391054,False
3136579,0.8977570942577131,-0.17434384674071945,13.0,MG,Sudeste,<5 mil,4.190596551265865,-3.292839457008152,False
3136603,1.7911242058743824,-0.18955365664447998,23.0,MG,Sudeste,<5 mil,5.113019228110423,-3.321895022236041,False
3136652,2.56177159309766,-0.33607947093715695,25.0,MG,Sudeste,20-50 mil,8.236037878034923,-5.6742662849372625,False
3136702,4.238754641656442,-0.2437765639511428,28.0,MG,Sudeste,500 mil+,6.997670787748979,-2.7589161460925373,False
3136801,1.6757277256557472,-0.25860856389534265,17.0,MG,Sudeste,<5 mil,4.890549921045783,-3.2148221953900356,False
3136900,7.5887638117120275,0.08037044979670421,18.0,MG,Sudeste,5-20 mil,6.3631156685607895,1.225648143151238,True
3136959,3.104627424376048,-0.07434487850455648,17.0,MG,Sudeste,<5 mil,4.064743950008156,-0.9601165256321078,False
3137007,0.1827620915856869,-0.19570527432229412,12.0,MG,Sudeste,<5 mil,4.1125935135594665,-3.9298314219737795,False
3137106,2.4742191440281545,-0.1447999536062956,17.0,MG,Sudeste,5-20 mil,4.510496991028037,-2.036277846999883,False
3137205,5.33791310797789,-0.015867695643887035,17.0,MG,Sudeste,50-100 mil,5.156706202758519,0.181206905219371,True
3137304,3.7954768370839105,-0.05930779964732855,17.0,MG,Sudeste,<5 mil,4.834423032765209,-1.0389461956812989,False
3137403,4.437580681879176,-0.01303325706145882,17.0,MG,Sudeste,5-20 mil,4.593079497365377,-0.15549881548620093,False
3137502,6.4431840255442125,0.04722584942254041,13.0,MG,Sudeste,5-20 mil,5.634509997370405,0.8086740281738072,True
3137536,2.26648947678558,-0.14255032336214338,19.0,MG,Sudeste,5-20 mil,4.588755021668301,-2.322265544882721,False
3137601,7.049768163067654,-0.22633258587738955,25.0,MG,Sudeste,50-100 mil,10.075592574634292,-3.0258244115666386,True
3137700,2.1813836571984666,-0.14597549914144303,15.0,MG,Sudeste,5-20 mil,3.820574623059973,-1.6391909658615065,False
3137809,2.17202826555382,-0.18770734012523796,18.0,MG,Sudeste,5-20 mil,5.040737591645394,-2.868709326091574,False
3137908,,,2.0,MG,Sudeste,<5 mil,0.6032446142881995,,False
3138005,1.3490626143509417,-0.21678879217984645,17.0,MG,Sudeste,5-20 mil,4.342124567322108,-2.993061952971166,False
3138104,4.5544613191658385,0.05698436956987608,4.0,MG,Sudeste,<5 mil,3.597259465863898,0.9572018533019406,False
3138203,8.226887252470476,-0.10490030113823483,23.0,MG,Sudeste,100-500 mil,8.622004496805832,-0.39511724433535633,True
3138302,6.081492048263499,-0.0701864247041158,17.0,MG,Sudeste,<5 mil,7.801708328049299,-1.7202162797858005,True
3138351,5.771694022647864,0.1525289154297466,7.0,MG,Sudeste,<5 mil,3.206076810995759,2.565617211652105,True
3138401,2.1460609797937877,-0.23912998012021125,18.0,MG,Sudeste,20-50 mil,5.500402838760559,-3.3543418589667713,False
3138500,1.2795228349322088,-0.16442526606307578,18.0,MG,Sudeste,<5 mil,3.7851645649032366,-2.505641729971028,False
3138609,2.4469884584408845,-0.0246284446440389,15.0,MG,Sudeste,5-20 mil,2.7611404183757857,-0.3141519599349012,False
3138625,4.794068464437714,-0.22096742195064037,17.0,MG,Sudeste,5-20 mil,7.473490948620125,-2.6794224841824104,False
3138658,4.646057376581027,0.030970920391967447,17.0,MG,Sudeste,5-20 mil,4.334418743395334,0.3116386331856926,False
3138674,1.1344911184529565,-0.09921221972042044,11.0,MG,Sudeste,<5 mil,2.1171454442428,-0.9826543257898437,False
3138682,1.2716023799774803,-0.1830591725608124,17.0,MG,Sudeste,<5 mil,3.9980235397277095,-2.7264211597502293,False
3138708,0.0,-0.016850857539907237,4.0,MG,Sudeste,<5 mil,0.0,0.0,False
3138807,5.599206115383481,-0.0977230449721641,20.0,MG,Sudeste,5-20 mil,7.411160854038981,-1.8119547386554995,True
3138906,1.9226513547847048,-0.15557053902832185,17.0,MG,Sudeste,5-20 mil,3.901482524159034,-1.9788311693743292,False
3139003,4.559630444283165,-0.030817580622042876,19.0,MG,Sudeste,20-50 mil,5.190343972496909,-0.6307135282137439,False
3139102,2.101095492623074,-0.14844647679748302,18.0,MG,Sudeste,<5 mil,4.367897568021134,-2.2668020753980604,False
3139201,4.86983094366019,-0.11354514486797077,14.0,MG,Sudeste,5-20 mil,6.263292205498875,-1.3934612618386844,False
3139250,0.0,-0.4059226917034023,3.0,MG,Sudeste,<5 mil,4.547211422595093,-4.547211422595093,False
3139300,3.646692923689841,-0.12222511135978392,17.0,MG,Sudeste,5-20 mil,6.0308862134939805,-2.3841932898041396,False
3139409,4.403799598107044,-0.0032003784444816575,17.0,MG,Sudeste,50-100 mil,4.454709823031454,-0.050910224924409775,False
3139508,6.289586403810802,0.19653432351650604,14.0,MG,Sudeste,5-20 mil,3.114687212411145,3.1748991913996565,True
3139607,1.9526494922408801,-0.15460009024301027,16.0,MG,Sudeste,20-50 mil,4.459990318182355,-2.5073408259414744,False
3139706,1.2720389753133077,-0.29753512423024153,18.0,MG,Sudeste,5-20 mil,5.480632137063585,-4.208593161750278,False
3139805,3.5553057151305723,-0.10289403831593137,22.0,MG,Sudeste,5-20 mil,4.759889588528384,-1.2045838733978114,False
3139904,2.1472536497332158,-0.2319049587054623,18.0,MG,Sudeste,5-20 mil,5.443500566976975,-3.296246917243759,False
3140001,2.1268343558462846,0.04953583135586444,16.0,MG,Sudeste,50-100 mil,0.9088052928166642,1.2180290630296202,False
3140100,1.973161623343799,-0.15358715097502038,22.0,MG,Sudeste,<5 mil,4.03744572387381,-2.0642841005300108,False
3140159,3.0772856098149646,-0.1449039701770667,25.0,MG,Sudeste,5-20 mil,5.321842789753766,-2.244557179938801,False
3140209,2.6699843524988864,-0.17507323731792548,22.0,MG,Sudeste,<5 mil,5.126621809078719,-2.4566374565798323,False
3140308,0.0,-0.026269886303932326,14.0,MG,Sudeste,<5 mil,0.0,0.0,False
3140407,0.2459776082865197,-0.0026339408004003757,11.0,MG,Sudeste,<5 mil,0.2358556420158145,0.010121966270705218,False
3140506,3.6161772709394313,-0.21745846890842713,19.0,MG,Sudeste,5-20 mil,7.387521967449453,-3.771344696510022,False
3140530,2.4224569589597422,-0.1442397596770113,19.0,MG,Sudeste,<5 mil,4.716573492529308,-2.294116533569566,False
3140555,4.2354138014678995,-0.04977703074745604,19.0,MG,Sudeste,5-20 mil,4.510525380327899,-0.2751115788599998,False
3140605,0.5814571792751622,-0.24027160624001004,18.0,MG,Sudeste,<5 mil,4.190692710575405,-3.609235531300243,False
3140704,3.1940112646847183,-0.2568878488707882,25.0,MG,Sudeste,20-50 mil,7.028071699074704,-3.8340604343899853,False
3140803,4.438395664573534,-0.11362824036829862,22.0,MG,Sudeste,5-20 mil,6.063472990308257,-1.6250773257347229,False
3140852,2.1732594248769033,-0.14831458191576377,19.0,MG,Sudeste,5-20 mil,4.100323839202102,-1.9270644143251987,False
3140902,1.8382458360618443,-0.1889546939889224,19.0,MG,Sudeste,5-20 mil,4.290304573617108,-2.452058737555264,False
3141009,0.8628140549965906,-0.197894860990164,17.0,MG,Sudeste,5-20 mil,3.7467007931159606,-2.88388673811937,False
3141108,4.677422066915483,-0.26073684654381113,23.0,MG,Sudeste,20-50 mil,7.788578170238693,-3.11115610332321,False
3141207,2.9310630189950757,-0.14755883030046643,18.0,MG,Sudeste,<5 mil,5.495797996413264,-2.5647349774181887,False
3141306,3.812144350610197,-0.12305128552763424,17.0,MG,Sudeste,<5 mil,5.665799462829166,-1.853655112218969,False
3141405,3.0232044841895345,-0.18510977417616792,13.0,MG,Sudeste,5-20 mil,5.592590358033404,-2.5693858738438697,False
3141504,0.0,-0.3394819242770151,18.0,MG,Sudeste,<5 mil,2.3310755685880338,-2.3310755685880338,False
3141603,1.136486113656133,-0.18786251002095597,19.0,MG,Sudeste,5-20 mil,3.949489002993029,-2.813002889336896,False
3141702,0.0,0.0,7.0,MG,Sudeste,<5 mil,0.0,0.0,False
3141801,1.5172524288014984,-0.22722068249597835,15.0,MG,Sudeste,5-20 mil,4.867711759627164,-3.3504593308256654,False
3141900,1.44286540247208,-0.22013273142727968,18.0,MG,Sudeste,<5 mil,4.792377471819204,-3.3495120693471243,False
3142007,4.926503100164361,-0.019821639504320584,17.0,MG,Sudeste,5-20 mil,5.145463744581629,-0.21896064441726804,False
3142106,0.9321294886096325,-0.22700726915718172,22.0,MG,Sudeste,5-20 mil,4.431365027011386,-3.499235538401753,False
3142205,1.4621833356232514,-0.24683480472700778,22.0,MG,Sudeste,5-20 mil,4.853677082639188,-3.3914937470159368,False
3142254,2.037628048570923,-0.15885687274149185,17.0,MG,Sudeste,<5 mil,4.337658153523301,-2.300030104952378,False
3142304,3.0419674267869823,-0.19278597591237956,17.0,MG,Sudeste,<5 mil,6.005372469245339,-2.9634050424583567,False
3142403,7.7131127951149665,0.23430419205447323,7.0,MG,Sudeste,5-20 mil,5.223014456687604,2.4900983384273623,True
3142502,2.765858680461747,-0.14661862195038491,17.0,MG,Sudeste,<5 mil,4.940298893054986,-2.1744402125932387,False
3142601,3.0192944415649663,-0.15657540073814769,17.0,MG,Sudeste,5-20 mil,5.304845042487288,-2.2855506009223214,False
3142700,2.269956834841878,-0.17937164876263662,19.0,MG,Sudeste,5-20 mil,5.27182005691243,-3.0018632220705523,False
3142809,7.8338996576724185,0.29050481216462704,6.0,MG,Sudeste,5-20 mil,4.630257189424349,3.203642468248069,True
3142908,1.9062054179798338,-0.16761086234259606,17.0,MG,Sudeste,5-20 mil,4.613354540326237,-2.7071491223464035,False
3143005,2.0078571559251372,-0.20104889424877592,19.0,MG,Sudeste,5-20 mil,5.345053903805367,-3.3371967478802294,False
3143104,3.854334509519589,-0.07628690893647205,14.0,MG,Sudeste,20-50 mil,4.95465536686774,-1.1003208573481515,False
3143153,0.0,-0.19695640388619945,12.0,MG,Sudeste,<5 mil,3.1089546454645465,-3.1089546454645465,False
3143203,2.3857434879713537,-0.20695753583135598,20.0,MG,Sudeste,5-20 mil,5.391443484180124,-3.0056999962087705,False
3143302,1.908277048302466,-0.4023134924350391,27.0,MG,Sudeste,100-500 mil,7.358210329960357,-5.449933281657891,False
3143401,0.9227661236724316,-0.3614376024606392,22.0,MG,Sudeste,5-20 mil,5.997375625153928,-5.074609501481496,False
3143450,1.6318604761420374,-0.13173059693837194,18.0,MG,Sudeste,<5 mil,3.5713727600229386,-1.9395122838809011,False
3143500,8.191267924958737,0.04806442451947172,19.0,MG,Sudeste,5-20 mil,9.319935188268904,-1.1286672633101666,True
3143609,1.878045295452182,-0.1734545574363891,17.0,MG,Sudeste,<5 mil,4.610367894107985,-2.732322598655803,False
3143708,0.0,0.0,5.0,MG,Sudeste,<5 mil,0.0,0.0,False
3143807,2.56199742624608,-0.17723584745585574,17.0,MG,Sudeste,<5 mil,5.111273760855985,-2.549276334609905,False
3143906,2.4649840510734293,-0.2655918436281588,26.0,MG,Sudeste,100-500 mil,7.083076178773129,-4.6180921276997,False
3144003,2.5009910253878616,-0.187623334856825,22.0,MG,Sudeste,5-20 mil,6.569065872747366,-4.0680748473595045,False
3144102,2.998098451312501,-0.19130225339520412,19.0,MG,Sudeste,5-20 mil,5.673333473588923,-2.6752350222764223,False
3144201,3.200248009525552,-0.11051073827517909,22.0,MG,Sudeste,<5 mil,6.758342170931754,-3.558094161406202,False
3144300,3.8290319483161284,-0.18570201387142118,23.0,MG,Sudeste,20-50 mil,7.220075060524321,-3.3910431122081928,False
3144359,2.4587958431863512,-0.1619739045000997,17.0,MG,Sudeste,5-20 mil,4.939941169522695,-2.4811453263363434,False
3144375,,,2.0,MG,Sudeste,<5 mil,0.0593930035041872,,False
3144409,4.562573128534154,-0.1187648189074766,18.0,MG,Sudeste,<5 mil,7.198850728601515,-2.636277600067361,False
3144508,2.7658453760206783,-0.11462458331720404,19.0,MG,Sudeste,5-20 mil,4.474089324600269,-1.7082439485795904,False
3144607,3.3610708479696285,-0.0564490223046407,19.0,MG,Sudeste,20-50 mil,5.026350679840085,-1.665279831870457,False
3144656,3.5824378542573925,-0.027006081303459058,18.0,MG,Sudeste,<5 mil,5.143907880512226,-1.5614700262548338,False
3144672,5.0204482608158685,0.11936704891826753,9.0,MG,Sudeste,<5 mil,3.5895494837945336,1.4308987770213348,True
3144706,4.016890904850811,-0.14436877683917004,6.0,MG,Sudeste,5-20 mil,5.894627858188526,-1.877736953337715,False
3144805,9.967889983322706,-0.05730502778364303,25.0,MG,Sudeste,50-100 mil,10.590313341265636,-0.6224233579429299,True
3144904,2.490225983458629,-0.17803391630290702,17.0,MG,Sudeste,<5 mil,5.881655430500315,-3.391429447041686,False
3145000,3.005988185581657,-0.08074640751760206,13.0,MG,Sudeste,5-20 mil,4.134028554691628,-1.1280403691099714,False
3145059,2.935266299452678,-0.12540388722255094,17.0,MG,Sudeste,<5 mil,4.7732431238796575,-1.8379768244269794,False
3145109,3.030064503378469,-0.13994620099101085,19.0,MG,Sudeste,5-20 mil,5.225681536742948,-2.1956170333644787,False
3145208,6.26296825671875,-0.14577382277599088,23.0,MG,Sudeste,100-500 mil,8.15739474511361,-1.8944264883948598,True
3145307,2.5234712511550015,-0.19213696599959643,14.0,MG,Sudeste,5-20 mil,5.664841098440097,-3.1413698472850955,False
3145356,0.239472381651467,-0.19716247706614914,13.0,MG,Sudeste,<5 mil,3.426133783062367,-3.1866614014109,False
3145372,6.357626060342966,0.2454499062065358,7.0,MG,Sudeste,<5 mil,3.7375031171494015,2.6201229431935644,True
3145406,0.0,-0.025010709318970467,4.0,MG,Sudeste,<5 mil,0.0364240547167376,-0.0364240547167376,False
3145455,4.195758498533337,0.17058563989022107,4.0,MG,Sudeste,<5 mil,2.604570096123879,1.591188402409458,False
3145505,0.8362953775727391,0.018316828404156594,12.0,MG,Sudeste,<5 mil,0.4994806816486733,0.33681469592406577,False
3145604,9.718960556003594,0.21666673919845977,20.0,MG,Sudeste,20-50 mil,7.275105678311962,2.4438548776916322,True
3145703,1.8888823515079594,-0.13375292843773956,19.0,MG,Sudeste,<5 mil,4.158159769315973,-2.2692774178080137,False
3145802,5.879657435751255,0.07080617905197356,13.0,MG,Sudeste,<5 mil,4.654676567656766,1.2249808680944891,True
3145851,1.8250417220506492,0.024426255999972554,3.0,MG,Sudeste,<5 mil,1.3482975057708306,0.47674421627981856,False
3145877,2.6304594175529985,-0.11194194035175087,22.0,MG,Sudeste,<5 mil,4.448193418161875,-1.8177340006088762,False
3145901,2.889661343010289,-0.47488137800024616,18.0,MG,Sudeste,20-50 mil,9.18181214547903,-6.292150802468742,False
3146008,4.717106628691596,-0.09947049305989045,15.0,MG,Sudeste,20-50 mil,5.734937713224909,-1.017831084533313,False
3146107,4.47335605711794,0.1706174995063779,16.0,MG,Sudeste,50-100 mil,4.9640000472847685,-0.4906439901668289,False
3146206,2.8707126013132154,-0.10715619021592133,18.0,MG,Sudeste,<5 mil,5.884441074804531,-3.013728473491316,False
3146255,7.247037412064287,0.28634052392432136,5.0,MG,Sudeste,<5 mil,3.812529567368229,3.4345078446960584,True
3146305,1.5461958877494908,-0.1809321866381047,17.0,MG,Sudeste,5-20 mil,3.9677365649959655,-2.4215406772464747,False
3146404,1.6719900783991193,-0.1812344073474428,20.0,MG,Sudeste,<5 mil,4.28320147292507,-2.6112113945259505,False
3146503,4.294576729253468,-0.004093611240384483,14.0,MG,Sudeste,5-20 mil,4.50910163182985,-0.21452490257638246,False
3146552,1.9935524193363676,-0.1333120205025008,20.0,MG,Sudeste,<5 mil,4.087524835816915,-2.0939724164805478,False
3146602,0.0,-0.14820580891882604,4.0,MG,Sudeste,<5 mil,0.3105523511066703,-0.3105523511066703,False
3146701,0.9632639885963954,-0.23269099970057994,18.0,MG,Sudeste,5-20 mil,4.260073569856986,-3.2968095812605904,False
3146750,2.00565705754164,-0.10539261311354335,17.0,MG,Sudeste,<5 mil,3.5747893623821843,-1.5691323048405441,False
3146909,2.2607813337804146,-0.07975911092449804,14.0,MG,Sudeste,5-20 mil,2.934361081195011,-0.6735797474145966,False
3147006,6.8804521040881355,-0.23259664284899625,27.0,MG,Sudeste,50-100 mil,9.571186212916224,-2.6907341088280887,True
3147105,2.4103667796632635,-0.538817921787913,19.0,MG,Sudeste,50-100 mil,11.652028698347555,-9.241661918684292,False
3147204,7.704573206287307,-0.05382982515527163,19.0,MG,Sudeste,5-20 mil,9.32105804444565,-1.6164848381583425,True
3147303,1.6853113437855143,-0.09528971407739173,18.0,MG,Sudeste,5-20 mil,3.3874942798684824,-1.7021829360829681,False
3147402,2.4296386141436983,-0.23896856710819056,19.0,MG,Sudeste,20-50 mil,6.0106964255196935,-3.581057811375995,False
3147501,4.206268684322097,-0.01983868566331797,9.0,MG,Sudeste,<5 mil,5.043058898431281,-0.8367902141091834,False
3147600,0.0,-0.04440130916611048,9.0,MG,Sudeste,5-20 mil,0.5113321709313837,-0.5113321709313837,False
3147709,2.4771618564844857,-0.14265681397269758,21.0,MG,Sudeste,5-20 mil,4.591735172375685,-2.1145733158911995,False
3147808,4.917414857416759,0.23079859238475622,7.0,MG,Sudeste,<5 mil,4.484316901347127,0.43309795606963153,False
3147907,2.849955909360574,-0.14937354936169234,26.0,MG,Sudeste,100-500 mil,5.185922613035472,-2.335966703674898,False
3147956,2.315190006899968,-0.07766215658055775,17.0,MG,Sudeste,<5 mil,3.371234713157415,-1.0560447062574472,False
3148004,7.483499981524062,-0.06562511540328135,23.0,MG,Sudeste,100-500 mil,8.938183135282143,-1.454683153758081,True
3148103,4.419523360337379,-0.05634397270162782,17.0,MG,Sudeste,50-100 mil,5.189842904523425,-0.7703195441860453,False
3148202,0.6553307016878307,-0.22230443468651137,22.0,MG,Sudeste,<5 mil,3.984531389646901,-3.3292006879590703,False
3148301,1.7936574104243164,-0.15141202558315542,18.0,MG,Sudeste,5-20 mil,3.906480433561116,-2.1128230231367997,False
3148400,0.8923537712760776,-0.21534422505904646,18.0,MG,Sudeste,<5 mil,3.887698368507607,-2.9953445972315293,False
3148509,0.6252133922473035,-0.16527500539758708,12.0,MG,Sudeste,5-20 mil,3.905457959262025,-3.2802445670147216,False
3148608,1.1564662297529935,-0.22328382259842544,23.0,MG,Sudeste,5-20 mil,4.492364919506636,-3.335898689753643,False
3148707,5.3600579641044135,-0.07233466764542816,23.0,MG,Sudeste,20-50 mil,6.346132720045287,-0.9860747559408738,True
3148756,0.0,0.0,12.0,MG,Sudeste,<5 mil,0.0,0.0,False
3148806,1.583982323043415,-0.15749974417967189,18.0,MG,Sudeste,<5 mil,4.020298061753437,-2.4363157387100225,False
3148905,4.3562122155399265,-0.09525438266228131,17.0,MG,Sudeste,<5 mil,5.892407479445468,-1.5361952639055412,False
3149002,0.0,-0.1251658559569407,10.0,MG,Sudeste,<5 mil,0.0,0.0,False
3149101,4.82378170902399,-0.20223863993152974,19.0,MG,Sudeste,5-20 mil,7.015185609699444,-2.1914039006754535,False
3149150,8.136078145526653,0.25904151341908876,15.0,MG,Sudeste,5-20 mil,4.927193113351831,3.2088850321748223,True
3149200,3.769611299964538,-0.1791895085151951,24.0,MG,Sudeste,<5 mil,6.566203958358799,-2.7965926583942613,False
3149309,6.320005242798402,-0.14739276534582663,23.0,MG,Sudeste,50-100 mil,8.645362098688526,-2.3253568558901243,True
3149408,0.0,0.0,3.0,MG,Sudeste,<5 mil,0.0,0.0,False
3149507,2.242365754773232,-0.19430544106016898,18.0,MG,Sudeste,<5 mil,4.869127230209723,-2.626761475436491,False
3149606,0.10385904825366055,0.004694175476259193,7.0,MG,Sudeste,<5 mil,0.0240273050742574,0.07983174317940314,False
3149705,0.9665380915299693,-0.27737037440264145,19.0,MG,Sudeste,5-20 mil,4.911474299854928,-3.9449362083249584,False
3149804,3.122158228492708,-0.1950536153327069,17.0,MG,Sudeste,5-20 mil,6.247478350327402,-3.1253201218346938,False
3149903,5.8407840739892265,-0.07582806842324066,23.0,MG,Sudeste,5-20 mil,8.04540572641648,-2.204621652427253,True
3149952,0.823385827270954,-0.24375184030702385,17.0,MG,Sudeste,5-20 mil,4.135251190171834,-3.31186536290088,False
3150000,0.0,-0.3490319831749241,12.0,MG,Sudeste,<5 mil,2.461668601019668,-2.461668601019668,False
3150109,0.0,-0.23208229337418154,5.0,MG,Sudeste,<5 mil,0.8403916921808761,-0.8403916921808761,False
3150158,1.1562729027938872,-0.1904163295393075,17.0,MG,Sudeste,5-20 mil,3.842317021683572,-2.6860441188896846,False
3150208,1.0432607270305994,-0.2303646853211789,18.0,MG,Sudeste,<5 mil,4.657975720510402,-3.6147149934798026,False
3150307,2.111870767950876,-0.10781427815170835,18.0,MG,Sudeste,<5 mil,3.7725451412187274,-1.6606743732678515,False
3150406,1.8613908611967531,-0.17454971296848368,17.0,MG,Sudeste,<5 mil,4.348690832470821,-2.4872999712740675,False
3150505,2.0873926336525983,-0.12362608372782899,19.0,MG,Sudeste,5-20 mil,4.311989651691387,-2.2245970180387884,False
3150539,2.059792443161598,-0.17170877348950062,17.0,MG,Sudeste,<5 mil,4.482872703438008,-2.42308026027641,False
3150570,2.1551304236440956,-0.14757822152352124,20.0,MG,Sudeste,<5 mil,4.35270244569444,-2.1975720220503447,False
3150604,4.369531723373768,0.14888699650620857,12.0,MG,Sudeste,<5 mil,2.7269859487294266,1.6425457746443417,False
3150703,8.47540655220103,0.02053962472608114,17.0,MG,Sudeste,5-20 mil,9.53820162557371,-1.0627950733726799,True
3150802,2.6987166099652313,-0.1769509169749757,23.0,MG,Sudeste,5-20 mil,5.176153670008016,-2.477437060042785,False
3150901,5.292083442012313,-0.05778336949611271,17.0,MG,Sudeste,<5 mil,6.856749866339716,-1.5646664243274033,True
3151008,0.0,-0.6596415300552925,18.0,MG,Sudeste,5-20 mil,5.906561450909885,-5.906561450909885,False
3151107,2.9785968757801697,-0.23439621991676673,17.0,MG,Sudeste,5-20 mil,7.362177247965699,-4.383580372185529,False
3151206,8.186468782556666,0.0035217812647551435,20.0,MG,Sudeste,50-100 mil,7.166867139549532,1.0196016430071344,True
3151305,3.153193394685502,-0.13135151057010985,18.0,MG,Sudeste,5-20 mil,5.196669674801524,-2.043476280116022,False
3151404,2.9809842435882388,-0.19952631702836618,17.0,MG,Sudeste,20-50 mil,5.585943516226622,-2.604959272638383,False
3151503,1.5190042214318282,-0.18568284052965878,17.0,MG,Sudeste,20-50 mil,3.538238660073423,-2.0192344386415946,False
3151602,2.6601395930022136,-0.2300793014175745,17.0,MG,Sudeste,5-20 mil,5.497661873405014,-2.8375222804028004,False
3151701,3.2359397726992256,-0.17645841254859598,19.0,MG,Sudeste,5-20 mil,5.856958720442535,-2.621018947743309,False
3151800,2.109505159662149,-0.37471354829565967,28.0,MG,Sudeste,100-500 mil,6.703227932629559,-4.593722772967411,False
3151909,5.002370357909513,0.24715559037617746,12.0,MG,Sudeste,<5 mil,2.964634698763994,2.0377356591455187,True
3152006,3.122082467006976,-0.20196234582629663,27.0,MG,Sudeste,20-50 mil,6.185941391136502,-3.0638589241295264,False
3152105,4.252869436320452,-0.17423004225959082,22.0,MG,Sudeste,50-100 mil,6.361554898085648,-2.1086854617651953,False
3152131,1.6076316395149775,-0.15036337205248282,17.0,MG,Sudeste,<5 mil,3.6409711105117535,-2.033339470996776,False
3152170,0.0,-0.185616319630444,12.0,MG,Sudeste,<5 mil,2.6652203243243773,-2.6652203243243773,False
3152204,3.3928045972269274,-0.14457847204280372,17.0,MG,Sudeste,5-20 mil,5.232842818239184,-1.8400382210122563,False
3152303,0.7820419933916583,-0.19267636926092419,18.0,MG,Sudeste,5-20 mil,3.457436306714784,-2.675394313323126,False
3152402,4.1866654696737555,-0.06041271201182968,10.0,MG,Sudeste,5-20 mil,5.158191558438722,-0.9715260887649668,False
3152501,7.697303934485092,-0.20186783301640585,23.0,MG,Sudeste,100-500 mil,9.582433674186293,-1.8851297397012008,True
3152709,8.89519615645355,0.14504044044573963,17.0,MG,Sudeste,5-20 mil,6.554994948164018,2.3402012082895327,True
3152808,1.7703057330546699,-0.293878731772705,22.0,MG,Sudeste,20-50 mil,5.754848350176563,-3.9845426171218934,False
3152907,0.0,-0.21189206319803083,7.0,MG,Sudeste,5-20 mil,2.448322701407607,-2.448322701407607,False
3153004,0.6846320222900886,-0.04374427994729057,4.0,MG,Sudeste,<5 mil,1.3298247681911048,-0.6451927459010163,False
3153103,12.768412192080177,0.5938154250542885,12.0,MG,Sudeste,<5 mil,6.093999297728514,6.674412894351663,True
3153202,1.660974013457178,-0.21644325065787154,17.0,MG,Sudeste,<5 mil,5.384450636802274,-3.723476623345096,False
3153301,1.5309620817187337,0.025612818962369343,8.0,MG,Sudeste,<5 mil,0.9987834414568908,0.5321786402618429,False
3153400,1.869140194916156,-0.18445817708512988,19.0,MG,Sudeste,5-20 mil,4.90894569257909,-3.0398054976629343,False
3153509,1.5255075253618315,-0.20509884384557164,18.0,MG,Sudeste,<5 mil,4.705426053358024,-3.1799185279961923,False
3153608,11.420705472925647,0.43446505458509854,15.0,MG,Sudeste,5-20 mil,6.207698712665546,5.213006760260101,True
3153707,1.6835273949001248,-0.1857088370243054,19.0,MG,Sudeste,<5 mil,4.350103232154201,-2.6665758372540758,False
3153806,0.5087475613690344,0.02367047318880281,12.0,MG,Sudeste,<5 mil,0.1964482162501964,0.31229934511883806,False
3153905,3.095676352307123,-0.22312307503651788,25.0,MG,Sudeste,5-20 mil,6.999602624009543,-3.90392627170242,False
3154002,2.0970148136339617,-0.17337145130028156,17.0,MG,Sudeste,5-20 mil,4.728503671178803,-2.6314888575448414,False
3154101,0.8242853809856001,-0.1790286680996221,14.0,MG,Sudeste,5-20 mil,2.874512291800088,-2.0502269108144877,False
3154150,9.770845994865908,0.33545150653767575,6.0,MG,Sudeste,<5 mil,3.183175217042689,6.587670777823219,True
3154200,4.400717708996723,-0.0628955892541735,19.0,MG,Sudeste,5-20 mil,5.822054682095633,-1.42133697309891,False
3154309,5.093948934565731,-0.18350798813426458,22.0,MG,Sudeste,5-20 mil,7.715255044317932,-2.6213061097522017,True
3154408,2.1940037001218116,-0.1498800161968245,18.0,MG,Sudeste,<5 mil,4.305422068107711,-2.111418367985899,False
3154457,1.8908103847444409,-0.12212158298407666,17.0,MG,Sudeste,<5 mil,3.981989827991546,-2.091179443247105,False
3154507,4.8110122716263675,-0.06308265740365389,20.0,MG,Sudeste,<5 mil,5.2463802719194685,-0.4353680002931011,False
3154606,1.7601514664565912,-0.3817287268690963,25.0,MG,Sudeste,100-500 mil,8.633292898478276,-6.873141432021685,False
3154705,0.7733483057530748,-0.2707390821394666,19.0,MG,Sudeste,<5 mil,4.796348604485225,-4.02300029873215,False
3154804,0.0,0.0,8.0,MG,Sudeste,5-20 mil,0.0,0.0,False
3154903,5.756333433284084,-0.08886839261626087,23.0,MG,Sudeste,5-20 mil,7.408872990131527,-1.6525395568474428,True
3155009,0.0,-0.01783888258444403,14.0,MG,Sudeste,<5 mil,0.0810430835901269,-0.0810430835901269,False
3155108,0.0,-0.28837217864794956,15.0,MG,Sudeste,<5 mil,3.5747647939847136,-3.5747647939847136,False
3155207,2.687771228863511,-0.07985608102210599,17.0,MG,Sudeste,<5 mil,3.8969614775487207,-1.2091902486852097,False
3155306,2.528803626376373,-0.20349537351888558,23.0,MG,Sudeste,<5 mil,5.346226029247695,-2.8174224028713217,False
3155405,4.168845910523789,-0.014500054046365065,15.0,MG,Sudeste,5-20 mil,4.273714836919607,-0.10486892639581846,False
3155504,2.3504457471753426,-0.22534339528347563,18.0,MG,Sudeste,5-20 mil,5.502300253928656,-3.1518545067533132,False
3155603,3.704836139156754,-0.11936216886077197,19.0,MG,Sudeste,5-20 mil,5.581377516800731,-1.876541377643977,False
3155702,1.56334503362973,-0.26535318547854647,18.0,MG,Sudeste,5-20 mil,5.377674186846396,-3.814329153216666,False
3155801,1.393045105561498,-0.24619599750037838,19.0,MG,Sudeste,5-20 mil,4.776906956913473,-3.383861851351975,False
3155900,0.0,-0.00040514935044110327,13.0,MG,Sudeste,<5 mil,0.0,0.0,False
3156007,0.2891892954486366,-0.2532060167724945,18.0,MG,Sudeste,5-20 mil,3.98721074740348,-3.6980214519548436,False
3156106,3.0125233140612124,-0.09904760846266322,18.0,MG,Sudeste,<5 mil,4.884560307253551,-1.8720369931923386,False
3156205,0.0,-0.004038498051792776,11.0,MG,Sudeste,<5 mil,0.0,0.0,False
3156304,3.190920228944833,-0.12039408966555942,17.0,MG,Sudeste,5-20 mil,5.181374756803137,-1.9904545278583043,False
3156452,2.6435793063647566,-0.0994188237618863,17.0,MG,Sudeste,<5 mil,4.5095336899141305,-1.865954383549374,False
3156502,0.9610086009307963,-0.12331652949760905,12.0,MG,Sudeste,<5 mil,3.5605401965816417,-2.5995315956508454,False
3156601,0.11971095796053532,-0.2409099837048527,17.0,MG,Sudeste,5-20 mil,3.620042038140466,-3.5003310801799308,False
3156700,4.959300284685298,-0.13796801860834956,25.0,MG,Sudeste,100-500 mil,8.130246900474766,-3.170946615789468,False
3156809,4.9927797179751146,0.0026609950128108732,14.0,MG,Sudeste,5-20 mil,5.100023443106632,-0.10724372513151703,False
3156908,1.807999119303986,-0.17761341250952573,25.0,MG,Sudeste,20-50 mil,4.7631735911627056,-2.9551744718587196,False
3157005,4.69793753547134,-0.12511450533099744,18.0,MG,Sudeste,20-50 mil,6.164761948730979,-1.4668244132596389,False
3157104,2.986658261441562,-0.20533375678284713,19.0,MG,Sudeste,5-20 mil,7.073818592999197,-4.087160331557635,False
3157203,6.958319575818365,0.0630384567332211,16.0,MG,Sudeste,20-50 mil,5.996294366783929,0.9620252090344357,True
3157252,1.6919399319810395,-0.1680221581396732,17.0,MG,Sudeste,<5 mil,4.310885865789516,-2.618945933808477,False
3157278,,,1.0,MG,Sudeste,<5 mil,0.0,,False
3157302,4.184396110725732,0.0018252940975960583,15.0,MG,Sudeste,<5 mil,4.189749763252556,-0.005353652526824071,False
3157336,0.0,-0.015665596657754972,5.0,MG,Sudeste,5-20 mil,0.0,0.0,False
3157377,1.6630113477201007,-0.08310847937193609,12.0,MG,Sudeste,<5 mil,3.3573461973269145,-1.6943348496068138,False
3157401,0.6822072644831678,-0.269687277377551,18.0,MG,Sudeste,<5 mil,4.521085967025507,-3.838878702542339,False
3157500,0.4983487623326823,-0.23477404476851985,18.0,MG,Sudeste,<5 mil,4.256167423179308,-3.7578186608466257,False
3157609,1.9253896892177522,-0.16563973359882814,19.0,MG,Sudeste,<5 mil,4.64565669433052,-2.7202670051127678,False
3157658,0.9903124859501418,-0.12930725918221309,12.0,MG,Sudeste,<5 mil,2.668181113363562,-1.67786862741342,False
3157708,3.8237241755713285,-0.1985170946561008,19.0,MG,Sudeste,5-20 mil,7.1345203282607255,-3.310796152689397,False
3157807,3.1812450459220827,-0.30981563765889913,25.0,MG,Sudeste,100-500 mil,7.854680766599226,-4.673435720677143,False
3157906,1.9155937081816319,-0.16887096959495482,18.0,MG,Sudeste,5-20 mil,4.330084300469542,-2.41449059228791,False
3158003,1.772705469740572,-0.287283406018775,18.0,MG,Sudeste,5-20 mil,5.601994504772311,-3.8292890350317395,False
3158102,0.15513480338364616,-0.17598273190593108,12.0,MG,Sudeste,<5 mil,3.482365152492334,-3.327230349108688,False
3158201,3.2584221383471004,-0.1455044338717702,18.0,MG,Sudeste,5-20 mil,5.973152525551828,-2.7147303872047273,False
3158300,5.858836923197771,-0.14517869797625826,19.0,MG,Sudeste,5-20 mil,7.828077152398078,-1.9692402292003068,True
3158409,1.9379444969566748,-0.15745310429996986,17.0,MG,Sudeste,<5 mil,4.151704668417661,-2.2137601714609865,False
3158508,11.93317766598966,0.5447322507389439,9.0,MG,Sudeste,<5 mil,4.698212136097679,7.234965529891982,True
3158607,13.642514645182018,0.6449814191290052,7.0,MG,Sudeste,<5 mil,5.8484169740503456,7.794097671131673,True
3158706,0.0,-0.018397234155078195,6.0,MG,Sudeste,<5 mil,0.2388703422191752,-0.2388703422191752,False
3158805,2.0161013886577734,-0.14968070164474834,19.0,MG,Sudeste,<5 mil,4.157501392996442,-2.141400004338669,False
3158904,1.943716389201711,-0.15499185483680925,18.0,MG,Sudeste,<5 mil,4.298294598516699,-2.3545782093149876,False
3158953,0.0,-0.6343848009964016,17.0,MG,Sudeste,20-50 mil,6.274267845971663,-6.274267845971663,False
3159001,0.0,-0.6842783119593581,10.0,MG,Sudeste,<5 mil,3.049114279159337,-3.049114279159337,False
3159100,0.0,0.0,4.0,MG,Sudeste,<5 mil,0.0,0.0,False
3159209,5.426146009213966,-0.11716576228328843,22.0,MG,Sudeste,5-20 mil,7.851076745032848,-2.424930735818882,True
3159308,0.5698681403033632,0.01710860283122504,9.0,MG,Sudeste,<5 mil,0.3348068252950061,0.23506131500835709,False
3159357,2.197076089827874,-0.135796047981847,17.0,MG,Sudeste,5-20 mil,4.098426770827698,-1.9013506809998235,False
3159407,2.17326836747327,-0.18940118349678514,22.0,MG,Sudeste,<5 mil,6.438773954555948,-4.265505587082679,False
3159506,1.1153229300426233,-0.20635925827004634,22.0,MG,Sudeste,<5 mil,4.394546041853968,-3.279223111811345,False
3159605,8.86483173124887,-0.11783479721346962,23.0,MG,Sudeste,20-50 mil,9.275278290508709,-0.41044655925983875,True
3159704,3.875827054891161,-0.05744711069411567,18.0,MG,Sudeste,<5 mil,7.868447945756114,-3.992620890864953,False
3159803,3.5740887745192254,-0.1813301376617033,22.0,MG,Sudeste,5-20 mil,5.890606323191909,-2.3165175486726834,False
3159902,0.8864739197172185,-0.23399993637979535,21.0,MG,Sudeste,5-20 mil,6.263325504929875,-5.376851585212656,False
3160009,11.438369279118206,0.5463047562294916,11.0,MG,Sudeste,<5 mil,4.485257612675331,6.953111666442875,True
3160108,2.425946781365667,-0.16087357393486837,18.0,MG,Sudeste,<5 mil,4.765369911991199,-2.3394231306255318,False
3160207,10.50488836772638,0.4578959885164802,8.0,MG,Sudeste,<5 mil,4.606840818010372,5.898047549716008,True
3160306,2.0103350014378805,-0.12421609046956258,17.0,MG,Sudeste,5-20 mil,3.9494922565192816,-1.9391572550814011,False
3160405,6.170624500068698,-0.2114903751691187,17.0,MG,Sudeste,20-50 mil,8.683355615793674,-2.5127311157249768,True
3160454,4.478617396045024,-0.12664787192163915,18.0,MG,Sudeste,<5 mil,5.477036807847451,-0.998419411802427,False
3160504,,,0.0,MG,Sudeste,<5 mil,,,False
3160603,2.1564503255844443,-0.17092834376202312,17.0,MG,Sudeste,<5 mil,5.215016045803475,-3.058565720219031,False
3160702,4.415630112577475,-0.11560697059595995,22.0,MG,Sudeste,20-50 mil,6.584664292119531,-2.1690341795420567,False
3160801,1.9687103603325795,-0.16798948253850243,19.0,MG,Sudeste,5-20 mil,4.466210619119294,-2.4975002587867143,False
3160900,2.5771715761065934,-0.19575527599821546,18.0,MG,Sudeste,<5 mil,5.377216432477023,-2.8000448563704294,False
3160959,1.5333914915617584,-0.18711975828679997,17.0,MG,Sudeste,<5 mil,4.543184485115178,-3.00979299355342,False
3161007,0.908272708645768,-0.29119592049474646,15.0,MG,Sudeste,5-20 mil,4.948885532992215,-4.0406128243464465,False
3161056,0.0,-0.227943145300764,16.0,MG,Sudeste,<5 mil,3.4153182882561306,-3.4153182882561306,False
3161106,4.288369504787056,-0.14989020399004915,17.0,MG,Sudeste,20-50 mil,5.907279774234212,-1.6189102694471558,False
3161205,1.3230744577464293,-0.1721624340596627,21.0,MG,Sudeste,<5 mil,3.888051109443976,-2.5649766516975467,False
3161304,1.9140106884251509,-0.25353792668127445,17.0,MG,Sudeste,<5 mil,5.315899645520108,-3.4018889570949575,False
3161403,1.4801379510903345,0.012959406170579446,8.0,MG,Sudeste,<5 mil,2.1097305361913747,-0.6295925851010402,False
3161502,2.8249239502409864,-0.1269015620126431,17.0,MG,Sudeste,5-20 mil,4.549143766333611,-1.7242198160926243,False
3161601,0.8691587543053316,0.040437390453933,12.0,MG,Sudeste,<5 mil,0.3317054678440816,0.53745328646125,False
3161650,0.9734433741815991,-0.04143740320123953,5.0,MG,Sudeste,<5 mil,1.1288152193081902,-0.15537184512659108,False
3161700,7.490603628381109,0.053779783831858136,17.0,MG,Sudeste,5-20 mil,7.146882232146025,0.34372139623508424,True
3161809,1.073473020449228,-0.2597513354746143,17.0,MG,Sudeste,5-20 mil,4.776404197226074,-3.702931176776846,False
3161908,0.0,0.0,11.0,MG,Sudeste,5-20 mil,0.0,0.0,False
3162005,3.5544557801727024,-0.14510932983679906,18.0,MG,Sudeste,20-50 mil,5.541123756160523,-1.986667975987821,False
3162104,7.471883791848043,-0.0594705037070932,18.0,MG,Sudeste,20-50 mil,9.725685081093363,-2.2538012892453203,True
3162203,2.617075370813069,-0.08713566011331027,18.0,MG,Sudeste,5-20 mil,3.879611896552391,-1.2625365257393222,False
3162252,,,2.0,MG,Sudeste,<5 mil,0.4577005953003946,,False
3162302,0.0,-0.03949133156760335,6.0,MG,Sudeste,<5 mil,0.0010231677929697,-0.0010231677929697,False
3162401,2.6313333268503243,-0.17350826704402295,20.0,MG,Sudeste,5-20 mil,5.575951929102945,-2.9446186022526204,False
3162450,2.018032247349197,-0.17137804181175145,17.0,MG,Sudeste,<5 mil,4.253654706047197,-2.235622458698,False
3162500,3.4809101893603724,-0.17150866645542032,20.0,MG,Sudeste,50-100 mil,4.462417936402543,-0.9815077470421709,False
3162559,2.628356396667243,-0.1908981906105875,19.0,MG,Sudeste,5-20 mil,6.617456140428659,-3.9890997437614155,False
3162575,1.0516005053385413,-0.06836508979819546,7.0,MG,Sudeste,<5 mil,1.9166833066060365,-0.8650828012674951,False
3162609,0.0,-0.27087844204041833,17.0,MG,Sudeste,5-20 mil,3.570987044174217,-3.570987044174217,False
3162658,0.0,0.0,12.0,MG,Sudeste,<5 mil,0.0,0.0,False
3162708,3.959448831281719,-0.08646212805729146,19.0,MG,Sudeste,5-20 mil,4.752225219514733,-0.7927763882330137,False
3162807,0.5601599629796965,-0.25921400030428826,23.0,MG,Sudeste,5-20 mil,4.525363137489551,-3.9652031745098544,False
3162906,3.0874654661218983,-0.1850081452167315,22.0,MG,Sudeste,20-50 mil,5.750383270216749,-2.6629178040948505,False
3162922,11.004768742922229,-0.0038275790538953463,25.0,MG,Sudeste,20-50 mil,9.790966071409876,1.2138026715123527,True
3162948,4.054980826539747,-0.24974875639621255,19.0,MG,Sudeste,5-20 mil,7.079726136133881,-3.0247453095941337,False
3162955,4.3741804129087996,-0.24450653230820152,27.0,MG,Sudeste,5-20 mil,8.077693596343943,-3.7035131834351436,False
3163003,2.092647800025361,-0.1393196920139822,22.0,MG,Sudeste,<5 mil,3.8068746715258577,-1.7142268715004967,False
3163102,0.0,0.0,17.0,MG,Sudeste,<5 mil,0.0,0.0,False
3163201,2.5699355369490604,-0.16435433845098452,18.0,MG,Sudeste,<5 mil,5.275100477560949,-2.7051649406118887,False
3163300,0.0,-0.3217519756622414,17.0,MG,Sudeste,<5 mil,3.340521349461852,-3.340521349461852,False
3163409,1.8196223399913265,-0.20178012303716072,18.0,MG,Sudeste,<5 mil,4.657981687335922,-2.8383593473445954,False
3163508,2.5384879587567184,-0.19651257901688185,18.0,MG,Sudeste,<5 mil,6.053821881721754,-3.515333922965036,False
3163607,1.990695687049083,-0.17129839513509423,18.0,MG,Sudeste,<5 mil,4.926190516852462,-2.935494829803379,False
3163706,8.81876425126481,0.12793409966764271,17.0,MG,Sudeste,20-50 mil,8.486066279414944,0.33269797184986594,True
3163805,1.1490715656374846,-0.1819728742717826,18.0,MG,Sudeste,<5 mil,3.685142722178072,-2.5360711565405873,False
3163904,2.629912899861779,-0.13718052136195605,17.0,MG,Sudeste,<5 mil,4.78813216224417,-2.1582192623823913,False
3164001,2.0302425010746106,-0.19808810012426079,18.0,MG,Sudeste,5-20 mil,4.95794489340689,-2.9277023923322796,False
3164100,1.4309653486579919,-0.2181339437420869,18.0,MG,Sudeste,<5 mil,4.8334494893631055,-3.4024841407051136,False
3164209,3.782687370194907,-0.10294465225422257,17.0,MG,Sudeste,5-20 mil,5.856230470288251,-2.073543100093344,False
3164308,10.80380185963054,0.08167846347794001,20.0,MG,Sudeste,<5 mil,8.819854072017074,1.9839477876134648,True
3164407,2.59693787167825,0.06769478380205592,6.0,MG,Sudeste,<5 mil,1.7965482059008524,0.8003896657773977,False
3164431,2.328036980161812,-0.13305456824935388,17.0,MG,Sudeste,<5 mil,4.42879973781131,-2.1007627576494983,False
3164472,2.7498020856467633,-0.08089572060074701,17.0,MG,Sudeste,<5 mil,3.5761229354227946,-0.8263208497760313,False
3164506,2.5138572509871437,-0.20113766020137877,18.0,MG,Sudeste,<5 mil,6.40719338876362,-3.893336137776476,False
3164605,1.3975260176306392,-0.24103100131001218,17.0,MG,Sudeste,<5 mil,4.983962941471192,-3.5864369238405525,False
3164704,9.585665001375368,0.008999391661296048,23.0,MG,Sudeste,50-100 mil,9.219252097258265,0.36641290411710337,True
3164803,0.0,-0.03251020372014956,9.0,MG,Sudeste,<5 mil,0.0,0.0,False
3164902,0.19098447093837478,-0.05657252953670373,11.0,MG,Sudeste,<5 mil,0.826780831297904,-0.6357963603595292,False
3165008,4.275465746392001,-0.17048169583908135,23.0,MG,Sudeste,5-20 mil,6.783083868304685,-2.5076181219126834,False
3165107,2.7254269658633916,-0.170537200693361,17.0,MG,Sudeste,5-20 mil,5.213972288542597,-2.4885453226792054,False
3165206,3.5279213245004257,-0.13554935902409762,17.0,MG,Sudeste,<5 mil,5.604146150791396,-2.0762248262909706,False
3165305,1.5042788360807435,-0.29746599770013493,18.0,MG,Sudeste,5-20 mil,5.565702236195578,-4.061423400114834,False
3165404,2.376947596028458,-0.25763049742911337,19.0,MG,Sudeste,<5 mil,6.970917383986654,-4.593969787958196,False
3165503,0.8187245224082744,-0.25635882608652,17.0,MG,Sudeste,<5 mil,4.753730707229139,-3.935006184820865,False
3165537,6.049745050813101,-0.06789459622518192,25.0,MG,Sudeste,20-50 mil,8.341622871084121,-2.2918778202710204,True
3165552,0.0,-0.21865823415660746,13.0,MG,Sudeste,<5 mil,3.1304508946335368,-3.1304508946335368,False
3165560,0.0,-0.19188399689395969,4.0,MG,Sudeste,<5 mil,2.4857954545454546,-2.4857954545454546,False
3165578,3.828624872549881,-0.08480245175629587,17.0,MG,Sudeste,<5 mil,4.939930133364213,-1.1113052608143326,False
3165602,0.3250834038121342,0.003768148359675026,13.0,MG,Sudeste,<5 mil,0.3031761509484281,0.021907252863706095,False
3165701,3.9976122662772866,-0.04550737976606673,14.0,MG,Sudeste,5-20 mil,4.963864204743455,-0.9662519384661685,False
3165800,0.0,-0.08177440937413262,6.0,MG,Sudeste,<5 mil,0.0,0.0,False
3165909,0.0,-0.2853414462389944,18.0,MG,Sudeste,<5 mil,3.8716186826778456,-3.8716186826778456,False
3166006,2.1416160607222636,0.009172061046123139,10.0,MG,Sudeste,<5 mil,2.1190361495388665,0.022579911183397083,False
3166105,3.4336957275035616,-0.05726776165939047,15.0,MG,Sudeste,<5 mil,4.106156909491488,-0.6724611819879263,False
3166204,1.098573143736843,0.06792256180732856,7.0,MG,Sudeste,<5 mil,0.3425349450118879,0.7560381987249549,False
3166303,2.5106769366579442,-0.13892658585036483,18.0,MG,Sudeste,<5 mil,4.572359990797226,-2.061683054139282,False
3166402,0.04512177637472092,-0.007718757735865588,6.0,MG,Sudeste,<5 mil,0.2498949455027065,-0.20477316912798557,False
3166501,2.2686471368735397,-0.1878725408249609,18.0,MG,Sudeste,<5 mil,5.718682341207095,-3.450035204333555,False
3166600,9.484706389451818,0.01225832956098471,17.0,MG,Sudeste,<5 mil,10.14794040724827,-0.6632340177964533,True
3166709,3.747741561076623,-0.09378929042920384,12.0,MG,Sudeste,5-20 mil,5.324233533391949,-1.576491972315326,False
3166808,4.464521053393355,-0.09236272474215364,23.0,MG,Sudeste,5-20 mil,6.168316282726077,-1.703795229332722,False
3166907,2.1874146128237157,-0.21256189658825475,19.0,MG,Sudeste,5-20 mil,5.390897483860865,-3.2034828710371492,False
3166956,1.8280161551331275,-0.13607326668981692,17.0,MG,Sudeste,<5 mil,3.72394383618256,-1.8959276810494323,False
3167004,,,1.0,MG,Sudeste,<5 mil,0.0,,False
3167103,7.579526167509847,-0.02445570463965296,18.0,MG,Sudeste,5-20 mil,6.998111013033101,0.5814151544767467,True
3167202,8.123003403150236,-0.042749100226049726,24.0,MG,Sudeste,100-500 mil,9.36859645149136,-1.2455930483411244,True
3167301,1.4584183327531832,-0.19921137893180263,18.0,MG,Sudeste,<5 mil,4.002018400630958,-2.543600067877775,False
3167400,3.2180695589302672,0.1191631405606408,4.0,MG,Sudeste,<5 mil,2.0097431081078647,1.2083264508224025,False
3167509,0.0,-0.02883256996334591,7.0,MG,Sudeste,<5 mil,0.0620698447180462,-0.0620698447180462,False
3167608,0.8145358073469424,-0.24065063452815888,23.0,MG,Sudeste,5-20 mil,4.321538901251791,-3.5070030939048484,False
3167707,1.1463176098555437,-0.2182586683622108,21.0,MG,Sudeste,<5 mil,4.101710438901033,-2.955392829045489,False
3167806,6.817737174965146,0.2509098798804451,11.0,MG,Sudeste,<5 mil,3.5362631257002,3.2814740492649457,True
3167905,3.020912441399048,-0.07577884126172736,16.0,MG,Sudeste,<5 mil,4.0663070703094775,-1.0453946289104294,False
3168002,3.761574791258994,-0.09166767090418677,13.0,MG,Sudeste,20-50 mil,5.279394733432424,-1.5178199421734302,False
3168051,4.612242346172366,0.13165659807985944,8.0,MG,Sudeste,<5 mil,2.302701157497621,2.3095411886747446,False
3168101,3.2538156205293944,-0.2601158778249676,17.0,MG,Sudeste,<5 mil,7.212005143271337,-3.958189522741942,False
3168200,3.0131917715710586,-0.10965674303348827,17.0,MG,Sudeste,<5 mil,4.637261501355897,-1.6240697297848383,False
3168309,4.215982155994851,-0.12571490340204117,23.0,MG,Sudeste,<5 mil,7.904908037542022,-3.6889258815471706,False
3168408,0.845932250006399,-0.24981851813525435,19.0,MG,Sudeste,5-20 mil,4.828572532612496,-3.9826402826060967,False
3168507,1.767520895212499,-0.18145574875517068,18.0,MG,Sudeste,5-20 mil,4.237075644963852,-2.469554749751353,False
3168606,3.568239152848264,-0.3185801022285756,20.0,MG,Sudeste,100-500 mil,8.029597175067044,-4.46135802221878,False
3168705,6.524684304491672,-0.11413136994293512,23.0,MG,Sudeste,50-100 mil,9.02247737670026,-2.497793072208589,True
3168804,8.391713249293048,-0.12242537307887343,19.0,MG,Sudeste,5-20 mil,11.020668206644384,-2.628954957351336,True
3168903,3.995134881657407,-0.10236513683290267,19.0,MG,Sudeste,<5 mil,5.2519328486902745,-1.2567979670328677,False
3169000,1.5153929836276951,-0.015464751382516472,14.0,MG,Sudeste,5-20 mil,1.3830521973998346,0.1323407862278605,False
3169059,2.810036839661109,0.07506114663682288,9.0,MG,Sudeste,<5 mil,1.6556841882104878,1.154352651450621,False
3169109,3.072686445142324,-0.1656476826185443,17.0,MG,Sudeste,<5 mil,5.824979655976997,-2.752293210834673,False
3169208,2.1510811122914646,-0.04534638959399809,13.0,MG,Sudeste,5-20 mil,2.5690789166382677,-0.4179978043468031,False
3169307,6.955709865646156,-0.1274824009750845,20.0,MG,Sudeste,50-100 mil,9.285077323483184,-2.3293674578370283,True
3169356,3.5348809547328983,-0.26211162094788865,23.0,MG,Sudeste,20-50 mil,7.269245292766624,-3.7343643380337257,False
3169406,2.618954518251712,-0.13180709004017932,18.0,MG,Sudeste,20-50 mil,4.734416818860384,-2.115462300608672,False
3169505,1.9360395414175855,-0.17354019394921108,22.0,MG,Sudeste,<5 mil,4.637006936229842,-2.700967394812256,False
3169604,5.0195841166239745,0.07707554899001884,16.0,MG,Sudeste,20-50 mil,3.817705775744584,1.2018783408793907,True
3169703,4.489662884746224,-0.10251414076526191,14.0,MG,Sudeste,5-20 mil,5.033976604110968,-0.5443137193647445,False
3169802,10.050734841080043,0.427564584228542,10.0,MG,Sudeste,<5 mil,4.943922081304398,5.106812759775646,True
3169901,3.1774061987587743,-0.1968100421108279,23.0,MG,Sudeste,100-500 mil,7.322068956344518,-4.144662757585744,False
3170008,1.5634158339390183,-0.19323456852969986,19.0,MG,Sudeste,5-20 mil,4.590615149998146,-3.0271993160591277,False
3170057,1.5544314671668076,-0.19193484867463362,17.0,MG,Sudeste,5-20 mil,4.434202827834867,-2.8797713606680597,False
3170107,3.8716349113473143,-0.2509635298796254,27.0,MG,Sudeste,100-500 mil,8.61072260029208,-4.739087688944766,False
3170206,5.455988267802127,-0.05048969134801003,28.0,MG,Sudeste,500 mil+,6.436461045313592,-0.9804727775114657,True
3170305,0.0,-0.2459628151491405,12.0,MG,Sudeste,<5 mil,3.178263970916975,-3.178263970916975,False
3170404,5.395857969909642,-0.05137285729891319,23.0,MG,Sudeste,50-100 mil,6.742644880534798,-1.3467869106251564,True
3170438,4.45297357087577,-0.3147820387235595,20.0,MG,Sudeste,<5 mil,8.382843744900805,-3.9298701740250355,False
3170479,3.0152024288753125,0.045102769137072826,11.0,MG,Sudeste,<5 mil,2.462636553263504,0.5525658756118084,False
3170503,2.3116583127705894,-0.1521337436819859,18.0,MG,Sudeste,5-20 mil,4.7971099512458215,-2.485451638475232,False
3170529,1.8167884663390623,-0.1574534041637436,19.0,MG,Sudeste,5-20 mil,4.255781839290104,-2.4389933729510416,False
3170578,1.1249039812341266,-0.19750313454097917,19.0,MG,Sudeste,<5 mil,3.984084859014768,-2.8591808777806413,False
3170602,4.01116199425249,-0.10923332532879904,19.0,MG,Sudeste,<5 mil,6.347801478989598,-2.336639484737108,False
3170651,3.1008369179893123,-0.03149472587072086,16.0,MG,Sudeste,<5 mil,3.642681511316003,-0.5418445933266907,False
3170701,7.663511087181632,-0.2753391351219215,27.0,MG,Sudeste,100-500 mil,10.02107552614732,-2.357564438965687,True
3170750,3.73895344543962,-0.08334184006087621,17.0,MG,Sudeste,5-20 mil,5.213105590375552,-1.4741521449359318,False
3170800,2.845273063294485,-0.16573020681778725,23.0,MG,Sudeste,20-50 mil,5.819394059851329,-2.9741209965568443,False
3170909,1.5433289247869766,-0.20114691572350343,19.0,MG,Sudeste,5-20 mil,4.338705091137103,-2.7953761663501266,False
3171006,9.495508859787668,-0.005914643390918164,19.0,MG,Sudeste,5-20 mil,9.121960041769274,0.3735488180183939,True
3171030,2.709202980922271,-0.09470188711095318,17.0,MG,Sudeste,5-20 mil,4.1281721701980505,-1.4189691892757796,False
3171071,3.2370909382577437,0.023137818896507678,8.0,MG,Sudeste,<5 mil,2.7468375798213525,0.4902533584363913,False
3171105,3.5876703728925463,-0.2009492095450352,22.0,MG,Sudeste,<5 mil,5.509914421674726,-1.9222440487821792,False
3171154,2.3576512925640145,-0.1139636545015773,14.0,MG,Sudeste,<5 mil,4.583850394533124,-2.22619910196911,False
3171204,3.043607190084799,-0.32576872543628244,25.0,MG,Sudeste,100-500 mil,7.774857947520927,-4.731250757436128,False
3171303,1.427139317997387,-0.18708699517964616,20.0,MG,Sudeste,50-100 mil,4.556592928541771,-3.1294536105443838,False
3171402,0.858807964187406,-0.21238480537866208,22.0,MG,Sudeste,<5 mil,4.019344591352139,-3.160536627164733,False
3171501,2.015056263644283,-0.17178454279993782,17.0,MG,Sudeste,<5 mil,4.074827674208862,-2.0597714105645792,False
3171600,1.07501441687657,-0.20687475029310037,12.0,MG,Sudeste,5-20 mil,4.014205649334973,-2.939191232458403,False
3171709,2.5029968978571304,0.03995835321441362,4.0,MG,Sudeste,<5 mil,1.9771788402194148,0.5258180576377156,False
3171808,0.8237055805159343,-0.2762329092624111,19.0,MG,Sudeste,5-20 mil,4.520875102491523,-3.6971695219755887,False
3171907,1.8678093840919132,-0.15323777214431197,22.0,MG,Sudeste,<5 mil,3.93235098677653,-2.0645416026846166,False
3172004,3.7424440664335634,-0.14520748785507054,18.0,MG,Sudeste,20-50 mil,7.685052292561351,-3.9426082261277875,False
3172103,1.0137569312930736,-0.3220976081608845,17.0,MG,Sudeste,<5 mil,5.051855071065288,-4.038098139772214,False
3172202,6.599568139839448,0.1498999220821905,12.0,MG,Sudeste,<5 mil,4.583892439137757,2.015675700701691,True
3200102,5.550513003128344,-0.07615157573508259,23.0,ES,Sudeste,5-20 mil,7.377886147717559,-1.827373144589215,True
3200136,5.192652726424399,-0.03739073949475905,17.0,ES,Sudeste,<5 mil,5.600543828157505,-0.4078911017331066,True
3200169,4.467752459957154,-0.04315590606909264,19.0,ES,Sudeste,5-20 mil,4.627960943218215,-0.1602084832610613,False
3200201,1.1091106846856746,-0.14835334703731165,13.0,ES,Sudeste,20-50 mil,3.0857526593093088,-1.9766419746236341,False
3200300,8.812870527305279,0.23068258687972312,11.0,ES,Sudeste,5-20 mil,6.315295514720964,2.4975750125843144,True
3200359,1.1633784602350374,-0.22279003406040912,22.0,ES,Sudeste,<5 mil,4.345345529078455,-3.1819670688434174,False
3200409,6.623543362352933,-0.06713763406592274,19.0,ES,Sudeste,20-50 mil,6.937458611338079,-0.313915248985146,True
3200508,3.620051159753757,-0.07125620723691405,17.0,ES,Sudeste,5-20 mil,4.253324031537859,-0.6332728717841016,False
3200607,4.20924642326861,-0.1582664451280263,23.0,ES,Sudeste,50-100 mil,7.578434508426106,-3.3691880851574965,False
3200706,4.663567027503447,-0.04971109128083353,17.0,ES,Sudeste,5-20 mil,4.975550633384879,-0.3119836058814318,False
3200805,5.313325342173684,-0.055767991713912064,16.0,ES,Sudeste,20-50 mil,5.979291446622177,-0.6659661044484935,True
3200904,2.887774676847471,-0.24367408577660568,27.0,ES,Sudeste,20-50 mil,6.466911002315007,-3.5791363254675366,False
3201001,4.245207721321918,-0.051476301429365455,17.0,ES,Sudeste,5-20 mil,4.796700799973236,-0.5514930786513172,False
3201100,4.353167654406548,-0.10147022189449599,19.0,ES,Sudeste,5-20 mil,6.4894465611946766,-2.136278906788129,False
3201159,5.173354038594653,-0.08158724982480506,17.0,ES,Sudeste,<5 mil,5.775574229668075,-0.6022201910734228,True
3201209,10.012118878801601,-0.11324780413296048,27.0,ES,Sudeste,100-500 mil,10.928139655258914,-0.9160207764573123,True
3201308,3.9155279765041087,-0.24366018006746976,27.0,ES,Sudeste,100-500 mil,7.291566666457472,-3.376038689953363,False
3201407,0.0,-0.34543460242708746,25.0,ES,Sudeste,20-50 mil,5.88477779794566,-5.88477779794566,False
3201506,1.924730450155323,-0.2517125738488954,25.0,ES,Sudeste,100-500 mil,5.321484487146198,-3.396754036990875,False
3201605,5.058762303938309,-0.0037214312402426976,17.0,ES,Sudeste,20-50 mil,5.017294050922505,0.041468253015803924,True
3201704,6.792761198033162,0.07081613528386309,17.0,ES,Sudeste,5-20 mil,7.788060812354,-0.9952996143208379,True
3201803,6.732002624714056,0.07067513212615717,17.0,ES,Sudeste,<5 mil,7.759606238774013,-1.0276036140599567,True
3201902,8.037000926011125,-0.02294246486646459,20.0,ES,Sudeste,5-20 mil,7.812558391517546,0.22444253449357898,True
3202009,3.353286084202608,-0.10472052893725015,19.0,ES,Sudeste,<5 mil,4.540829351652734,-1.1875432674501258,False
3202108,4.141957423400328,-0.0730463486946346,20.0,ES,Sudeste,5-20 mil,5.243374939232522,-1.1014175158321944,False
3202207,3.048743570993736,-0.10384192572525607,22.0,ES,Sudeste,5-20 mil,5.520289739285293,-2.4715461682915576,False
3202256,6.012590680064276,-0.006023976899952398,10.0,ES,Sudeste,5-20 mil,6.126414669755317,-0.11382398969104024,True
3202306,0.8784122311020042,-0.1777933804003433,23.0,ES,Sudeste,20-50 mil,2.344566511865911,-1.4661542807639067,False
3202405,3.866491525677702,-0.19242517442430493,27.0,ES,Sudeste,100-500 mil,6.618666027982373,-2.752174502304671,False
3202454,4.169092356973351,-0.04555085651027131,17.0,ES,Sudeste,5-20 mil,4.469192793696249,-0.30010043672289743,False
3202504,4.433747954279742,0.01763713373808165,14.0,ES,Sudeste,5-20 mil,4.605575197722475,-0.17182724344273304,False
3202553,2.0837398626768717,-0.0274442934167346,11.0,ES,Sudeste,<5 mil,2.500049812517718,-0.41630994984084646,False
3202603,4.48176439205529,-0.030870770035328756,14.0,ES,Sudeste,5-20 mil,5.191040156184021,-0.7092757641287317,False
3202652,4.8150680792110165,-0.0321882090091246,17.0,ES,Sudeste,5-20 mil,5.079153600413423,-0.26408552120240625,False
3202702,5.577852300609564,0.052377293937443815,14.0,ES,Sudeste,5-20 mil,5.730680855625497,-0.15282855501593318,True
3202801,0.01889098506967457,-0.2987128958639698,18.0,ES,Sudeste,20-50 mil,4.744142683153531,-4.725251698083857,False
3202900,5.030480355730489,0.06517468296627739,9.0,ES,Sudeste,<5 mil,3.773397737199139,1.2570826185313502,True
3203007,1.459807198331589,-0.23054969192847402,27.0,ES,Sudeste,5-20 mil,4.998477263052815,-3.5386700647212264,False
3203056,2.8572855055772663,-0.06802592279670776,15.0,ES,Sudeste,5-20 mil,3.754728230042566,-0.8974427244652996,False
3203106,2.3219146210489043,-0.10898520770136874,24.0,ES,Sudeste,5-20 mil,3.989315987519805,-1.6674013664709006,False
3203130,0.9209071008979777,-0.21723204662866202,22.0,ES,Sudeste,5-20 mil,4.672564901919555,-3.7516578010215778,False
3203163,9.660307224565827,0.1250284227117318,17.0,ES,Sudeste,<5 mil,7.389016333124776,2.2712908914410512,True
3203205,1.4563311229705391,-0.187539390325147,26.0,ES,Sudeste,100-500 mil,4.3823853480231305,-2.9260542250525914,False
3203304,6.117625421579646,-0.06653698238506561,19.0,ES,Sudeste,5-20 mil,6.803637560058823,-0.6860121384791764,True
3203320,8.443587250083965,0.182453815457211,17.0,ES,Sudeste,20-50 mil,5.576967678934283,2.8666195711496822,True
3203346,6.243585535230146,0.020555812193967783,17.0,ES,Sudeste,5-20 mil,6.902067690224387,-0.6584821549942408,True
3203353,3.6936062788457207,-0.06422569819777661,14.0,ES,Sudeste,5-20 mil,4.775577003264843,-1.0819707244191221,False
3203403,4.987208871803915,0.07627951122751996,16.0,ES,Sudeste,5-20 mil,4.173701895751155,0.8135069760527598,False
3203502,4.120481103895656,-0.07756099102199651,20.0,ES,Sudeste,5-20 mil,5.4494392286705535,-1.3289581247748972,False
3203601,6.487426916934396,-0.0444773907425471,19.0,ES,Sudeste,<5 mil,6.92550785250939,-0.4380809355749937,True
3203700,4.811102880480618,-0.06080545127550106,20.0,ES,Sudeste,5-20 mil,5.877099779295369,-1.0659968988147508,False
3203809,2.352235892096928,-0.17564838513814182,20.0,ES,Sudeste,5-20 mil,4.618812493762875,-2.266576601665947,False
3203908,1.0852104174887245,-0.284009267618988,27.0,ES,Sudeste,20-50 mil,6.7507742123163474,-5.665563794827623,False
3204005,3.2543759847930005,-0.13138358751952597,22.0,ES,Sudeste,5-20 mil,6.52154018152675,-3.2671641967337495,False
3204054,4.4062048874999675,-0.08680293870748394,27.0,ES,Sudeste,20-50 mil,5.969787060560953,-1.5635821730609853,False
3204104,3.4811779176183393,-0.10438944816855511,23.0,ES,Sudeste,20-50 mil,6.192376288474484,-2.7111983708561445,False
3204203,6.809693386462648,-0.011269498860322238,17.0,ES,Sudeste,20-50 mil,6.138215264154835,0.6714781223078132,True
3204252,6.4018217330138185,0.04724750534200665,17.0,ES,Sudeste,5-20 mil,5.64651276649304,0.7553089665207784,True
3204302,4.609255881172743,-0.10740488979966561,23.0,ES,Sudeste,<5 mil,5.633503967973994,-1.0242480868012516,False
3204351,3.0380405701595237,-0.15407087924536075,19.0,ES,Sudeste,5-20 mil,5.557509634376082,-2.5194690642165583,False
3204401,4.7341542843687705,-0.07361520112187087,17.0,ES,Sudeste,5-20 mil,5.369851505404222,-0.6356972210354517,False
3204500,4.354901662617635,-0.10288368990480377,17.0,ES,Sudeste,<5 mil,5.4561209322023725,-1.1012192695847371,False
3204559,5.047365392160202,-0.20479340252942146,23.0,ES,Sudeste,5-20 mil,8.189763231878743,-3.142397839718541,True
3204609,9.093780702843418,0.06363656158723621,20.0,ES,Sudeste,5-20 mil,7.974047652229626,1.1197330506137915,True
3204658,4.076529380893916,-0.059418276881698505,13.0,ES,Sudeste,<5 mil,4.789995137369317,-0.7134657564754008,False
3204708,6.788543543749398,-0.02964984812713762,19.0,ES,Sudeste,20-50 mil,7.125197556607575,-0.336654012858177,True
3204807,3.744792440441671,-0.08570021030016088,17.0,ES,Sudeste,5-20 mil,4.600750091073064,-0.8559576506313933,False
3204906,0.0,-0.3741216407307106,25.0,ES,Sudeste,100-500 mil,3.5257167297263745,-3.5257167297263745,False
3204955,4.265261166488173,-0.04297252048727834,17.0,ES,Sudeste,5-20 mil,4.880413172836039,-0.6151520063478655,False
3205002,3.4261696926595278,-0.4891884781973778,27.0,ES,Sudeste,500 mil+,11.982845131511846,-8.556675438852318,False
3205010,2.4132971319807552,-0.028687891475684322,11.0,ES,Sudeste,20-50 mil,2.6607523382095994,-0.2474552062288442,False
3205036,3.438521008289044,-0.02515321201044124,14.0,ES,Sudeste,5-20 mil,4.386017955152138,-0.9474969468630938,False
3205069,8.644789722077846,-0.06163413992151017,19.0,ES,Sudeste,5-20 mil,8.905992638845696,-0.26120291676785,True
3205101,9.258501041737816,-0.04651121011561483,27.0,ES,Sudeste,50-100 mil,9.473761526582576,-0.21526048484476057,True
3205150,7.010021753200675,0.06599013957718484,17.0,ES,Sudeste,<5 mil,4.757515707477229,2.252506045723446,True
3205176,8.961741927666736,0.11102900770067313,20.0,ES,Sudeste,5-20 mil,7.981615517204683,0.9801264104620531,True
3205200,4.163598670629312,-0.27441789339606115,25.0,ES,Sudeste,500 mil+,8.56497706332058,-4.401378392691267,False
3205309,0.0,-0.8427896523512012,27.0,ES,Sudeste,100-500 mil,12.997602073662753,-12.997602073662753,False
3300100,0.0,-0.444666539567821,23.0,RJ,Sudeste,100-500 mil,5.433280632335327,-5.433280632335327,False
3300159,8.283095264496197,0.017513556131699137,25.0,RJ,Sudeste,5-20 mil,7.312958233783286,0.9701370307129107,True
3300209,8.99325162795526,-0.20108721192673343,22.0,RJ,Sudeste,100-500 mil,14.146703949399033,-5.153452321443773,True
3300225,0.0,-0.2938825069838289,13.0,RJ,Sudeste,5-20 mil,4.682320138676864,-4.682320138676864,False
3300233,33.385280448158255,0.7965192955067486,24.0,RJ,Sudeste,20-50 mil,22.48373572871532,10.901544719442935,True
3300258,13.633025988432394,0.16744733372458115,24.0,RJ,Sudeste,20-50 mil,13.20867206398674,0.42435392444565423,True
3300308,0.0,-0.3542374131876134,17.0,RJ,Sudeste,50-100 mil,1.159851848991226,-1.159851848991226,False
3300407,1.7903600383958747,-0.29609450268008364,28.0,RJ,Sudeste,100-500 mil,7.734663453096744,-5.94430341470087,False
3300456,2.7424859897389524,-0.30119296410171265,27.0,RJ,Sudeste,500 mil+,7.464623688374654,-4.722137698635701,False
3300506,7.898949491418875,-0.06341264821657172,27.0,RJ,Sudeste,5-20 mil,9.699786039515295,-1.8008365480964201,True
3300605,8.205108673238271,-0.0826334173848858,25.0,RJ,Sudeste,20-50 mil,11.222744597529609,-3.017635924291337,True
3300704,14.797177271411499,0.17934880482364923,24.0,RJ,Sudeste,100-500 mil,13.80706660633996,0.9901106650715388,True
3300803,2.5436409558315063,-0.429174562982433,19.0,RJ,Sudeste,50-100 mil,13.49540247741136,-10.951761521579854,False
3300902,4.772199834694845,-0.22163912858049392,24.0,RJ,Sudeste,5-20 mil,7.01715179899993,-2.244951964305085,False
3300936,8.786724748387002,0.03182182431481723,25.0,RJ,Sudeste,5-20 mil,8.357497380261758,0.4292273681252432,True
3300951,0.0,-1.0145535136152342,4.0,RJ,Sudeste,5-20 mil,1.033424455399519,-1.033424455399519,False
3301009,15.650833954742382,0.1688395795812383,24.0,RJ,Sudeste,100-500 mil,12.519293777381613,3.131540177360769,True
3301108,7.597387706532146,-0.10284221501913403,25.0,RJ,Sudeste,5-20 mil,7.69611791040215,-0.0987302038700042,True
3301157,6.5952213531475365,-0.1217003133438907,25.0,RJ,Sudeste,5-20 mil,8.920835165507764,-2.3256138123602277,True
3301207,,,2.0,RJ,Sudeste,5-20 mil,2.221291251762633,,False
3301306,13.56847553267582,0.12383723505847521,20.0,RJ,Sudeste,20-50 mil,5.732601773186248,7.835873759489571,True
3301405,,,1.0,RJ,Sudeste,20-50 mil,0.0,,False
3301504,12.642700574172693,0.13676728803301264,25.0,RJ,Sudeste,20-50 mil,7.9403232461820465,4.7023773279906464,True
3301603,5.78830974031257,-0.1395457808508137,25.0,RJ,Sudeste,5-20 mil,6.755480263063259,-0.9671705227506884,True
3301702,0.73766395886787,-0.38470180883862326,25.0,RJ,Sudeste,500 mil+,6.196491092978016,-5.458827134110146,False
3301801,8.981772881735477,0.015556445885740717,24.0,RJ,Sudeste,5-20 mil,11.224962835976893,-2.2431899542414158,True
3301850,0.0,-0.36337402865833107,15.0,RJ,Sudeste,50-100 mil,4.350090071810178,-4.350090071810178,False
3301876,14.25120178994814,0.2274365190835713,24.0,RJ,Sudeste,20-50 mil,12.62457300678054,1.6266287831676003,True
3301900,1.7061928593850553,-0.2529364625081325,23.0,RJ,Sudeste,100-500 mil,10.56268767295514,-8.856494813570086,False
3302007,7.0212914850100105,-0.18151079629986244,25.0,RJ,Sudeste,100-500 mil,13.389436117581226,-6.368144632571216,True
3302056,5.308451075126811,-0.17096630113059522,25.0,RJ,Sudeste,5-20 mil,10.052796186077693,-4.744345110950881,True
3302106,8.024863278415552,-0.08951953580242858,24.0,RJ,Sudeste,5-20 mil,7.934264682154225,0.09059859626132649,True
3302205,3.0174699149044955,-0.36093095041533363,25.0,RJ,Sudeste,50-100 mil,10.768466362310113,-7.750996447405617,False
3302254,0.0,0.0,15.0,RJ,Sudeste,20-50 mil,0.0,0.0,False
3302270,0.0,-0.41828892134063417,24.0,RJ,Sudeste,100-500 mil,7.072614801548342,-7.072614801548342,False
3302304,7.536554472182331,-0.07791839740121054,25.0,RJ,Sudeste,5-20 mil,9.519756534315713,-1.9832020621333815,True
3302403,5.901438406556906,-0.2359165721161073,23.0,RJ,Sudeste,100-500 mil,8.932212195210502,-3.0307737886535957,True
3302452,8.24067088784841,-0.0630783723988014,25.0,RJ,Sudeste,<5 mil,11.27072293122922,-3.0300520433808096,True
3302502,0.0,-0.38976985587826346,25.0,RJ,Sudeste,100-500 mil,4.158580368539097,-4.158580368539097,False
3302601,8.30987676414162,-0.050664375892799964,25.0,RJ,Sudeste,20-50 mil,7.705026854236384,0.6048499099052362,True
3302700,0.0,-0.3521052297794708,25.0,RJ,Sudeste,100-500 mil,5.111619085376465,-5.111619085376465,False
3302809,,,0.0,RJ,Sudeste,5-20 mil,,,False
3302858,0.0,-0.520892103769451,18.0,RJ,Sudeste,100-500 mil,7.113031355156946,-7.113031355156946,False
3302908,5.873379591439772,-0.10608839736246799,25.0,RJ,Sudeste,20-50 mil,7.745808518401269,-1.872428926961497,True
3303005,9.436101349154663,0.001810269770577625,25.0,RJ,Sudeste,20-50 mil,8.188462166870712,1.247639182283951,True
3303104,7.886727867653605,-0.07797952150042992,27.0,RJ,Sudeste,5-20 mil,9.978706518368572,-2.0919786507149674,True
3303203,5.609370065252591,-0.12277698770373494,27.0,RJ,Sudeste,100-500 mil,7.139121653012552,-1.5297515877599608,True
3303302,17.129155329682476,-0.1580511946223024,27.0,RJ,Sudeste,500 mil+,19.922006917556235,-2.792851587873759,True
3303401,9.857302543576736,-0.08717197197950456,24.0,RJ,Sudeste,100-500 mil,12.7673530334276,-2.910050489850864,True
3303500,3.0203403755741647,-0.25457756648164886,25.0,RJ,Sudeste,500 mil+,6.791705252990631,-3.7713648774164668,False
3303609,5.995736015740306,-0.12571184614132477,25.0,RJ,Sudeste,20-50 mil,16.860493616750492,-10.864757601010187,True
3303708,5.597660306386615,-0.1964230354808587,24.0,RJ,Sudeste,20-50 mil,8.529281274653336,-2.9316209682667207,True
3303807,29.932192957847292,1.4206377230599345,8.0,RJ,Sudeste,20-50 mil,8.43910699079934,21.493085967047953,True
3303856,3.697412618837916,-0.3075051905812644,25.0,RJ,Sudeste,5-20 mil,7.31226282665221,-3.6148502078142943,False
3303906,9.499633749502095,-0.19146600272748346,26.0,RJ,Sudeste,100-500 mil,12.2173895933402,-2.7177558438381055,True
3303955,7.856419069090833,-0.031992480899374315,25.0,RJ,Sudeste,20-50 mil,9.724589587289724,-1.868170518198891,True
3304003,9.384710125248482,-0.02958422729342343,25.0,RJ,Sudeste,20-50 mil,12.866666819611153,-3.4819566943626707,True
3304102,6.986759448215167,-0.047499722378433806,27.0,RJ,Sudeste,5-20 mil,10.09620366562211,-3.109444217406942,True
3304110,0.5778049997554575,-0.06109041123970943,10.0,RJ,Sudeste,20-50 mil,1.285423999785363,-0.7076190000299054,False
3304128,2.6126276322587785,0.07903122139806756,12.0,RJ,Sudeste,5-20 mil,1.5578761049208751,1.0547515273379033,False
3304144,3.7790680156857093,-0.15515291387447794,25.0,RJ,Sudeste,100-500 mil,6.354586070957602,-2.5755180552718926,False
3304151,7.958657911257767,0.02629639237348307,27.0,RJ,Sudeste,5-20 mil,9.081223274820802,-1.1225653635630355,True
3304201,0.0,-0.5291271154073715,24.0,RJ,Sudeste,100-500 mil,9.548936807618167,-9.548936807618167,False
3304300,0.0,-0.5537672518622828,27.0,RJ,Sudeste,20-50 mil,7.650576221806118,-7.650576221806118,False
3304409,5.88267822629814,-0.14842653805098582,25.0,RJ,Sudeste,5-20 mil,8.57823490860978,-2.69555668231164,True
3304508,0.8209922544309833,-0.028926237900377624,13.0,RJ,Sudeste,5-20 mil,1.4549724620830689,-0.6339802076520855,False
3304524,38.07477035596412,1.0931439315068554,23.0,RJ,Sudeste,100-500 mil,26.632520563934463,11.442249792029656,True
3304557,7.625901025628991,-0.6933244859106792,27.0,RJ,Sudeste,500 mil+,19.33112794997445,-11.70522692434546,True
3304607,7.016474267070976,-0.03763666719995338,25.0,RJ,Sudeste,5-20 mil,10.43568042611259,-3.4192061590416145,True
3304706,3.32114630486916,-0.20868255558113163,18.0,RJ,Sudeste,20-50 mil,6.047626718513291,-2.726480413644131,False
3304755,1.4489154930913628,-0.30575159448805256,24.0,RJ,Sudeste,20-50 mil,4.283154368662869,-2.834238875571506,False
3304805,6.673558412733996,-0.12751078511757186,27.0,RJ,Sudeste,20-50 mil,8.99109854837374,-2.317540135639744,True
3304904,8.154688217076625,-0.15587134928840105,25.0,RJ,Sudeste,500 mil+,7.904285479378091,0.2504027376985345,True
3305000,8.976366984710278,0.014722960158849083,23.0,RJ,Sudeste,20-50 mil,9.267759225601903,-0.29139224089162497,True
3305109,7.865661280899246,-0.09082195380319504,27.0,RJ,Sudeste,100-500 mil,9.207093057118202,-1.3414317762189558,True
3305133,1.7853780238442596,-0.4172639267801238,25.0,RJ,Sudeste,<5 mil,9.30911123222414,-7.5237332083798805,False
3305158,6.488034327130947,0.18398290965961248,13.0,RJ,Sudeste,5-20 mil,4.845091836815539,1.6429424903154084,True
3305208,15.133310682832246,0.18214699140436186,24.0,RJ,Sudeste,100-500 mil,14.489761642469556,0.6435490403626893,True
3305307,3.5895522064425904,-0.28698226220171763,25.0,RJ,Sudeste,<5 mil,7.412252183336521,-3.8226999768939303,False
3305406,5.057331265741823,-0.24207815419631323,25.0,RJ,Sudeste,5-20 mil,9.95103468489993,-4.893703419158108,True
3305505,17.383976764880913,0.4886852211296037,22.0,RJ,Sudeste,50-100 mil,10.941259677761495,6.4427170871194175,True
3305554,0.08847326337740924,-0.5456046865576564,22.0,RJ,Sudeste,50-100 mil,8.677949464190768,-8.589476200813358,False
3305604,16.564240661609233,0.43773177018782405,22.0,RJ,Sudeste,5-20 mil,16.34240917355942,0.221831488049812,True
3305703,5.382791397354936,-0.25149682428529857,25.0,RJ,Sudeste,5-20 mil,11.405381182772365,-6.022589785417429,True
3305752,0.0,-0.41133185798979727,25.0,RJ,Sudeste,20-50 mil,4.620308945063443,-4.620308945063443,False
3305802,7.2410693377165956,-0.10405464251758216,27.0,RJ,Sudeste,100-500 mil,8.688169616763432,-1.4471002790468361,True
3305901,6.049672147702125,-0.10570464726349763,22.0,RJ,Sudeste,<5 mil,10.175097860001518,-4.125425712299393,True
3306008,9.352307679979052,-0.002410633723661447,16.0,RJ,Sudeste,50-100 mil,10.17521477212773,-0.822907092148677,True
3306107,7.962462591389908,0.07119804992484395,16.0,RJ,Sudeste,50-100 mil,7.493139335720556,0.4693232556693525,True
3306156,7.29648220249544,-0.029393717450005706,25.0,RJ,Sudeste,5-20 mil,12.643387150633126,-5.346904948137686,True
3306206,7.821637448180809,-0.07867188527077065,25.0,RJ,Sudeste,20-50 mil,10.90594115229449,-3.0843037041136814,True
3306305,0.0,-0.2974945961605924,26.0,RJ,Sudeste,100-500 mil,5.31015497025913,-5.31015497025913,False
3500105,4.639570033588143,-0.35018079192130774,23.0,SP,Sudeste,20-50 mil,10.920613801400869,-6.281043767812726,False
3500204,4.289431360269532,-0.2540569684630984,19.0,SP,Sudeste,<5 mil,8.231994573003812,-3.94256321273428,False
3500303,6.292963903122711,0.13422310878935304,10.0,SP,Sudeste,20-50 mil,7.499871388121959,-1.206907484999248,True
3500402,7.250306339746345,-0.11455288248301329,17.0,SP,Sudeste,5-20 mil,9.384857510950036,-2.1345511712036913,True
3500501,7.553079120725386,-0.03630811426021445,14.0,SP,Sudeste,5-20 mil,8.940025204979598,-1.3869460842542125,True
3500550,4.71888652104343,-0.23522172679846876,17.0,SP,Sudeste,<5 mil,8.331202990561188,-3.612316469517758,False
3500600,0.0,-1.5383603324264379,25.0,SP,Sudeste,<5 mil,16.9392366959725,-16.9392366959725,False
3500709,5.262953430399676,-0.09978061575936208,21.0,SP,Sudeste,20-50 mil,9.768844953265376,-4.505891522865699,True
3500758,5.102768120602946,-0.13117320287375614,17.0,SP,Sudeste,<5 mil,7.584342090459045,-2.4815739698560995,True
3500808,6.904467145164887,-0.10570584468390325,17.0,SP,Sudeste,<5 mil,8.79727996115313,-1.8928128159882434,True
3500907,4.80284175604254,-0.2573250772593976,19.0,SP,Sudeste,<5 mil,9.167985972416984,-4.3651442163744445,False
3501004,0.0,-0.3858148352368797,4.0,SP,Sudeste,5-20 mil,2.19444961492761,-2.19444961492761,False
3501103,2.9802593756162423,-0.32789212350286734,22.0,SP,Sudeste,<5 mil,8.18288165354997,-5.2026222779337274,False
3501152,6.032157665657564,-0.2197163581306604,22.0,SP,Sudeste,5-20 mil,9.134905776231276,-3.102748110573712,True
3501202,4.356974100749255,-0.20716281143208312,16.0,SP,Sudeste,<5 mil,7.457995733138317,-3.1010216323890614,False
3501301,6.620964048680605,-0.11800402661453122,17.0,SP,Sudeste,20-50 mil,8.3651260955365,-1.7441620468558945,True
3501400,4.427274793405161,-0.23682718820490584,22.0,SP,Sudeste,<5 mil,12.43485823382516,-8.00758344042,False
3501509,4.796590334070856,-0.1710582374371728,21.0,SP,Sudeste,<5 mil,8.188140347053574,-3.3915500129827176,False
3501608,3.5854836171234865,-0.27687630221616866,26.0,SP,Sudeste,100-500 mil,7.16209912469627,-3.5766155075727832,False
3501707,2.4338302597940356,-0.05139936247697069,18.0,SP,Sudeste,20-50 mil,1.9088311946777967,0.5249990651162388,False
3501806,2.136790451710951,0.009776067554052838,11.0,SP,Sudeste,5-20 mil,2.147403254579844,-0.010612802868893212,False
3501905,3.4885910828847955,-0.18500845948915592,16.0,SP,Sudeste,50-100 mil,6.683617974401818,-3.1950268915170223,False
3502002,2.5849687165349167,0.08582223039667215,4.0,SP,Sudeste,<5 mil,1.5599270539033068,1.02504166263161,False
3502101,14.057143401332723,0.41800473208905065,17.0,SP,Sudeste,50-100 mil,7.272828754260055,6.7843146470726685,True
3502200,6.057234481092792,-0.11873936991571404,18.0,SP,Sudeste,5-20 mil,7.633987752465768,-1.5767532713729766,True
3502309,4.701241638327588,-0.22325336255988856,17.0,SP,Sudeste,5-20 mil,8.027004534985872,-3.3257628966582846,False
3502408,6.930301784382408,-0.1161891405945585,17.0,SP,Sudeste,<5 mil,8.924560927824231,-1.9942591434418233,True
3502507,13.053647040548412,0.2808113655083534,10.0,SP,Sudeste,20-50 mil,9.65757704954198,3.396069991006433,True
3502606,7.817043793603773,-0.08729278013055562,18.0,SP,Sudeste,<5 mil,9.411823783729725,-1.5947799901259518,True
3502705,6.191981399754013,-0.09746616806244174,20.0,SP,Sudeste,5-20 mil,8.154833677870736,-1.9628522781167224,True
3502754,0.5380748183299602,-0.5128154668494649,22.0,SP,Sudeste,20-50 mil,8.412934976585323,-7.874860158255363,False
3502804,2.55289156766446,-0.37433001599816756,26.0,SP,Sudeste,100-500 mil,8.209202210465689,-5.656310642801229,False
3502903,1.8661984201312407,-0.3189116651698428,20.0,SP,Sudeste,20-50 mil,6.519320866219291,-4.653122446088051,False
3503000,,,0.0,SP,Sudeste,5-20 mil,,,False
3503109,6.57607062674515,-0.14512189445005236,17.0,SP,Sudeste,<5 mil,8.640106739432113,-2.0640361126869635,True
3503158,5.067958619524177,-0.1170153131656799,18.0,SP,Sudeste,<5 mil,4.352889372780295,0.715069246743882,True
3503208,1.9861442163933134,-0.43610794085953025,28.0,SP,Sudeste,100-500 mil,8.373098755812503,-6.38695453941919,False
3503307,0.0,-0.4451249503751261,22.0,SP,Sudeste,100-500 mil,5.143031470000529,-5.143031470000529,False
3503356,6.60535772271416,-0.10333939713557999,17.0,SP,Sudeste,<5 mil,8.964119018284809,-2.3587612955706483,True
3503406,3.361315816914953,-0.31971023958024136,22.0,SP,Sudeste,5-20 mil,8.61070976603155,-5.249393949116596,False
3503505,0.0,0.0,5.0,SP,Sudeste,<5 mil,0.0,0.0,False
3503604,3.768375217101834,-0.31105827639832023,22.0,SP,Sudeste,5-20 mil,8.723339411071873,-4.954964193970039,False
3503703,0.7176861829182144,-0.061092467485906646,6.0,SP,Sudeste,5-20 mil,1.8088324482690592,-1.0911462653508448,False
3503802,7.8857781957203485,0.07990568433239681,16.0,SP,Sudeste,50-100 mil,7.833271231403758,0.0525069643165903,True
3503901,4.346765851464397,-0.41413017856536416,25.0,SP,Sudeste,50-100 mil,12.47339020365242,-8.126624352188022,False
3503950,5.320720294978003,-0.164308851125369,17.0,SP,Sudeste,<5 mil,7.854414170165085,-2.5336938751870823,True
3504008,3.32748356062325,-0.4082907130169827,23.0,SP,Sudeste,100-500 mil,10.555619012342612,-7.228135451719362,False
3504107,10.241179168415712,-0.046389559702851295,20.0,SP,Sudeste,100-500 mil,12.069975637137812,-1.8287964687220999,True
3504206,5.668872759469082,-0.2020672774336673,18.0,SP,Sudeste,5-20 mil,8.715979726558627,-3.0471069670895456,True
3504305,4.055842334675617,-0.31992826500953486,22.0,SP,Sudeste,<5 mil,8.933441709776806,-4.877599375101189,False
3504404,5.110904043879415,0.06107837801291394,11.0,SP,Sudeste,5-20 mil,4.282936295315456,0.8279677485639594,True
3504503,4.848694021309939,-0.3177078307966986,20.0,SP,Sudeste,50-100 mil,9.993956349630084,-5.145262328320145,False
3504602,3.457670093719699,0.056470228051885056,14.0,SP,Sudeste,5-20 mil,2.678867499683808,0.7788025940358909,False
3504701,6.812836188904157,-0.46841889490634514,17.0,SP,Sudeste,<5 mil,7.604429720989339,-0.7915935320851819,True
3504800,2.51026870509952,0.07548227285728193,9.0,SP,Sudeste,5-20 mil,1.4676965652968563,1.0425721398026637,False
3504909,2.3296856607486234,-0.36624526578463173,23.0,SP,Sudeste,5-20 mil,7.606903499160743,-5.2772178384121196,False
3505005,5.778256230274536,-0.05318270670476926,17.0,SP,Sudeste,<5 mil,6.6335531806356665,-0.8552969503611303,True
3505104,0.3246242196312892,-0.07531387244606819,14.0,SP,Sudeste,5-20 mil,1.1919058355688694,-0.8672816159375802,False
3505203,0.0,-0.7933981274705186,14.0,SP,Sudeste,20-50 mil,2.834731199508119,-2.834731199508119,False
3505302,5.769641312841884,-0.16436129530659882,16.0,SP,Sudeste,20-50 mil,8.02881321730159,-2.2591719044597056,True
3505351,5.806875897161305,-0.036619166439678906,17.0,SP,Sudeste,<5 mil,6.472698945400808,-0.6658230482395027,True
3505401,4.843014657348704,-0.2479635800996186,17.0,SP,Sudeste,<5 mil,8.50566475579411,-3.662650098445406,False
3505500,4.46194944839857,-0.2209089363075082,26.0,SP,Sudeste,100-500 mil,7.812469663855823,-3.3505202154572524,False
3505609,3.8176068364943774,0.10869069084783671,11.0,SP,Sudeste,20-50 mil,2.5064420418487563,1.311164794645621,False
3505708,0.0,-1.2303112490438775,25.0,SP,Sudeste,100-500 mil,13.974540719390632,-13.974540719390632,False
3505807,8.346913127679045,-0.11105628564716545,18.0,SP,Sudeste,5-20 mil,10.7332175039708,-2.386304376291756,True
3505906,2.4496213161294804,-0.1251293307403262,15.0,SP,Sudeste,50-100 mil,4.508340066535051,-2.0587187504055704,False
3506003,1.0233269264280125,-0.3767633639027398,27.0,SP,Sudeste,100-500 mil,6.680364064290142,-5.65703713786213,False
3506102,8.189161218648906,0.08539281612942629,20.0,SP,Sudeste,50-100 mil,7.041310428840125,1.1478507898087802,True
3506201,4.065128908376892,-0.3046531195626335,22.0,SP,Sudeste,<5 mil,8.60301128152031,-4.537882373143418,False
3506300,5.523152315424454,-0.2547237049850182,22.0,SP,Sudeste,5-20 mil,7.142584938592973,-1.6194326231685192,True
3506359,5.34816551595253,-0.17489254633115145,23.0,SP,Sudeste,50-100 mil,8.921628542514354,-3.5734630265618232,True
3506409,6.083797779748238,0.23118874254935873,9.0,SP,Sudeste,5-20 mil,2.935308419585414,3.148489360162824,True
3506508,1.7552596634154156,-0.17462907981420733,26.0,SP,Sudeste,100-500 mil,3.989201627093715,-2.2339419636782996,False
3506607,1.6828419990588372,-0.3751485743843818,25.0,SP,Sudeste,20-50 mil,7.886686243831852,-6.203844244773014,False
3506706,2.6350278775376523,0.09127251751701658,3.0,SP,Sudeste,5-20 mil,1.6500231194994497,0.9850047580382026,False
3506805,4.469186592148731,-0.3226663232923106,19.0,SP,Sudeste,5-20 mil,11.215075788659949,-6.745889196511218,False
3506904,4.241675357239387,-0.23180736470141444,17.0,SP,Sudeste,5-20 mil,7.900007244229848,-3.658331886990461,False
3507001,4.080757035433521,-0.3575370081669461,17.0,SP,Sudeste,50-100 mil,9.015568495108187,-4.934811459674666,False
3507100,2.3006752065090836,-0.15169268216722234,11.0,SP,Sudeste,20-50 mil,3.81109359964997,-1.5104183931408866,False
3507159,7.049889057287729,-0.05250312787183313,17.0,SP,Sudeste,<5 mil,8.138528232143491,-1.0886391748557624,True
3507209,3.625112190893674,-0.34189920653480066,17.0,SP,Sudeste,<5 mil,9.056470223569589,-5.431358032675915,False
3507308,7.3553914343102065,-0.21760559573392563,17.0,SP,Sudeste,<5 mil,10.36455206232866,-3.009160628018453,True
3507407,3.777073666704794,-0.03514690527546359,10.0,SP,Sudeste,5-20 mil,4.306728378317285,-0.5296547116124906,False
3507456,0.71281122588843,-0.0752824802633124,8.0,SP,Sudeste,<5 mil,1.142109905434988,-0.42929867954655787,False
3507506,0.0,-0.6717303324720001,27.0,SP,Sudeste,100-500 mil,9.527917670094972,-9.527917670094972,False
3507605,0.2627775276775992,-0.5775288411621144,23.0,SP,Sudeste,100-500 mil,9.79399020119892,-9.53121267352132,False
3507704,2.716707964520282,-0.102983988732358,13.0,SP,Sudeste,5-20 mil,4.001838760095521,-1.2851307955752391,False
3507753,5.044738810314982,-0.18688212401656057,17.0,SP,Sudeste,<5 mil,7.367387221936843,-2.322648411621861,True
3507803,13.05700550220422,0.40783776259845533,8.0,SP,Sudeste,20-50 mil,7.86362482966209,5.19338067254213,True
3507902,5.980760518363866,0.043083053529821565,18.0,SP,Sudeste,20-50 mil,5.815690355721805,0.16507016264206076,True
3508009,5.799527567576774,-0.10674741369788049,17.0,SP,Sudeste,5-20 mil,7.098429843551936,-1.2989022759751618,True
3508108,4.040543893056025,-0.06209050957252283,12.0,SP,Sudeste,5-20 mil,4.6447829466770205,-0.6042390536209954,False
3508207,4.074755367384796,-0.30407530527826243,22.0,SP,Sudeste,<5 mil,8.395171276177392,-4.3204159087925955,False
3508306,7.058669260603722,0.1802275531821223,12.0,SP,Sudeste,<5 mil,6.017878226314696,1.0407910342890254,True
3508405,6.088873693045912,-0.26151535374547885,22.0,SP,Sudeste,20-50 mil,10.145871503877528,-4.056997810831616,True
3508504,3.9600363372021548,-0.3421543993840788,17.0,SP,Sudeste,50-100 mil,8.953798231564987,-4.993761894362832,False
3508603,4.822318550084219,-0.29495779373347986,22.0,SP,Sudeste,20-50 mil,9.388373898258244,-4.566055348174025,False
3508702,1.8774137206771968,-0.05930708449367796,14.0,SP,Sudeste,5-20 mil,3.2543490395378094,-1.3769353188606126,False
3508801,4.799694646874045,0.055779182364193804,14.0,SP,Sudeste,5-20 mil,4.148769855767865,0.6509247911061795,False
3508900,6.960503199730056,-0.050125995959619384,17.0,SP,Sudeste,<5 mil,8.756563055022585,-1.7960598552925298,True
3509007,0.0,-0.5858305747488918,25.0,SP,Sudeste,100-500 mil,9.720228111675167,-9.720228111675167,False
3509106,2.594756918785805,-0.009077508711213675,12.0,SP,Sudeste,<5 mil,1.6487974573319402,0.9459594614538649,False
3509205,0.0,-0.7269281955436622,25.0,SP,Sudeste,50-100 mil,10.05920277908713,-10.05920277908713,False
3509254,6.735488180527057,-0.13038607801221755,17.0,SP,Sudeste,20-50 mil,9.069449156210036,-2.333960975682979,True
3509304,0.0,-0.5065184938919087,16.0,SP,Sudeste,5-20 mil,4.078683738219183,-4.078683738219183,False
3509403,2.0433013466090415,-0.43792192794674933,23.0,SP,Sudeste,20-50 mil,9.15836748439632,-7.115066137787279,False
3509452,6.0027162066152755,-0.05696045039782331,17.0,SP,Sudeste,5-20 mil,6.846002933626695,-0.8432867270114199,True
3509502,6.649353374461953,-0.5445562892795567,27.0,SP,Sudeste,500 mil+,15.90439626689782,-9.255042892435867,True
3509601,5.320317773560987,-0.2219925672119833,21.0,SP,Sudeste,50-100 mil,8.889004487993427,-3.56868671443244,True
3509700,5.831449116871227,-0.5613755964585713,23.0,SP,Sudeste,50-100 mil,17.133815920908628,-11.302366804037401,True
3509809,0.0,-0.0524626280420666,8.0,SP,Sudeste,<5 mil,0.6565353535353535,-0.6565353535353535,False
3509908,7.285527557782018,-0.17232964865367795,19.0,SP,Sudeste,5-20 mil,10.69156791312102,-3.4060403553390017,True
3509957,6.698788013581009,-0.1486706345922198,22.0,SP,Sudeste,<5 mil,9.46863765731812,-2.7698496437371105,True
3510005,3.8769761346468696,0.0024058634437611253,16.0,SP,Sudeste,20-50 mil,3.692912865418597,0.18406326922827265,False
3510104,7.318636313711124,-0.1306785603411195,17.0,SP,Sudeste,<5 mil,9.486266254830609,-2.1676299411194844,True
3510153,0.0,-0.4008960550258579,3.0,SP,Sudeste,<5 mil,1.905032986339517,-1.905032986339517,False
3510203,1.9158218578622837,-0.3625063872042704,23.0,SP,Sudeste,20-50 mil,7.450108208568361,-5.534286350706077,False
3510302,4.498521355637251,-0.18597861031382942,22.0,SP,Sudeste,5-20 mil,7.665847149439399,-3.1673257938021475,False
3510401,6.805913117332523,-0.10779928842764845,16.0,SP,Sudeste,50-100 mil,7.948896969546454,-1.1429838522139315,True
3510500,9.328030317376871,-0.045594542052544706,23.0,SP,Sudeste,100-500 mil,9.995908628838352,-0.6678783114614806,True
3510609,0.0,-0.5733907704891141,25.0,SP,Sudeste,100-500 mil,7.819728851530431,-7.819728851530431,False
3510708,3.1451488787382686,-0.28974561657556464,23.0,SP,Sudeste,5-20 mil,8.223813456314094,-5.078664577575825,False
3510807,7.4010371688584655,0.1390071025407044,14.0,SP,Sudeste,20-50 mil,6.8553862496588405,0.545650919199625,True
3510906,5.171523152260477,-0.24081218436426793,18.0,SP,Sudeste,<5 mil,8.761644740862975,-3.590121588602498,True
3511003,18.47643499947094,0.6573260018128668,11.0,SP,Sudeste,5-20 mil,8.810635955489534,9.665799043981405,True
3511102,8.03622097476752,-0.006728257000794517,26.0,SP,Sudeste,100-500 mil,7.527774153011061,0.5084468217564595,True
3511201,3.967685128475182,-0.3025666754344754,22.0,SP,Sudeste,5-20 mil,8.209896854537853,-4.242211726062671,False
3511300,15.22898734372302,0.42342082269060277,8.0,SP,Sudeste,5-20 mil,7.854175993850935,7.374811349872085,True
3511409,6.313268529622917,0.15945786328648626,5.0,SP,Sudeste,5-20 mil,4.437005319434382,1.8762632101885348,True
3511508,1.6870303295479516,-0.4067477192502946,16.0,SP,Sudeste,20-50 mil,6.666525658267278,-4.979495328719326,False
3511607,4.6659023339126975,-0.24782776192522235,18.0,SP,Sudeste,5-20 mil,8.63612182213064,-3.9702194882179427,False
3511706,4.744938558438093,-0.2566975203739572,17.0,SP,Sudeste,5-20 mil,8.184452824243134,-3.439514265805041,False
3511904,3.6154205068892864,-0.016979839245783234,12.0,SP,Sudeste,5-20 mil,3.7543343395833455,-0.1389138326940591,False
3512001,4.286865447104589,-0.06664124897900983,13.0,SP,Sudeste,5-20 mil,5.102823009979569,-0.8159575628749804,False
3512100,1.2112950008660164,-0.4772105327273114,22.0,SP,Sudeste,<5 mil,4.664618338509453,-3.453323337643437,False
3512209,1.6803109787849166,-0.12731383941230762,6.0,SP,Sudeste,20-50 mil,4.186763329172232,-2.506452350387315,False
3512308,5.741067941156587,-0.200276390918819,17.0,SP,Sudeste,5-20 mil,8.60763631050605,-2.866568369349464,True
3512407,8.225444264053863,0.18770922759570186,10.0,SP,Sudeste,20-50 mil,6.718204926390838,1.5072393376630249,True
3512506,4.075864495136557,-0.26289214433996866,22.0,SP,Sudeste,5-20 mil,8.25591401756756,-4.180049522431004,False
3512605,5.335822632599786,-0.08733497149392573,17.0,SP,Sudeste,<5 mil,6.505979709280068,-1.1701570766802822,True
3512704,3.6966080174701617,-0.010889588717239142,11.0,SP,Sudeste,<5 mil,3.191497916347926,0.5051101011222356,False
3512803,1.4466004959015208,-0.22713216157941807,23.0,SP,Sudeste,50-100 mil,5.216411098138461,-3.76981060223694,False
3512902,,,2.0,SP,Sudeste,<5 mil,4.28354008974267,,False
3513009,0.0,-0.8119674033820248,25.0,SP,Sudeste,100-500 mil,8.78382223507419,-8.78382223507419,False
3513108,5.9388228639167835,-0.029007948831447767,16.0,SP,Sudeste,20-50 mil,7.2312760090075905,-1.292453145090807,True
3513207,,,0.0,SP,Sudeste,5-20 mil,,,False
3513306,9.00291776795045,-0.053315355178189215,17.0,SP,Sudeste,<5 mil,10.645824122331044,-1.6429063543805942,True
3513405,4.1941236446059875,-0.020489182826194365,16.0,SP,Sudeste,50-100 mil,4.44403148962701,-0.24990784502102237,False
3513504,0.17339676759957,-0.7259207917855167,23.0,SP,Sudeste,100-500 mil,11.151779883243629,-10.978383115644059,False
3513603,4.616379484435242,0.16513222920049636,7.0,SP,Sudeste,5-20 mil,3.010872106818525,1.6055073776167172,False
3513702,2.5592488386698733,-0.09735510242446155,17.0,SP,Sudeste,20-50 mil,3.9090748176721952,-1.349825979002322,False
3513801,1.3457504477121347,-0.5220595230711225,26.0,SP,Sudeste,100-500 mil,10.766694359216968,-9.420943911504834,False
3513850,5.9097634534574865,-0.11838633356450456,17.0,SP,Sudeste,<5 mil,8.10411697949456,-2.194353526037073,True
3513900,6.876816060096644,-0.1530409422492466,17.0,SP,Sudeste,5-20 mil,9.354323007774015,-2.4775069476773712,True
3514007,2.945103821597982,-0.019669738645185255,13.0,SP,Sudeste,5-20 mil,2.9619884290587333,-0.016884607460751155,False
3514106,3.7841974328893286,-0.0662235530931979,16.0,SP,Sudeste,20-50 mil,5.106726274619667,-1.322528841730338,False
3514205,6.476499122968875,-0.09859124801342516,17.0,SP,Sudeste,<5 mil,8.385200439821986,-1.9087013168531115,True
3514304,3.996381056953055,-0.3026664841296066,22.0,SP,Sudeste,5-20 mil,8.697656688053975,-4.70127563110092,False
3514403,1.8391766572839288,-0.26605958349249387,22.0,SP,Sudeste,20-50 mil,6.234604174684607,-4.3954275174006785,False
3514502,10.077855900703156,0.0340661206672618,21.0,SP,Sudeste,5-20 mil,9.43219986170113,0.6456560390020254,True
3514601,3.604610588708198,0.08430187885767865,5.0,SP,Sudeste,5-20 mil,2.4045666279344133,1.2000439607737845,False
3514700,3.1142070495499183,-0.31059875687897626,22.0,SP,Sudeste,<5 mil,8.444946699398761,-5.330739649848843,False
3514809,5.191961900464776,-0.2524106316670221,20.0,SP,Sudeste,5-20 mil,9.584964789806536,-4.39300288934176,True
3514908,7.620038327242867,-0.16748674334768204,17.0,SP,Sudeste,5-20 mil,10.163737810143807,-2.5436994829009407,True
3514924,4.055472944401913,0.07930949654719426,9.0,SP,Sudeste,<5 mil,2.7758317448689973,1.2796411995329158,False
3514957,0.0,-0.6471359782838547,19.0,SP,Sudeste,<5 mil,3.0347145825693684,-3.0347145825693684,False
3515004,1.9190631850555064,-0.3853793961575648,25.0,SP,Sudeste,100-500 mil,8.209285631550504,-6.290222446494997,False
3515103,0.7473236713930191,-0.4433939732319681,25.0,SP,Sudeste,50-100 mil,7.596384919834651,-6.8490612484416316,False
3515129,5.619943152902522,-0.15423844545309653,17.0,SP,Sudeste,<5 mil,8.551608650024892,-2.9316654971223706,True
3515152,5.516439618274177,0.05229769428308461,19.0,SP,Sudeste,5-20 mil,5.120840163746402,0.39559945452777523,True
3515186,0.7002547904751282,-0.5638792736902585,27.0,SP,Sudeste,20-50 mil,10.05924311351104,-9.358988323035911,False
3515194,6.9058447222854795,-0.10810566652533785,17.0,SP,Sudeste,<5 mil,9.146913206892217,-2.2410684846067372,True
3515202,5.458033594938911,-0.24624988025286834,18.0,SP,Sudeste,5-20 mil,9.477566207004209,-4.019532612065298,True
3515301,6.37374607579892,-0.24713585544243755,17.0,SP,Sudeste,<5 mil,7.654341819896277,-1.280595744097357,True
3515350,7.084672550971845,-0.0456365465455328,17.0,SP,Sudeste,5-20 mil,7.8128244200738175,-0.7281518691019722,True
3515400,4.065865989261397,-0.29584595512376544,22.0,SP,Sudeste,5-20 mil,8.828763950371322,-4.762897961109925,False
3515509,3.925730768626636,-0.377470820363963,23.0,SP,Sudeste,50-100 mil,10.36952527888494,-6.443794510258304,False
3515608,9.470017541280924,-0.1948907548152031,17.0,SP,Sudeste,<5 mil,8.80189550859746,0.6681220326834652,True
3515657,7.113365634960786,-0.11760879835165691,17.0,SP,Sudeste,<5 mil,8.448099849813413,-1.3347342148526273,True
3515707,0.00961563944520094,-0.5252964212031923,25.0,SP,Sudeste,100-500 mil,8.549723405871228,-8.540107766426027,False
3515806,7.344816689777872,-0.049110392488707265,17.0,SP,Sudeste,<5 mil,8.859690057190651,-1.514873367412779,True
3515905,5.758210338871947,-0.18721957762768188,17.0,SP,Sudeste,<5 mil,7.837689478683993,-2.0794791398120456,True
3516002,6.732946331060987,-0.10916167540195397,17.0,SP,Sudeste,5-20 mil,8.734789236700607,-2.00184290563962,True
3516101,37.562026416629124,1.2484494288042438,17.0,SP,Sudeste,<5 mil,24.11612785945557,13.445898557173553,True
3516200,0.24259729259983942,-0.5668914948551212,27.0,SP,Sudeste,100-500 mil,9.47518284395814,-9.2325855513583,False
3516309,2.190516651876237,-0.2770549784816858,25.0,SP,Sudeste,100-500 mil,6.445007081003238,-4.254490429127001,False
3516408,2.538844997650358,-0.6214087722505589,25.0,SP,Sudeste,100-500 mil,11.63765539420448,-9.098810396554121,False
3516507,4.1106974025832415,-0.28950058688148506,22.0,SP,Sudeste,<5 mil,8.818254091034103,-4.707556688450861,False
3516606,3.8962148249480606,-0.29193695649931933,21.0,SP,Sudeste,<5 mil,8.744526452166289,-4.848311627218228,False
3516705,5.648908811379044,-0.04906568112224073,18.0,SP,Sudeste,20-50 mil,6.456089739883288,-0.8071809285042439,True
3516804,3.7629660572906687,-0.2801164123548979,17.0,SP,Sudeste,<5 mil,7.577013371997059,-3.8140473147063902,False
3516853,11.74449474367816,0.6461570077664609,4.0,SP,Sudeste,<5 mil,2.6157340328605376,9.128760710817623,True
3516903,4.436761904241621,-0.2645133290046735,23.0,SP,Sudeste,5-20 mil,8.578358725970077,-4.141596821728456,False
3517000,1.9241704840264902,0.07527786651016823,10.0,SP,Sudeste,5-20 mil,1.076292132225271,0.8478783518012192,False
3517109,16.153669213697412,0.5345231431254159,11.0,SP,Sudeste,<5 mil,8.67507657059658,7.478592643100832,True
3517208,4.196269037748806,0.08261713121150285,13.0,SP,Sudeste,5-20 mil,2.942163530869216,1.2541055068795899,False
3517307,1.6007742032361403,0.006413316926537212,12.0,SP,Sudeste,5-20 mil,1.7234558035124343,-0.12268160027629404,False
3517406,1.8994142320266008,-0.11823410916039688,16.0,SP,Sudeste,20-50 mil,3.0593268259940616,-1.1599125939674608,False
3517505,3.907534463335196,0.05909513342729019,14.0,SP,Sudeste,5-20 mil,3.493079849651632,0.41445461368356407,False
3517604,5.243193061793079,-0.07301208598687335,17.0,SP,Sudeste,5-20 mil,6.3096337596655925,-1.0664406978725136,True
3517703,7.101361578509497,-0.0555452859098927,23.0,SP,Sudeste,20-50 mil,6.573124140784109,0.5282374377253882,True
3517802,5.894530583714143,0.05642202840638132,15.0,SP,Sudeste,5-20 mil,4.815571749727777,1.0789588339863663,True
3517901,4.465204844255624,0.10053301661947817,14.0,SP,Sudeste,5-20 mil,3.1651445366619213,1.3000603075937023,False
3518008,5.550373359994296,-0.2283576078312063,17.0,SP,Sudeste,<5 mil,8.832060375021785,-3.2816870150274884,True
3518107,2.303905340710987,0.009933636416007642,12.0,SP,Sudeste,5-20 mil,2.812760644262734,-0.5088553035517474,False
3518206,2.368766594353133,-0.05658879612899919,16.0,SP,Sudeste,20-50 mil,3.37507860026249,-1.0063120059093573,False
3518305,0.0,-0.7914288112626885,25.0,SP,Sudeste,20-50 mil,9.96867737883822,-9.96867737883822,False
3518404,1.557812847418404,-0.31897671834775476,26.0,SP,Sudeste,100-500 mil,5.888380094583259,-4.330567247164855,False
3518503,12.333025698219444,0.18141685417078174,18.0,SP,Sudeste,5-20 mil,12.680681050267795,-0.34765535204835096,True
3518602,1.6984203748980917,-0.43690913542953763,25.0,SP,Sudeste,20-50 mil,9.418967092258908,-7.720546717360817,False
3518701,6.9995734769314595,-0.19947556287500423,25.0,SP,Sudeste,100-500 mil,10.245207119241591,-3.245633642310132,True
3518800,0.0,-0.5674694795973545,26.0,SP,Sudeste,500 mil+,11.3658480668995,-11.3658480668995,False
3518859,1.7352275813339517,-0.024680771488414112,14.0,SP,Sudeste,5-20 mil,1.8245365363459425,-0.08930895501199076,False
3518909,5.966550429768006,-0.1250547789671174,17.0,SP,Sudeste,<5 mil,7.778080814316586,-1.81153038454858,True
3519006,3.19697604025626,0.07872602436739869,12.0,SP,Sudeste,5-20 mil,3.0089170886214074,0.18805895163485253,False
3519055,17.51888671439417,0.27774514910116493,12.0,SP,Sudeste,5-20 mil,16.114394352493992,1.4044923619001786,True
3519071,11.666875050635582,0.09994778005091716,23.0,SP,Sudeste,100-500 mil,9.903636582093291,1.7632384685422906,True
3519105,5.940611184049317,0.0876903388308826,14.0,SP,Sudeste,5-20 mil,4.575418823784931,1.3651923602643858,True
3519204,6.417686422034393,-0.1258271137526195,18.0,SP,Sudeste,<5 mil,8.55062838815557,-2.1329419661211766,True
3519253,5.404599221105343,-0.19949226231390668,17.0,SP,Sudeste,<5 mil,9.496662107341033,-4.09206288623569,True
3519303,2.2922174371550454,-0.07702687763815999,9.0,SP,Sudeste,20-50 mil,2.371980224994584,-0.07976278783953861,False
3519402,1.708152047284102,-0.4486675484191335,27.0,SP,Sudeste,5-20 mil,8.414370288131753,-6.706218240847651,False
3519501,4.033017075389047,0.006991231726407634,13.0,SP,Sudeste,5-20 mil,3.5788809579756693,0.4541361174133778,False
3519600,2.5213788254972087,-0.14806611497776276,16.0,SP,Sudeste,50-100 mil,5.93240535496886,-3.411026529471651,False
3519709,0.0,-0.5000633200689273,23.0,SP,Sudeste,20-50 mil,7.587411943686879,-7.587411943686879,False
3519808,4.062740306878595,-0.29016468292408704,17.0,SP,Sudeste,5-20 mil,8.453697874651278,-4.390957567772682,False
3519907,0.9052710220663585,-0.0909935993786437,12.0,SP,Sudeste,5-20 mil,1.9806292638265464,-1.075358241760188,False
3520004,4.562979787308592,-0.06536563796340439,12.0,SP,Sudeste,20-50 mil,5.542741655864718,-0.9797618685561256,False
3520103,3.228764758704415,-0.40407574606878327,22.0,SP,Sudeste,20-50 mil,9.827372973722603,-6.598608215018189,False
3520202,3.1719964510168666,-0.29372974576189553,17.0,SP,Sudeste,5-20 mil,7.6143096041593985,-4.442313153142532,False
3520301,4.518839456654405,-0.2573873602204819,20.0,SP,Sudeste,20-50 mil,8.813282884832322,-4.294443428177917,False
3520400,16.146853907694663,0.10507226279624018,17.0,SP,Sudeste,20-50 mil,15.31412796285928,0.8327259448353832,True
3520426,5.3876947046366865,-0.08296174177679465,17.0,SP,Sudeste,5-20 mil,6.605962160534465,-1.2182674558977782,True
3520442,3.611118078778631,0.04826185920679649,16.0,SP,Sudeste,20-50 mil,3.3172919530120666,0.2938261257665644,False
3520509,6.943389541995316,-0.25640735722110597,25.0,SP,Sudeste,100-500 mil,10.879943641284871,-3.9365540992895554,True
3520608,,,2.0,SP,Sudeste,<5 mil,1.8379283367061967,,False
3520707,5.173495968525401,-0.23737997814549675,17.0,SP,Sudeste,<5 mil,8.427886089734962,-3.2543901212095605,True
3520806,8.736408188419276,-0.05697260896162699,17.0,SP,Sudeste,<5 mil,9.422599085945462,-0.6861908975261866,True
3520905,2.678731035400304,0.018056420773460417,12.0,SP,Sudeste,5-20 mil,2.109456067850313,0.5692749675499909,False
3521002,3.3631223608297205,-0.268217210657748,22.0,SP,Sudeste,20-50 mil,8.0482957018132,-4.68517334098348,False
3521101,2.1785466027469624,-0.21947694701458786,15.0,SP,Sudeste,5-20 mil,5.587965391011048,-3.4094187882640856,False
3521150,14.706719753930884,0.7469219811436764,4.0,SP,Sudeste,<5 mil,5.417545595426984,9.2891741585039,True
3521200,5.422347562618768,-0.19050279928796218,19.0,SP,Sudeste,<5 mil,9.43081871084354,-4.008471148224773,True
3521309,3.3269346985916926,-0.027424617793599847,3.0,SP,Sudeste,5-20 mil,3.6336248649294896,-0.306690166337797,False
3521408,1.520826542630516,-0.209879421936576,10.0,SP,Sudeste,20-50 mil,4.025981436871366,-2.5051548942408495,False
3521507,4.86256259000686,-0.2602039277953764,18.0,SP,Sudeste,5-20 mil,9.156535906065852,-4.293973316058992,False
3521606,7.59531287833363,0.31218771127190414,10.0,SP,Sudeste,5-20 mil,3.2133612746117133,4.381951603721916,True
3521705,5.362880005812713,-0.15046493042597603,17.0,SP,Sudeste,5-20 mil,7.289824179540892,-1.9269441737281792,True
3521804,1.6598573678952562,-0.38968300965906005,27.0,SP,Sudeste,20-50 mil,8.40994014466417,-6.750082776768913,False
3521903,5.082107540442365,0.08481263808774732,17.0,SP,Sudeste,5-20 mil,3.3463832256787063,1.735724314763659,True
3522000,0.0,-2.608901582697886,4.0,SP,Sudeste,<5 mil,2.391927075847557,-2.391927075847557,False
3522109,4.687156475025631,-0.09573690887170395,23.0,SP,Sudeste,100-500 mil,6.394617674669807,-1.7074611996441762,False
3522158,4.632749816563091,-0.0749892382019668,17.0,SP,Sudeste,<5 mil,6.149413959339678,-1.5166641427765866,False
3522208,1.2998386648039286,-0.3612024054779406,25.0,SP,Sudeste,100-500 mil,8.092898797386564,-6.793060132582635,False
3522307,0.0,-0.536734119344656,27.0,SP,Sudeste,100-500 mil,8.52619767306286,-8.52619767306286,False
3522406,2.5817916727261263,-0.33799866135667095,23.0,SP,Sudeste,50-100 mil,7.944532911960904,-5.3627412392347775,False
3522505,1.0799751100953472,-0.40587900298612806,25.0,SP,Sudeste,100-500 mil,7.680416676683138,-6.600441566587791,False
3522604,1.9810080289845473,-0.22070601005891444,6.0,SP,Sudeste,50-100 mil,6.504212143719163,-4.523204114734615,False
3522653,5.427209137175822,-0.06588451991558947,20.0,SP,Sudeste,<5 mil,7.525200554529661,-2.097991417353839,True
3522703,3.831297802045569,-0.0313777504628263,16.0,SP,Sudeste,20-50 mil,4.541490765700073,-0.7101929636545039,False
3522802,4.106153801321057,-0.20889823647978556,20.0,SP,Sudeste,5-20 mil,7.0863421685848165,-2.98018836726376,False
3522901,4.030312652150059,0.08035113981253303,5.0,SP,Sudeste,5-20 mil,3.518379387864131,0.5119332642859278,False
3523008,0.0,-0.18933427743906608,3.0,SP,Sudeste,<5 mil,1.5516569373942473,-1.5516569373942473,False
3523107,0.31443522691677117,-0.46975078790500274,25.0,SP,Sudeste,100-500 mil,7.797562750106111,-7.4831275231893395,False
3523206,5.354461311153898,-0.13912526375308334,20.0,SP,Sudeste,20-50 mil,7.4936067217334035,-2.1391454105795056,True
3523305,6.3791948708573045,-0.17606179081107903,17.0,SP,Sudeste,5-20 mil,8.975279271806945,-2.596084400949641,True
3523404,1.8830045625959428,-0.5263622585972428,23.0,SP,Sudeste,100-500 mil,10.317385776362803,-8.43438121376686,False
3523503,5.262857315109272,-0.23638423213693552,17.0,SP,Sudeste,5-20 mil,8.67038760909554,-3.4075302939862677,True
3523602,8.757462289776413,0.132826766995423,15.0,SP,Sudeste,5-20 mil,6.200307443440292,2.557154846336121,True
3523701,6.978287854124034,-0.12249609914475629,17.0,SP,Sudeste,5-20 mil,7.80413985567764,-0.8258520015536064,True
3523800,5.755119844721548,-0.19891816562282819,17.0,SP,Sudeste,5-20 mil,8.674882739772666,-2.919762895051118,True
3523909,3.1973540568055796,-0.38710117374366276,26.0,SP,Sudeste,100-500 mil,9.150250492272134,-5.952896435466554,False
3524006,6.3223746222309956,-0.3016751760207005,22.0,SP,Sudeste,50-100 mil,10.80802016856354,-4.485645546332545,True
3524105,4.695571447749941,-0.031560021233384604,16.0,SP,Sudeste,20-50 mil,5.0097090636767625,-0.3141376159268212,False
3524204,5.599936709597557,-0.21387959525317823,17.0,SP,Sudeste,5-20 mil,9.211060332441855,-3.611123622844298,True
3524303,4.6341163352902015,-0.09556187043814068,17.0,SP,Sudeste,50-100 mil,5.516485288996261,-0.8823689537060595,False
3524402,3.587064686291569,-0.2997622125667544,28.0,SP,Sudeste,100-500 mil,7.612175122631755,-4.025110436340186,False
3524501,0.10014629792937058,-0.09558510644947696,8.0,SP,Sudeste,5-20 mil,0.5598144484848484,-0.45966815055547783,False
3524600,6.306351433821362,-0.2433413746748132,17.0,SP,Sudeste,5-20 mil,9.95687962530897,-3.6505281914876075,True
3524709,1.7974662282197187,-0.32217564279564637,22.0,SP,Sudeste,50-100 mil,4.760535580335457,-2.9630693521157383,False
3524808,2.5448062585480784,-0.44978591735654927,27.0,SP,Sudeste,20-50 mil,10.09898030228765,-7.554174043739572,False
3524907,5.319888384529577,-0.3360994222320969,17.0,SP,Sudeste,<5 mil,10.391659624570815,-5.0717712400412385,True
3525003,0.422962680241767,-0.5015220660804157,25.0,SP,Sudeste,100-500 mil,9.482159343811524,-9.059196663569757,False
3525102,4.766175361403658,0.007511170558768964,12.0,SP,Sudeste,20-50 mil,4.568399859052351,0.19777550235130636,False
3525201,1.460046106217078,-0.3491966744447103,17.0,SP,Sudeste,20-50 mil,7.100772439548835,-5.640726333331757,False
3525300,6.878524818996084,-0.22551324460015656,20.0,SP,Sudeste,100-500 mil,11.91686425607972,-5.038339437083636,True
3525409,7.513470597577339,-0.09652805126650837,17.0,SP,Sudeste,<5 mil,9.38543743306521,-1.8719668354878714,True
3525508,10.755315589201146,0.02664016854391386,17.0,SP,Sudeste,5-20 mil,9.360044446883943,1.3952711423172026,True
3525607,3.4230486349913463,0.012532215012481989,13.0,SP,Sudeste,<5 mil,3.012387272677885,0.4106613623134612,False
3525706,2.2677794545618326,-0.048755248561942965,14.0,SP,Sudeste,20-50 mil,3.151494195672332,-0.8837147411104995,False
3525805,,,0.0,SP,Sudeste,<5 mil,,,False
3525854,6.923187554818099,0.07374309208838165,14.0,SP,Sudeste,<5 mil,5.843513989953212,1.0796735648648879,True
3525904,9.753955234651187,-0.2402702206468071,26.0,SP,Sudeste,100-500 mil,15.337579035438916,-5.583623800787729,True
3526001,5.063536845910932,0.08568201856391844,12.0,SP,Sudeste,5-20 mil,4.038630040244607,1.0249068056663244,True
3526100,3.9376672923068554,-0.29588948877179744,20.0,SP,Sudeste,5-20 mil,9.565102758470232,-5.6274354661633765,False
3526209,2.0020110264663344,-0.3723204365208355,25.0,SP,Sudeste,20-50 mil,8.168065183728984,-6.16605415726265,False
3526308,6.169459318296205,-0.060104440399241614,18.0,SP,Sudeste,<5 mil,7.407139508813653,-1.2376801905174482,True
3526407,6.373759075072655,-0.1993163815430723,18.0,SP,Sudeste,20-50 mil,9.534245979327384,-3.1604869042547286,True
3526506,4.2688734449624235,0.09666782578833903,7.0,SP,Sudeste,5-20 mil,2.224254721439893,2.0446187235225306,False
3526605,5.19449936554588,-0.12862826489448867,22.0,SP,Sudeste,5-20 mil,7.989670713045704,-2.7951713474998234,True
3526704,4.8850256862891115,-0.22242932898545606,26.0,SP,Sudeste,100-500 mil,7.587699054921888,-2.7026733686327766,False
3526803,4.7393502338100575,-0.13956618803368312,17.0,SP,Sudeste,50-100 mil,5.971853999060384,-1.2325037652503266,False
3526902,8.21088151115191,-0.26876060129590845,27.0,SP,Sudeste,100-500 mil,13.450442196606655,-5.2395606854547445,True
3527009,1.5887746443124797,-0.13008802855758866,12.0,SP,Sudeste,5-20 mil,3.278558678012279,-1.6897840336997993,False
3527108,0.0,-0.6229693522483097,27.0,SP,Sudeste,50-100 mil,9.246825898817097,-9.246825898817097,False
3527207,5.265163036660397,-0.26316734812024123,22.0,SP,Sudeste,50-100 mil,9.943951233363316,-4.67878819670292,True
3527256,2.721563110278339,-0.3569923520619028,22.0,SP,Sudeste,<5 mil,7.679349452802422,-4.957786342524083,False
3527306,6.981415008966202,-0.01896433611523172,13.0,SP,Sudeste,20-50 mil,7.125293953628212,-0.1438789446620099,True
3527405,7.346956571868134,-0.11128301951925332,17.0,SP,Sudeste,5-20 mil,9.256136247493847,-1.9091796756257136,True
3527504,5.363171445070293,-0.2424680497194571,17.0,SP,Sudeste,<5 mil,8.983337606263708,-3.6201661611934153,True
3527603,8.396142456908706,0.3334495961692144,8.0,SP,Sudeste,5-20 mil,7.157382828003507,1.238759628905199,True
3527702,3.19847981754765,-0.3141108820560345,22.0,SP,Sudeste,5-20 mil,8.62719028847329,-5.42871047092564,False
3527801,3.67477725486566,-0.24526968263154467,21.0,SP,Sudeste,<5 mil,7.604655577164859,-3.9298783222991993,False
3527900,5.425766641668247,-0.23280006880147766,17.0,SP,Sudeste,<5 mil,8.625124849893938,-3.199358208225691,True
3528007,0.0,-0.6753905932605582,21.0,SP,Sudeste,5-20 mil,6.978254171250457,-6.978254171250457,False
3528106,4.767055421159569,0.14666617344636165,8.0,SP,Sudeste,5-20 mil,3.1462132260200546,1.620842195139514,False
3528205,6.199803452570478,-0.1254474095810273,17.0,SP,Sudeste,<5 mil,8.372025007378786,-2.172221554808308,True
3528304,9.81791729544247,0.11315667604712625,13.0,SP,Sudeste,<5 mil,8.345721287631672,1.4721960078107976,True
3528403,1.1610902997820176,-0.4192573582652212,20.0,SP,Sudeste,20-50 mil,8.786256860350598,-7.62516656056858,False
3528502,0.0,-0.6325070277868784,25.0,SP,Sudeste,50-100 mil,7.977767092015789,-7.977767092015789,False
3528601,4.367753815840311,-0.005046797542522553,13.0,SP,Sudeste,5-20 mil,4.5456627079395,-0.1779088920991887,False
3528700,7.087653248422129,-0.0961091600720887,17.0,SP,Sudeste,<5 mil,9.54885139744924,-2.461198149027112,True
3528809,6.135390488573478,-0.15492668077507563,18.0,SP,Sudeste,5-20 mil,8.821902836099376,-2.6865123475258983,True
3528858,2.561120962439446,0.0718785149140316,13.0,SP,Sudeste,<5 mil,1.055509442610928,1.5056115198285183,False
3528908,6.572216603714537,-0.09708900414691989,17.0,SP,Sudeste,<5 mil,8.227057745916488,-1.6548411422019509,True
3529005,0.13011199694005882,-0.34909362564705065,27.0,SP,Sudeste,100-500 mil,6.321227147321172,-6.191115150381113,False
3529104,7.165635882970946,-0.1257856130044948,17.0,SP,Sudeste,<5 mil,8.970701116407936,-1.8050652334369897,True
3529203,0.34697645943373345,-0.13802047938175716,16.0,SP,Sudeste,20-50 mil,2.060013612533114,-1.7130371530993806,False
3529302,14.750123602543795,0.27831073263811634,20.0,SP,Sudeste,50-100 mil,12.665544051047467,2.0845795514963275,True
3529401,0.0,-0.5646365039487995,26.0,SP,Sudeste,100-500 mil,9.62713006623988,-9.62713006623988,False
3529500,0.0,-0.33515789178985267,3.0,SP,Sudeste,<5 mil,1.4215682295612406,-1.4215682295612406,False
3529609,5.695623774372166,-0.2169507757840987,17.0,SP,Sudeste,<5 mil,9.34404842982676,-3.648424655454594,True
3529658,6.054172194950695,-0.14701647758291478,17.0,SP,Sudeste,<5 mil,8.322247038569976,-2.2680748436192815,True
3529708,4.259352383100236,-0.27006394242036486,23.0,SP,Sudeste,20-50 mil,8.690718030745213,-4.431365647644977,False
3529807,11.973000317995911,0.287934093582048,12.0,SP,Sudeste,5-20 mil,7.345320459347309,4.6276798586486025,True
3529906,7.378341720223148,-0.15075220553604535,17.0,SP,Sudeste,5-20 mil,9.818919616140525,-2.440577895917377,True
3530003,6.914278374363022,-0.11699373899599051,17.0,SP,Sudeste,<5 mil,8.5037413055031,-1.589462931140078,True
3530102,6.486160460045085,0.18368707540976115,14.0,SP,Sudeste,20-50 mil,4.806178833302113,1.679981626742972,True
3530201,6.126101650508872,-0.11733689543984167,20.0,SP,Sudeste,5-20 mil,8.023940540811353,-1.8978388903024808,True
3530300,12.704179250822733,0.20366833872516327,17.0,SP,Sudeste,50-100 mil,9.565931902314734,3.138247348507999,True
3530409,0.48704564050743215,-0.04043926349125562,7.0,SP,Sudeste,<5 mil,0.8645611125005516,-0.3775154719931194,False
3530508,4.117919092169473,-0.3504003084480145,19.0,SP,Sudeste,50-100 mil,9.669008459966683,-5.551089367797211,False
3530607,5.994344028519208,-0.21445835134251337,23.0,SP,Sudeste,100-500 mil,8.898041217034432,-2.903697188515224,True
3530706,1.5508454422074465,-0.26570779721059345,28.0,SP,Sudeste,100-500 mil,5.485913951048409,-3.9350685088409625,False
3530805,5.78544791020812,-0.23581518484580202,26.0,SP,Sudeste,50-100 mil,10.192121043973144,-4.406673133765024,True
3530904,5.98865467037939,-0.24684528580714443,17.0,SP,Sudeste,<5 mil,9.417692230329688,-3.4290375599502987,True
3531001,6.587999828254965,-0.15645046183587002,17.0,SP,Sudeste,<5 mil,8.971076773675073,-2.3830769454201075,True
3531100,6.657415057072853,-0.04204779589923011,23.0,SP,Sudeste,50-100 mil,7.660366281706311,-1.002951224633458,True
3531209,2.7350836023846625,-0.10893357429781124,13.0,SP,Sudeste,<5 mil,3.2563148335099497,-0.5212312311252871,False
3531308,5.981937887021104,-0.24239398464145567,18.0,SP,Sudeste,20-50 mil,10.00339297025001,-4.021455083228906,True
3531407,2.5311302080746145,-0.40922393868477097,23.0,SP,Sudeste,20-50 mil,8.57404800957331,-6.042917801498696,False
3531506,8.872213343378974,0.21645542561050576,12.0,SP,Sudeste,5-20 mil,5.8891391105660125,2.983074232812961,True
3531605,0.0,-0.09750657902427554,9.0,SP,Sudeste,<5 mil,2.0364363323035537,-2.0364363323035537,False
3531704,2.3309790532770194,-0.3857232121852886,23.0,SP,Sudeste,<5 mil,8.610570109224316,-6.2795910559472965,False
3531803,3.482091506046231,-0.27244990433308425,23.0,SP,Sudeste,50-100 mil,7.831826293295245,-4.349734787249014,False
3531902,2.0611008814090823,-0.028905295891487638,17.0,SP,Sudeste,20-50 mil,2.673526045431986,-0.6124251640229037,False
3532009,8.515155395530911,-0.11684646708387451,17.0,SP,Sudeste,5-20 mil,10.442477154912462,-1.9273217593815506,True
3532058,0.4044385059058584,-0.07447955457952785,14.0,SP,Sudeste,<5 mil,1.1958178202899417,-0.7913793143840833,False
3532108,2.1650816036076748,-0.01625316412586555,15.0,SP,Sudeste,<5 mil,3.023447071269627,-0.8583654676619523,False
3532157,1.7961486031761393,-0.0012922108846590893,8.0,SP,Sudeste,<5 mil,2.3208079129434034,-0.524659309767264,False
3532207,5.402867535246344,-0.17645761346236558,17.0,SP,Sudeste,<5 mil,7.820583376364847,-2.417715841118503,True
3532306,0.8611943192864935,0.010460847013475702,11.0,SP,Sudeste,<5 mil,1.0316110380730497,-0.17041671878655618,False
3532405,3.515972264078698,-0.19133986418771184,17.0,SP,Sudeste,5-20 mil,6.317236696068878,-2.8012644319901803,False
3532504,5.0794952846201795,0.1517032276812389,5.0,SP,Sudeste,5-20 mil,3.3162387913887077,1.7632564932314718,True
3532603,6.463413404783239,-0.19250760980467213,18.0,SP,Sudeste,5-20 mil,9.644560993915604,-3.1811475891323653,True
3532702,5.597442154260193,-0.1485801062848358,17.0,SP,Sudeste,<5 mil,7.5693800570970975,-1.9719379028369044,True
3532801,1.3264381834661094,-0.0904319891033732,4.0,SP,Sudeste,5-20 mil,2.5362471506461475,-1.209808967180038,False
3532827,5.278661877325021,-0.07538038912409163,17.0,SP,Sudeste,5-20 mil,5.775800549598108,-0.4971386722730866,True
3532843,6.993366584685958,-0.07862459396311941,17.0,SP,Sudeste,<5 mil,8.069149188001742,-1.0757826033157833,True
3532868,,,2.0,SP,Sudeste,<5 mil,1.4265401540154017,,False
3532900,3.8528789668598193,0.045636242224775046,9.0,SP,Sudeste,5-20 mil,3.7312656779816793,0.12161328887814005,False
3533007,5.455236645749835,-0.21510692066671214,17.0,SP,Sudeste,20-50 mil,8.885303087962871,-3.430066442213036,True
3533106,4.390134877077571,-0.22414853864864068,22.0,SP,Sudeste,<5 mil,8.218859334703962,-3.8287244576263912,False
3533205,1.7166025765363884,0.02464304769967261,9.0,SP,Sudeste,<5 mil,1.8916649092039248,-0.17506233266753646,False
3533254,3.4616628539546355,0.15038035422270565,14.0,SP,Sudeste,5-20 mil,1.562542613388323,1.8991202405663126,False
3533304,5.8769758621507435,-0.15031541032011697,18.0,SP,Sudeste,<5 mil,7.880604647003161,-2.0036287848524177,True
3533403,5.4357058044421365,-0.27590011371851986,23.0,SP,Sudeste,50-100 mil,8.436883562852003,-3.0011777584098667,True
3533502,4.506210570322082,-0.3689000529900067,23.0,SP,Sudeste,20-50 mil,10.175752148389474,-5.669541578067392,False
3533601,3.5242685133559917,0.027198084909021713,11.0,SP,Sudeste,5-20 mil,2.828060154525386,0.6962083588306056,False
3533700,0.24232947158037632,-0.19310947549499788,4.0,SP,Sudeste,<5 mil,2.654207268552942,-2.4118777969725658,False
3533809,3.322008687063203,-0.2838318606914095,22.0,SP,Sudeste,<5 mil,7.994853455860948,-4.672844768797745,False
3533908,8.487985008284596,0.09921873216621163,15.0,SP,Sudeste,50-100 mil,8.217657675801398,0.2703273324831983,True
3534005,6.475908002254926,-0.17559242108749937,17.0,SP,Sudeste,<5 mil,9.030885133897048,-2.554977131642122,True
3534104,4.932593812099697,-0.19658997998331118,22.0,SP,Sudeste,5-20 mil,8.130345908694812,-3.1977520965951154,False
3534203,5.613783472615921,-0.2288792184000289,17.0,SP,Sudeste,5-20 mil,9.06399233813265,-3.4502088655167285,True
3534302,5.050657649700767,-0.0269278197334624,16.0,SP,Sudeste,20-50 mil,5.796395049042352,-0.7457373993415848,True
3534401,7.512935204528503,-0.20432572196782633,25.0,SP,Sudeste,500 mil+,9.058854611368185,-1.5459194068396815,True
3534500,5.149860767039627,-0.20729822529163633,22.0,SP,Sudeste,<5 mil,8.37350251682503,-3.2236417497854024,True
3534609,7.958778869878699,-0.09622380531629178,17.0,SP,Sudeste,20-50 mil,9.699349688157536,-1.7405708182788366,True
3534708,3.9651616390754043,-0.23997016625059223,26.0,SP,Sudeste,100-500 mil,7.461603504926351,-3.4964418658509464,False
3534757,6.604851821755574,-0.1640043111572599,18.0,SP,Sudeste,5-20 mil,9.060542308668737,-2.455690486913163,True
3534807,0.81849799601423,-0.06662369663120449,18.0,SP,Sudeste,5-20 mil,2.2887463022598102,-1.4702483062455802,False
3534906,2.943262482776042,0.02526437067037728,10.0,SP,Sudeste,5-20 mil,1.7095498011339596,1.2337126816420825,False
3535002,12.334008604882513,0.16045187770899244,14.0,SP,Sudeste,5-20 mil,10.395633178505753,1.9383754263767603,True
3535101,2.2761657416615435,-0.344850429634074,21.0,SP,Sudeste,5-20 mil,7.845030524988434,-5.56886478332689,False
3535200,6.160338128541923,-0.16810550152315054,18.0,SP,Sudeste,5-20 mil,8.91057713426495,-2.750239005723026,True
3535309,2.6522687407588137,-0.1647403653054732,11.0,SP,Sudeste,20-50 mil,4.74323360795545,-2.090964867196636,False
3535408,4.482206943980827,0.08105319043263502,16.0,SP,Sudeste,5-20 mil,3.530917303352348,0.9512896406284792,False
3535507,7.358880855658072,-0.12282801459513237,17.0,SP,Sudeste,20-50 mil,9.137394298373597,-1.778513442715525,True
3535606,11.108492389932394,0.286635374193829,10.0,SP,Sudeste,5-20 mil,7.721799767455666,3.386692622476728,True
3535705,1.3262070335974272,-0.04805158475519274,5.0,SP,Sudeste,5-20 mil,1.7356826346558143,-0.4094756010583871,False
3535804,1.7615982017721308,-0.4101732431592381,25.0,SP,Sudeste,5-20 mil,8.611185120405358,-6.849586918633227,False
3535903,6.5962230597008045,-0.10498858440584767,17.0,SP,Sudeste,<5 mil,8.086310788497611,-1.4900877287968068,True
3536000,5.1895288764217185,-0.19452632913901477,20.0,SP,Sudeste,5-20 mil,8.57185379996333,-3.3823249235416117,True
3536109,5.968635164676527,-0.15251878236929706,17.0,SP,Sudeste,5-20 mil,8.36808080379347,-2.3994456391169425,True
3536208,5.97993061784382,-0.28730016416670195,17.0,SP,Sudeste,5-20 mil,10.568774957730875,-4.588844339887055,True
3536257,1.4975201165350427,-0.1379076510920067,14.0,SP,Sudeste,<5 mil,3.0859593778526797,-1.588439261317637,False
3536307,0.0,-0.16522017304786898,18.0,SP,Sudeste,5-20 mil,2.6936402246308573,-2.6936402246308573,False
3536406,3.3819203790258427,0.060480249304597375,9.0,SP,Sudeste,5-20 mil,1.427210392888672,1.9547099861371708,False
3536505,1.962271934560249,-0.6233715557479844,23.0,SP,Sudeste,100-500 mil,11.752144557695017,-9.789872623134768,False
3536570,6.583416560530054,-0.13392874410315586,21.0,SP,Sudeste,<5 mil,9.081396111309244,-2.49797955077919,True
3536604,6.87634977755647,-0.2103995176341931,20.0,SP,Sudeste,5-20 mil,13.363923720668769,-6.487573943112299,True
3536703,7.5409857455612155,-0.1784826052442641,17.0,SP,Sudeste,20-50 mil,10.436025030044409,-2.895039284483193,True
3536802,4.878616879900733,-0.3189358839537895,18.0,SP,Sudeste,<5 mil,10.006085277331152,-5.12746839743042,False
3536901,6.4793848679791495,-0.12692809066770883,17.0,SP,Sudeste,<5 mil,9.431175529776644,-2.951790661797494,True
3537008,4.03620136227164,-0.29883081833412733,18.0,SP,Sudeste,5-20 mil,8.784900215534082,-4.748698853262441,False
3537107,5.9283188138183505,-0.10054587961322327,23.0,SP,Sudeste,20-50 mil,7.482541951482781,-1.5542231376644304,True
3537156,8.697674214649112,-0.13100978895773363,17.0,SP,Sudeste,<5 mil,10.980562558446692,-2.2828883437975804,True
3537206,5.6362239563779895,-0.1836265825743442,17.0,SP,Sudeste,5-20 mil,8.660314712330038,-3.0240907559520487,True
3537305,3.721155895764923,-0.18872897384297332,20.0,SP,Sudeste,50-100 mil,5.423732331678515,-1.702576435913592,False
3537404,5.06979265102791,0.0692706769459264,16.0,SP,Sudeste,20-50 mil,4.159096641028378,0.9106960099995325,True
3537503,10.283039000431245,0.23474349998735083,11.0,SP,Sudeste,5-20 mil,7.723535375996844,2.5595036244344005,True
3537602,6.483120198422284,-0.11722569292988498,23.0,SP,Sudeste,50-100 mil,8.633637480916263,-2.150517282493979,True
3537701,4.118759719998536,-0.2508633765796988,22.0,SP,Sudeste,5-20 mil,8.253702569386952,-4.134942849388416,False
3537800,5.234797669790225,-0.1983391291965896,18.0,SP,Sudeste,20-50 mil,7.945320579433352,-2.7105229096431263,True
3537909,4.675563861227886,-0.1881874235200827,18.0,SP,Sudeste,20-50 mil,7.532633591000885,-2.8570697297729994,False
3538006,1.743091893686028,-0.4634259500320325,25.0,SP,Sudeste,100-500 mil,9.064496805513036,-7.321404911827008,False
3538105,3.581577377198034,0.008101807817107431,15.0,SP,Sudeste,5-20 mil,3.28370949328503,0.2978678839130038,False
3538204,3.870716581859142,-0.22165280036922574,18.0,SP,Sudeste,5-20 mil,7.985875862420679,-4.115159280561537,False
3538303,5.283039183399637,-0.16750105542002175,17.0,SP,Sudeste,<5 mil,7.832243464932266,-2.549204281532629,True
3538501,6.120821849157778,0.08015789791403383,13.0,SP,Sudeste,5-20 mil,4.828250945617107,1.2925709035406712,True
3538600,4.243026666306719,-0.26700860985086333,19.0,SP,Sudeste,20-50 mil,8.630831549468056,-4.387804883161337,False
3538709,5.235719701255334,-0.3531244518074843,27.0,SP,Sudeste,100-500 mil,12.26574461638717,-7.030024915131836,True
3538808,3.284909611336957,-0.37213370206517765,22.0,SP,Sudeste,20-50 mil,9.020835265114496,-5.735925653777539,False
3538907,2.7546144698361843,-0.09515142711377386,12.0,SP,Sudeste,20-50 mil,4.114673668433804,-1.3600591985976198,False
3539004,3.544868106828119,-0.0625695502381915,12.0,SP,Sudeste,5-20 mil,4.125114443804672,-0.5802463369765531,False
3539103,4.525015448187958,-0.19062553560122825,25.0,SP,Sudeste,5-20 mil,7.028760912847411,-2.5037454646594535,False
3539202,7.378124438091106,-0.11011058291922186,17.0,SP,Sudeste,20-50 mil,8.968724012899909,-1.5905995748088024,True
3539301,5.3146255803532085,-0.14129176950591077,22.0,SP,Sudeste,50-100 mil,7.062622178393801,-1.7479965980405927,True
3539400,3.3332671931526647,-0.38703111125265804,22.0,SP,Sudeste,5-20 mil,9.738535579873776,-6.4052683867211115,False
3539509,3.3763308584678384,0.0242093989235759,16.0,SP,Sudeste,20-50 mil,2.561280533102839,0.8150503253649992,False
3539608,5.670313765052981,-0.21363464510541513,17.0,SP,Sudeste,<5 mil,8.18764707921446,-2.5173333141614798,True
3539707,6.11209302574008,-0.14266919527599264,17.0,SP,Sudeste,<5 mil,8.138263101672488,-2.0261700759324075,True
3539806,1.1033213429952866,-0.6256877649957057,25.0,SP,Sudeste,100-500 mil,10.185470856260402,-9.082149513265115,False
3539905,5.73631046383116,-0.2250121285438284,17.0,SP,Sudeste,5-20 mil,9.30481441001243,-3.56850394618127,True
3540002,0.0,-0.4488940663405707,7.0,SP,Sudeste,20-50 mil,6.751100603251787,-6.751100603251787,False
3540101,3.5197358705294164,-0.326866631222276,22.0,SP,Sudeste,<5 mil,9.167028622505107,-5.647292751975691,False
3540200,4.5318944844804605,0.13339866128425182,15.0,SP,Sudeste,50-100 mil,2.5193445559833765,2.012549928497084,False
3540259,5.659417580775653,-0.14168546570665633,17.0,SP,Sudeste,<5 mil,7.617595394525186,-1.9581778137495336,True
3540309,6.581732522113953,-0.18049518423244254,17.0,SP,Sudeste,<5 mil,9.70732676465321,-3.1255942425392576,True
3540408,5.8646381382961295,-0.15057293728311594,18.0,SP,Sudeste,<5 mil,8.114291806580308,-2.2496536682841786,True
3540507,2.0460194649750747,-0.32336915548603523,17.0,SP,Sudeste,<5 mil,6.609495616162523,-4.563476151187448,False
3540606,4.779660921624895,-0.26033061493830967,16.0,SP,Sudeste,20-50 mil,7.719751581573749,-2.9400906599488534,False
3540705,11.279234838909645,0.15100297844949429,19.0,SP,Sudeste,50-100 mil,8.902765334522835,2.37646950438681,True
3540754,0.0,-0.23967984685293658,3.0,SP,Sudeste,5-20 mil,1.9231043102483092,-1.9231043102483092,False
3540804,0.49406215313035773,-0.1590795817117125,15.0,SP,Sudeste,5-20 mil,2.853299386218649,-2.359237233088291,False
3540853,40.83645163133042,1.4060008346994555,17.0,SP,Sudeste,<5 mil,27.190021044515166,13.646430586815253,True
3540903,1.5585213554931272,-0.055239541467210586,6.0,SP,Sudeste,20-50 mil,1.5142410699403277,0.0442802855527995,False
3541000,4.161054308695952,-0.16439376793969443,23.0,SP,Sudeste,100-500 mil,7.173755096953376,-3.0127007882574235,False
3541059,6.485626455223951,-0.14982761630916488,17.0,SP,Sudeste,<5 mil,7.834708125720548,-1.3490816704965969,True
3541109,3.3474299500010147,-0.28212202428584937,22.0,SP,Sudeste,<5 mil,7.678909738799969,-4.331479788798954,False
3541208,6.120068321480346,-0.1874370848216784,17.0,SP,Sudeste,5-20 mil,9.417855011738684,-3.297786690258338,True
3541307,3.8798269362860083,-0.3079205587303611,20.0,SP,Sudeste,20-50 mil,9.01443385774596,-5.134606921459952,False
3541406,2.089628860222433,-0.5036667470274463,25.0,SP,Sudeste,100-500 mil,10.544605788255591,-8.454976928033158,False
3541505,4.446439449943767,-0.032029265994295335,16.0,SP,Sudeste,20-50 mil,5.321915988906023,-0.8754765389622552,False
3541604,3.8152621781312064,-0.13530071091467982,18.0,SP,Sudeste,20-50 mil,4.438093466943481,-0.6228312888122742,False
3541653,4.164281148550401,-0.23136197413013543,17.0,SP,Sudeste,<5 mil,7.518786697946904,-3.354505549396503,False
3541703,5.75561243195915,-0.19097240219757608,18.0,SP,Sudeste,5-20 mil,8.569236603333746,-2.8136241713745953,True
3541802,5.723453292443139,-0.16713228018728976,17.0,SP,Sudeste,<5 mil,8.152742197296654,-2.4292889048535145,True
3541901,3.4268696627125337,-0.2892143036898281,22.0,SP,Sudeste,5-20 mil,8.73106777739967,-5.304198114687136,False
3542008,8.226682388955368,-0.05424578762589185,17.0,SP,Sudeste,5-20 mil,9.39065996112323,-1.1639775721678625,True
3542107,2.196348131747925,-0.13185736756529726,18.0,SP,Sudeste,5-20 mil,2.421841393249328,-0.22549326150140292,False
3542206,1.4481538201585522,-0.12767876352649962,12.0,SP,Sudeste,20-50 mil,3.481138977560573,-2.032985157402021,False
3542305,6.396143504030988,-0.08069362145341302,17.0,SP,Sudeste,<5 mil,7.261631978863376,-0.8654884748323877,True
3542404,6.626016504660527,-0.11020462216464993,17.0,SP,Sudeste,5-20 mil,8.490082911076048,-1.864066406415521,True
3542503,5.252296064227892,0.14134971552659856,13.0,SP,Sudeste,5-20 mil,3.2244524248500683,2.0278436393778234,True
3542602,3.815338976541966,-0.42586319630542935,23.0,SP,Sudeste,50-100 mil,11.335900085586774,-7.520561109044808,False
3542701,5.658560561312584,-0.1899473021847187,17.0,SP,Sudeste,5-20 mil,8.756587760028367,-3.0980271987157835,True
3542800,4.507911479190454,-0.1411518487063753,17.0,SP,Sudeste,<5 mil,6.889507559730333,-2.381596080539879,False
3542909,,,2.0,SP,Sudeste,5-20 mil,4.094913288696622,,False
3543006,5.349081343133832,-0.05391878366522387,17.0,SP,Sudeste,5-20 mil,6.139202976611992,-0.7901216334781598,True
3543105,6.710074670781353,-0.15309342321519662,17.0,SP,Sudeste,<5 mil,8.309214872758462,-1.599140201977109,True
3543204,5.119088039497171,-0.21339047799460298,21.0,SP,Sudeste,<5 mil,9.190415584111603,-4.071327544614432,True
3543238,5.754832746838588,-0.11193364048655245,17.0,SP,Sudeste,<5 mil,8.13019956151543,-2.375366814676843,True
3543253,3.552942115870877,-0.10628672861041465,17.0,SP,Sudeste,<5 mil,4.88875337948924,-1.3358112636183632,False
3543303,1.2641496431976975,-0.541993488709214,25.0,SP,Sudeste,100-500 mil,9.991363329186942,-8.727213685989245,False
3543402,0.0,-0.9110970353687361,26.0,SP,Sudeste,500 mil+,11.469248512971587,-11.469248512971587,False
3543501,6.182732674801567,-0.014367298637276446,17.0,SP,Sudeste,<5 mil,6.406516381982841,-0.2237837071812736,True
3543600,16.14146525034414,0.21147490958916437,17.0,SP,Sudeste,<5 mil,17.703842755388468,-1.5623775050443278,True
3543709,0.0,-0.1914814709496699,10.0,SP,Sudeste,5-20 mil,1.250808514115065,-1.250808514115065,False
3543808,0.4443613723777844,-0.2814175247431893,6.0,SP,Sudeste,5-20 mil,3.411558494332579,-2.967197121954795,False
3543907,6.756853767968494,-0.20903582412822255,26.0,SP,Sudeste,100-500 mil,8.983277792085676,-2.2264240241171827,True
3544004,0.0,-0.5519453352994166,15.0,SP,Sudeste,20-50 mil,10.005575544097042,-10.005575544097042,False
3544103,8.834815013555442,-0.1516811672375746,25.0,SP,Sudeste,50-100 mil,12.00569135378116,-3.1708763402257176,True
3544202,9.411356570805538,-0.834043988118649,19.0,SP,Sudeste,5-20 mil,21.85767861090906,-12.44632204010352,True
3544251,4.278896878519049,-0.3175839882389956,20.0,SP,Sudeste,5-20 mil,9.35242800370189,-5.073531125182841,False
3544301,3.373612346535765,-0.28115061193125596,22.0,SP,Sudeste,5-20 mil,7.154427784732498,-3.7808154381967327,False
3544400,4.444481224277013,-0.19177604762913203,22.0,SP,Sudeste,<5 mil,7.78572914946058,-3.341247925183567,False
3544509,4.809847602796765,-0.17410375080454338,17.0,SP,Sudeste,<5 mil,6.96824691490349,-2.1583993121067246,False
3544608,0.9084713496829977,-0.1452656952286441,7.0,SP,Sudeste,<5 mil,2.6135259953047623,-1.7050546456217646,False
3544707,6.864870349811923,-0.07585117170353142,17.0,SP,Sudeste,<5 mil,6.738607988036654,0.12626236177526895,True
3544806,3.392809987525112,0.05516230766325786,14.0,SP,Sudeste,5-20 mil,2.787224799306127,0.6055851882189849,False
3544905,2.986836143015651,0.037433286209123014,10.0,SP,Sudeste,5-20 mil,2.5889507806427976,0.39788536237285355,False
3545001,0.0,-0.5884091168231593,25.0,SP,Sudeste,5-20 mil,8.627116818053981,-8.627116818053981,False
3545100,7.72133521631163,-0.03518240205810363,17.0,SP,Sudeste,<5 mil,8.680768400237099,-0.9594331839254693,True
3545159,8.660317773336885,0.13229323209887792,12.0,SP,Sudeste,5-20 mil,9.628349977985714,-0.9680322046488286,True
3545209,8.72722865904715,-0.02077852792716827,25.0,SP,Sudeste,100-500 mil,8.882404320344811,-0.1551756612976618,True
3545308,4.503670398489419,-0.21225550602304044,22.0,SP,Sudeste,20-50 mil,7.923449028766488,-3.4197786302770687,False
3545407,4.405094960217696,0.12648426692112863,14.0,SP,Sudeste,5-20 mil,2.4004610888304017,2.004633871387294,False
3545506,8.47904706998007,-0.05265468969786724,17.0,SP,Sudeste,<5 mil,9.472000913080802,-0.9929538431007323,True
3545605,2.6883249079107117,-0.019463458817085267,15.0,SP,Sudeste,5-20 mil,2.3166262787046548,0.3716986292060569,False
3545704,4.550978599665143,-0.2155428684671711,20.0,SP,Sudeste,5-20 mil,8.218865787846553,-3.6678871881814104,False
3545803,4.630278449699176,-0.26589208946032244,26.0,SP,Sudeste,100-500 mil,7.563032728073882,-2.9327542783747056,False
3546009,11.634054416564027,0.3680854483485209,12.0,SP,Sudeste,5-20 mil,7.823730835804564,3.810323580759463,True
3546108,5.283907695687844,-0.23181068966501026,17.0,SP,Sudeste,<5 mil,8.255030813493375,-2.971123117805531,True
3546207,6.962707880176879,0.12003052698779047,14.0,SP,Sudeste,<5 mil,5.117012843169642,1.8456950370072374,True
3546256,6.798606908265469,-0.19307541741504103,18.0,SP,Sudeste,<5 mil,10.671773635366709,-3.873166727101239,True
3546306,4.762614811078805,0.06718943710726888,18.0,SP,Sudeste,20-50 mil,4.286487508522942,0.476127302555863,False
3546405,7.642053503339298,-0.17676961040195852,17.0,SP,Sudeste,20-50 mil,10.099865124286303,-2.4578116209470053,True
3546504,4.885964378640551,-0.23838820034509628,17.0,SP,Sudeste,5-20 mil,8.231989051864753,-3.3460246732242016,False
3546603,1.0920180829634774,-0.27965785047536595,18.0,SP,Sudeste,20-50 mil,5.360919242697465,-4.268901159733987,False
3546702,14.88229609571556,0.4333217988343101,15.0,SP,Sudeste,20-50 mil,9.438461140055054,5.443834955660506,True
3546801,10.744026322827153,0.2809102242203778,19.0,SP,Sudeste,20-50 mil,8.06979854430423,2.6742277785229227,True
3546900,0.8071121547642264,-0.05299049563156443,14.0,SP,Sudeste,5-20 mil,1.368700247036672,-0.5615880922724457,False
3547007,3.604972665618675,-0.15832021841457478,17.0,SP,Sudeste,5-20 mil,6.336193440288142,-2.7312207746694668,False
3547106,4.617053750919013,-0.20506044055151587,22.0,SP,Sudeste,<5 mil,8.041789860623581,-3.4247361097045683,False
3547205,5.574456463180638,-0.16457448613139466,17.0,SP,Sudeste,<5 mil,7.617503846604594,-2.0430473834239553,True
3547304,0.0,-1.0173592006566308,25.0,SP,Sudeste,100-500 mil,11.982147042496894,-11.982147042496894,False
3547403,2.4341204678340205,0.029093970539193728,12.0,SP,Sudeste,<5 mil,1.891323475972095,0.5427969918619255,False
3547502,10.5418979907775,0.2533383804945747,15.0,SP,Sudeste,20-50 mil,9.270202232340088,1.2716957584374118,True
3547601,1.9508116312975972,-0.46099882935207787,22.0,SP,Sudeste,20-50 mil,8.911859607364882,-6.9610479760672845,False
3547650,5.297681152837868,-0.21237309787052164,17.0,SP,Sudeste,<5 mil,7.900145354013817,-2.602464201175949,True
3547700,7.451875379417174,-0.1936834959614621,27.0,SP,Sudeste,5-20 mil,9.151745327931271,-1.6998699485140971,True
3547809,1.6539155216662493,-0.5057715431767998,28.0,SP,Sudeste,500 mil+,10.022825292041809,-8.36890977037556,False
3547908,3.5451379704209316,0.017337846838477958,13.0,SP,Sudeste,5-20 mil,3.642633965896589,-0.09749599547565735,False
3548005,6.464837306808931,0.13029008217692095,13.0,SP,Sudeste,20-50 mil,3.3698516289643057,3.0949856778446256,True
3548054,15.563442269185543,0.5873935199958664,3.0,SP,Sudeste,5-20 mil,2.093549787743144,13.4698924814424,True
3548104,5.667654638605654,-0.22421199224223562,17.0,SP,Sudeste,<5 mil,9.103994051228408,-3.436339412622754,True
3548203,4.786268058391045,-0.22810935521936823,17.0,SP,Sudeste,<5 mil,7.531833780905563,-2.7455657225145185,False
3548302,7.148156921681789,-0.056686817333503906,17.0,SP,Sudeste,<5 mil,8.444720426167521,-1.2965635044857322,True
3548401,3.070663154908175,-0.31895268028460544,22.0,SP,Sudeste,<5 mil,8.577274723875265,-5.50661156896709,False
3548500,0.0,-1.0171461951562992,27.0,SP,Sudeste,100-500 mil,13.162833414517536,-13.162833414517536,False
3548609,5.154781060148082,-0.17880190361360987,17.0,SP,Sudeste,5-20 mil,8.15604270681381,-3.0012616466657285,True
3548708,0.0,-0.7702278307001182,27.0,SP,Sudeste,500 mil+,11.549519144105236,-11.549519144105236,False
3548807,2.734258322055666,-0.8013012651807442,28.0,SP,Sudeste,100-500 mil,15.135881698215092,-12.401623376159426,False
3548906,0.7971810833320205,-0.48027075239782413,28.0,SP,Sudeste,100-500 mil,8.065211757553751,-7.26803067422173,False
3549003,5.924188548497511,-0.14459686251755696,17.0,SP,Sudeste,<5 mil,8.54542778477047,-2.6212392362729577,True
3549102,6.659136873790658,-0.2625877686464107,17.0,SP,Sudeste,50-100 mil,10.812876976648246,-4.153740102857588,True
3549201,6.134014139850024,-0.1538436435350222,18.0,SP,Sudeste,<5 mil,8.721609258799381,-2.5875951189493573,True
3549250,0.0,-0.11898396221462865,10.0,SP,Sudeste,<5 mil,2.1313677854713573,-2.1313677854713573,False
3549300,0.0,-0.10210020602968059,13.0,SP,Sudeste,<5 mil,2.30537454538707,-2.30537454538707,False
3549409,2.456421627202076,-0.04881001250986015,15.0,SP,Sudeste,50-100 mil,2.758046298815928,-0.3016246716138524,False
3549508,0.12354154149898022,-0.04387194342872816,12.0,SP,Sudeste,5-20 mil,0.6855808031290862,-0.562039261630106,False
3549607,0.15558716706780729,-0.08563500661669893,7.0,SP,Sudeste,<5 mil,1.1641481653997436,-1.0085609983319364,False
3549706,7.431681167462614,0.18660102033396445,15.0,SP,Sudeste,20-50 mil,5.27675351084201,2.154927656620604,True
3549805,1.4325547800654022,-0.4525666716567062,27.0,SP,Sudeste,100-500 mil,8.845862161839529,-7.413307381774127,False
3549904,2.377360061633567,-0.4752590415410765,27.0,SP,Sudeste,500 mil+,9.570006705578102,-7.192646643944535,False
3549953,2.809043718726116,-0.34727657876237195,23.0,SP,Sudeste,5-20 mil,7.61332537652783,-4.804281657801714,False
3550001,1.9149357233253568,-0.34373053639776446,23.0,SP,Sudeste,5-20 mil,7.24746854626174,-5.3325328229363835,False
3550100,1.213610518303767,-0.5055797520358085,25.0,SP,Sudeste,20-50 mil,9.521530538382388,-8.30792002007862,False
3550209,5.207750579455535,-0.14648441090869752,17.0,SP,Sudeste,20-50 mil,7.495440866493475,-2.2876902870379396,True
3550308,0.0,-1.3459806520160487,27.0,SP,Sudeste,500 mil+,11.756996019591195,-11.756996019591195,False
3550407,9.177191662156588,0.17728508747103766,16.0,SP,Sudeste,20-50 mil,7.043655611822398,2.1335360503341896,True
3550506,4.524446678145409,0.05003019986794352,11.0,SP,Sudeste,5-20 mil,3.8514977535193577,0.6729489246260516,False
3550605,4.271172006500024,-0.3632879954864539,22.0,SP,Sudeste,50-100 mil,9.599045546214208,-5.327873539714185,False
3550704,6.027441138465633,-0.4475116126695412,19.0,SP,Sudeste,50-100 mil,13.111624934216191,-7.084183795750558,True
3550803,14.383744620552989,0.5488365150978576,13.0,SP,Sudeste,5-20 mil,7.641012671227429,6.7427319493255595,True
3550902,1.8691091493431742,0.01970078116778642,10.0,SP,Sudeste,5-20 mil,1.4143782435446195,0.4547309057985547,False
3551009,4.916025924850487,-0.2996766326640373,23.0,SP,Sudeste,100-500 mil,9.609887985140448,-4.693862060289961,False
3551108,5.05777102217229,-0.1141964147791832,17.0,SP,Sudeste,5-20 mil,6.561367838404434,-1.503596816232144,True
3551207,4.632112888119593,-0.2331038273934215,22.0,SP,Sudeste,<5 mil,8.413074082243872,-3.780961194124279,False
3551306,7.457821403939818,-0.15219019414051219,17.0,SP,Sudeste,<5 mil,9.701237600611917,-2.243416196672099,True
3551405,6.1419070360188925,-0.24384020987837876,22.0,SP,Sudeste,5-20 mil,11.93059320550767,-5.788686169488777,True
3551504,2.8189486285928043,-0.00250671636660311,14.0,SP,Sudeste,20-50 mil,3.952452370381293,-1.1335037417884886,False
3551603,5.741937869023332,-0.194173993156987,17.0,SP,Sudeste,20-50 mil,8.856291558379395,-3.1143536893560633,True
3551702,0.5604045653990397,-0.3024986384165549,16.0,SP,Sudeste,100-500 mil,4.582172256038544,-4.021767690639504,False
3551801,6.8420511939555695,-0.16573118140054072,17.0,SP,Sudeste,5-20 mil,9.323654484053764,-2.481603290098194,True
3551900,4.386546137136065,0.05747674297775847,8.0,SP,Sudeste,5-20 mil,3.56450550993558,0.8220406272004852,False
3552007,4.387335091643536,-0.21618713747482068,18.0,SP,Sudeste,<5 mil,7.802045700682306,-3.41471060903877,False
3552106,2.1651421944154663,-0.4151791287740809,23.0,SP,Sudeste,20-50 mil,9.103738520545075,-6.938596326129609,False
3552205,5.417515775828974,-0.24908457968480407,28.0,SP,Sudeste,500 mil+,7.453331517695901,-2.0358157418669265,True
3552304,4.178975266188331,-0.28984233948823357,23.0,SP,Sudeste,5-20 mil,8.75055947840418,-4.571584212215848,False
3552403,4.070074211963345,-0.18887279820162656,22.0,SP,Sudeste,100-500 mil,8.048451476267477,-3.9783772643041324,False
3552502,0.24989572950175898,-0.6791622641433662,25.0,SP,Sudeste,100-500 mil,11.066889774690845,-10.816994045189086,False
3552551,2.779967012938471,0.05483594137442549,11.0,SP,Sudeste,<5 mil,2.735989673399636,0.04397733953883476,False
3552601,2.4087883343435124,-0.0363942559600963,15.0,SP,Sudeste,5-20 mil,3.1801923076484337,-0.7714039733049214,False
3552700,2.703195042086847,-0.04065977016758405,10.0,SP,Sudeste,5-20 mil,2.8817009299962075,-0.17850588790936062,False
3552809,0.0,-0.74660390895317,25.0,SP,Sudeste,100-500 mil,9.099397837491162,-9.099397837491162,False
3552908,5.603131463838849,-0.21153325796614647,27.0,SP,Sudeste,5-20 mil,8.19481644552717,-2.5916849816883207,True
3553005,3.2221989178829062,-0.289702214583533,22.0,SP,Sudeste,5-20 mil,8.339832505507907,-5.117633587625001,False
3553104,3.381406026265978,0.048973201736839986,11.0,SP,Sudeste,5-20 mil,2.354407675886636,1.0269983503793418,False
3553203,0.3645892473844299,-0.1251302409224164,13.0,SP,Sudeste,5-20 mil,1.730984247789186,-1.366395000404756,False
3553302,4.741035132613263,-0.07828346765047967,15.0,SP,Sudeste,20-50 mil,5.170162689977078,-0.4291275573638149,False
3553401,1.034669414267114,-0.16933419955415288,13.0,SP,Sudeste,20-50 mil,3.263199401056547,-2.228529986789433,False
3553500,5.443148882724699,-0.22210161813219062,17.0,SP,Sudeste,5-20 mil,9.27267377054998,-3.829524887825281,True
3553609,11.186489588826817,0.5897158778680807,7.0,SP,Sudeste,5-20 mil,6.8596940833669615,4.326795505459855,True
3553658,,,0.0,SP,Sudeste,<5 mil,,,False
3553708,1.051874541144855,-0.23427942726047798,17.0,SP,Sudeste,50-100 mil,4.626688366887359,-3.5748138257425044,False
3553807,10.019508005268012,0.00465997529163862,17.0,SP,Sudeste,20-50 mil,10.552679402287062,-0.5331713970190499,True
3553856,5.499210506280747,-0.08900391625298401,17.0,SP,Sudeste,<5 mil,6.723982535069426,-1.2247720287886787,True
3553906,5.426054005665662,-0.1554394727717624,20.0,SP,Sudeste,5-20 mil,7.836334240991777,-2.4102802353261144,True
3553955,5.977135687686143,-0.18651762853243348,17.0,SP,Sudeste,5-20 mil,9.011689128608255,-3.034553440922112,True
3554003,2.0307891607823194,-0.409091618546386,23.0,SP,Sudeste,100-500 mil,7.552429888260165,-5.521640727477846,False
3554102,0.0,-0.7749845237967287,25.0,SP,Sudeste,100-500 mil,10.087601359032693,-10.087601359032693,False
3554201,7.729351266719618,0.350442900327721,7.0,SP,Sudeste,<5 mil,4.66592834878726,3.0634229179323587,True
3554300,5.797044654807451,-0.1970526376242647,19.0,SP,Sudeste,5-20 mil,9.068151487892838,-3.271106833085387,True
3554409,6.388740422781609,-0.18667789356048206,17.0,SP,Sudeste,5-20 mil,9.628390862253232,-3.239650439471623,True
3554508,6.638513466435953,-0.029150189043014113,12.0,SP,Sudeste,20-50 mil,8.764793964612098,-2.126280498176145,True
3554607,3.1398023609274333,-0.3042208537330589,22.0,SP,Sudeste,<5 mil,7.8723974593405295,-4.732595098413096,False
3554656,5.254134485660899,-0.11462081836003112,17.0,SP,Sudeste,<5 mil,6.504922505524887,-1.2507880198639887,True
3554706,13.093657337013383,0.3321391784373305,13.0,SP,Sudeste,5-20 mil,9.2253032176208,3.868354119392583,True
3554755,0.367419513352516,-0.04292919051130212,11.0,SP,Sudeste,<5 mil,0.8948522325847361,-0.5274327192322201,False
3554805,7.407124348097113,-0.17474580853832178,17.0,SP,Sudeste,20-50 mil,10.483609561447372,-3.0764852133502583,True
3554904,5.204297797998208,-0.18949577702378634,18.0,SP,Sudeste,<5 mil,8.121142184296106,-2.916844386297898,True
3554953,11.141953475026185,0.439513064256107,8.0,SP,Sudeste,<5 mil,6.1241761892952296,5.017777285730955,True
3555000,5.218295190886579,-0.32119040686199807,23.0,SP,Sudeste,50-100 mil,11.111266200977012,-5.892971010090433,True
3555109,0.0,-0.25848415691493914,16.0,SP,Sudeste,5-20 mil,3.3958703102453103,-3.3958703102453103,False
3555208,5.061193910706891,-0.22640560806841872,17.0,SP,Sudeste,<5 mil,9.13380586627365,-4.07261195556676,True
3555307,6.3683739389838365,-0.15015408188925594,17.0,SP,Sudeste,<5 mil,9.468539909546507,-3.1001659705626707,True
3555356,,,0.0,SP,Sudeste,5-20 mil,,,False
3555406,5.877041551126439,-0.12408400343412321,17.0,SP,Sudeste,50-100 mil,7.640670417289963,-1.7636288661635238,True
3555505,6.142557574638374,-0.20618624492314674,21.0,SP,Sudeste,<5 mil,9.479844864041798,-3.337287289403424,True
3555604,3.105378394717709,0.0051276690776678,10.0,SP,Sudeste,5-20 mil,3.027209887891695,0.07816850682601428,False
3555703,6.362069952957256,-0.19682269162414512,17.0,SP,Sudeste,<5 mil,9.819007577653071,-3.456937624695815,True
3555802,6.0623508013651985,-0.17379298926386855,18.0,SP,Sudeste,5-20 mil,8.737950707095466,-2.6755999057302677,True
3555901,7.101358454444409,-0.11405450943601254,17.0,SP,Sudeste,<5 mil,9.347510492780795,-2.246152038336387,True
3556008,3.884532813808903,0.04108137221927607,12.0,SP,Sudeste,5-20 mil,3.640416193017357,0.24411662079154617,False
3556107,6.21711036378565,-0.18149254082750155,17.0,SP,Sudeste,5-20 mil,9.115797178676202,-2.898686814890551,True
3556206,0.0,-0.5955584574484329,26.0,SP,Sudeste,100-500 mil,8.350222727891197,-8.350222727891197,False
3556305,5.1473045524661245,-0.043834548395060645,15.0,SP,Sudeste,20-50 mil,6.009925744172326,-0.8626211917062019,True
3556354,4.1016524417443065,-0.2339645738208406,17.0,SP,Sudeste,5-20 mil,7.754970353099491,-3.6533179113551846,False
3556404,3.0747456069187677,-0.06253784491735753,17.0,SP,Sudeste,20-50 mil,4.168527705241605,-1.093782098322837,False
3556453,0.9665172081865876,-0.4399299874131731,25.0,SP,Sudeste,50-100 mil,8.220226086360306,-7.253708878173718,False
3556503,7.102872022423952,-0.11541589575882225,21.0,SP,Sudeste,100-500 mil,9.676784818557868,-2.573912796133916,True
3556602,0.0,-0.492482147282194,3.0,SP,Sudeste,5-20 mil,1.6952221665912852,-1.6952221665912852,False
3556701,8.476976919909873,-0.1969489380627888,22.0,SP,Sudeste,50-100 mil,10.663582651031058,-2.186605731121185,True
3556800,3.8203965270298994,0.04406493000028388,14.0,SP,Sudeste,5-20 mil,3.3751450001473686,0.4452515268825308,False
3556909,5.408716147532431,0.03556382739098894,7.0,SP,Sudeste,5-20 mil,4.678964119826339,0.729752027706092,True
3556958,8.167541998418244,-0.053785388051460666,17.0,SP,Sudeste,<5 mil,8.564602303344575,-0.39706030492633104,True
3557006,7.515554666743299,-0.056358640685626675,17.0,SP,Sudeste,100-500 mil,8.358028144955114,-0.8424734782118151,True
3557105,8.674298400702682,0.0380251671633688,20.0,SP,Sudeste,50-100 mil,8.5091944259613,0.16510397474138117,True
3557154,5.47000307739637,-0.18639945377179964,17.0,SP,Sudeste,<5 mil,7.760378770743868,-2.2903756933474977,True
3557204,0.0,-0.18962460489795288,16.0,SP,Sudeste,5-20 mil,2.116008777961129,-2.116008777961129,False
3557303,9.133310430177517,0.261575119034114,13.0,SP,Sudeste,5-20 mil,7.186490961579679,1.9468194685978375,True
4100103,4.899576751154056,0.005122576499116848,14.0,PR,Sul,5-20 mil,4.475772331419279,0.4238044197347772,False
4100202,0.41489074479557075,-0.37730135426277883,25.0,PR,Sul,<5 mil,7.115014770632653,-6.700124025837082,False
4100301,4.410597302972803,-0.12290930984559037,24.0,PR,Sul,<5 mil,6.663569682883224,-2.25297237991042,False
4100400,6.040493552876342,-0.08169196476045996,25.0,PR,Sul,100-500 mil,8.41647218431906,-2.3759786314427185,True
4100459,5.901795629803198,0.003932953813890528,19.0,PR,Sul,<5 mil,6.645992092959297,-0.7441964631560989,True
4100509,8.26023425538417,-0.010184733396022537,19.0,PR,Sul,5-20 mil,9.433747442312852,-1.1735131869286821,True
4100608,7.998305856320144,-0.056673188185116366,19.0,PR,Sul,5-20 mil,9.199607765593669,-1.2013019092735249,True
4100707,9.024428810287375,0.05967465299535396,19.0,PR,Sul,5-20 mil,8.57116567816202,0.45326313212535574,True
4100806,6.994000498517266,0.2579587948728522,9.0,PR,Sul,5-20 mil,3.254398566166889,3.7396019323503773,True
4100905,7.834512806063245,0.05076491829919907,19.0,PR,Sul,5-20 mil,9.129915206472512,-1.2954024004092677,True
4101002,9.450310862277988,0.047274273003353955,19.0,PR,Sul,5-20 mil,9.64588009452604,-0.19556923224805267,True
4101051,5.433456901091077,-0.039570458274932614,19.0,PR,Sul,<5 mil,6.155748198446219,-0.7222912973551416,True
4101101,4.489574199851347,-0.08096507112323129,12.0,PR,Sul,5-20 mil,5.738985493872905,-1.2494112940215576,False
4101150,1.2389992173414726,-0.1023902564079454,22.0,PR,Sul,<5 mil,2.778534371294272,-1.5395351539527993,False
4101200,3.459612851510599,-0.13132619927252154,23.0,PR,Sul,5-20 mil,6.423138480817157,-2.9635256293065586,False
4101309,3.929073313677179,-0.09696219337270082,19.0,PR,Sul,<5 mil,5.877626628819164,-1.948553315141985,False
4101408,6.036542528812845,-0.22458216668665518,24.0,PR,Sul,100-500 mil,10.465327237965976,-4.428784709153131,True
4101507,9.296160434404001,-0.02563444001686248,19.0,PR,Sul,100-500 mil,10.470255378889222,-1.174094944485221,True
4101606,6.903536397116653,-0.08892513643644577,23.0,PR,Sul,20-50 mil,9.38326191084036,-2.4797255137237073,True
4101655,5.140872775968134,-0.03345689704039412,19.0,PR,Sul,<5 mil,5.87245645215252,-0.7315836761843864,True
4101705,7.917217551957933,0.0358703582960798,19.0,PR,Sul,5-20 mil,7.80763542118543,0.10958213077250267,True
4101804,6.10663602791135,-0.3300319733161906,25.0,PR,Sul,100-500 mil,11.630659269554537,-5.524023241643187,True
4101853,5.414883161098189,-0.03293193965082627,19.0,PR,Sul,<5 mil,6.562546133645624,-1.147662972547435,True
4101903,5.786145618773162,-0.1825605340576921,22.0,PR,Sul,5-20 mil,9.432399295830203,-3.6462536770570413,True
4102000,7.468643299438938,-0.0568338290991167,19.0,PR,Sul,20-50 mil,9.0676593632687,-1.5990160638297617,True
4102109,8.981777808215952,-0.06505366446728549,19.0,PR,Sul,20-50 mil,10.394834185846054,-1.4130563776301024,True
4102208,5.794442461554127,-0.07519454086547386,19.0,PR,Sul,<5 mil,7.517221588680023,-1.7227791271258965,True
4102307,0.0,-0.454938364309694,25.0,PR,Sul,5-20 mil,7.220023229737471,-7.220023229737471,False
4102406,5.4854452393972455,0.0023527035103948317,18.0,PR,Sul,20-50 mil,5.52676670355492,-0.0413214641576749,True
4102505,6.112064579193984,-0.04814246679915333,19.0,PR,Sul,5-20 mil,7.119975754466626,-1.0079111752726426,True
4102604,5.419352249450071,-0.1406690872443504,20.0,PR,Sul,5-20 mil,7.406359479194878,-1.9870072297448065,True
4102703,5.567087052542391,-0.05731951671334724,19.0,PR,Sul,<5 mil,6.7952339591186615,-1.2281469065762707,True
4102752,4.869793222157909,-0.06348482947031724,19.0,PR,Sul,<5 mil,5.866305372203887,-0.9965121500459775,False
4102802,4.002512419312438,-0.25642303307759384,22.0,PR,Sul,5-20 mil,8.53041100095823,-4.5278985816457915,False
4102901,6.5134092268416595,-0.029485894109008228,19.0,PR,Sul,5-20 mil,8.344413897439662,-1.831004670598002,True
4103008,5.488531263402706,-0.07119922089043507,19.0,PR,Sul,<5 mil,7.0875305463141896,-1.5989992829114836,True
4103024,6.6546898693848,-0.00213587324635961,19.0,PR,Sul,<5 mil,6.773213241950544,-0.11852337256574419,True
4103040,5.963580490921572,0.13946253966956337,7.0,PR,Sul,<5 mil,4.306443725512903,1.6571367654086693,True
4103057,5.046040252242221,-0.07348608076972878,19.0,PR,Sul,<5 mil,6.573607317435084,-1.527567065192863,True
4103107,4.021981008285707,-0.15582857697641456,25.0,PR,Sul,5-20 mil,7.393177192264173,-3.3711961839784665,False
4103156,8.194612123077661,0.1518522060042014,18.0,PR,Sul,<5 mil,6.251686722369421,1.9429254007082406,True
4103206,4.819843427486319,-0.08110360537551302,19.0,PR,Sul,5-20 mil,6.347263173863918,-1.527419746377599,False
4103222,5.464786046948859,-0.04464731760224511,19.0,PR,Sul,<5 mil,6.622828689118912,-1.1580426421700531,True
4103305,4.452701338524378,-0.07023377538693937,19.0,PR,Sul,<5 mil,5.874616070553175,-1.4219147320287977,False
4103354,4.381112222330387,-0.0823050619591913,19.0,PR,Sul,<5 mil,5.794574458245057,-1.41346223591467,False
4103370,5.9185226214425555,-0.007878929588148686,19.0,PR,Sul,<5 mil,6.622845177484697,-0.7043225560421416,True
4103404,5.896726597312025,-0.03655723808646665,19.0,PR,Sul,<5 mil,6.565518653202767,-0.6687920558907425,True
4103453,8.49718534224013,-0.07573107628869563,19.0,PR,Sul,5-20 mil,10.669061743899563,-2.171876401659434,True
4103479,5.207462585071269,-0.03688509559317903,19.0,PR,Sul,<5 mil,6.143043172839073,-0.9355805877678041,True
4103503,6.065730265313903,-0.02587809682260487,19.0,PR,Sul,5-20 mil,7.26500753473965,-1.199277269425747,True
4103602,8.974831125869088,-0.09021918997823127,19.0,PR,Sul,20-50 mil,10.67382225017873,-1.698991124309643,True
4103701,7.175322714294168,-0.2174546884569926,25.0,PR,Sul,100-500 mil,11.693950723751165,-4.518628009456997,True
4103800,3.5398498729537664,-0.17923840210639486,19.0,PR,Sul,5-20 mil,6.55796818187999,-3.0181183089262236,False
4103909,4.7375173951216425,-0.08000548897008783,19.0,PR,Sul,5-20 mil,6.309518785757604,-1.5720013906359611,False
4103958,5.270154416348689,-0.024731993516145186,19.0,PR,Sul,<5 mil,6.204176639510799,-0.9340222231621107,True
4104006,6.0601119535945145,-0.16633990156277045,24.0,PR,Sul,20-50 mil,8.966639556838109,-2.9065276032435943,True
4104055,4.657410484022556,-0.016666753823358468,19.0,PR,Sul,<5 mil,5.28681447194186,-0.6294039879193045,False
4104105,5.835670886949583,-0.003968818315402667,19.0,PR,Sul,<5 mil,6.676914709771356,-0.8412438228217738,True
4104204,4.553546832482084,-0.2444705081288318,25.0,PR,Sul,100-500 mil,9.825551686905396,-5.272004854423312,False
4104253,0.0,-1.056218892440421,24.0,PR,Sul,20-50 mil,8.41394832394531,-8.41394832394531,False
4104303,6.454873794925788,-0.2446120199934135,24.0,PR,Sul,50-100 mil,11.301861141896504,-4.846987346970716,True
4104402,5.176700161648796,-0.18028437340270187,20.0,PR,Sul,<5 mil,8.864385143352376,-3.6876849817035797,True
4104428,9.946046906949817,0.10673925704301486,19.0,PR,Sul,5-20 mil,9.428621395636297,0.5174255113135207,True
4104451,6.556299441912131,-0.05854551407766168,19.0,PR,Sul,5-20 mil,8.096196054550763,-1.539896612638632,True
4104501,6.446000659020228,-0.2156919736771102,23.0,PR,Sul,5-20 mil,10.951096386920437,-4.505095727900208,True
4104600,5.518562014337071,-0.030615817362218866,19.0,PR,Sul,5-20 mil,6.587292703229656,-1.0687306888925852,True
4104659,8.55574595047127,-0.01238291156818428,19.0,PR,Sul,5-20 mil,9.03421942290654,-0.4784734724352706,True
4104709,8.233627251401572,-0.05763120941898129,19.0,PR,Sul,5-20 mil,9.60718715915509,-1.3735599077535188,True
4104808,6.8470406254056115,-0.24223284037327386,25.0,PR,Sul,100-500 mil,11.97753834266416,-5.130497717258548,True
4104907,8.746188558894488,-0.031101190002665504,19.0,PR,Sul,50-100 mil,9.812797685909391,-1.0666091270149032,True
4105003,5.664491765727149,-0.07324562664616409,19.0,PR,Sul,5-20 mil,6.452308515747627,-0.787816750020478,True
4105102,7.594525594627612,0.025525688854941216,19.0,PR,Sul,5-20 mil,7.966044759151742,-0.3715191645241296,True
4105201,0.272416521706873,-0.28027660107249786,25.0,PR,Sul,5-20 mil,5.522890349830797,-5.250473828123924,False
4105300,10.761568571487828,0.1054589209741103,20.0,PR,Sul,5-20 mil,9.674633272052038,1.0869352994357904,True
4105409,10.74821797374554,0.07871739128023866,19.0,PR,Sul,5-20 mil,10.56887682165302,0.179341152092519,True
4105508,6.7934557824106605,-0.22632135558149769,22.0,PR,Sul,50-100 mil,10.623929209139964,-3.830473426729304,True
4105607,7.007266879285737,-0.2039745223083154,22.0,PR,Sul,5-20 mil,10.509956449809652,-3.5026895705239145,True
4105706,9.743399441028899,0.0501515434480335,19.0,PR,Sul,5-20 mil,9.93646693600121,-0.19306749497231124,True
4105805,5.637715070616537,-0.13799351404992513,25.0,PR,Sul,100-500 mil,8.803825595753583,-3.1661105251370465,True
4105904,0.0,-0.2839793169954727,22.0,PR,Sul,20-50 mil,2.860061266068723,-2.860061266068723,False
4106001,5.261266543978877,-0.03703225528084915,19.0,PR,Sul,5-20 mil,6.054294474777149,-0.7930279307982717,True
4106100,7.468740458259887,-0.04671360183243199,19.0,PR,Sul,<5 mil,8.741486522495817,-1.27274606423593,True
4106209,4.93930657753134,-0.10803738075431503,24.0,PR,Sul,5-20 mil,7.676500439029982,-2.7371938614986417,False
4106308,7.966635710042198,-0.05291030060623623,19.0,PR,Sul,5-20 mil,9.784374014952515,-1.8177383049103177,True
4106407,3.8316550647351733,-0.43017930087477885,23.0,PR,Sul,20-50 mil,11.035747021928351,-7.204091957193178,False
4106456,3.9647477051034343,-0.09146777896740392,19.0,PR,Sul,<5 mil,5.757554669328757,-1.7928069642253224,False
4106506,7.517538952271096,-0.037383715858062175,19.0,PR,Sul,5-20 mil,8.785556994425288,-1.2680180421541927,True
4106555,5.166946103500379,-0.1710472578777515,19.0,PR,Sul,<5 mil,7.907708790658273,-2.7407626871578934,True
4106571,6.043516403157767,0.013271537796752884,19.0,PR,Sul,<5 mil,6.160958949155786,-0.11744254599801884,True
4106605,13.314866750757858,0.1893287400530589,19.0,PR,Sul,5-20 mil,11.299127489113086,2.0157392616447716,True
4106704,4.356227171328385,-0.12217090587215425,19.0,PR,Sul,<5 mil,6.430947752188569,-2.074720580860184,False
4106803,4.766814873757113,-0.08887016006201938,19.0,PR,Sul,5-20 mil,6.333473273797968,-1.566658400040855,False
4106852,5.387862296174255,-0.012873236983084617,19.0,PR,Sul,<5 mil,5.811772589239364,-0.4239102930651093,True
4106902,4.508706112580853,-0.46062134727568643,27.0,PR,Sul,500 mil+,12.20520417124405,-7.696498058663197,False
4107009,4.759009836721901,-0.06484592917384778,19.0,PR,Sul,5-20 mil,5.966456486434552,-1.2074466497126508,False
4107108,8.518614594848703,0.0023132010163815857,19.0,PR,Sul,<5 mil,10.703128618277796,-2.1845140234290934,True
4107124,5.139224588323081,-0.024473287593736504,19.0,PR,Sul,<5 mil,5.649297614031919,-0.510073025708838,True
4107157,5.040147581314159,-0.04374489165391061,19.0,PR,Sul,<5 mil,6.051321376993666,-1.0111737956795075,True
4107207,8.053376882015328,-0.06936592188034797,20.0,PR,Sul,20-50 mil,9.837510200608609,-1.7841333185932804,True
4107256,5.015660512320693,-0.09609597313679023,19.0,PR,Sul,5-20 mil,6.865404178779443,-1.8497436664587497,True
4107306,5.180372947505816,-0.1585749141459457,23.0,PR,Sul,5-20 mil,8.412994311451271,-3.232621363945455,True
4107405,5.481657135870449,-0.0805240784742771,19.0,PR,Sul,<5 mil,7.289090207097633,-1.8074330712271838,True
4107504,4.574930217944143,-0.1880211300459274,20.0,PR,Sul,5-20 mil,7.99382702423549,-3.4188968062913467,False
4107520,5.2242670174469765,-0.06872770195496104,19.0,PR,Sul,<5 mil,6.606976469459027,-1.3827094520120502,True
4107538,5.864224228427446,0.04033723706213025,9.0,PR,Sul,<5 mil,6.669410076733103,-0.8051858483056566,True
4107546,3.9250418123014867,-0.08760315164752888,19.0,PR,Sul,<5 mil,5.382469312062036,-1.4574274997605494,False
4107553,4.840526025529584,-0.04624236200659826,19.0,PR,Sul,<5 mil,5.922388323912539,-1.081862298382955,False
4107603,5.228026767812906,-0.118279271991089,23.0,PR,Sul,5-20 mil,8.26574740738434,-3.0377206395714342,True
4107652,6.5024155351846105,-0.061324285558400166,25.0,PR,Sul,50-100 mil,8.58615762124799,-2.0837420860633795,True
4107702,4.240151801579259,-0.1347972608238308,19.0,PR,Sul,<5 mil,6.2304321521823,-1.990280350603041,False
4107736,3.6110273933016117,-0.09579082352197649,19.0,PR,Sul,<5 mil,5.005447552611084,-1.3944201593094725,False
4107751,6.421641009299022,0.003044053934129115,19.0,PR,Sul,5-20 mil,6.69295311120898,-0.2713121019099578,True
4107801,5.045626492930637,-0.1695395589002944,19.0,PR,Sul,<5 mil,7.909679120897163,-2.864052627966526,True
4107850,5.192415105733943,-0.053221646833725926,19.0,PR,Sul,<5 mil,6.262573701630124,-1.0701585958961815,True
4107900,3.6621769991330666,-0.16745623605056742,19.0,PR,Sul,5-20 mil,6.35314712336414,-2.6909701242310735,False
4108007,6.535301272442624,-0.047060390035930724,22.0,PR,Sul,5-20 mil,8.336619125440823,-1.8013178529981992,True
4108106,3.460289959150302,0.06389631883089766,7.0,PR,Sul,<5 mil,1.7387725620325791,1.7215173971177227,False
4108205,4.719668608493208,-0.12092833094142068,19.0,PR,Sul,<5 mil,6.647752771464084,-1.928084162970876,False
4108304,7.991904916555086,-0.2587553565585793,25.0,PR,Sul,100-500 mil,13.286661567041175,-5.2947566504860895,True
4108320,7.837561371149064,0.054534587976098836,19.0,PR,Sul,<5 mil,9.084897621389196,-1.2473362502401315,True
4108403,7.46775450470227,-0.16544301964391797,23.0,PR,Sul,50-100 mil,11.295725930642703,-3.827971425940433,True
4108452,4.6759344995304275,-0.03264881868028425,19.0,PR,Sul,<5 mil,5.3028199777649725,-0.626885478234545,False
4108502,7.163863623172588,0.04042936832412178,19.0,PR,Sul,5-20 mil,7.390474367880061,-0.22661074470747256,True
4108551,4.013240985737397,-0.06081644124503418,19.0,PR,Sul,<5 mil,5.264464386967331,-1.2512234012299341,False
4108601,5.653503400111106,-0.21289626510066595,23.0,PR,Sul,20-50 mil,9.472682423129877,-3.819179023018771,True
4108650,3.691072898481849,-0.09888856103910079,19.0,PR,Sul,<5 mil,5.291194281465183,-1.6001213829833336,False
4108700,4.527392458185176,-0.06533494045271414,19.0,PR,Sul,<5 mil,5.839668085482196,-1.3122756272970202,False
4108809,9.299135560726583,-0.025392740772533888,19.0,PR,Sul,20-50 mil,8.109640576888513,1.1894949838380704,True
4108908,5.520884739949878,-0.05569700457797671,19.0,PR,Sul,5-20 mil,6.860749947954655,-1.3398652080047775,True
4108957,3.409613191828953,-0.11312719913282662,19.0,PR,Sul,<5 mil,5.60337115213353,-2.193757960304577,False
4109005,8.89910460761513,0.14572361520488908,19.0,PR,Sul,<5 mil,8.89163049036073,0.007474117254398394,True
4109104,3.1298505411465385,-0.1945269401360656,19.0,PR,Sul,<5 mil,6.060978529359786,-2.9311279882132473,False
4109203,5.051062149868102,-0.08941689550740127,19.0,PR,Sul,<5 mil,6.39150338353163,-1.3404412336635279,True
4109302,5.943247633227259,-0.12157566723583114,20.0,PR,Sul,5-20 mil,8.496152792230477,-2.5529051590032186,True
4109401,5.016816296477259,-0.2780185541544936,25.0,PR,Sul,100-500 mil,10.241988857895963,-5.225172561418704,True
4109500,7.665638041042257,-0.09350310797883506,22.0,PR,Sul,<5 mil,8.832525566834871,-1.166887525792614,True
4109609,8.505186716887295,-0.0746600749907551,22.0,PR,Sul,20-50 mil,10.304849693421383,-1.7996629765340888,True
4109658,3.6177986204302783,-0.1245615492195974,19.0,PR,Sul,<5 mil,5.983264847420703,-2.3654662269904243,False
4109708,2.002049848463116,-0.25748293990999893,23.0,PR,Sul,20-50 mil,6.803352675864144,-4.801302827401027,False
4109757,4.409465208062443,-0.03592902716373908,19.0,PR,Sul,5-20 mil,5.388685726786645,-0.979220518724202,False
4109807,4.067243141411268,-0.14528591979592628,24.0,PR,Sul,50-100 mil,7.058189502169798,-2.99094636075853,False
4109906,5.634914854449363,-0.07749804031554967,19.0,PR,Sul,5-20 mil,7.129997679236999,-1.4950828247876355,True
4110003,0.0,-0.17844669791077777,16.0,PR,Sul,<5 mil,2.072256452918019,-2.072256452918019,False
4110052,3.380427672535177,-0.1641200354117499,19.0,PR,Sul,<5 mil,6.282699126953947,-2.90227145441877,False
4110078,8.341141697269336,0.10876054575286137,19.0,PR,Sul,5-20 mil,7.730919004614302,0.610222692655034,True
4110102,6.241199123948519,-0.07921401146711411,19.0,PR,Sul,20-50 mil,8.167348875609704,-1.9261497516611854,True
4110201,6.831211435703821,0.05142897826011228,19.0,PR,Sul,5-20 mil,6.6624599255852806,0.16875151011854062,True
4110300,3.830266127619268,-0.132394957534445,19.0,PR,Sul,<5 mil,5.501936609945399,-1.6716704823261308,False
4110409,2.918642461572915,-0.20190978977781981,22.0,PR,Sul,<5 mil,6.5616172249408855,-3.6429747633679703,False
4110508,5.473966412703362,-0.1316449302621894,19.0,PR,Sul,5-20 mil,7.836433181245475,-2.362466768542113,True
4110607,7.291448044823824,-0.08978001067763901,20.0,PR,Sul,5-20 mil,9.795975064678183,-2.5045270198543594,True
4110656,5.5553876861917,-0.010298892905721448,19.0,PR,Sul,<5 mil,6.033665980096799,-0.4782782939050989,True
4110706,5.097814685195772,-0.24639195267692887,23.0,PR,Sul,20-50 mil,9.93524426874774,-4.837429583551968,True
4110805,4.0606236526915325,-0.08340498177832775,19.0,PR,Sul,5-20 mil,5.620221320912579,-1.5595976682210466,False
4110904,5.36290404944819,-0.0726861338052491,19.0,PR,Sul,<5 mil,6.689625127478735,-1.3267210780305447,True
4110953,6.913800724515312,-0.08846212974715556,19.0,PR,Sul,5-20 mil,8.51541645660073,-1.6016157320854187,True
4111001,6.588073839453557,0.15811010097307537,13.0,PR,Sul,<5 mil,5.0776659208653845,1.5104079185881725,True
4111100,7.855261715043298,-0.10283029529855806,19.0,PR,Sul,5-20 mil,10.014208035153292,-2.158946320109994,True
4111209,5.933197852821191,-0.007924130311142738,19.0,PR,Sul,5-20 mil,6.527177743715157,-0.5939798908939657,True
4111258,4.286441239834204,-0.09629607988705241,25.0,PR,Sul,20-50 mil,7.340249513212581,-3.053808273378377,False
4111308,5.516008650241631,-0.04635548751982328,19.0,PR,Sul,<5 mil,6.335505973225941,-0.8194973229843105,True
4111407,6.085722142317195,-0.07481092091945943,19.0,PR,Sul,5-20 mil,7.558288889047407,-1.4725667467302124,True
4111506,4.096199531760362,-0.21869089014822063,23.0,PR,Sul,20-50 mil,8.008769784735707,-3.9125702529753443,False
4111555,7.635053389254164,0.0003985441249200744,20.0,PR,Sul,5-20 mil,8.467998178209294,-0.83294478895513,True
4111605,5.339143782374833,-0.11224944031997675,19.0,PR,Sul,<5 mil,6.829929451048744,-1.4907856686739107,True
4111704,4.8891409417041665,-0.014841245341846145,19.0,PR,Sul,<5 mil,5.6187038090232,-0.729562867319034,False
4111803,7.823788428135742,-0.2380615316033236,19.0,PR,Sul,20-50 mil,12.024336190149052,-4.20054776201331,True
4111902,3.4046350959642098,-0.04198571205498952,11.0,PR,Sul,5-20 mil,3.967700525960143,-0.5630654299959335,False
4112009,7.326954541595285,0.10678309586478132,17.0,PR,Sul,20-50 mil,5.845967301817763,1.4809872397775221,True
4112108,6.274078464397633,-0.18825816564446196,19.0,PR,Sul,5-20 mil,9.73200653786986,-3.457928073472228,True
4112207,4.931590607961894,-0.03793579574518961,19.0,PR,Sul,<5 mil,6.002617679602664,-1.0710270716407697,False
4112306,5.048364932528891,-0.024859483380173006,19.0,PR,Sul,<5 mil,5.87363034812389,-0.8252654155949992,True
4112405,7.8460500672075,0.19578554027033596,12.0,PR,Sul,5-20 mil,5.139133078024213,2.706916989183287,True
4112504,6.682400653806162,0.019028970274495367,19.0,PR,Sul,5-20 mil,7.573741906783801,-0.8913412529776386,True
4112603,2.7901467913868157,0.007181677324998569,11.0,PR,Sul,<5 mil,2.515530519171746,0.27461627221506957,False
4112702,2.699741288767939,-0.15599080738597418,23.0,PR,Sul,5-20 mil,5.604634320267389,-2.9048930314994506,False
4112751,4.653817331951672,-0.08512062197066082,19.0,PR,Sul,5-20 mil,6.391240875568231,-1.7374235436165595,False
4112801,8.504112872045681,-0.05584337586721169,19.0,PR,Sul,5-20 mil,9.960322379020887,-1.4562095069752061,True
4112900,3.3616866612573233,-0.11221236464338499,20.0,PR,Sul,<5 mil,5.328419473726631,-1.9667328124693073,False
4112959,4.782302621601758,-0.0852038803348742,19.0,PR,Sul,5-20 mil,6.398888992047863,-1.6165863704461048,False
4113007,5.486590344247787,0.05830077805447061,14.0,PR,Sul,5-20 mil,4.519684593098618,0.9669057511491692,True
4113106,4.5114537012908045,0.07079582308741264,11.0,PR,Sul,<5 mil,3.423635367217201,1.0878183340736034,False
4113205,2.955032565568331,-0.3419653788985682,23.0,PR,Sul,20-50 mil,9.1768753275256,-6.221842761957269,False
4113254,4.354243551410278,-0.03512677224766238,19.0,PR,Sul,<5 mil,5.081742629735076,-0.7274990783247981,False
4113304,6.5352560622091005,-0.04990778895219053,20.0,PR,Sul,20-50 mil,7.980329236230207,-1.4450731740211067,True
4113403,4.394439154022564,-0.09725721489747444,19.0,PR,Sul,<5 mil,5.822843229420188,-1.4284040753976246,False
4113429,5.26942521644898,-0.0327932358495302,19.0,PR,Sul,<5 mil,5.821964596616279,-0.5525393801672998,True
4113452,5.062716425976959,-0.07086210953487977,19.0,PR,Sul,<5 mil,6.208052764085252,-1.1453363381082937,True
4113502,9.70023797927918,-0.055568620894121686,20.0,PR,Sul,20-50 mil,11.303683051307614,-1.6034450720284337,True
4113601,4.715861135735366,0.03793949871533953,16.0,PR,Sul,<5 mil,4.9100016773896655,-0.19414054165429917,False
4113700,3.558303419909862,-0.5205951688088923,27.0,PR,Sul,500 mil+,12.963843335174609,-9.405539915264747,False
4113734,4.885612742834553,-0.04497069118703884,19.0,PR,Sul,<5 mil,5.837246675667078,-0.9516339328325252,False
4113759,5.546433320483068,-0.031400755129235146,19.0,PR,Sul,<5 mil,7.06113814985793,-1.5147048293748622,True
4113809,5.326739333524301,-0.07121800721236063,19.0,PR,Sul,<5 mil,6.308839482162503,-0.9821001486382013,True
4113908,7.06762576046404,0.027776907569770755,19.0,PR,Sul,5-20 mil,7.50559153118398,-0.4379657707199405,True
4114005,8.504188710534075,0.002107763583472237,19.0,PR,Sul,5-20 mil,8.93828222146077,-0.43409351092669546,True
4114104,3.1219109342957836,-0.27944431449263046,24.0,PR,Sul,20-50 mil,8.115520782831316,-4.993609848535533,False
4114203,5.828676520497879,-0.1816858856707242,24.0,PR,Sul,20-50 mil,9.341926474776406,-3.5132499542785265,True
4114302,1.2450810020653762,-0.3405099845991693,25.0,PR,Sul,5-20 mil,7.395936079937929,-6.150855077872553,False
4114351,8.39969297777509,0.18591650057827322,17.0,PR,Sul,<5 mil,5.312368215988265,3.0873247617868245,True
4114401,5.874709200696486,-0.15620546944956687,20.0,PR,Sul,5-20 mil,9.227577664672165,-3.3528684639756783,True
4114500,6.441463605891656,-0.03459068381361683,19.0,PR,Sul,5-20 mil,8.454219714245255,-2.0127561083535994,True
4114609,5.1725737426359615,-0.1099717914230628,24.0,PR,Sul,20-50 mil,6.585066892366105,-1.4124931497301434,True
4114708,4.809577169198846,-0.05648248728014881,19.0,PR,Sul,<5 mil,6.079702406551051,-1.2701252373522047,False
4114807,4.511263428398308,-0.13956731107101525,22.0,PR,Sul,20-50 mil,5.168006518151815,-0.6567430897535065,False
4114906,7.557928032568185,0.04274936503537662,19.0,PR,Sul,5-20 mil,7.777056067331996,-0.21912803476381093,True
4115002,6.394003822771889,-0.01497291597639187,19.0,PR,Sul,5-20 mil,6.961560458371417,-0.5675566355995274,True
4115101,4.229340166694556,0.036499300417542915,7.0,PR,Sul,5-20 mil,3.989453716934461,0.23988644976009477,False
4115200,7.72698806371875,-0.3527039144863958,27.0,PR,Sul,100-500 mil,14.667192277465372,-6.940204213746622,True
4115309,5.450801658370736,-0.037025960945064836,19.0,PR,Sul,<5 mil,6.359806044996427,-0.9090043866256909,True
4115358,4.9032667295163606,-0.11799555392553847,19.0,PR,Sul,<5 mil,7.323489740604376,-2.420223011088016,False
4115408,8.43472546062436,0.0014471776341021278,19.0,PR,Sul,5-20 mil,9.465204520631875,-1.030479060007515,True
4115457,4.485079764819318,-0.055768496281678515,19.0,PR,Sul,<5 mil,5.8615807019891175,-1.3765009371697996,False
4115507,5.142833563637566,0.15676867664526623,12.0,PR,Sul,<5 mil,3.859486505975438,1.2833470576621284,True
4115606,8.33113434790144,-0.0328462272033538,19.0,PR,Sul,5-20 mil,9.416910758307422,-1.0857764104059822,True
4115705,8.996522619320174,-0.0007470743068225539,22.0,PR,Sul,20-50 mil,10.350890828145449,-1.3543682088252744,True
4115739,2.4335893993251716,-0.12437525521381033,19.0,PR,Sul,<5 mil,4.528798008477319,-2.095208609152148,False
4115754,4.010309557626414,-0.08896267679219184,19.0,PR,Sul,5-20 mil,5.399467921429825,-1.3891583638034115,False
4115804,8.642025963229955,0.02634085617097862,19.0,PR,Sul,20-50 mil,9.177238484687033,-0.535212521457078,True
4115853,0.1067975862110302,-0.24494363523911292,24.0,PR,Sul,<5 mil,3.74870050922618,-3.6419029230151496,False
4115903,3.9858505245973106,-0.11149497991329282,19.0,PR,Sul,<5 mil,5.962819115244857,-1.9769685906475463,False
4116000,1.358721577511119,-0.11049907425040259,14.0,PR,Sul,<5 mil,2.530108205625757,-1.1713866281146381,False
4116059,5.767356586140721,-0.039959656691542715,19.0,PR,Sul,5-20 mil,6.989989161173445,-1.2226325750327236,True
4116109,5.443680592757637,-0.0199154446060755,19.0,PR,Sul,5-20 mil,6.347637801191045,-0.9039572084334075,True
4116208,6.138575188602999,-0.19515880827449864,22.0,PR,Sul,5-20 mil,9.75399221144822,-3.61541702284522,True
4116307,1.1948505983966697,-0.09732362999392208,12.0,PR,Sul,<5 mil,2.30035529322163,-1.10550469482496,False
4116406,1.2846493390187632,-0.02363546407315237,3.0,PR,Sul,<5 mil,1.722640576278478,-0.4379912372597148,False
4116505,6.57769647120341,-0.039354796276342495,19.0,PR,Sul,<5 mil,6.997716903386768,-0.4200204321833576,True
4116604,6.153933963939,-0.0006689484752610303,19.0,PR,Sul,<5 mil,6.787112186554979,-0.633178222615979,True
4116703,10.512254273377607,0.1266314866674014,19.0,PR,Sul,5-20 mil,9.629081789277205,0.8831724841004025,True
4116802,2.2693946908238445,-0.166318595062335,20.0,PR,Sul,<5 mil,5.156003500040566,-2.886608809216722,False
4116901,8.593874612270014,-0.10369196186761204,19.0,PR,Sul,20-50 mil,10.72268224085182,-2.1288076285818054,True
4116950,6.488577721041903,0.0011433011054718415,19.0,PR,Sul,<5 mil,7.085001473048474,-0.5964237520065714,True
4117008,4.4877215197218305,0.02370370084849235,14.0,PR,Sul,5-20 mil,5.142542345837637,-0.6548208261158068,False
4117057,6.897643015478877,-0.11436483250957127,19.0,PR,Sul,<5 mil,9.279701244738376,-2.382058229259499,True
4117107,13.901998818464449,0.2097520291492435,19.0,PR,Sul,5-20 mil,11.90696295002321,1.9950358684412386,True
4117206,6.150260707716448,-0.030767504951517616,19.0,PR,Sul,<5 mil,7.738754934992455,-1.5884942272760068,True
4117214,4.952693608985854,0.05990097301952855,14.0,PR,Sul,<5 mil,4.035799871653832,0.9168937373320221,False
4117222,4.781680459379288,-0.13032145540824064,19.0,PR,Sul,5-20 mil,6.933531879488415,-2.1518514201091268,False
4117255,4.954631896332955,-0.06508417099378774,19.0,PR,Sul,5-20 mil,6.22228960901915,-1.2676577126861943,False
4117271,4.675427329923224,-0.0746454115480993,19.0,PR,Sul,<5 mil,5.818620281145761,-1.1431929512225372,False
4117297,4.28109112737377,-0.08260603978838156,19.0,PR,Sul,<5 mil,5.789490197644627,-1.5083990702708565,False
4117305,6.952690175381292,-0.054398670753188424,20.0,PR,Sul,5-20 mil,8.518523028773464,-1.5658328533921715,True
4117404,5.032706166824994,-0.08068606157566272,19.0,PR,Sul,<5 mil,6.509401737024702,-1.4766955701997082,True
4117453,4.485197894193178,-0.06094439041508657,19.0,PR,Sul,<5 mil,5.827294564033517,-1.3420966698403394,False
4117503,5.145560563067988,-0.2557538397895476,24.0,PR,Sul,20-50 mil,10.82085103468833,-5.675290471620341,True
4117602,5.2281234074504255,-0.18228804277935345,23.0,PR,Sul,20-50 mil,8.712657723894473,-3.484534316444048,True
4117701,6.9620577748623305,-0.15790764667812746,19.0,PR,Sul,20-50 mil,9.473407185195583,-2.5113494103332528,True
4117800,6.860900693129345,0.03458882710610006,19.0,PR,Sul,5-20 mil,7.13266219823558,-0.27176150510623476,True
4117909,9.2654752690312,-0.024823393599960074,19.0,PR,Sul,20-50 mil,10.27169339870308,-1.0062181296718808,True
4118006,12.7852238574161,0.17591173552033432,19.0,PR,Sul,5-20 mil,11.35513790585886,1.4300859515572384,True
4118105,7.472715204268098,-0.07142893506766912,19.0,PR,Sul,5-20 mil,8.876049988839876,-1.4033347845717774,True
4118204,18.12831885577515,0.14910179766960538,25.0,PR,Sul,100-500 mil,15.917357300067222,2.210961555707927,True
4118303,3.439076764327826,0.005684291558976722,11.0,PR,Sul,<5 mil,3.5824779169093373,-0.14340115258151132,False
4118402,5.736714039993672,-0.32450651145839,24.0,PR,Sul,50-100 mil,11.312409755098551,-5.57569571510488,True
4118451,1.7550788320423862,-0.23635141075654925,13.0,PR,Sul,<5 mil,3.852431340451397,-2.0973525084090108,False
4118501,5.549880339051356,-0.29986966759203154,23.0,PR,Sul,50-100 mil,10.885331974435625,-5.335451635384269,True
4118600,5.292671623746784,-0.03125176108197358,19.0,PR,Sul,<5 mil,5.786413556479105,-0.4937419327323207,True
4118709,6.64860234555433,0.026823349488955435,19.0,PR,Sul,<5 mil,6.815892717912568,-0.16729037235823796,True
4118808,3.4718536437074583,-0.012050601047151823,10.0,PR,Sul,5-20 mil,3.946101112715439,-0.47424746900798054,False
4118857,5.65411782477608,-0.04546475141816518,20.0,PR,Sul,<5 mil,7.534876568685743,-1.880758743909663,True
4118907,5.9551784500007585,-0.04433327916401132,19.0,PR,Sul,5-20 mil,6.969465684597828,-1.0142872345970693,True
4119004,4.7465698025490894,-0.08673547167942694,19.0,PR,Sul,<5 mil,6.482025962810289,-1.7354561602612,False
4119103,4.764407640802872,-0.056097297789416745,19.0,PR,Sul,5-20 mil,6.211159595530886,-1.4467519547280139,False
4119152,8.918997474432189,-0.10894708040920068,25.0,PR,Sul,100-500 mil,11.175823487383791,-2.2568260129516027,True
4119202,4.662611019749463,-0.05841291451750216,19.0,PR,Sul,<5 mil,5.874225351014484,-1.2116143312650216,False
4119251,5.934479527391737,-0.01766633022502727,19.0,PR,Sul,<5 mil,6.578804988932628,-0.6443254615408911,True
4119301,6.20137396169244,-0.0814106491505818,19.0,PR,Sul,5-20 mil,8.43063596596886,-2.2292620042764195,True
4119400,7.000580520870329,-0.08483040349371605,19.0,PR,Sul,5-20 mil,8.46771872030047,-1.4671381994301402,True
4119509,5.010138851837041,-0.2931437924171022,25.0,PR,Sul,50-100 mil,10.197947256282994,-5.187808404445953,True
4119608,5.308295683918686,-0.20516123076148973,23.0,PR,Sul,5-20 mil,9.260276482902468,-3.951980798983781,True
4119657,8.535255252112506,0.31673537634291266,14.0,PR,Sul,<5 mil,4.950548880510827,3.584706371601679,True
4119707,4.691272949079121,-0.12486833295482143,19.0,PR,Sul,<5 mil,6.959343445918666,-2.2680704968395453,False
4119806,5.571534834783222,-0.032871222876197835,19.0,PR,Sul,5-20 mil,6.375404367194128,-0.8038695324109062,True
4119905,4.718015789208948,-0.3144368188175741,25.0,PR,Sul,100-500 mil,10.195082459384976,-5.477066670176027,False
4119954,7.434627434742151,0.01591529238559591,22.0,PR,Sul,20-50 mil,8.34428911239294,-0.9096616776507886,True
4120002,6.39455852923038,-0.2965852128336003,22.0,PR,Sul,5-20 mil,11.763329390560877,-5.368770861330496,True
4120101,5.101812715854123,-0.21454512094044115,22.0,PR,Sul,<5 mil,9.152484380448128,-4.050671664594004,True
4120150,3.174641960396201,0.09850472622701074,13.0,PR,Sul,<5 mil,2.1564205031614274,1.0182214572347736,False
4120200,13.477379631829251,0.1614116921232846,19.0,PR,Sul,<5 mil,11.897939455438278,1.579440176390973,True
4120309,4.950382041488268,-0.06703407695732612,19.0,PR,Sul,<5 mil,6.0921908471413415,-1.1418088056530733,False
4120333,2.581853491323699,-0.08538769002661217,7.0,PR,Sul,<5 mil,3.2844974157554003,-0.7026439244317015,False
4120358,9.41781539661963,0.09627344923500708,19.0,PR,Sul,<5 mil,8.577117843284627,0.8406975533350032,True
4120408,2.217259834135433,-0.04299474768234087,14.0,PR,Sul,<5 mil,2.4539383717956897,-0.2366785376602567,False
4120507,8.551258025914166,-0.043064679048776984,22.0,PR,Sul,5-20 mil,10.982739654504453,-2.431481628590287,True
4120606,3.9320409238584944,-0.24027884851222814,23.0,PR,Sul,20-50 mil,8.16969391912878,-4.237652995270286,False
4120655,4.639430810562345,-0.09184075419154747,19.0,PR,Sul,<5 mil,6.383004223381911,-1.7435734128195657,False
4120705,7.132432916883907,-0.024266542009373896,19.0,PR,Sul,5-20 mil,8.107470521089114,-0.9750376042052071,True
4120804,7.018258717002425,-0.21640454581643528,25.0,PR,Sul,20-50 mil,10.650609502583189,-3.6323507855807637,True
4120853,5.909611454899391,0.10151288692706377,14.0,PR,Sul,<5 mil,4.768277181074998,1.141334273824393,True
4120903,7.446156048040905,-0.05390160143657617,19.0,PR,Sul,20-50 mil,8.568978578252732,-1.1228225302118275,True
4121000,6.607571258366619,-0.0019175672608324108,19.0,PR,Sul,5-20 mil,7.410515131452208,-0.8029438730855896,True
4121109,5.30394623894594,-0.08754327558854084,19.0,PR,Sul,<5 mil,7.068182379591533,-1.7642361406455924,True
4121208,3.9588409213713476,-0.16026957016360066,25.0,PR,Sul,5-20 mil,7.3134800608822115,-3.354639139510864,False
4121257,5.64750139762306,-0.028693350723605713,19.0,PR,Sul,<5 mil,6.080778158542393,-0.4332767609193331,True
4121307,2.939653811484675,-0.19659270676120064,22.0,PR,Sul,<5 mil,6.197772557868032,-3.2581187463833574,False
4121356,4.272293707883193,-0.09093499565336385,19.0,PR,Sul,<5 mil,5.8707329089186455,-1.5984392010354522,False
4121406,12.207288440611137,0.18199079834736373,19.0,PR,Sul,5-20 mil,10.186541404060046,2.020747036551091,True
4121505,6.5935566538839225,-0.06196758038917266,19.0,PR,Sul,5-20 mil,7.751311060823846,-1.1577544069399233,True
4121604,8.856271729723495,-0.018863480578490778,19.0,PR,Sul,<5 mil,9.804718992148436,-0.9484472624249403,True
4121703,8.287204327107162,0.042162004530907835,19.0,PR,Sul,5-20 mil,8.357126351110947,-0.06992202400378567,True
4121752,6.458286908893399,-0.11874551530192044,19.0,PR,Sul,<5 mil,10.360415684425586,-3.902128775532187,True
4121802,4.2379558539701065,-0.0357965261351482,14.0,PR,Sul,5-20 mil,5.019615708463325,-0.7816598544932187,False
4121901,4.086767562713135,-0.18432891140071317,19.0,PR,Sul,5-20 mil,7.526797912780871,-3.440030350067736,False
4122008,7.843655391739446,-0.13432889558446692,19.0,PR,Sul,5-20 mil,10.396363013852405,-2.5527076221129583,True
4122107,4.2975663417877,-0.0843698976546898,19.0,PR,Sul,<5 mil,5.885661500932702,-1.588095159145002,False
4122156,4.446648931556837,-0.08485579677487491,19.0,PR,Sul,<5 mil,6.184968844926021,-1.7383199133691845,False
4122172,4.796442880778045,-0.055482178184615684,19.0,PR,Sul,<5 mil,5.863641118026791,-1.0671982372487463,False
4122206,9.489845514042145,0.334962589422765,18.0,PR,Sul,20-50 mil,5.7821491380925805,3.7076963759495642,True
4122305,8.235892120296342,-0.03802487051565247,19.0,PR,Sul,20-50 mil,9.582199008940393,-1.346306888644051,True
4122404,4.097902995977506,-0.26884263639534617,24.0,PR,Sul,50-100 mil,9.033012159082318,-4.935109163104812,False
4122503,3.781655013745933,-0.1044938025283153,19.0,PR,Sul,5-20 mil,5.61479910583283,-1.833144092086897,False
4122602,5.137892054421968,-0.23214728302022689,22.0,PR,Sul,5-20 mil,9.267936054787588,-4.13004400036562,True
4122651,6.728213231692962,-0.10192196938773856,19.0,PR,Sul,<5 mil,8.647776429721747,-1.9195631980287846,True
4122701,5.100593306687472,-0.0878313846985325,19.0,PR,Sul,5-20 mil,6.630866884722432,-1.5302735780349606,True
4122800,3.536617157131758,-0.11811541623532788,19.0,PR,Sul,<5 mil,5.572296312575183,-2.0356791554434253,False
4122909,6.752658009324286,0.0016111260064873073,19.0,PR,Sul,<5 mil,7.38765094364492,-0.6349929343206346,True
4123006,10.833922002030477,0.1773807921428344,19.0,PR,Sul,5-20 mil,9.818005655379205,1.015916346651272,True
4123105,5.526560123751835,-0.06832710386610383,19.0,PR,Sul,<5 mil,7.0198504540972095,-1.4932903303453742,True
4123204,5.710360314673622,0.03231039532358195,17.0,PR,Sul,<5 mil,5.827146686381176,-0.1167863717075539,True
4123303,6.49216139357253,-0.0482853123585716,19.0,PR,Sul,5-20 mil,8.653294286783215,-2.1611328932106844,True
4123402,8.624776013980266,-0.03889941023845486,20.0,PR,Sul,5-20 mil,9.827485599169671,-1.202709585189405,True
4123501,7.996611189895248,-0.19630528721468052,20.0,PR,Sul,5-20 mil,12.062534357212218,-4.065923167316971,True
4123600,9.092817714121267,0.06262151824305835,19.0,PR,Sul,<5 mil,9.880203615787446,-0.7873859016661786,True
4123709,4.4780344753008166,-0.01434618064609309,14.0,PR,Sul,5-20 mil,5.0971677330387095,-0.619133257737893,False
4123808,4.867604520997048,-0.06375732914734862,19.0,PR,Sul,5-20 mil,6.35773222200233,-1.4901277010052816,False
4123824,5.011383467100302,-0.03756408260076862,19.0,PR,Sul,<5 mil,6.03162589543268,-1.020242428332378,True
4123857,3.523489790938413,-0.11780290522809167,19.0,PR,Sul,<5 mil,5.155796413513361,-1.6323066225749479,False
4123907,9.220153973289356,0.051686673716585835,19.0,PR,Sul,5-20 mil,9.01309599575412,0.2070579775352357,True
4123956,1.0023266728927638,-0.12889296890351878,14.0,PR,Sul,<5 mil,2.964101634121745,-1.9617749612289814,False
4124004,7.372277542610902,0.07651110549597546,19.0,PR,Sul,<5 mil,7.122673542692107,0.24960399991879534,True
4124020,4.924165111266774,-0.053944152104536916,19.0,PR,Sul,5-20 mil,6.092656321229297,-1.1684912099625233,False
4124053,11.703255247612617,0.1563996413289842,19.0,PR,Sul,20-50 mil,10.38980182831814,1.3134534192944773,True
4124103,4.871389897115364,-0.33771415632002555,23.0,PR,Sul,20-50 mil,10.70762436886874,-5.836234471753375,False
4124202,4.337240813303822,-0.09236046003774949,19.0,PR,Sul,<5 mil,5.836555003814988,-1.499314190511166,False
4124301,0.9789131820169814,-0.18276503543237638,12.0,PR,Sul,<5 mil,3.933538152975969,-2.954624970958988,False
4124400,11.509236536353797,0.19930639673253586,19.0,PR,Sul,5-20 mil,8.658546845594449,2.8506896907593475,True
4124509,8.937235373493664,-0.05739272866805461,19.0,PR,Sul,<5 mil,10.931877606505184,-1.99464223301152,True
4124608,5.927533100543968,-0.09632316100738698,19.0,PR,Sul,5-20 mil,7.381705058699772,-1.4541719581558041,True
4124707,5.136043143179307,0.0761630909691948,14.0,PR,Sul,5-20 mil,4.137617571786581,0.9984255713927261,True
4124806,8.625782456068492,-0.039068686535582625,19.0,PR,Sul,5-20 mil,9.500548158858503,-0.8747657027900111,True
4124905,8.721461866889843,0.005191696201601521,19.0,PR,Sul,<5 mil,8.844438557175573,-0.12297669028573033,True
4125001,10.398164115047734,0.1509083647817337,19.0,PR,Sul,5-20 mil,8.929435457670062,1.4687286573776728,True
4125100,5.928642889799413,-0.015939836165265408,19.0,PR,Sul,<5 mil,7.269856152281894,-1.3412132624824809,True
4125209,5.249433165920394,-0.051548232709876886,19.0,PR,Sul,5-20 mil,6.474103596535902,-1.2246704306155083,True
4125308,5.110983982425978,0.0529816832022084,16.0,PR,Sul,<5 mil,4.258489348330968,0.8524946340950104,True
4125357,3.9986821436953335,-0.11570078277309101,19.0,PR,Sul,<5 mil,6.243532913463265,-2.2448507697679316,False
4125407,3.6781585581066025,-0.05120486878011481,19.0,PR,Sul,<5 mil,4.763055435616245,-1.0848968775096424,False
4125456,4.893651596356719,-0.05964380381364052,19.0,PR,Sul,<5 mil,6.347658284033314,-1.4540066876765954,False
4125506,2.94384887210299,-0.4305571075753323,25.0,PR,Sul,100-500 mil,10.37190635882846,-7.42805748672547,False
4125555,3.173752555400597,-0.1923587532964608,22.0,PR,Sul,<5 mil,6.622148293546556,-3.448395738145959,False
4125605,7.400727171967276,-0.11154226221919353,23.0,PR,Sul,20-50 mil,10.160504756374204,-2.759777584406928,True
4125704,10.448721036194172,0.09639407341749304,19.0,PR,Sul,5-20 mil,9.786026895067376,0.6626941411267957,True
4125753,4.521422457029587,-0.06402013859946871,19.0,PR,Sul,<5 mil,5.934568900103307,-1.4131464430737202,False
4125803,7.580833568594471,-0.0813417002159352,19.0,PR,Sul,5-20 mil,9.257187755263216,-1.6763541866687444,True
4125902,6.029582701749149,-0.09049581060318528,19.0,PR,Sul,<5 mil,7.762321912136269,-1.7327392103871198,True
4126009,3.747098646600591,-0.14016838526193523,22.0,PR,Sul,5-20 mil,6.000176316698594,-2.253077670098003,False
4126108,5.660134872551964,-0.07794412379222838,22.0,PR,Sul,<5 mil,9.14889400049718,-3.4887591279452153,True
4126207,7.025047368136413,0.044489561074241124,19.0,PR,Sul,<5 mil,7.857945614028729,-0.8328982458923164,True
4126256,3.001618743243341,-0.06860472326705687,12.0,PR,Sul,50-100 mil,4.246672747135476,-1.2450540038921352,False
4126272,4.460540156593396,-0.10956226460622011,19.0,PR,Sul,<5 mil,6.273888164142703,-1.8133480075493074,False
4126306,7.129009484541797,-0.05954846348337811,19.0,PR,Sul,5-20 mil,8.608866668208876,-1.4798571836670789,True
4126355,4.939865693786601,-0.06354016912221405,19.0,PR,Sul,<5 mil,6.516071092931259,-1.5762053991446585,False
4126405,3.905786773704408,0.009258268473634375,12.0,PR,Sul,<5 mil,3.8490185973831874,0.056768176321220665,False
4126504,0.8476510948688087,-0.22185610148117985,22.0,PR,Sul,5-20 mil,4.838611504716316,-3.9909604098475073,False
4126603,6.713638363042719,-0.08668586283824707,19.0,PR,Sul,5-20 mil,8.877023197618621,-2.1633848345759024,True
4126652,4.981368791603643,-0.06511664022589805,19.0,PR,Sul,<5 mil,6.223180967345368,-1.2418121757417255,False
4126678,2.863455389176181,-0.21790292237287043,24.0,PR,Sul,5-20 mil,7.493731533114996,-4.630276143938815,False
4126702,4.914620285520414,-0.06457440787958564,19.0,PR,Sul,<5 mil,6.130040753572592,-1.2154204680521783,False
4126801,1.2596604019128677,-0.14733187318925414,25.0,PR,Sul,5-20 mil,4.736569687998729,-3.4769092860858617,False
4126900,4.703407997340548,-0.09399524147772323,19.0,PR,Sul,<5 mil,6.372751383325467,-1.6693433859849192,False
4127007,7.624611474847072,0.05885568776076419,19.0,PR,Sul,5-20 mil,7.240802217476648,0.38380925737042393,True
4127106,7.45695334197552,-0.1686663661198409,23.0,PR,Sul,50-100 mil,10.950724567528404,-3.4937712255528837,True
4127205,8.680810703418613,0.009850317093835805,19.0,PR,Sul,5-20 mil,9.744741937938146,-1.0639312345195329,True
4127304,3.3591828014739775,-0.03232768471476217,21.0,PR,Sul,5-20 mil,3.920344499006765,-0.5611616975327873,False
4127403,9.061227297035416,0.048991996621444316,20.0,PR,Sul,5-20 mil,9.670443394509952,-0.6092160974745369,True
4127502,7.40732736783076,-0.1204641840483158,20.0,PR,Sul,5-20 mil,9.791207529306806,-2.3838801614760463,True
4127601,0.0,-0.5283817132387674,25.0,PR,Sul,<5 mil,5.629265799392685,-5.629265799392685,False
4127700,6.989538470585785,-0.17644024374686076,24.0,PR,Sul,100-500 mil,10.823658307533613,-3.8341198369478278,True
4127809,10.553380032266034,0.07680670757493922,19.0,PR,Sul,<5 mil,9.424043325234866,1.1293367070311682,True
4127858,9.82565663633062,0.03546615342448777,19.0,PR,Sul,5-20 mil,8.892859489437315,0.9327971468933054,True
4127882,0.0,-0.3503870794334806,25.0,PR,Sul,<5 mil,5.97232401444394,-5.97232401444394,False
4127908,7.240004178432656,-0.023505614479041943,22.0,PR,Sul,5-20 mil,9.288764446999972,-2.0487602685673156,True
4127957,0.617095478039289,-0.13236280997931618,11.0,PR,Sul,5-20 mil,2.76595418365366,-2.148858705614371,False
4127965,5.324017079211131,-0.047162493444705036,19.0,PR,Sul,<5 mil,7.498396563884087,-2.174379484672955,True
4128005,7.394363981153234,-0.03226677757184128,20.0,PR,Sul,5-20 mil,8.271012675833193,-0.8766486946799592,True
4128104,7.03700027458251,-0.26489493031880623,24.0,PR,Sul,100-500 mil,12.108302584969556,-5.071302310387045,True
4128203,4.37103643848684,-0.21539636084489802,23.0,PR,Sul,50-100 mil,8.810698961090726,-4.439662522603886,False
4128302,5.6130793462170345,-0.0662308298245368,19.0,PR,Sul,<5 mil,7.014591309130913,-1.4015119629138786,True
4128401,4.290855049115407,-0.27351284184297536,22.0,PR,Sul,5-20 mil,9.153386448774084,-4.8625313996586765,False
4128500,4.2223520287577685,-0.18307854479486604,23.0,PR,Sul,5-20 mil,8.370977382925805,-4.148625354168036,False
4128534,5.699720524977142,0.0013551877081409923,19.0,PR,Sul,5-20 mil,6.408285161228975,-0.7085646362518334,True
4128559,9.67110093672163,0.0529937629877255,19.0,PR,Sul,5-20 mil,9.810920753712525,-0.13981981699089552,True
4128609,5.641782433013674,-0.05780178056584577,19.0,PR,Sul,<5 mil,6.969924133370784,-1.3281417003571105,True
4128625,7.675031095495811,0.02155901386248082,19.0,PR,Sul,<5 mil,7.850238930143015,-0.17520783464720413,True
4128633,4.357399230260398,0.09635689144466959,17.0,PR,Sul,<5 mil,4.216805044030973,0.14059418622942577,False
4128658,4.9241419450471255,-0.03408378382872489,19.0,PR,Sul,<5 mil,5.840883687911125,-0.9167417428639997,False
4128708,3.540116503325862,-0.10426401967664006,19.0,PR,Sul,<5 mil,5.3818248895785095,-1.8417083862526473,False
4128807,9.854085457223334,0.1334117811650678,19.0,PR,Sul,<5 mil,8.487076383861426,1.367009073361908,True
4200051,6.968227608953725,0.2655230612926586,9.0,SC,Sul,<5 mil,3.179274510414416,3.7889530985393094,True
4200101,5.052084070844671,-0.14179138254463444,20.0,SC,Sul,5-20 mil,6.796634163859312,-1.7445500930146407,True
4200200,5.766536789635893,-0.12021870001543941,17.0,SC,Sul,5-20 mil,7.544424876913921,-1.7778880872780283,True
4200309,4.2991488804748315,-0.2327957870596592,17.0,SC,Sul,<5 mil,7.502931526471151,-3.20378264599632,False
4200408,6.172818210036695,-0.07114460696752171,17.0,SC,Sul,<5 mil,7.074836996606308,-0.902018786569613,True
4200507,4.186032937421942,-0.19636373885693834,17.0,SC,Sul,<5 mil,6.645411358971264,-2.4593784215493217,False
4200556,5.742036510448997,-0.17471594451003797,17.0,SC,Sul,<5 mil,6.681552874037404,-0.9395163635884067,True
4200606,5.068054482232014,-0.16336305500753287,21.0,SC,Sul,<5 mil,7.2197948525219005,-2.151740370289886,True
4200705,4.377588633933556,-0.23088304815122743,21.0,SC,Sul,<5 mil,7.9517813760542735,-3.574192742120718,False
4200754,4.3842164806182495,0.06546286224385733,10.0,SC,Sul,<5 mil,3.725255480093464,0.6589610005247857,False
4200804,4.574207787528394,-0.12230403357280949,21.0,SC,Sul,<5 mil,6.135498907664617,-1.5612911201362234,False
4200903,5.317511357237265,-0.1938433668006005,21.0,SC,Sul,<5 mil,7.270050702299781,-1.9525393450625161,True
4201000,4.32014690935722,-0.15166440963897743,20.0,SC,Sul,<5 mil,6.397229695177377,-2.0770827858201573,False
4201109,3.775606471677577,0.11727019094183506,16.0,SC,Sul,<5 mil,2.8054120742262905,0.9701943974512863,False
4201208,4.626687430812126,-0.2148877294822109,21.0,SC,Sul,<5 mil,7.752861025909233,-3.1261735950971072,False
4201257,5.547292844733818,-0.16126506469382693,21.0,SC,Sul,<5 mil,8.05564283479678,-2.508349990062962,True
4201273,6.749833304182971,0.14705557349002343,11.0,SC,Sul,<5 mil,5.603690077911901,1.1461432262710698,True
4201307,6.482887748527958,-0.06315602960618488,21.0,SC,Sul,20-50 mil,8.437003060386449,-1.9541153118584909,True
4201406,5.6956672697149315,-0.041309482547546426,19.0,SC,Sul,50-100 mil,7.097781160595298,-1.4021138908803668,True
4201505,4.500537715171845,-0.15813636842122003,17.0,SC,Sul,5-20 mil,6.574726975377235,-2.07418926020539,False
4201604,7.018236657103003,-0.0486685020138346,17.0,SC,Sul,<5 mil,8.30266601819128,-1.2844293610882769,True
4201653,1.1702855142784756,-0.1654805035767505,8.0,SC,Sul,<5 mil,2.9049779977997803,-1.7346924835213047,False
4201703,4.8152511512187175,-0.19518642281597334,21.0,SC,Sul,5-20 mil,7.429360415119146,-2.6141092639004286,False
4201802,5.768790146219544,-0.0780949675838455,17.0,SC,Sul,<5 mil,6.9103174603174615,-1.1415273140979174,True
4201901,5.715290534896155,-0.24917269939723746,17.0,SC,Sul,<5 mil,8.743421822340965,-3.0281312874448094,True
4201950,0.0,-0.9553354233348609,12.0,SC,Sul,5-20 mil,4.034680825265909,-4.034680825265909,False
4202008,10.78066926324459,-0.2520077035344418,17.0,SC,Sul,100-500 mil,4.068111205414359,6.712558057830231,True
4202057,4.065589398340137,-0.12297372891014187,21.0,SC,Sul,5-20 mil,5.567876268359494,-1.5022868700193568,False
4202073,3.824982408016865,-0.10393239426855391,12.0,SC,Sul,5-20 mil,5.55091529254589,-1.7259328845290245,False
4202081,3.958653564905319,-0.13808890892414985,21.0,SC,Sul,<5 mil,6.173375496545471,-2.2147219316401516,False
4202099,5.792357245029763,-0.10597681541903044,17.0,SC,Sul,<5 mil,6.9654365436543655,-1.1730792986246028,True
4202107,5.896858699863074,-0.05658032895353384,18.0,SC,Sul,20-50 mil,6.520684772334757,-0.6238260724716831,True
4202131,4.156935877368824,-0.1486361201272515,17.0,SC,Sul,<5 mil,6.134714976874032,-1.9777790995052085,False
4202156,6.400728666356959,0.0002071657984641318,16.0,SC,Sul,<5 mil,6.229178887126993,0.17154977922996562,True
4202206,5.271722885733425,-0.1827364906874936,21.0,SC,Sul,5-20 mil,7.753972301767038,-2.4822494160336133,True
4202305,4.370060197060923,-0.21094514493362995,22.0,SC,Sul,50-100 mil,7.343585125978552,-2.9735249289176293,False
4202404,2.710311010975488,-0.3066589356020689,28.0,SC,Sul,100-500 mil,9.344051802523923,-6.633740791548435,False
4202438,7.747929748180155,-0.06199066881269637,17.0,SC,Sul,<5 mil,8.458016377330697,-0.7100866291505419,True
4202453,5.932177755314626,-0.20799031753338196,17.0,SC,Sul,20-50 mil,10.6699969064484,-4.737819151133774,True
4202503,6.427811192774016,-0.10247691027131339,17.0,SC,Sul,<5 mil,8.021271895153587,-1.5934607023795717,True
4202537,10.826999491461947,0.28203240342094016,12.0,SC,Sul,<5 mil,6.907183196767952,3.9198162946939954,True
4202578,5.887094302366336,-0.0638294625573539,17.0,SC,Sul,<5 mil,6.34837947091108,-0.46128516854474455,True
4202602,6.252586525174394,-0.0651496102042077,20.0,SC,Sul,5-20 mil,7.339192175837361,-1.0866056506629675,True
4202701,4.660763124412767,-0.22375763252024394,21.0,SC,Sul,<5 mil,7.649497645077006,-2.988734520664239,False
4202800,6.34204733400378,-0.16382364125383103,24.0,SC,Sul,20-50 mil,10.184300120706908,-3.8422527867031278,True
4202859,1.9100358743022525,-0.2359683923210001,14.0,SC,Sul,<5 mil,5.067059124517103,-3.1570232502148503,False
4202875,2.4552458411095586,0.08128612587324,12.0,SC,Sul,<5 mil,1.94331730405865,0.5119285370509086,False
4202909,6.370575077602993,-0.04227635579562615,24.0,SC,Sul,100-500 mil,6.59903511084869,-0.22846003324569697,True
4203006,3.4541943452052806,-0.2304374136798456,21.0,SC,Sul,50-100 mil,6.754132753330008,-3.299938408124728,False
4203105,6.117696431144481,-0.07961518130614735,17.0,SC,Sul,<5 mil,7.032198955426089,-0.914502524281608,True
4203154,5.091695691271639,-0.08538859014477687,17.0,SC,Sul,<5 mil,6.315322449642624,-1.223626758370985,True
4203204,5.08746664483381,-0.05941410535587117,16.0,SC,Sul,50-100 mil,6.900245095656059,-1.8127784508222486,True
4203253,7.452005025465105,-0.015240229330423377,17.0,SC,Sul,<5 mil,8.131488301269151,-0.6794832758040457,True
4203303,0.8598344341033908,-0.2875779614531543,16.0,SC,Sul,5-20 mil,4.356230884304932,-3.4963964502015417,False
4203402,5.222396065900824,-0.09266287549327501,20.0,SC,Sul,<5 mil,6.5087635888949125,-1.2863675229940883,True
4203501,5.068193527570827,-0.1362541125233273,17.0,SC,Sul,5-20 mil,6.667673974074535,-1.5994804465037085,True
4203600,7.827728765034323,0.03329817465017202,20.0,SC,Sul,20-50 mil,7.463837828911761,0.3638909361225613,True
4203709,0.0,-0.3826050803188944,21.0,SC,Sul,5-20 mil,5.396623996791291,-5.396623996791291,False
4203808,4.180075466906885,-0.23421026945509363,27.0,SC,Sul,20-50 mil,8.41919071688296,-4.239115249976075,False
4203907,3.588342082557233,-0.2003610455652443,22.0,SC,Sul,5-20 mil,6.517724816474327,-2.9293827339170937,False
4203956,2.427933143764051,-0.24474174663469928,11.0,SC,Sul,20-50 mil,5.745895547531961,-3.3179624037679103,False
4204004,8.436158460956563,-0.1711339252469508,19.0,SC,Sul,5-20 mil,10.767219548801188,-2.331061087844626,True
4204103,6.7269833677110125,-0.007077389292655815,17.0,SC,Sul,<5 mil,6.6224332462316005,0.104550121479412,True
4204152,4.1680365708978115,-0.14570932758532149,17.0,SC,Sul,<5 mil,5.815103440599463,-1.6470668697016517,False
4204178,6.277412966915492,-0.06194857294020364,17.0,SC,Sul,<5 mil,6.414065802647681,-0.136652835732189,True
4204194,7.380353146714469,-0.08132457644925288,17.0,SC,Sul,<5 mil,9.134623550074307,-1.754270403359838,True
4204202,6.705594663920351,-0.18764290398583774,27.0,SC,Sul,100-500 mil,9.54048339150967,-2.834888727589318,True
4204251,1.619486440871185,-0.23822357645416103,19.0,SC,Sul,5-20 mil,4.93404432733859,-3.314557886467405,False
4204301,1.0544955339353237,-0.3777008364771448,27.0,SC,Sul,50-100 mil,8.638196217386719,-7.583700683451395,False
4204350,15.864768369021931,0.7207489768538793,12.0,SC,Sul,<5 mil,8.100094144029788,7.764674224992143,True
4204400,5.272141490561523,-0.10829644385381025,17.0,SC,Sul,5-20 mil,6.741129627196453,-1.4689881366349296,True
4204459,4.553943241550712,-0.1329255790039599,17.0,SC,Sul,<5 mil,5.776250407298795,-1.2223071657480826,False
4204509,3.9367562621081333,-0.20963458937129287,21.0,SC,Sul,5-20 mil,7.274194163345695,-3.3374379012375615,False
4204558,5.209811292237731,-0.09214256021780547,17.0,SC,Sul,5-20 mil,6.504355768285119,-1.2945444760473883,True
4204608,9.571931645198475,-0.040441695159788425,21.0,SC,Sul,100-500 mil,10.25864697689036,-0.6867153316918841,True
4204707,4.927680417344817,-0.11053174992364534,18.0,SC,Sul,5-20 mil,6.2365347178106685,-1.3088543004658515,False
4204756,5.583470817114716,-0.09304521306897512,17.0,SC,Sul,<5 mil,6.539339628407285,-0.9558688112925697,True
4204806,5.980148190912217,-0.09998374770911686,21.0,SC,Sul,20-50 mil,8.32526493137912,-2.345116740466903,True
4204905,3.5595299165512984,-0.2057068726619518,21.0,SC,Sul,<5 mil,6.40616479151989,-2.8466348749685917,False
4205001,11.318906483736185,0.09117267253530664,21.0,SC,Sul,5-20 mil,10.58872626315386,0.7301802205823247,True
4205100,5.161397644559031,-0.13902847697804072,17.0,SC,Sul,<5 mil,7.2034629536742205,-2.0420653091151895,True
4205159,4.600912428871709,-0.13081425012196207,21.0,SC,Sul,<5 mil,6.57947647174356,-1.9785640428718514,False
4205175,8.389402290654402,0.3638308812009637,11.0,SC,Sul,<5 mil,5.828811113870008,2.5605911767843947,True
4205191,4.105763149731331,-0.18998569744055008,17.0,SC,Sul,<5 mil,7.293920173267327,-3.1881570235359957,False
4205209,10.24433165820895,0.12803064223701635,17.0,SC,Sul,<5 mil,9.86208632331123,0.3822453348977195,True
4205308,6.338534458496511,-0.05425083828046776,17.0,SC,Sul,5-20 mil,6.73495505790937,-0.3964205994128589,True
4205357,5.728207589212502,0.15855193604606316,13.0,SC,Sul,<5 mil,4.125412541254125,1.6027950479583772,True
4205407,7.444067387682708,-0.4056981116849341,27.0,SC,Sul,100-500 mil,13.33372503160875,-5.889657643926043,True
4205431,5.190270839114049,-0.07567473621387952,17.0,SC,Sul,<5 mil,6.033998696775865,-0.8437278576618157,True
4205456,8.454040692166856,-0.024636808160789704,17.0,SC,Sul,20-50 mil,8.725957671231125,-0.2719169790642688,True
4205506,5.331151865795967,-0.02406772727227058,17.0,SC,Sul,20-50 mil,6.2140233563586245,-0.8828714905626578,True
4205555,1.0369586666820965,-0.08348845861849603,5.0,SC,Sul,<5 mil,3.203121717171717,-2.1661630504896205,False
4205605,6.17577550892166,-0.04801838112103883,17.0,SC,Sul,<5 mil,7.131195948776371,-0.955420439854711,True
4205704,5.7042912745887975,-0.12276512846592984,19.0,SC,Sul,20-50 mil,7.482004632860057,-1.7777133582712592,True
4205803,0.5924184470452474,-0.3078108516630058,18.0,SC,Sul,5-20 mil,4.186339389045156,-3.593920941999909,False
4205902,2.630245403852996,-0.2755118128860443,24.0,SC,Sul,50-100 mil,6.590447300458958,-3.9602018966059624,False
4206009,6.738597216130955,0.10971138736673039,23.0,SC,Sul,5-20 mil,4.463028220340931,2.2755689957900245,True
4206108,5.077453471966777,-0.1202555489598286,24.0,SC,Sul,<5 mil,7.532106276022699,-2.4546528040559217,True
4206207,3.7013652059887363,-0.27231943992255675,15.0,SC,Sul,<5 mil,7.560622383082139,-3.8592571770934025,False
4206306,3.038247017669619,-0.24471140555437337,21.0,SC,Sul,20-50 mil,7.931297550577629,-4.89305053290801,False
4206405,4.814439793274829,-0.11835192042736424,21.0,SC,Sul,<5 mil,6.236362168028534,-1.4219223747537049,False
4206504,1.219920601684862,-0.3292776338527217,17.0,SC,Sul,20-50 mil,6.173944104242931,-4.954023502558069,False
4206603,3.580059575561336,-0.17624599437797603,21.0,SC,Sul,<5 mil,6.020127432488044,-2.4400678569267082,False
4206652,3.739667881229593,-0.164199200905289,17.0,SC,Sul,<5 mil,6.768307114309698,-3.0286392330801046,False
4206702,9.81877492094263,0.045004855772661896,20.0,SC,Sul,20-50 mil,8.162589435306286,1.6561854856363443,True
4206751,7.330083808248048,-0.03190460502208976,17.0,SC,Sul,<5 mil,7.389474861665271,-0.059391053417222395,True
4206801,4.6755487788136065,-0.14923421842578252,17.0,SC,Sul,<5 mil,6.383620560174951,-1.7080717813613449,False
4206900,6.874695243401277,-0.11530925406768706,17.0,SC,Sul,5-20 mil,9.433340608017827,-2.5586453646165506,True
4207007,8.45960894548061,0.06493973349582784,16.0,SC,Sul,50-100 mil,7.08948097646881,1.3701279690118007,True
4207106,3.4820307731549747,-0.25464920784952083,21.0,SC,Sul,5-20 mil,6.489455763897844,-3.0074249907428694,False
4207205,0.00019578110177320696,-0.006706430303176592,13.0,SC,Sul,<5 mil,0.0,0.00019578110177320696,False
4207304,5.122460240807868,-0.12841081298970355,14.0,SC,Sul,20-50 mil,6.951189583064672,-1.8287293422568043,True
4207403,5.0671294400229385,-0.15939678205852437,18.0,SC,Sul,<5 mil,7.051075398453769,-1.98394595843083,True
4207502,6.978937390914638,-0.12382402047293015,21.0,SC,Sul,50-100 mil,9.695918324778336,-2.7169809338636988,True
4207577,7.134625692471673,-0.04995535165950891,17.0,SC,Sul,<5 mil,8.118474011379632,-0.9838483189079597,True
4207601,4.836934565074614,-0.10797102014281046,17.0,SC,Sul,<5 mil,6.182200376151153,-1.3452658110765388,False
4207650,4.910592956558389,-0.11861664020732086,21.0,SC,Sul,<5 mil,6.280619508370829,-1.3700265518124395,False
4207684,5.937891138999333,-0.09304250622121335,17.0,SC,Sul,<5 mil,7.120524525705066,-1.1826333867057324,True
4207700,4.623973185959812,-0.17423021726579183,20.0,SC,Sul,<5 mil,6.956310631063106,-2.3323374451032937,False
4207759,4.958601435619926,-0.08893553329487287,17.0,SC,Sul,<5 mil,5.84530643138449,-0.8867049957645641,False
4207809,5.506982787872701,-0.06152056104274896,17.0,SC,Sul,5-20 mil,6.6149676810263545,-1.1079848931536533,True
4207858,19.788844255259846,0.7538496612401256,10.0,SC,Sul,<5 mil,6.490653976111896,13.29819027914795,True
4207908,5.361790749106802,-0.11601427250640287,17.0,SC,Sul,<5 mil,7.029161532698362,-1.6673707835915597,True
4208005,5.0339191803381595,-0.23623277698667436,19.0,SC,Sul,<5 mil,8.948727686121972,-3.914808505783812,True
4208104,4.422900649131805,-0.1375438260248762,21.0,SC,Sul,5-20 mil,6.169748875984743,-1.7468482268529382,False
4208203,4.042384279043517,-0.29325500497751633,19.0,SC,Sul,100-500 mil,7.707295950181712,-3.664911671138195,False
4208302,13.359807610177882,0.1204862362134244,16.0,SC,Sul,50-100 mil,12.67640296971232,0.6834046404655609,True
4208401,10.419288542574328,0.02411585074329208,20.0,SC,Sul,5-20 mil,13.907925054006611,-3.488636511432283,True
4208450,2.7946946219861957,-0.15891172299215872,16.0,SC,Sul,20-50 mil,5.283171913407683,-2.4884772914214874,False
4208500,6.29554974178518,-0.1709569454030685,21.0,SC,Sul,5-20 mil,9.489147717460444,-3.1935979756752637,True
4208609,4.8451888922274975,-0.1285604093230047,17.0,SC,Sul,<5 mil,6.34437996059493,-1.4991910683674323,False
4208708,5.378564241149462,0.07681838927840315,13.0,SC,Sul,5-20 mil,4.775577606693053,0.6029866344564088,True
4208807,7.272522947957725,0.1782492804320304,17.0,SC,Sul,5-20 mil,4.944680293599702,2.3278426543580233,True
4208906,7.951942228248015,-0.07782481221343147,26.0,SC,Sul,100-500 mil,9.986293895196978,-2.0343516669489627,True
4208955,5.406738175854741,-0.046056493892563596,17.0,SC,Sul,<5 mil,5.773773515451983,-0.36703533959724144,True
4209003,5.4591595475011445,-0.20224254934840222,20.0,SC,Sul,20-50 mil,9.273540133794674,-3.814380586293529,True
4209102,1.3565597824448332,-0.47361339550181836,27.0,SC,Sul,500 mil+,9.139494223631576,-7.782934441186743,False
4209151,6.127949159325226,-0.12492137537456195,17.0,SC,Sul,<5 mil,7.706234482468556,-1.57828532314333,True
4209177,5.066677670585136,-0.07955547055604319,17.0,SC,Sul,<5 mil,6.043539906695894,-0.9768622361107582,True
4209201,4.435649717447859,-0.14620377843805718,17.0,SC,Sul,<5 mil,6.385024933414394,-1.9493752159665352,False
4209300,0.0,-0.3838047217356429,25.0,SC,Sul,100-500 mil,7.385116358447517,-7.385116358447517,False
4209409,6.188596987785445,-0.12740447012420242,19.0,SC,Sul,20-50 mil,7.071864294175442,-0.883267306389997,True
4209458,8.80260793329495,0.24644724288078484,13.0,SC,Sul,<5 mil,6.486603835310646,2.3160040979843046,True
4209508,4.4556354223353765,-0.19301156221968147,17.0,SC,Sul,5-20 mil,7.04566411840299,-2.5900286960676135,False
4209607,7.83910434206138,-0.0028726601525244366,17.0,SC,Sul,5-20 mil,9.81174195176927,-1.9726376097078893,True
4209706,5.374285918032882,-0.09584564428062058,20.0,SC,Sul,5-20 mil,6.708865368276892,-1.3345794502440098,True
4209805,3.965070328571983,-0.2283735229320066,21.0,SC,Sul,<5 mil,7.20279906415299,-3.2377287355810074,False
4209854,3.8559105706746095,-0.21775547782287874,17.0,SC,Sul,<5 mil,7.156220703907773,-3.3003101332331637,False
4209904,5.343809776376077,-0.12883779724470007,17.0,SC,Sul,5-20 mil,7.19365760894535,-1.8498478325692735,True
4210001,3.8912573244463147,-0.3051369751203424,21.0,SC,Sul,<5 mil,8.249761234685113,-4.358503910238799,False
4210035,11.901728494212676,0.10765173898355607,20.0,SC,Sul,<5 mil,9.062592927381475,2.8391355668312013,True
4210050,4.0178806102115345,-0.18229846103595923,17.0,SC,Sul,<5 mil,6.084064271811796,-2.0661836616002613,False
4210100,4.537128178958255,-0.16925829373832693,21.0,SC,Sul,20-50 mil,6.953591440638816,-2.416463261680561,False
4210209,4.426075035411827,-0.202860529343819,21.0,SC,Sul,<5 mil,6.2471383670257685,-1.8210633316139413,False
4210308,5.797509096065966,-0.07542625830844348,17.0,SC,Sul,<5 mil,6.867486646854731,-1.0699775507887654,True
4210407,7.145371001142401,-0.025976692332486305,17.0,SC,Sul,<5 mil,7.517978488031048,-0.3726074868886471,True
4210506,3.774494008761053,-0.1969880901972453,24.0,SC,Sul,20-50 mil,7.330879479651663,-3.5563854708906097,False
4210555,5.623576749672367,-0.113452606512291,17.0,SC,Sul,<5 mil,6.8578591730140745,-1.2342824233417078,True
4210605,4.694061196241705,-0.2197959347126882,19.0,SC,Sul,5-20 mil,7.8138080924275,-3.119746896185795,False
4210704,5.226537075089624,-0.08829232762620728,17.0,SC,Sul,<5 mil,6.285123009083997,-1.0585859339943733,True
4210803,0.8709081893858865,-0.29190031730132415,16.0,SC,Sul,<5 mil,5.188061592536962,-4.317153403151075,False
4210852,5.879608363829163,-0.07673947866709575,17.0,SC,Sul,<5 mil,6.823294673924407,-0.9436863100952433,True
4210902,5.5136952762370015,-0.09779545629946741,17.0,SC,Sul,<5 mil,6.87719328067066,-1.3634980044336587,True
4211009,4.958966418229409,-0.1700335418945911,21.0,SC,Sul,5-20 mil,7.1652370719871055,-2.206270653757697,False
4211058,0.0,-0.1800156969639638,6.0,SC,Sul,5-20 mil,2.535226278046174,-2.535226278046174,False
4211108,5.567826974875075,-0.057081274346183104,21.0,SC,Sul,<5 mil,6.1195062380441865,-0.5516792631691114,True
4211207,3.163329595775565,-0.2287679456186313,17.0,SC,Sul,5-20 mil,6.348040614126618,-3.184711018351053,False
4211256,,,2.0,SC,Sul,<5 mil,1.3020833333333337,,False
4211306,4.400675170053262,-0.10900449776482161,13.0,SC,Sul,50-100 mil,5.665886125604581,-1.2652109555513196,False
4211405,6.714459965252878,-0.02999744466579651,17.0,SC,Sul,<5 mil,6.94340288801438,-0.22894292276150185,True
4211454,0.5756809268200982,-0.142434534110451,12.0,SC,Sul,<5 mil,3.434783467678204,-2.859102540858106,False
4211504,2.592384045322831,-0.14164965438919683,23.0,SC,Sul,5-20 mil,5.415029749358439,-2.822645704035608,False
4211603,5.840558216629574,-0.17394382497511846,17.0,SC,Sul,5-20 mil,8.613526297173317,-2.772968080543743,True
4211652,5.057500711102421,-0.11326363260023739,17.0,SC,Sul,<5 mil,5.938590643484638,-0.881089932382217,True
4211702,4.131692162857405,-0.2236734350390925,24.0,SC,Sul,5-20 mil,6.869335086953503,-2.7376429240960976,False
4211751,8.426053401183054,-0.03222986538453139,17.0,SC,Sul,5-20 mil,9.28083969942618,-0.8547862982431251,True
4211801,14.766625215884005,0.3966396651429943,22.0,SC,Sul,<5 mil,8.180664233752468,6.585960982131537,True
4211850,5.652250078742185,-0.11200442755934796,17.0,SC,Sul,<5 mil,6.947948705210835,-1.29569862646865,True
4211876,0.06286030787310892,-0.18305176873119075,7.0,SC,Sul,<5 mil,2.7528958346568406,-2.6900355267837317,False
4211892,6.50942286081748,-0.037875600816605286,17.0,SC,Sul,<5 mil,7.069680000407448,-0.560257139589968,True
4211900,2.5542393327712034,-0.25086411127686614,20.0,SC,Sul,100-500 mil,6.971664404271956,-4.417425071500753,False
4212007,5.195034251295596,-0.1069313244330598,21.0,SC,Sul,<5 mil,6.71422022156484,-1.5191859702692447,True
4212056,5.013648162957452,-0.1709399850666882,17.0,SC,Sul,<5 mil,7.838620680483686,-2.824972517526234,True
4212106,4.2214254461508744,-0.17076462986463758,20.0,SC,Sul,5-20 mil,6.673117643468257,-2.4516921973173824,False
4212205,0.0778554051203173,-0.2663801647640441,7.0,SC,Sul,5-20 mil,4.901120632229321,-4.823265227109004,False
4212239,4.571561127800351,-0.1537098426713634,21.0,SC,Sul,<5 mil,6.815150197918565,-2.2435890701182144,False
4212254,5.91000585612727,-0.046401771242804785,16.0,SC,Sul,5-20 mil,3.975967642214775,1.9340382139124954,True
4212270,6.3580653943973005,-0.08794242197354664,17.0,SC,Sul,<5 mil,7.50158783179356,-1.1435224373962596,True
4212304,5.763517998158477,-0.06449738239173108,20.0,SC,Sul,5-20 mil,6.7342088986350666,-0.9706909004765896,True
4212403,3.1297132007588004,0.017190434580102578,11.0,SC,Sul,<5 mil,3.081802237948752,0.047910962810048474,False
4212502,7.113026154840341,-0.053185156632615714,17.0,SC,Sul,20-50 mil,9.236979933989607,-2.123953779149266,True
4212601,5.453142716983905,-0.09867967249121463,17.0,SC,Sul,<5 mil,6.4744094174237015,-1.0212667004397966,True
4212650,2.754612854515642,-0.22145399812153396,8.0,SC,Sul,5-20 mil,5.409557103652335,-2.654944249136693,False
4212700,5.7368643496493235,-0.12567561120155768,17.0,SC,Sul,<5 mil,7.025161257583617,-1.2882969079342939,True
4212809,4.1048501379139,-0.1973160387374725,17.0,SC,Sul,20-50 mil,7.839426250317338,-3.7345761124034382,False
4212908,7.642547494342075,0.02250821094653033,18.0,SC,Sul,5-20 mil,7.221421542010545,0.42112595233153005,True
4213005,7.089749251196167,-0.09478277275151968,17.0,SC,Sul,<5 mil,8.948615197234009,-1.8588659460378416,True
4213104,5.458018746236604,-0.10650939786386615,17.0,SC,Sul,<5 mil,6.234951131167539,-0.7769323849309346,True
4213153,,,1.0,SC,Sul,<5 mil,3.0629335050811166,,False
4213203,5.257038744001932,-0.14437650898836651,22.0,SC,Sul,20-50 mil,8.233897290305398,-2.9768585463034665,True
4213302,6.1352882254043095,-0.05957192825739552,17.0,SC,Sul,<5 mil,6.811699546062434,-0.6764113206581248,True
4213351,5.968635369683369,-0.06563678074832426,17.0,SC,Sul,<5 mil,6.789710356344912,-0.821074986661543,True
4213401,5.303482859133908,-0.11274849316928139,20.0,SC,Sul,5-20 mil,6.653707688382886,-1.3502248292489778,True
4213500,4.0461039809553085,-0.3032022165728319,14.0,SC,Sul,20-50 mil,7.280618666757281,-3.2345146858019724,False
4213609,8.288234181165706,0.03709601950106802,18.0,SC,Sul,20-50 mil,8.156962027973982,0.13127215319172336,True
4213708,5.356032258314542,-0.14825242773855304,17.0,SC,Sul,5-20 mil,7.501652221001284,-2.145619962686742,True
4213807,9.606806681991031,0.09698648230549113,17.0,SC,Sul,<5 mil,8.931811894715942,0.6749947872750894,True
4213906,6.134338399025822,-0.0389087790738327,17.0,SC,Sul,<5 mil,6.565411017453096,-0.4310726184272742,True
4214003,2.4981674057021337,-0.2617054015700892,20.0,SC,Sul,5-20 mil,6.298500386971484,-3.8003329812693503,False
4214102,6.878618326043181,-0.06215006758990143,17.0,SC,Sul,<5 mil,6.404668118326984,0.47395020771619745,True
4214151,4.708932734856205,-0.10219413044304332,16.0,SC,Sul,<5 mil,6.408008796758796,-1.6990760619025913,False
4214201,4.294668329319165,-0.1356045991584936,18.0,SC,Sul,5-20 mil,5.995169863253516,-1.700501533934351,False
4214300,13.076531425511206,0.11232347260040568,21.0,SC,Sul,<5 mil,11.64782658938163,1.428704836129576,True
4214409,5.064272719631447,-0.13011089229583547,17.0,SC,Sul,<5 mil,6.931199153866004,-1.866926434234557,True
4214508,5.130924798108708,-0.1452386843157644,17.0,SC,Sul,<5 mil,7.14071520028257,-2.009790402173862,True
4214607,5.7486463131292,-0.12631337603832216,17.0,SC,Sul,<5 mil,7.828502228383394,-2.0798559152541944,True
4214706,4.425888618860995,-0.24642536223757835,21.0,SC,Sul,5-20 mil,7.747844874130842,-3.321956255269847,False
4214805,4.440006082954824,-0.2780816917940243,21.0,SC,Sul,50-100 mil,8.621276013453189,-4.181269930498365,False
4214904,6.472914527816954,-0.14169557234379737,17.0,SC,Sul,<5 mil,8.739834531398346,-2.266920003581392,True
4215000,6.032919057624596,-0.055715879741749186,23.0,SC,Sul,20-50 mil,8.254741266567487,-2.221822208942891,True
4215059,9.265721427548101,0.3966301539164384,11.0,SC,Sul,<5 mil,3.885070997308608,5.380650430239493,True
4215075,4.833877373338225,-0.12793419996773556,21.0,SC,Sul,<5 mil,6.913558207235818,-2.0796808338975925,False
4215109,4.6966766636722355,-0.16260030309583895,21.0,SC,Sul,5-20 mil,7.00801402631124,-2.311337362639004,False
4215208,4.210249881635775,-0.13922191371686338,21.0,SC,Sul,<5 mil,5.704619827924821,-1.494369946289046,False
4215307,5.955119356636857,-0.07453219110000522,17.0,SC,Sul,5-20 mil,6.887945804715607,-0.9328264480787505,True
4215356,4.539315338545578,-0.10298373511218853,17.0,SC,Sul,<5 mil,5.826973734050051,-1.2876583955044731,False
4215406,5.072553178788979,-0.11474953587286531,20.0,SC,Sul,<5 mil,6.463910510921503,-1.3913573321325234,True
4215455,3.2048646283275133,0.06011037085320085,16.0,SC,Sul,5-20 mil,2.2829562332147404,0.9219083951127729,False
4215505,5.187789390537944,-0.10760710536498969,20.0,SC,Sul,5-20 mil,6.986944676610518,-1.7991552860725744,True
4215554,5.215255330880041,0.15932163241034128,14.0,SC,Sul,<5 mil,3.896194888719641,1.3190604421603997,True
4215604,5.048061450079786,-0.20958702135098706,17.0,SC,Sul,<5 mil,8.374018651865185,-3.3259572017853998,True
4215653,3.6360615906550677,-0.0214580368962375,12.0,SC,Sul,<5 mil,4.228914318584868,-0.5928527279298006,False
4215679,7.6326778799996475,-0.022871441646053196,17.0,SC,Sul,<5 mil,7.397585448199992,0.23509243179965544,True
4215687,12.590534607028872,0.46086067935280706,14.0,SC,Sul,<5 mil,10.484787732245444,2.105746874783428,True
4215695,4.673934592319654,0.1778392481779709,6.0,SC,Sul,<5 mil,1.9509040833182851,2.7230305090013687,False
4215703,1.3682669652987443,-0.48239438906909643,22.0,SC,Sul,5-20 mil,9.257715409450604,-7.88944844415186,False
4215752,5.817676803698248,-0.08960773900215772,16.0,SC,Sul,<5 mil,6.858518795958543,-1.0408419922602947,True
4215802,5.556036709230824,-0.09731146986937511,25.0,SC,Sul,50-100 mil,8.368331606484901,-2.812294897254077,True
4215901,5.417500062826946,-0.2345129348207752,21.0,SC,Sul,<5 mil,7.854418321370092,-2.4369182585431464,True
4216008,5.183671536842837,-0.16446915290554992,17.0,SC,Sul,5-20 mil,7.351670868967615,-2.1679993321247775,True
4216057,10.957779679473163,0.12217820187288464,17.0,SC,Sul,<5 mil,10.30860009829108,0.6491795811820822,True
4216107,8.015770581207859,-0.005979867229593441,19.0,SC,Sul,5-20 mil,8.997420711765212,-0.9816501305573535,True
4216206,8.485415047340702,-0.001240085237720995,24.0,SC,Sul,50-100 mil,9.88594447849589,-1.4005294311551886,True
4216255,7.298810276323451,0.09029323351587218,10.0,SC,Sul,<5 mil,6.216543190033289,1.0822670862901616,True
4216305,0.40048899000544225,-0.29217317167948825,17.0,SC,Sul,20-50 mil,6.4341922635124265,-6.033703273506984,False
4216354,5.7807644377722625,-0.10998960583081806,21.0,SC,Sul,<5 mil,7.872525722399824,-2.0917612846275615,True
4216404,5.673500468333884,-0.15417554132248082,17.0,SC,Sul,<5 mil,7.929773029615737,-2.256272561281853,True
4216503,8.183501328797092,-0.11637968518278731,24.0,SC,Sul,5-20 mil,9.904952728011828,-1.721451399214736,True
4216602,7.150872325354783,-0.20563711055001482,22.0,SC,Sul,100-500 mil,10.483302380674434,-3.3324300553196515,True
4216701,3.4529957410624093,-0.2127476316924191,21.0,SC,Sul,5-20 mil,6.601599029088956,-3.148603288026547,False
4216800,5.853506288382846,-0.06648455256655281,17.0,SC,Sul,<5 mil,6.677173251726434,-0.8236669633435882,True
4216909,5.978412622993403,-0.07704672207661517,20.0,SC,Sul,5-20 mil,7.545848570361763,-1.5674359473683595,True
4217006,9.799267838750097,-0.1006413583281273,17.0,SC,Sul,5-20 mil,11.282927913185675,-1.4836600744355781,True
4217105,5.645197572668678,-0.16778345523178076,17.0,SC,Sul,<5 mil,7.871266113322297,-2.2260685406536185,True
4217154,10.677655583395904,0.397658177959357,10.0,SC,Sul,<5 mil,5.4246496078179245,5.253005975577979,True
4217204,4.590674498878059,-0.1702887450556238,21.0,SC,Sul,20-50 mil,6.804004577251139,-2.2133300783730805,False
4217253,0.0,-0.0973167189980846,10.0,SC,Sul,<5 mil,0.0,0.0,False
4217303,5.500441080322702,0.06365437490087249,13.0,SC,Sul,5-20 mil,4.487996151596249,1.0124449287264525,True
4217402,1.8967504295367235,-0.26255445479229966,19.0,SC,Sul,20-50 mil,6.316090347249078,-4.419339917712355,False
4217501,4.7945542197541045,-0.11466029620678722,17.0,SC,Sul,5-20 mil,6.582282107000307,-1.7877278872462021,False
4217550,3.568317565555912,0.009526276776318236,14.0,SC,Sul,<5 mil,3.5783026706926013,-0.009985105136689487,False
4217600,5.969722295744475,-0.11120661496198142,17.0,SC,Sul,5-20 mil,6.728192692085544,-0.7584703963410693,True
4217709,6.394055373520189,-0.10510867555308655,10.0,SC,Sul,20-50 mil,8.630630518782864,-2.236575145262675,True
4217758,5.887289387023202,0.14800366217646926,11.0,SC,Sul,<5 mil,3.7890295503335496,2.0982598366896523,True
4217808,5.590141684276887,-0.1385939644131137,17.0,SC,Sul,5-20 mil,7.647874727908845,-2.0577330436319583,True
4217907,5.5594377710098115,-0.141240365276862,17.0,SC,Sul,<5 mil,7.619934377965813,-2.0604966069560016,True
4217956,10.654747905282079,0.43077474591587844,9.0,SC,Sul,<5 mil,5.62068109980012,5.034066805481959,True
4218004,5.4714075194660055,0.03021545302721767,25.0,SC,Sul,20-50 mil,5.501237876825598,-0.029830357359592163,True
4218103,2.524809883249816,-0.11779250278241453,20.0,SC,Sul,<5 mil,4.328707725066986,-1.8038978418171698,False
4218202,0.0,-0.44266000594701493,22.0,SC,Sul,20-50 mil,4.7421258187314885,-4.7421258187314885,False
4218251,4.692707155671428,-0.11766713211070484,17.0,SC,Sul,<5 mil,5.938725263895437,-1.2460181082240087,False
4218301,5.062865981209654,-0.14509048400872998,16.0,SC,Sul,5-20 mil,7.022468764733617,-1.9596027835239624,True
4218350,5.113417954627636,0.0768000487762471,15.0,SC,Sul,<5 mil,3.7342882307044847,1.379129723923151,True
4218400,4.876084642841818,-0.1607497075842524,17.0,SC,Sul,<5 mil,7.074362754163348,-2.19827811132153,False
4218509,7.273583863289161,-0.11536508066257123,17.0,SC,Sul,5-20 mil,9.01385483786474,-1.7402709745755782,True
4218608,4.138775496116978,-0.21463382789235938,17.0,SC,Sul,<5 mil,7.222449056279228,-3.08367356016225,False
4218707,5.900896778309118,-0.08001094385297026,16.0,SC,Sul,50-100 mil,8.647125437394935,-2.7462286590858174,True
4218756,5.098393727246389,0.10006764120314746,11.0,SC,Sul,<5 mil,4.587523727862982,0.5108699993834067,True
4218806,6.643286391519439,-0.060135392344300743,17.0,SC,Sul,5-20 mil,8.453664137386893,-1.810377745867454,True
4218855,9.231317633292974,0.18714292596367754,12.0,SC,Sul,<5 mil,6.289736984866871,2.941580648426103,True
4218905,7.269740015054154,-0.04010960361958678,17.0,SC,Sul,5-20 mil,8.250393909855838,-0.9806538948016836,True
4218954,4.924676587925319,-0.11424615974934696,17.0,SC,Sul,<5 mil,6.467323489214835,-1.5426469012895163,False
4219002,0.9344429393789824,-0.2572841320259342,24.0,SC,Sul,5-20 mil,4.518497744519991,-3.584054805141009,False
4219101,5.5076362291863745,-0.10676519021937976,17.0,SC,Sul,<5 mil,6.8604941269443405,-1.352857897757966,True
4219150,0.0,-0.2707482854555122,12.0,SC,Sul,<5 mil,1.5485170860836084,-1.5485170860836084,False
4219176,1.4878606749699657,-0.44327302641936805,20.0,SC,Sul,<5 mil,9.457583753424847,-7.969723078454882,False
4219200,6.4250623947374095,-0.12481886841393779,17.0,SC,Sul,<5 mil,8.524248133869786,-2.099185739132377,True
4219309,3.3575083553004674,-0.24226179267076092,20.0,SC,Sul,20-50 mil,6.87857457330335,-3.5210662180028827,False
4219358,5.083731627300779,-0.15104072367380614,20.0,SC,Sul,<5 mil,6.997810505052924,-1.9140788777521456,True
4219408,5.1792129662673005,-0.1447623575313365,17.0,SC,Sul,<5 mil,7.256246053599442,-2.0770330873321416,True
4219507,4.718815523971614,-0.17444335391018279,21.0,SC,Sul,20-50 mil,7.069559768528243,-2.350744244556629,False
4219606,6.243963129288545,-0.10473288306569645,17.0,SC,Sul,<5 mil,7.573439843984399,-1.3294767146958542,True
4219705,5.170654208352005,-0.10522887413232702,17.0,SC,Sul,20-50 mil,6.567249991920894,-1.3965957835688894,True
4219853,0.0,-0.1542169628772129,6.0,SC,Sul,<5 mil,1.500391941289987,-1.500391941289987,False
4220000,,,0.0,SC,Sul,5-20 mil,,,False
4300034,7.3415148499406655,-0.17825136126263025,18.0,RS,Sul,<5 mil,11.025931944829996,-3.68441709488933,True
4300059,6.738179615869626,-0.16689804641587,17.0,RS,Sul,<5 mil,10.003125342678963,-3.264945726809337,True
4300109,4.246055545853096,-0.2982388704721014,23.0,RS,Sul,5-20 mil,9.419687505234291,-5.173631959381195,False
4300208,8.36972864634032,-0.09266500834867256,17.0,RS,Sul,<5 mil,10.598720879440886,-2.2289922331005663,True
4300307,3.630098982364302,-0.28428652997678205,20.0,RS,Sul,<5 mil,8.672007726693835,-5.0419087443295325,False
4300406,4.997134829800416,-0.29389670788974936,21.0,RS,Sul,50-100 mil,9.61602000883342,-4.618885179033004,False
4300455,4.244965025336413,0.05884205710714428,8.0,RS,Sul,<5 mil,3.4865293185419968,0.7584357067944159,False
4300471,0.0,0.0,6.0,RS,Sul,<5 mil,0.0,0.0,False
4300505,4.639287069750878,-0.240893619954972,20.0,RS,Sul,<5 mil,8.812969420857016,-4.173682351106137,False
4300554,6.180548029374222,-0.19237678888790208,17.0,RS,Sul,<5 mil,9.814539378044948,-3.633991348670726,True
4300570,7.455579565760274,0.13877073421661487,12.0,RS,Sul,<5 mil,6.476806510553547,0.9787730552067275,True
4300604,7.721934229920237,-0.14444062989026307,27.0,RS,Sul,100-500 mil,10.253169631166108,-2.531235401245871,True
4300638,6.807933887177811,-0.06027865507525186,17.0,RS,Sul,<5 mil,7.903847216331678,-1.0959133291538672,True
4300646,7.61486769547642,-0.06069111463003907,17.0,RS,Sul,<5 mil,10.1682890387253,-2.55342134324888,True
4300661,5.017595310107595,0.2189382375251173,7.0,RS,Sul,<5 mil,2.349361212437033,2.668234097670562,True
4300703,1.2347495507584085,-0.18954544331716436,21.0,RS,Sul,<5 mil,5.225756434770461,-3.9910068840120525,False
4300802,5.458995456016851,-0.26264521770088994,17.0,RS,Sul,5-20 mil,9.893221724138902,-4.4342262681220515,True
4300851,3.8499291535288194,-0.14836234120176256,17.0,RS,Sul,<5 mil,6.222495852658825,-2.3725666991300054,False
4300877,,,0.0,RS,Sul,<5 mil,,,False
4300901,5.187902695339233,-0.2509355364899895,18.0,RS,Sul,<5 mil,9.726287749742715,-4.5383850544034825,True
4301008,4.126763506722568,-0.4149487935105157,19.0,RS,Sul,5-20 mil,10.608543269357758,-6.48177976263519,False
4301057,3.4361957219089163,-0.17149333108823703,17.0,RS,Sul,5-20 mil,6.3442542200718375,-2.908058498162921,False
4301073,,,2.0,RS,Sul,<5 mil,2.4803138609676765,,False
4301107,10.374576583146947,0.038998470184730294,17.0,RS,Sul,5-20 mil,9.946535999093472,0.4280405840534751,True
4301206,6.1364053117987964,-0.15569634738213503,17.0,RS,Sul,5-20 mil,9.081408567048104,-2.9450032552493077,True
4301305,3.8670347334103212,-0.24587259627452498,27.0,RS,Sul,5-20 mil,8.16504313423668,-4.298008400826358,False
4301404,5.542602911518713,-0.22451423001469853,22.0,RS,Sul,5-20 mil,9.755200971718605,-4.212598060199891,True
4301503,4.261870223653517,0.03003464960711782,6.0,RS,Sul,<5 mil,3.9781663014607753,0.28370392219274176,False
4301552,3.5601782354021907,-0.2720631092908365,21.0,RS,Sul,<5 mil,8.516146983403376,-4.955968748001185,False
4301602,9.262519282472056,0.08634170937664923,23.0,RS,Sul,100-500 mil,8.377940418524075,0.884578863947981,True
4301636,3.417748545209861,-0.15321004640175126,17.0,RS,Sul,5-20 mil,5.828658585359184,-2.4109100401493233,False
4301651,6.451059102346221,-0.1883534551034007,17.0,RS,Sul,<5 mil,9.7637894736302,-3.3127303712839797,True
4301701,6.3477829178085585,-0.1650701589184104,17.0,RS,Sul,<5 mil,9.132866938205218,-2.78508402039666,True
4301750,5.0551029983092235,-0.2454393049153973,17.0,RS,Sul,<5 mil,9.258074342856627,-4.202971344547404,True
4301800,4.84427585504767,-0.2159447062517571,17.0,RS,Sul,<5 mil,8.79335644591758,-3.94908059086991,False
4301859,11.39381874915972,0.148058651674502,17.0,RS,Sul,<5 mil,10.237749816648332,1.1560689325113884,True
4301875,9.194426814111203,-0.01724130094693338,18.0,RS,Sul,<5 mil,10.42413359047919,-1.229706776367987,True
4301909,5.857814659580356,-0.22164094788291905,17.0,RS,Sul,5-20 mil,9.422257356608544,-3.5644426970281877,True
4301925,6.036508390564393,0.21317401646387424,13.0,RS,Sul,<5 mil,3.787135950437149,2.2493724401272437,True
4301958,2.302173552256299,-0.025065321241808207,13.0,RS,Sul,<5 mil,2.478751059819358,-0.17657750756305868,False
4302006,2.5804800079901042,-0.338974740119888,21.0,RS,Sul,<5 mil,8.55242417813643,-5.971944170146326,False
4302055,,,0.0,RS,Sul,<5 mil,,,False
4302105,4.182938649202356,-0.39220796098009,27.0,RS,Sul,100-500 mil,10.343630927292947,-6.1606922780905915,False
4302154,1.2822966925853763,0.03118346447871752,5.0,RS,Sul,<5 mil,0.6858454389253359,0.5964512536600404,False
4302204,6.9075127541988195,-0.16802901931903236,17.0,RS,Sul,<5 mil,10.168372152921204,-3.260859398722385,True
4302220,1.8493821979339984,0.021225125994567346,13.0,RS,Sul,<5 mil,1.797604072001403,0.05177812593259534,False
4302238,0.0,-0.10395815556960304,9.0,RS,Sul,<5 mil,1.1247023935825828,-1.1247023935825828,False
4302253,,,1.0,RS,Sul,<5 mil,2.095514627857826,,False
4302303,4.98323133321054,-0.18912228908293344,20.0,RS,Sul,5-20 mil,8.498024810687477,-3.514793477476937,False
4302352,1.6634801371566255,-0.21022455926110356,17.0,RS,Sul,5-20 mil,3.0006789761182038,-1.3371988389615783,False
4302378,5.863810196453983,-0.12610193754504148,15.0,RS,Sul,<5 mil,8.31686167539168,-2.453051478937697,True
4302402,6.392196363003507,-0.1799909418116937,18.0,RS,Sul,5-20 mil,9.448171771171674,-3.055975408168168,True
4302451,6.458145276839787,-0.18944766731002022,17.0,RS,Sul,<5 mil,9.97231855165212,-3.5141732748123324,True
4302501,6.22592979753756,-0.13173215552883244,17.0,RS,Sul,<5 mil,8.952623006505949,-2.7266932089683884,True
4302584,0.011588385924682143,-0.048076250129496956,14.0,RS,Sul,<5 mil,0.8215179873965658,-0.8099296014718836,False
4302600,7.395243841273157,-0.06646352121480337,17.0,RS,Sul,<5 mil,9.140054240263504,-1.7448103989903476,True
4302659,0.0,-0.48796825097617097,4.0,RS,Sul,<5 mil,3.202142524452725,-3.202142524452725,False
4302709,6.688985648946755,-0.16102903263397472,18.0,RS,Sul,5-20 mil,9.234581831554753,-2.545596182607998,True
4302808,4.495220180137665,-0.219143850690161,23.0,RS,Sul,20-50 mil,8.133001810653981,-3.637781630516317,False
4302907,4.2336392297145835,-0.24926273516003425,27.0,RS,Sul,5-20 mil,8.789755574275727,-4.5561163445611434,False
4303004,5.741915190027385,-0.2860151586081065,21.0,RS,Sul,50-100 mil,11.275815520144768,-5.533900330117383,True
4303103,7.990036291996375,-0.253982345397267,24.0,RS,Sul,100-500 mil,12.14758474511713,-4.157548453120755,True
4303202,6.3162089029764275,-0.1655169236999483,17.0,RS,Sul,<5 mil,9.20434985857835,-2.888140955601923,True
4303301,6.949842994061498,-0.15261773340229012,22.0,RS,Sul,<5 mil,10.004359569540645,-3.0545165754791466,True
4303400,5.740306544111206,-0.18067458842163708,17.0,RS,Sul,<5 mil,9.305448227749604,-3.565141683638398,True
4303509,5.974768971537003,-0.2287421826855895,23.0,RS,Sul,50-100 mil,9.412158181609922,-3.4373892100729186,True
4303558,3.565932471936293,-0.08763748264135206,14.0,RS,Sul,<5 mil,4.605681167606556,-1.039748695670263,False
4303608,6.257986545311951,-0.17545682087381306,17.0,RS,Sul,<5 mil,10.09042532194396,-3.8324387766320083,True
4303673,5.464308103643361,-0.17564969696415475,17.0,RS,Sul,<5 mil,8.753786425154145,-3.2894783215107832,True
4303707,5.926135439866584,-0.24389854180285192,22.0,RS,Sul,<5 mil,10.29376773066301,-4.367632290796426,True
4303806,6.4238053642694695,-0.15614195329759362,17.0,RS,Sul,<5 mil,9.493406950850916,-3.069601586581447,True
4303905,3.2427768398492844,-0.420538270609716,25.0,RS,Sul,50-100 mil,9.635286551291337,-6.392509711442052,False
4304002,6.504623350913505,-0.13264194835643606,13.0,RS,Sul,<5 mil,9.069222100103952,-2.5645987491904467,True
4304101,6.72519529516029,-0.10940910355452826,17.0,RS,Sul,<5 mil,8.98196630560492,-2.2567710104446306,True
4304200,5.312840575907728,-0.24292809179339606,18.0,RS,Sul,5-20 mil,9.44779502224776,-4.134954446340032,True
4304309,6.363332452822078,-0.18139588803115547,17.0,RS,Sul,<5 mil,9.912004763401509,-3.5486723105794304,True
4304358,,,2.0,RS,Sul,<5 mil,2.6820883343497064,,False
4304408,8.38177476369168,-0.13720651860786937,17.0,RS,Sul,20-50 mil,10.899801898822012,-2.518027135130332,True
4304507,5.314237384593866,-0.18521268677116873,22.0,RS,Sul,20-50 mil,8.200368767170769,-2.8861313825769024,True
4304606,6.541774447354214,-0.2823272500425023,27.0,RS,Sul,100-500 mil,11.257003808360356,-4.715229361006141,True
4304614,8.821262323259475,0.34480961415980893,11.0,RS,Sul,<5 mil,4.317323581316464,4.503938741943011,True
4304622,3.7305664918625325,0.20280693381485534,8.0,RS,Sul,<5 mil,1.0279589312951043,2.7026075605674285,False
4304630,4.079709093009569,-0.28650849552390184,19.0,RS,Sul,50-100 mil,8.654228545812098,-4.574519452802528,False
4304655,0.0,-0.2513228626976185,3.0,RS,Sul,<5 mil,0.0,0.0,False
4304663,8.275956322896862,0.0073602656741785935,22.0,RS,Sul,20-50 mil,7.85582565212834,0.42013067076852195,True
4304671,5.851671980261472,-0.24369568838149522,17.0,RS,Sul,<5 mil,10.049180732301762,-4.1975087520402905,True
4304689,6.866045865916277,-0.07761577906603287,17.0,RS,Sul,5-20 mil,8.199126135989532,-1.3330802700732551,True
4304697,2.906552195429036,-0.016950051996560734,14.0,RS,Sul,<5 mil,3.564946869686968,-0.6583946742579321,False
4304705,6.961018323533324,-0.176637131969915,23.0,RS,Sul,50-100 mil,10.006602575396611,-3.0455842518632874,True
4304713,4.67874895147142,0.0612685370878593,13.0,RS,Sul,<5 mil,4.914416472975618,-0.23566752150419834,False
4304804,5.537707677120238,-0.26391945783143045,17.0,RS,Sul,20-50 mil,9.546906684773084,-4.009199007652846,True
4304853,,,1.0,RS,Sul,,2.4901138762524906,,False
4304903,5.033825510891688,-0.3922336991244589,18.0,RS,Sul,5-20 mil,10.793797975937093,-5.759972465045404,True
4304952,6.352838033631542,-0.14703978197561912,17.0,RS,Sul,<5 mil,9.711004052494586,-3.3581660188630433,True
4305009,6.53359656507223,-0.17639574654829646,17.0,RS,Sul,5-20 mil,10.024370597723472,-3.4907740326512418,True
4305108,10.090157439257865,0.026201261974409595,25.0,RS,Sul,500 mil+,9.33713555870731,0.7530218805505555,True
4305116,6.889405723028631,0.2671694119381438,7.0,RS,Sul,<5 mil,3.6038243374602015,3.2855813855684293,True
4305124,5.581844985511822,-0.08880932679702627,22.0,RS,Sul,<5 mil,7.280148695197389,-1.6983037096855673,True
4305132,6.853082240091453,0.22289403067410232,7.0,RS,Sul,<5 mil,2.174579411661026,4.678502828430426,True
4305157,18.1670960843187,0.983226149396034,3.0,RS,Sul,<5 mil,7.263501919506593,10.903594164812107,True
4305173,8.011886491310321,-0.07052103891868192,17.0,RS,Sul,<5 mil,10.595445321019763,-2.5835588297094425,True
4305207,6.201590421039327,-0.2274791820347946,22.0,RS,Sul,5-20 mil,10.205420676005934,-4.003830254966607,True
4305306,6.205052974848741,-0.16745955589803138,17.0,RS,Sul,5-20 mil,9.239302975177283,-3.0342500003285426,True
4305355,8.504821336481655,-0.4508376107144161,25.0,RS,Sul,20-50 mil,15.838509009986554,-7.333687673504899,True
4305371,5.032679302952886,0.1719519679001537,7.0,RS,Sul,<5 mil,3.024240331491713,2.008438971461173,True
4305405,4.676014306352897,-0.24436409168319953,21.0,RS,Sul,<5 mil,9.381158659896473,-4.7051443535435755,False
4305439,5.202809447580648,-0.29476247507174314,21.0,RS,Sul,5-20 mil,10.19482450428449,-4.992015056703842,True
4305447,12.57047529724855,0.16329139596904507,17.0,RS,Sul,<5 mil,10.615675573581454,1.9547997236670955,True
4305454,1.983455337637679,-0.2582905427192693,19.0,RS,Sul,5-20 mil,5.801726340738685,-3.818271003101006,False
4305504,5.261426855716479,-0.21147545059710593,17.0,RS,Sul,<5 mil,8.797403349584288,-3.5359764938678087,True
4305587,,,1.0,RS,Sul,<5 mil,4.050246603027176,,False
4305603,6.323456480669506,-0.18797418140304073,17.0,RS,Sul,<5 mil,10.164152168528112,-3.840695687858606,True
4305702,8.316331352520365,-0.06838690092433602,17.0,RS,Sul,<5 mil,10.010540497547396,-1.6942091450270311,True
4305801,7.363422731780872,-0.13135274121086896,17.0,RS,Sul,5-20 mil,10.1791247415213,-2.815702009740427,True
4305835,0.0,0.0,13.0,RS,Sul,<5 mil,0.0,0.0,False
4305850,0.0,-0.2839453566343402,8.0,RS,Sul,<5 mil,0.0,0.0,False
4305871,,,1.0,RS,Sul,<5 mil,3.7405970812182736,,False
4305900,5.582192130945884,-0.1677434856979919,20.0,RS,Sul,<5 mil,9.40216568675803,-3.8199735558121457,True
4305934,,,2.0,RS,Sul,<5 mil,2.1081712461186948,,False
4305959,5.287522516356773,-0.20465377565753698,17.0,RS,Sul,<5 mil,9.291046091788663,-4.00352357543189,True
4305975,3.343600786781991,0.07312935444567656,11.0,RS,Sul,<5 mil,2.820081096468693,0.5235196903132979,False
4306007,4.427443905268888,-0.2929208517235346,20.0,RS,Sul,5-20 mil,9.486044826730952,-5.058600921462064,False
4306056,6.277596430969595,-0.15368384123405657,22.0,RS,Sul,<5 mil,9.07389377755704,-2.796297346587444,True
4306072,,,2.0,RS,Sul,<5 mil,2.9918907792319698,,False
4306106,6.325492421260208,-0.229211711094217,23.0,RS,Sul,50-100 mil,10.567114605516842,-4.241622184256634,True
4306130,7.610641134743844,0.24511584194903416,13.0,RS,Sul,<5 mil,4.805566289751338,2.8050748449925056,True
4306205,7.2818399346086835,-0.11971826797201862,18.0,RS,Sul,5-20 mil,9.175768696851437,-1.8939287622427532,True
4306304,4.964319488462365,-0.2870158702474999,17.0,RS,Sul,<5 mil,9.941282872005791,-4.976963383543426,False
4306320,6.950653124727424,-0.05905740332759541,17.0,RS,Sul,<5 mil,8.30545794775556,-1.354804823028136,True
4306353,1.9107760171110595,-0.002821290941499769,7.0,RS,Sul,<5 mil,2.245463296281758,-0.3346872791706983,False
4306379,14.079672052836713,0.5223644401968942,7.0,RS,Sul,<5 mil,7.807475306883206,6.272196745953507,True
4306403,3.7419361269044202,-0.36909809703186974,25.0,RS,Sul,20-50 mil,9.72555647546698,-5.98362034856256,False
4306429,5.895096628442047,0.194087005437141,4.0,RS,Sul,<5 mil,2.0505126615649893,3.844583966877058,True
4306452,,,1.0,RS,Sul,<5 mil,4.557088943174148,,False
4306502,6.680901449622411,-0.15909749427281986,17.0,RS,Sul,<5 mil,9.480489492826834,-2.799588043204423,True
4306551,22.00653632637477,1.1791250292998734,6.0,RS,Sul,<5 mil,6.436369684872679,15.570166641502093,True
4306601,7.188946431811473,-0.1835528856044377,22.0,RS,Sul,20-50 mil,10.406116064142129,-3.2171696323306556,True
4306700,6.768815964114424,-0.1529863110874231,17.0,RS,Sul,<5 mil,9.976012053849912,-3.207196089735488,True
4306734,6.595621035501097,-0.13660840718677927,17.0,RS,Sul,<5 mil,9.072338016511932,-2.476716981010835,True
4306759,6.615583218493157,0.12117166818856479,16.0,RS,Sul,<5 mil,4.964822398470213,1.6507608200229438,True
4306767,4.797215368333923,-0.3446895343842888,25.0,RS,Sul,20-50 mil,10.607107140101576,-5.809891771767653,False
4306809,5.722178772906773,-0.30594305984857123,18.0,RS,Sul,20-50 mil,10.646111948834548,-4.923933175927775,True
4306908,4.81540993461914,-0.19531073136885563,21.0,RS,Sul,5-20 mil,8.19484540559319,-3.37943547097405,False
4306924,6.432757408915734,0.21857563985149714,3.0,RS,Sul,<5 mil,3.3878603360567285,3.0448970728590052,True
4306932,7.71793807244967,-0.07531193692699896,17.0,RS,Sul,<5 mil,9.393197574067752,-1.6752595016180827,True
4306957,6.9497412216014425,-0.06870450549652737,17.0,RS,Sul,<5 mil,8.203918474076989,-1.2541772524755466,True
4306973,4.777558516141539,-0.24445338164783734,21.0,RS,Sul,<5 mil,9.315477049201927,-4.537918533060388,False
4307005,4.137964914662689,-0.33701661380911196,23.0,RS,Sul,100-500 mil,8.507471900633705,-4.369506985971016,False
4307054,,,1.0,RS,Sul,<5 mil,3.852626883224851,,False
4307104,4.292617583681533,-0.16397773677537572,21.0,RS,Sul,<5 mil,7.143684644160348,-2.8510670604788144,False
4307203,5.034903498710435,-0.1635145475301695,17.0,RS,Sul,<5 mil,8.25316931886987,-3.218265820159436,True
4307302,6.0054440727341785,-0.18197704972074996,17.0,RS,Sul,<5 mil,9.684071406525394,-3.6786273337912156,True
4307401,5.366163223834121,-0.17459555124094792,17.0,RS,Sul,<5 mil,8.118574428600354,-2.752411204766233,True
4307450,3.8451317352464685,0.055717470148774484,13.0,RS,Sul,<5 mil,2.982372580555157,0.8627591546913114,False
4307500,7.06539246982328,-0.24398546009993208,21.0,RS,Sul,5-20 mil,11.353126434125482,-4.287733964302202,True
4307559,6.516501354631089,-0.16225293855006206,17.0,RS,Sul,5-20 mil,9.917207442015595,-3.4007060873845063,True
4307609,4.2647433525255565,-0.33850742862488736,25.0,RS,Sul,20-50 mil,9.416547979850115,-5.151804627324559,False
4307708,4.631570807076173,-0.34097903489800796,25.0,RS,Sul,50-100 mil,11.085465600863866,-6.453894793787693,False
4307807,4.7800672400912845,-0.3362356134619239,21.0,RS,Sul,20-50 mil,10.23800785384776,-5.457940613756476,False
4307815,3.894986565599538,0.08260715109384213,14.0,RS,Sul,<5 mil,2.2670820231629465,1.6279045424365917,False
4307864,5.141593639851749,-0.21974393164838327,17.0,RS,Sul,<5 mil,9.4304796003066,-4.28888596045485,True
4307906,2.456080984809205,-0.45057296147393355,20.0,RS,Sul,50-100 mil,9.593362789500484,-7.137281804691279,False
4308003,6.814591380671857,-0.18501909844921388,17.0,RS,Sul,<5 mil,10.242900243518449,-3.428308862846592,True
4308052,6.819435049402273,-0.07902300296976673,17.0,RS,Sul,<5 mil,8.443236195685296,-1.6238011462830233,True
4308078,3.5060007374994058,-0.013568664212591883,4.0,RS,Sul,<5 mil,3.7450563964806634,-0.23905565898125758,False
4308102,2.790959251723507,-0.372420769238166,18.0,RS,Sul,5-20 mil,9.457095271280116,-6.666136019556609,False
4308201,2.9757754607993547,-0.41948832271898545,27.0,RS,Sul,20-50 mil,10.22380514625307,-7.248029685453716,False
4308250,1.5366899308787652,0.04003282685755325,13.0,RS,Sul,<5 mil,1.1049510519587786,0.4317388789199865,False
4308300,4.564671429121518,-0.2086101805541617,23.0,RS,Sul,<5 mil,8.096254908337547,-3.53158347921603,False
4308409,5.780730490854921,-0.17455836494297758,17.0,RS,Sul,<5 mil,8.669218899577585,-2.8884884087226634,True
4308433,,,1.0,RS,Sul,<5 mil,2.6544607768080435,,False
4308458,7.626753947704003,-0.12692135462724585,17.0,RS,Sul,<5 mil,10.378019947095211,-2.751265999391208,True
4308508,6.769531358223446,-0.22233001474136593,23.0,RS,Sul,20-50 mil,10.155096431885504,-3.3855650736620575,True
4308607,5.183819031395842,-0.3012896710462931,17.0,RS,Sul,20-50 mil,9.993685111714482,-4.80986608031864,True
4308656,0.0,-0.06866800107888056,5.0,RS,Sul,<5 mil,0.0,0.0,False
4308706,6.091372512262183,-0.20722775700878873,17.0,RS,Sul,<5 mil,9.658476783337932,-3.567104271075749,True
4308805,4.547159935395825,-0.20350629680529467,17.0,RS,Sul,<5 mil,8.005562492141244,-3.458402556745419,False
4308854,2.4651770336429024,-0.06884224023027838,7.0,RS,Sul,<5 mil,3.703486809377858,-1.2383097757349555,False
4308904,4.979707895694446,-0.2811968169574513,21.0,RS,Sul,5-20 mil,9.755056450767029,-4.775348555072583,False
4309001,6.159962625540857,-0.21752208702052367,18.0,RS,Sul,5-20 mil,10.273526086094137,-4.11356346055328,True
4309050,6.467813450657104,-0.3138611907652645,25.0,RS,Sul,<5 mil,12.60665612926688,-6.138842678609777,True
4309100,12.815791354873014,-0.06222100258457375,17.0,RS,Sul,20-50 mil,15.603830254735998,-2.7880388998629844,True
4309126,0.0,0.0,4.0,RS,Sul,<5 mil,0.0,0.0,False
4309159,7.187558772037676,0.16658330203903418,4.0,RS,Sul,<5 mil,4.476194793681495,2.7113639783561805,True
4309209,4.631286196501378,-0.37893110910455635,25.0,RS,Sul,100-500 mil,11.139259573127958,-6.50797337662658,False
4309258,4.236046131825191,0.04578692925945293,14.0,RS,Sul,<5 mil,3.912765345412092,0.32328078641309865,False
4309308,4.643357916438731,-0.3104315765550099,27.0,RS,Sul,50-100 mil,10.43780572822836,-5.794447811789629,False
4309407,6.805889228833053,-0.28296052173444103,22.0,RS,Sul,20-50 mil,11.4102679076751,-4.604378678842048,True
4309506,5.927373440664667,-0.22804645474616453,22.0,RS,Sul,<5 mil,9.93931856760227,-4.0119451269376025,True
4309555,0.6604365184902008,-0.1833325608456686,8.0,RS,Sul,<5 mil,4.073026350254073,-3.4125898317638725,False
4309571,2.9650865565366047,-0.04719538011373019,9.0,RS,Sul,<5 mil,4.142899295990206,-1.1778127394536009,False
4309605,3.27021647463323,-0.44037046007176106,21.0,RS,Sul,5-20 mil,11.070857647869335,-7.800641173236105,False
4309654,0.0,-0.1591869629214308,6.0,RS,Sul,<5 mil,0.944470359807601,-0.944470359807601,False
4309704,7.204746519298055,-0.12889396227575997,17.0,RS,Sul,<5 mil,10.007006626348328,-2.802260107050273,True
4309753,0.0,0.0,8.0,RS,Sul,<5 mil,0.0,0.0,False
4309803,3.984442338106078,-0.31182504368225694,21.0,RS,Sul,<5 mil,9.088541618785833,-5.104099280679755,False
4309902,5.772938366150072,-0.2231769667700821,17.0,RS,Sul,<5 mil,9.549874757441025,-3.7769363912909526,True
4309951,,,0.0,RS,Sul,<5 mil,,,False
4310009,5.926441158681087,-0.2722826886994573,21.0,RS,Sul,5-20 mil,10.97944290793571,-5.053001749254623,True
4310108,4.971119677806428,-0.30531175718150455,19.0,RS,Sul,20-50 mil,9.584217889634017,-4.613098211827589,False
4310207,7.325441538441339,-0.21894204930808905,23.0,RS,Sul,50-100 mil,12.06712489570574,-4.741683357264401,True
4310306,6.197016309837011,-0.206569837950927,22.0,RS,Sul,<5 mil,10.230432372184586,-4.033416062347575,True
4310330,4.067881318807622,-0.1701316483555927,17.0,RS,Sul,20-50 mil,6.731842987057866,-2.663961668250244,False
4310363,2.521861383423868,-0.14007299315451846,12.0,RS,Sul,<5 mil,4.524420714322741,-2.0025593308988725,False
4310405,6.014142347551399,-0.17395591383822656,17.0,RS,Sul,<5 mil,9.147407031893122,-3.1332646843417233,True
4310413,16.867144939098807,0.8141891879629239,9.0,RS,Sul,<5 mil,8.60553314861628,8.261611790482528,True
4310439,2.5293565223728365,-0.34667335378804304,20.0,RS,Sul,<5 mil,8.36601475859774,-5.836658236224903,False
4310462,8.65898284808003,0.16243537302373193,10.0,RS,Sul,<5 mil,8.181910962835413,0.47707188524461586,True
4310504,6.293806732011262,-0.27400545451507335,19.0,RS,Sul,<5 mil,10.462384719661005,-4.168577987649742,True
4310538,7.662010310425423,0.0034423958522177547,17.0,RS,Sul,<5 mil,8.649603584272292,-0.9875932738468691,True
4310553,1.671803564831663,-0.04860654638696356,11.0,RS,Sul,<5 mil,1.9386384564741637,-0.26683489164250074,False
4310579,15.358686288193894,0.5466277357640749,11.0,RS,Sul,<5 mil,8.313112287506124,7.04557400068777,True
4310603,5.552584788402385,-0.23571396100958952,21.0,RS,Sul,20-50 mil,9.675412006478426,-4.122827218076042,True
4310652,,,1.0,RS,Sul,<5 mil,1.420843592171717,,False
4310702,3.4365358089029314,-0.24508518689975117,20.0,RS,Sul,<5 mil,7.513429085627009,-4.0768932767240775,False
4310751,4.0917659485310764,-0.2439755855714279,17.0,RS,Sul,<5 mil,7.979414228787009,-3.8876482802559327,False
4310801,2.219081245647999,-0.41668221301912756,25.0,RS,Sul,20-50 mil,8.960183778500705,-6.741102532852706,False
4310850,6.340709455665433,-0.12744068520483473,17.0,RS,Sul,<5 mil,9.198398831479786,-2.8576893758143527,True
4310876,0.0,-0.09806851471600965,10.0,RS,Sul,<5 mil,1.7492955435894468,-1.7492955435894468,False
4310900,5.95461636807471,-0.21039244090691267,17.0,RS,Sul,<5 mil,9.808624269020308,-3.8540079009455983,True
4311007,4.9579387142848645,-0.27831944343459114,21.0,RS,Sul,20-50 mil,10.409180605113605,-5.45124189082874,False
4311106,6.386211084014633,-0.1455505536208174,17.0,RS,Sul,5-20 mil,9.07791412162852,-2.6917030376138875,True
4311122,5.400937342107284,-0.13992046679350084,17.0,RS,Sul,<5 mil,7.985896288976943,-2.5849589468696594,True
4311130,,,2.0,RS,Sul,<5 mil,0.5568568840155429,,False
4311155,0.0,-0.2756011789187242,4.0,RS,Sul,<5 mil,0.9664985294527614,-0.9664985294527614,False
4311205,5.626215284529394,-0.20626100417657695,21.0,RS,Sul,5-20 mil,9.39377453144737,-3.767559246917976,True
4311239,4.970822236799648,-0.11200269403712738,17.0,RS,Sul,<5 mil,7.057114812641058,-2.0862925758414095,False
4311254,4.954124769760142,-0.15082918779578827,17.0,RS,Sul,<5 mil,7.792101155252682,-2.8379763854925404,False
4311270,2.4847037751158965,-0.02360499647992752,12.0,RS,Sul,<5 mil,2.7730136475185985,-0.288309872402702,False
4311304,4.526680340778626,-0.2780596483583156,27.0,RS,Sul,20-50 mil,9.424721168594273,-4.898040827815647,False
4311403,4.471579808910292,-0.36909224189634665,23.0,RS,Sul,50-100 mil,10.36043003662561,-5.888850227715318,False
4311429,0.0,-0.03682740067279771,6.0,RS,Sul,<5 mil,0.0,0.0,False
4311502,5.725465024903599,-0.1505080830213113,22.0,RS,Sul,<5 mil,8.251290647915107,-2.5258256230115084,True
4311601,7.685346917643415,-0.1332728971524246,17.0,RS,Sul,<5 mil,10.129760069233178,-2.444413151589764,True
4311627,1.9361061159037547,-0.08011050476513712,5.0,RS,Sul,5-20 mil,2.168406156855002,-0.23230004095124723,False
4311643,2.9247869574157974,-0.024822409232946745,14.0,RS,Sul,<5 mil,3.8056916315862814,-0.880904674170484,False
4311700,5.4743636450338045,-0.17081741632539024,17.0,RS,Sul,<5 mil,8.738718371837184,-3.2643547268033792,True
4311718,6.181075921205888,-0.13939917735545052,17.0,RS,Sul,<5 mil,8.719644225658522,-2.5385683044526335,True
4311734,9.1182953203338,0.3604821077870989,7.0,RS,Sul,<5 mil,4.045611639946559,5.072683680387241,True
4311759,6.725823620255198,-0.03865993042715959,17.0,RS,Sul,5-20 mil,8.020266074070225,-1.2944424538150265,True
4311775,0.0,-0.1770210931323729,9.0,RS,Sul,<5 mil,1.1719939358124745,-1.1719939358124745,False
4311791,0.30763856800982836,-0.01739827428209427,4.0,RS,Sul,<5 mil,0.4659769823136159,-0.15833841430378753,False
4311809,4.458445102089286,-0.3233143001478762,21.0,RS,Sul,20-50 mil,9.757590970698136,-5.29914586860885,False
4311908,6.11248921427989,-0.20259261050214503,17.0,RS,Sul,<5 mil,9.430654121246745,-3.318164906966855,True
4311981,6.18669419590924,-0.16289818065239883,17.0,RS,Sul,<5 mil,9.080681860202828,-2.8939876642935882,True
4312005,5.4118201876257785,-0.1897460631834955,17.0,RS,Sul,<5 mil,8.80627182737249,-3.394451639746711,True
4312054,6.073947426389168,-0.1703884426947855,17.0,RS,Sul,<5 mil,9.274468558615986,-3.200521132226818,True
4312104,5.667378301125893,-0.15355273116323617,17.0,RS,Sul,<5 mil,8.459353510208434,-2.7919752090825405,True
4312138,5.653134317947163,0.044310214113835664,5.0,RS,Sul,<5 mil,3.7324922245671015,1.9206420933800619,True
4312153,1.9251299797270462,-0.09998450320950868,14.0,RS,Sul,<5 mil,2.9398397027202714,-1.0147097229932251,False
4312179,1.7703976147128344,-0.016551552931467994,5.0,RS,Sul,<5 mil,2.474441616696881,-0.7040440019840464,False
4312203,6.231672116075856,-0.1410224005362868,17.0,RS,Sul,<5 mil,8.692952486460523,-2.4612803703846673,True
4312252,7.177105156277776,-0.13374048196039923,17.0,RS,Sul,5-20 mil,9.41192580019201,-2.234820643914235,True
4312302,10.240422892721114,-0.06684184551624527,17.0,RS,Sul,<5 mil,12.208550207777233,-1.968127315056119,True
4312351,3.348593263218021,0.022490220015922067,7.0,RS,Sul,<5 mil,2.7762465104632823,0.5723467527547386,False
4312377,3.790390623700432,0.13207093863744926,9.0,RS,Sul,<5 mil,2.6040159621477734,1.1863746615526587,False
4312385,6.733664838956237,-0.015239741868772928,8.0,RS,Sul,<5 mil,8.059516594516595,-1.3258517555603575,True
4312401,7.105243511934191,-0.25376109715026063,27.0,RS,Sul,50-100 mil,12.449369668256631,-5.3441261563224405,True
4312427,,,2.0,RS,Sul,<5 mil,1.6519362579819987,,False
4312443,7.316409591789693,0.29376155172257934,8.0,RS,Sul,<5 mil,3.593124829400233,3.72328476238946,True
4312450,6.948234687573986,-0.020548490598003715,22.0,RS,Sul,<5 mil,7.214027273282402,-0.26579258570841535,True
4312476,6.22390219530098,-0.17523031254664848,17.0,RS,Sul,5-20 mil,9.982643337863198,-3.7587411425622186,True
4312500,4.881663044183597,-0.2633029211654225,20.0,RS,Sul,5-20 mil,9.280731107488672,-4.399068063305075,False
4312609,0.0,-0.24274545658909932,9.0,RS,Sul,<5 mil,3.9803524547941582,-3.9803524547941582,False
4312617,16.055665163238928,0.6249901637979329,14.0,RS,Sul,<5 mil,8.22747786028603,7.828187302952898,True
4312625,,,1.0,RS,Sul,<5 mil,1.549884878193702,,False
4312658,7.619824526626758,-0.18410224128039657,23.0,RS,Sul,5-20 mil,11.136824183871877,-3.516999657245119,True
4312674,6.621133514285361,0.19190733261630952,14.0,RS,Sul,<5 mil,4.712286669515166,1.9088468447701956,True
4312708,4.994482003263101,-0.25014200543181014,21.0,RS,Sul,5-20 mil,9.582440311704817,-4.587958308441715,False
4312757,8.726614619466886,0.19886706025354434,13.0,RS,Sul,<5 mil,5.2704851430540165,3.45612947641287,True
4312807,4.011284814197211,-0.33281970403149347,17.0,RS,Sul,<5 mil,9.369566281936144,-5.358281467738934,False
4312906,5.799281436947581,-0.27452195802087836,22.0,RS,Sul,5-20 mil,10.456538277343428,-4.657256840395847,True
4312955,2.571866107988967,0.05168211701934278,13.0,RS,Sul,<5 mil,1.8241739137417396,0.7476921942472274,False
4313003,5.457696870356017,-0.3034388583533989,17.0,RS,Sul,<5 mil,9.816038827165158,-4.3583419568091415,True
4313011,0.6896692995167086,-0.2094380902110638,9.0,RS,Sul,<5 mil,3.72131011729848,-3.0316408177817715,False
4313037,6.526616144956506,-0.12931522421187386,17.0,RS,Sul,<5 mil,8.581676987444562,-2.0550608424880554,True
4313060,3.2174051403064823,0.13229399717725215,6.0,RS,Sul,5-20 mil,1.4826351775802582,1.734769962726224,False
4313086,0.0,-1.7532381260587748,4.0,RS,Sul,<5 mil,3.280300181738421,-3.280300181738421,False
4313102,5.687224733508401,-0.224146482020535,17.0,RS,Sul,<5 mil,9.376207974779778,-3.6889832412713766,True
4313201,4.504843999688205,-0.30621981338825327,18.0,RS,Sul,5-20 mil,9.66616126294582,-5.161317263257615,False
4313300,5.30758014752098,-0.2874664459632477,22.0,RS,Sul,20-50 mil,9.72147899521887,-4.41389884769789,True
4313334,5.161015926078164,0.15384280557152694,5.0,RS,Sul,<5 mil,3.4116204090288544,1.7493955170493098,True
4313359,5.220680112680611,-0.22787492833767176,17.0,RS,Sul,<5 mil,9.152193691591382,-3.9315135789107707,True
4313375,9.514777808598298,-0.0008758926757871978,21.0,RS,Sul,20-50 mil,9.196028199532975,0.318749609065323,True
4313391,1.1288466830013775,0.012231824459703895,11.0,RS,Sul,<5 mil,1.256040638672988,-0.12719395567161063,False
4313409,1.742537955481339,-0.4060070309226497,23.0,RS,Sul,100-500 mil,8.397191481230976,-6.654653525749637,False
4313425,4.0167677436759845,0.07282202884921816,12.0,RS,Sul,<5 mil,3.052805280528053,0.9639624631479315,False
4313441,,,0.0,RS,Sul,<5 mil,,,False
4313466,0.0,0.0,9.0,RS,Sul,<5 mil,0.0,0.0,False
4313490,0.290381576576479,-0.05256215643687004,6.0,RS,Sul,<5 mil,0.9195418749920488,-0.6291602984155698,False
4313508,4.360064877392006,-0.3374682921143757,23.0,RS,Sul,20-50 mil,9.645085452535469,-5.285020575143463,False
4313607,15.17714641250086,0.513001354808744,14.0,RS,Sul,<5 mil,8.626805410804238,6.550341001696623,True
4313656,4.283536420935093,-0.2712340657683798,17.0,RS,Sul,5-20 mil,7.79512552949594,-3.5115891085608473,False
4313706,5.336285714981273,-0.2684789598880861,21.0,RS,Sul,20-50 mil,9.78942237357624,-4.453136658594968,True
4313805,5.837939294079035,-0.14374140702455124,17.0,RS,Sul,<5 mil,8.852937315008095,-3.0149980209290597,True
4313904,7.202154684470656,-0.2070647187236158,21.0,RS,Sul,20-50 mil,11.017369090254132,-3.8152144057834754,True
4313953,6.319112450968646,-0.1863241053674112,21.0,RS,Sul,5-20 mil,9.60911143019434,-3.289998979225693,True
4314001,5.7036554533339086,-0.26316561225702007,22.0,RS,Sul,<5 mil,10.329859610254813,-4.626204156920904,True
4314027,1.5989428695928396,-0.030229815663657948,15.0,RS,Sul,<5 mil,2.129128483236673,-0.5301856136438334,False
4314035,10.859149353668613,0.2652703495082415,7.0,RS,Sul,<5 mil,7.614639155369478,3.2445101982991353,True
4314050,5.957904085220548,-0.23476146361181785,25.0,RS,Sul,50-100 mil,9.199751174640673,-3.2418470894201246,True
4314068,5.583518808013025,-0.19675149623937213,17.0,RS,Sul,<5 mil,9.546146312959564,-3.962627504946539,True
4314076,4.268229381666352,0.029421586326436946,14.0,RS,Sul,<5 mil,3.55343920864872,0.7147901730176316,False
4314100,7.682428581939121,-0.200070659440476,23.0,RS,Sul,100-500 mil,11.15549537498899,-3.4730667930498687,True
4314134,5.915303401477161,0.18464979451146968,8.0,RS,Sul,<5 mil,3.5925361619759686,2.322767239501192,True
4314159,6.809081717698859,-0.19289473731522785,17.0,RS,Sul,<5 mil,10.595974169046118,-3.786892451347258,True
4314175,4.8190077762445185,-0.12751604566820268,17.0,RS,Sul,<5 mil,6.793208503793088,-1.9742007275485696,False
4314209,5.457791535117849,-0.14254177845650964,22.0,RS,Sul,5-20 mil,7.977380065592767,-2.519588530474918,True
4314308,7.765266724987441,-0.13736433648893212,17.0,RS,Sul,<5 mil,10.243817873759852,-2.478551148772411,True
4314407,2.1467661210904225,-0.24897783579630603,27.0,RS,Sul,100-500 mil,6.432125996028779,-4.285359874938356,False
4314423,5.130103539782851,0.047709622932498315,13.0,RS,Sul,5-20 mil,4.455672258101888,0.6744312816809632,True
4314456,1.3893568145450104,-0.14395016630468882,13.0,RS,Sul,<5 mil,3.9137053240207735,-2.524348509475763,False
4314464,0.8470498563882245,-0.07828905598045778,12.0,RS,Sul,<5 mil,2.2060584753443897,-1.3590086189561652,False
4314472,2.1943169544816996,-0.026924071634730165,7.0,RS,Sul,<5 mil,3.3097595892538245,-1.115442634772125,False
4314498,6.399011696184857,-0.11462631165883475,17.0,RS,Sul,<5 mil,9.509584735593876,-3.1105730394090187,True
4314506,5.298090048727431,-0.13463150399780988,17.0,RS,Sul,5-20 mil,7.28430153599596,-1.9862114872685286,True
4314548,10.320906189065113,0.15557170074547325,8.0,RS,Sul,<5 mil,8.732070322416856,1.5888358666482567,True
4314555,3.708339238710252,0.032774588081937214,14.0,RS,Sul,<5 mil,2.838082485525113,0.8702567531851391,False
4314605,3.095698286628135,-0.2708617485128705,18.0,RS,Sul,5-20 mil,7.421316070873125,-4.32561778424499,False
4314704,5.608439337211621,-0.23232018924635,21.0,RS,Sul,5-20 mil,10.669270552388795,-5.060831215177174,True
4314753,4.426035551123768,0.025440656720017267,8.0,RS,Sul,<5 mil,3.4072218899521527,1.018813661171615,False
4314779,1.9198324814343835,0.03817306593279484,6.0,RS,Sul,<5 mil,1.3568623405486775,0.562970140885706,False
4314787,3.1636305109520606,0.10874322160740858,12.0,RS,Sul,<5 mil,2.364100391017362,0.7995301199346985,False
4314803,6.278391099156977,-0.21476890416048672,25.0,RS,Sul,20-50 mil,9.67493837991394,-3.3965472807569626,True
4314902,0.6041729894011496,-0.5371122853818564,26.0,RS,Sul,500 mil+,8.553372474190532,-7.949199484789382,False
4315008,6.66145136399615,-0.14696472506056008,17.0,RS,Sul,<5 mil,9.837475524938611,-3.176024160942461,True
4315057,7.572116437860757,0.24399259469735035,14.0,RS,Sul,<5 mil,4.689071858574746,2.883044579286011,True
4315073,2.9658190924340957,-0.029703966248610596,12.0,RS,Sul,<5 mil,3.5385325467742965,-0.5727134543402008,False
4315107,6.388133873428103,-0.20247984492827817,22.0,RS,Sul,5-20 mil,10.418419677242884,-4.030285803814781,True
4315131,,,2.0,RS,Sul,<5 mil,4.3018318438486505,,False
4315149,6.47555049202677,0.10629458173052343,7.0,RS,Sul,<5 mil,5.692536048043475,0.7830144439832951,True
4315156,1.5322927219074245,-0.12296334464665228,13.0,RS,Sul,<5 mil,3.174972338516746,-1.6426796166093216,False
4315172,7.734333290577183,0.20877085148527863,10.0,RS,Sul,<5 mil,5.180186323230024,2.554146967347159,True
4315206,4.201221791501894,-0.2694068508795669,22.0,RS,Sul,<5 mil,8.689932609032716,-4.488710817530823,False
4315305,8.134766933903165,-0.11150925966367775,19.0,RS,Sul,20-50 mil,11.16820840861929,-3.033441474716124,True
4315313,3.084464013915749,0.09751115067791319,12.0,RS,Sul,<5 mil,2.2384012172284646,0.8460627966872845,False
4315321,0.6660104543672105,-0.0854698288171405,13.0,RS,Sul,<5 mil,1.362843881561301,-0.6968334271940906,False
4315354,3.7911410018008596,-0.022483275945527237,13.0,RS,Sul,<5 mil,4.513580460890728,-0.7224394590898688,False
4315404,7.270950673244897,-0.06440291566721715,17.0,RS,Sul,<5 mil,8.874218247736563,-1.6032675744916656,True
4315453,,,2.0,RS,Sul,<5 mil,2.136896544703032,,False
4315503,4.526412228108256,-0.22940280574539237,21.0,RS,Sul,5-20 mil,8.675016644728057,-4.148604416619801,False
4315552,9.349486313310607,0.04059607496486121,17.0,RS,Sul,<5 mil,9.05833311153696,0.29115320177364623,True
4315602,3.826003841617535,-0.418150532633683,23.0,RS,Sul,100-500 mil,10.808272692891755,-6.98226885127422,False
4315701,6.6341638895837605,-0.17235525791451425,23.0,RS,Sul,20-50 mil,9.418271888973846,-2.784107999390086,True
4315750,5.684170864457428,-0.18513301089065679,17.0,RS,Sul,<5 mil,8.572530060023547,-2.888359195566119,True
4315800,4.561616119971632,-0.31962247509904546,18.0,RS,Sul,5-20 mil,9.93163890465043,-5.370022784678799,False
4315909,7.806619621141834,-0.10838670270265284,17.0,RS,Sul,<5 mil,10.267390879753265,-2.4607712586114303,True
4315958,0.396402800033421,-0.024128158191818617,11.0,RS,Sul,<5 mil,0.8659834446088286,-0.4695806445754076,False
4316006,6.788294348992167,-0.19601979360454377,17.0,RS,Sul,5-20 mil,10.08897818736676,-3.3006838383745922,True
4316105,5.465852726815285,-0.2100166008281311,18.0,RS,Sul,5-20 mil,9.20142984302326,-3.735577116207974,True
4316204,6.196973758552758,-0.25213366485168925,18.0,RS,Sul,<5 mil,10.479301609451454,-4.282327850898696,True
4316303,0.0,-0.10193711161015907,12.0,RS,Sul,<5 mil,1.208381723229989,-1.208381723229989,False
4316402,7.091145217974315,-0.13609634256116762,22.0,RS,Sul,20-50 mil,9.592857764015267,-2.5017125460409524,True
4316428,2.473557966412301,0.07106240105204167,8.0,RS,Sul,<5 mil,2.697142464246425,-0.22358449783412393,False
4316436,2.6076669248679707,0.03106039375778456,6.0,RS,Sul,<5 mil,1.9935051879728491,0.6141617368951215,False
4316451,5.4001360270654,-0.2233538966395947,21.0,RS,Sul,5-20 mil,9.4972000661867,-4.0970640391213,True
4316477,1.863242540107933,-0.07982860560890623,15.0,RS,Sul,<5 mil,2.648056269491256,-0.7848137293833228,False
4316501,5.562375738883361,-0.26668500498491027,17.0,RS,Sul,<5 mil,9.631092152785287,-4.068716413901926,True
4316600,4.146931930419555,-0.3321782351923185,21.0,RS,Sul,5-20 mil,9.52639685007738,-5.379464919657824,False
4316709,8.558270436837049,-0.058061429105294264,17.0,RS,Sul,5-20 mil,10.188648355480932,-1.6303779186438838,True
4316733,6.990969354458116,0.2851029047094842,5.0,RS,Sul,<5 mil,4.107804866508156,2.8831644879499603,True
4316758,4.929827236832541,0.013530858967294139,14.0,RS,Sul,<5 mil,5.145959225763122,-0.21613198893058172,False
4316808,4.268637009701479,-0.35514686778240445,23.0,RS,Sul,100-500 mil,10.03929832462144,-5.770661314919961,False
4316907,5.640999785430495,-0.34017995433319004,27.0,RS,Sul,100-500 mil,11.095287252796023,-5.454287467365528,True
4316956,5.594702916444362,-0.1812170973630216,17.0,RS,Sul,<5 mil,8.770843900476114,-3.1761409840317523,True
4316972,6.918637993861253,-0.03649212805953564,16.0,RS,Sul,<5 mil,7.51919162736463,-0.6005536335033765,True
4317004,2.787608701780016,-0.21841947653796495,21.0,RS,Sul,<5 mil,6.541242936056977,-3.7536342342769613,False
4317103,5.164102980341994,-0.09837841128678647,25.0,RS,Sul,50-100 mil,6.463698858147353,-1.2995958778053591,True
4317202,8.188353000974473,-0.22578121639095727,23.0,RS,Sul,50-100 mil,12.999438159765235,-4.811085158790762,True
4317251,4.727317366716401,-0.006144559295623009,10.0,RS,Sul,<5 mil,5.168813096679061,-0.44149572996266073,False
4317301,3.191098066455993,-0.2694128728459102,21.0,RS,Sul,20-50 mil,7.337603467102463,-4.14650540064647,False
4317400,5.423325744051397,-0.20624738631656978,23.0,RS,Sul,20-50 mil,9.185884120245133,-3.762558376193736,True
4317509,7.3293977058418704,-0.22202830605592783,21.0,RS,Sul,50-100 mil,11.395692337923784,-4.066294632081913,True
4317558,8.6804512494856,0.20510584208737587,4.0,RS,Sul,<5 mil,4.067308139264632,4.6131431102209675,True
4317608,4.292825966854593,-0.35736487559381863,21.0,RS,Sul,20-50 mil,9.993190277083,-5.700364310228407,False
4317707,5.248930135769001,-0.17737210824057809,17.0,RS,Sul,5-20 mil,8.623805848822586,-3.3748757130535854,True
4317756,0.0,-0.5256258919160481,7.0,RS,Sul,<5 mil,3.101147743640344,-3.101147743640344,False
4317806,7.955493816877038,-0.08169575280598747,17.0,RS,Sul,5-20 mil,9.882764345396556,-1.927270528519518,True
4317905,7.701079281144246,-0.15745632778980595,17.0,RS,Sul,5-20 mil,10.60541597561557,-2.904336694471324,True
4317954,6.795247433362192,-0.051249020606238635,17.0,RS,Sul,<5 mil,8.455672892870684,-1.6604254595084917,True
4318002,5.615890562486584,-0.26850537565165983,21.0,RS,Sul,50-100 mil,10.318309443098718,-4.702418880612134,True
4318051,3.6943470944544288,-0.0985009081628887,8.0,RS,Sul,<5 mil,4.900449637987055,-1.2061025435326265,False
4318101,3.399086652435699,-0.2703594420361012,20.0,RS,Sul,5-20 mil,7.9251902125843054,-4.526103560148607,False
4318200,4.103009879233241,-0.3014711732083983,19.0,RS,Sul,5-20 mil,9.146661573447815,-5.043651694214574,False
4318309,4.357245433229423,-0.26420651852189236,21.0,RS,Sul,50-100 mil,8.983788875826829,-4.626543442597406,False
4318408,5.693894802869636,-0.2904964645131295,23.0,RS,Sul,5-20 mil,10.20609985612714,-4.512205053257505,True
4318424,5.618152042726081,-0.0851969808794385,16.0,RS,Sul,<5 mil,7.533736707004033,-1.9155846642779526,True
4318432,10.01186606201884,0.183906969127511,9.0,RS,Sul,<5 mil,6.674134727788912,3.337731334229927,True
4318440,5.766170096557175,-0.16906627667599566,17.0,RS,Sul,<5 mil,9.118440421086136,-3.352270324528961,True
4318457,1.687155048476214,0.05286206201049092,9.0,RS,Sul,<5 mil,1.3632016897926351,0.3239533586835788,False
4318465,4.261979624359924,-0.2674361951534661,21.0,RS,Sul,<5 mil,8.942354235423542,-4.680374611063618,False
4318481,3.922955363170896,0.005394946025158763,15.0,RS,Sul,<5 mil,4.069134601826233,-0.14617923865533733,False
4318499,5.749766574888611,-0.16725706544910426,17.0,RS,Sul,<5 mil,8.796171127305865,-3.046404552417254,True
4318507,7.298571489981192,-0.02324394327594278,17.0,RS,Sul,5-20 mil,8.02525638542115,-0.7266848954399574,True
4318606,4.887863542569562,-0.2675374550901196,23.0,RS,Sul,<5 mil,9.567837697256396,-4.679974154686834,False
4318614,0.0,-0.1882223064161827,5.0,RS,Sul,<5 mil,2.007571037570448,-2.007571037570448,False
4318622,5.854096283234696,-0.15951593296782146,17.0,RS,Sul,<5 mil,9.276106734149025,-3.4220104509143283,True
4318705,4.115328122313599,-0.2807358050460061,27.0,RS,Sul,100-500 mil,9.850453331301724,-5.735125208988125,False
4318804,5.125895524186092,-0.23172417534385217,22.0,RS,Sul,20-50 mil,8.879432915506564,-3.7535373913204726,True
4318903,5.217821203678227,-0.26325069603925505,27.0,RS,Sul,20-50 mil,10.374852316949696,-5.157031113271469,True
4319000,4.169671586840309,-0.3092574085379358,18.0,RS,Sul,5-20 mil,9.492998223105124,-5.323326636264815,False
4319109,6.755428166494056,-0.12116638486086471,17.0,RS,Sul,<5 mil,9.419611920983291,-2.664183754489235,True
4319125,2.888625133981108,-0.048327434861249845,8.0,RS,Sul,<5 mil,3.281844899946669,-0.39321976596556096,False
4319158,7.571314396440499,-0.09463522834305636,17.0,RS,Sul,<5 mil,9.610050893061004,-2.038736496620505,True
4319208,3.453504905377031,-0.26054970459409016,21.0,RS,Sul,<5 mil,7.112783958808251,-3.65927905343122,False
4319307,2.9595382487140682,0.031526761888309655,18.0,RS,Sul,<5 mil,3.136483387128899,-0.17694513841483062,False
4319356,6.298090427589784,-0.16380483008632338,17.0,RS,Sul,<5 mil,8.97671150448378,-2.6786210768939966,True
4319364,0.0,-0.7179383116882069,3.0,RS,Sul,<5 mil,0.0,0.0,False
4319372,0.6712062277997575,-0.14767557222119712,18.0,RS,Sul,<5 mil,2.611933075637509,-1.9407268478377517,False
4319406,7.307678814433103,-0.07708483445448311,17.0,RS,Sul,5-20 mil,8.529142764671365,-1.2214639502382614,True
4319505,4.956761813881258,-0.28820215191242443,18.0,RS,Sul,20-50 mil,9.459103495590378,-4.502341681709121,False
4319604,4.927247446492004,-0.2283549773716054,20.0,RS,Sul,5-20 mil,8.51597114377103,-3.5887236972790255,False
4319703,6.112702168280464,-0.14221696858828162,17.0,RS,Sul,<5 mil,8.649324531772484,-2.53662236349202,True
4319711,3.0696499704124935,-0.006803879744668209,10.0,RS,Sul,<5 mil,3.593113648099504,-0.5234636776870105,False
4319737,1.9039288957652474,-0.04475468743162405,13.0,RS,Sul,<5 mil,2.3252300575225178,-0.4213011617572704,False
4319752,1.9451514094917002,-0.12747171511375152,13.0,RS,Sul,<5 mil,3.9194909338649593,-1.974339524373259,False
4319802,5.7311205704413055,-0.19018208237513384,20.0,RS,Sul,5-20 mil,8.688439712053086,-2.95731914161178,True
4319901,5.223497527790869,-0.2766778958782785,25.0,RS,Sul,50-100 mil,9.256748219761633,-4.033250691970764,True
4320008,4.584125690337714,-0.3122887508501442,25.0,RS,Sul,100-500 mil,9.7589434659512,-5.174817775613485,False
4320107,8.464640307506784,-0.12718294694284724,17.0,RS,Sul,20-50 mil,11.179193161114569,-2.7145528536077848,True
4320206,0.8613146835998577,-0.32983463855678513,17.0,RS,Sul,5-20 mil,6.476447623376538,-5.6151329397766805,False
4320230,6.83570139476879,-0.07503527227027536,17.0,RS,Sul,<5 mil,8.807359586245159,-1.9716581914763687,True
4320263,,,0.0,RS,Sul,<5 mil,,,False
4320305,4.949806612981092,-0.3043109477176203,21.0,RS,Sul,<5 mil,10.843073772278174,-5.893267159297082,False
4320321,7.014248188130921,0.2552046157283704,6.0,RS,Sul,<5 mil,4.395694832889633,2.6185533552412883,True
4320354,6.743033889226581,-0.08800034623004271,17.0,RS,Sul,<5 mil,8.429900321113193,-1.686866431886612,True
4320404,3.942314784320388,-0.5440055837577671,22.0,RS,Sul,5-20 mil,13.587057014147003,-9.644742229826615,False
4320453,0.0,-0.19345196479951068,6.0,RS,Sul,<5 mil,1.7314593301435408,-1.7314593301435408,False
4320503,5.4208848775130605,-0.20791936391998145,17.0,RS,Sul,<5 mil,9.017532632143103,-3.596647754630043,True
4320552,4.804090849992065,-0.24803158484467233,17.0,RS,Sul,<5 mil,9.733936484694746,-4.929845634702682,False
4320578,3.981549086720676,0.04255677321802823,11.0,RS,Sul,<5 mil,3.0955210221726395,0.8860280645480367,False
4320602,5.177092009804028,-0.25219761470620206,20.0,RS,Sul,<5 mil,9.67273759395644,-4.4956455841524114,True
4320651,4.4781992191604445,-0.23108707470034656,21.0,RS,Sul,<5 mil,8.493889373568503,-4.015690154408059,False
4320677,3.1116245113935577,-0.10922651331108205,13.0,RS,Sul,<5 mil,4.721690663475294,-1.6100661520817363,False
4320701,7.078476376642584,-0.14933977971611329,17.0,RS,Sul,5-20 mil,9.73639514656275,-2.6579187699201654,True
4320800,4.639037421649164,-0.2712651217493286,21.0,RS,Sul,20-50 mil,9.446914229341516,-4.807876807692352,False
4320859,4.779338071805768,0.05017368587959545,4.0,RS,Sul,<5 mil,4.615236523652365,0.16410154815340228,False
4320909,5.0427142943104855,-0.2835030857225767,21.0,RS,Sul,20-50 mil,10.300017305083088,-5.257303010772603,True
4321006,5.652499896739414,-0.2820543964024544,21.0,RS,Sul,5-20 mil,10.662054072951886,-5.009554176212472,True
4321105,3.8315226283309585,-0.2979917515479977,21.0,RS,Sul,5-20 mil,8.73985582745411,-4.908333199123151,False
4321204,5.197108396135377,-0.33342986246562795,23.0,RS,Sul,20-50 mil,10.472884810874492,-5.275776414739115,True
4321303,5.6486562015862205,-0.21441976395284917,19.0,RS,Sul,20-50 mil,9.768795600375183,-4.120139398788963,True
4321329,6.681695913919498,-0.15383739199188642,17.0,RS,Sul,<5 mil,9.74015760951095,-3.0584616955914523,True
4321352,3.760141227229269,-0.2721599864801613,17.0,RS,Sul,<5 mil,8.183563026279264,-4.423421799049995,False
4321402,6.093400546083728,-0.24102068260722873,21.0,RS,Sul,5-20 mil,10.564159107330768,-4.47075856124704,True
4321436,3.4883397332278037,-0.3330171629257502,17.0,RS,Sul,5-20 mil,8.37372551928645,-4.885385786058647,False
4321451,0.0,-0.7561110017739145,13.0,RS,Sul,20-50 mil,4.714080878248654,-4.714080878248654,False
4321469,3.9633274275703485,-0.04330909626985387,13.0,RS,Sul,<5 mil,3.439173041135889,0.5241543864344593,False
4321477,5.92325647940865,-0.10118752031879694,17.0,RS,Sul,<5 mil,8.280769020189055,-2.357512540780405,True
4321493,0.0,-0.1408440236946291,8.0,RS,Sul,<5 mil,2.388080822592562,-2.388080822592562,False
4321501,3.915256921728428,-0.4705183529216341,21.0,RS,Sul,20-50 mil,11.344101754305026,-7.428844832576598,False
4321600,2.1466331455311547,-0.3658136453681352,21.0,RS,Sul,50-100 mil,7.458241164471172,-5.311608018940017,False
4321626,6.418968641795118,0.14886813644062682,4.0,RS,Sul,<5 mil,3.325148352772662,3.0938202890224558,True
4321634,4.410134762522517,0.09993312552331164,13.0,RS,Sul,<5 mil,3.992875018157829,0.41725974436468816,False
4321667,7.905133898796009,-0.22976984180023294,17.0,RS,Sul,5-20 mil,11.887895338060227,-3.982761439264218,True
4321709,4.49855982636609,-0.36424451061738694,19.0,RS,Sul,20-50 mil,10.074306653408104,-5.575746827042014,False
4321808,4.618594764755471,-0.33219978427840374,21.0,RS,Sul,5-20 mil,10.05926647849926,-5.440671713743789,False
4321832,3.291795035504407,0.08265867482443409,8.0,RS,Sul,<5 mil,1.3387598551521818,1.9530351803522252,False
4321857,0.0,-0.22826360328743306,5.0,RS,Sul,<5 mil,1.8974962075694464,-1.8974962075694464,False
4321907,5.223311447442484,-0.27086035592825614,23.0,RS,Sul,5-20 mil,9.933892532654282,-4.710581085211798,True
4321956,7.2740839554788295,-0.08115390903407406,17.0,RS,Sul,<5 mil,9.233237177156727,-1.959153221677898,True
4322004,68.93202056472728,1.762775657754675,25.0,RS,Sul,5-20 mil,54.093389315743664,14.838631248983617,True
4322103,7.005128653816598,-0.14062800573496004,17.0,RS,Sul,<5 mil,9.674963470982748,-2.6698348171661497,True
4322152,3.0531721397656497,0.04945180591882155,8.0,RS,Sul,<5 mil,2.678155648668977,0.3750164910966727,False
4322186,,,1.0,RS,Sul,<5 mil,0.2213173342541436,,False
4322202,5.492015627592025,-0.1960390244858853,21.0,RS,Sul,5-20 mil,9.132675035333316,-3.640659407741291,True
4322251,4.401902792317756,0.034249333561195965,7.0,RS,Sul,<5 mil,6.140080691354124,-1.7381778990363683,False
4322301,7.623495031655182,-0.12810508822841316,17.0,RS,Sul,<5 mil,10.15377420275853,-2.5302791711033485,True
4322327,1.6896402086192737,-0.020257410400408602,4.0,RS,Sul,<5 mil,2.3835234745520664,-0.6938832659327927,False
4322343,6.454718766784481,0.27408176339088947,5.0,RS,Sul,<5 mil,3.750831270627063,2.703887496157418,True
4322350,2.3726937762849616,0.10849994940920919,7.0,RS,Sul,<5 mil,1.00865437505289,1.3640394012320716,False
4322376,7.497249181793855,-0.016578941122425413,17.0,RS,Sul,<5 mil,8.528574011247278,-1.031324829453423,True
4322400,6.885826629179405,-0.2704010166847859,22.0,RS,Sul,100-500 mil,13.049862387978688,-6.164035758799283,True
4322509,6.279076212269388,-0.23159905729536803,21.0,RS,Sul,50-100 mil,9.42529578921611,-3.146219576946722,True
4322525,,,2.0,RS,Sul,<5 mil,2.2567556742362203,,False
4322533,3.11641296479786,-0.08799361562027962,17.0,RS,Sul,<5 mil,4.466687265688233,-1.3502743008903728,False
4322541,2.374689501841118,-0.07289246304197294,11.0,RS,Sul,5-20 mil,3.713831077955124,-1.339141576114006,False
4322558,2.410026865388531,-0.03147626169260509,4.0,RS,Sul,<5 mil,3.1873661020231823,-0.7773392366346514,False
4322608,6.040408983399004,-0.19684333951424912,17.0,RS,Sul,20-50 mil,9.609634495575198,-3.569225512176194,True
4322707,4.265901321699744,-0.10113449590262567,25.0,RS,Sul,5-20 mil,6.0400482628132695,-1.7741469411135258,False
4322806,4.5295929110974384,-0.3360177745241282,18.0,RS,Sul,20-50 mil,9.944214387217782,-5.4146214761203435,False
4322855,6.441686003956022,0.2244951567529166,13.0,RS,Sul,<5 mil,5.768474307108129,0.6732116968478934,True
4322905,5.18188427902686,-0.18511007518492023,17.0,RS,Sul,<5 mil,8.390332166373245,-3.2084478873463844,True
4323002,0.6103206610018788,-0.5682190052350351,25.0,RS,Sul,100-500 mil,9.552512955224945,-8.942192294223066,False
4323101,5.383998910262733,-0.16792568656751417,17.0,RS,Sul,<5 mil,6.958376034971918,-1.5743771247091853,True
4323200,7.563299295076149,-0.1772066876664505,17.0,RS,Sul,<5 mil,11.314255263374069,-3.7509559682979194,True
4323309,9.464620320354754,-0.07569873674121903,17.0,RS,Sul,<5 mil,10.400491427819253,-0.9358711074644983,True
4323358,5.4146334227155535,0.15700507488400775,4.0,RS,Sul,<5 mil,4.720905624699015,0.6937277980165382,True
4323408,2.7942578939161002,0.015622217976172295,15.0,RS,Sul,<5 mil,3.7936307668465257,-0.9993728729304254,False
4323457,6.9779571521574635,-0.001635015804263267,17.0,RS,Sul,<5 mil,7.35478376621187,-0.37682661405440676,True
4323507,5.740743651651428,-0.14649839183134797,17.0,RS,Sul,<5 mil,8.387702296502226,-2.6469586448507982,True
4323606,3.8152735565150877,0.03303107450861353,10.0,RS,Sul,<5 mil,3.1818867944486757,0.633386762066412,False
4323705,4.1258055351357825,-0.2754447402061284,17.0,RS,Sul,<5 mil,8.77335508864039,-4.647549553504607,False
4323754,1.5365952493457655,0.05239179635296582,6.0,RS,Sul,<5 mil,0.8843296781039971,0.6522655712417684,False
4323770,0.0,-1.7503568759770882,6.0,RS,Sul,<5 mil,4.826915001887199,-4.826915001887199,False
4323804,3.1768336847666205,-0.39990350481240744,19.0,RS,Sul,5-20 mil,10.310615598262594,-7.133781913495973,False
5000203,11.359381347998237,0.32380630193772153,22.0,MS,Centro-Oeste,5-20 mil,6.9409085502398105,4.418472797758427,True
5000252,17.183269803206485,0.5226448802868213,22.0,MS,Centro-Oeste,<5 mil,9.731998835046108,7.451270968160378,True
5000609,17.448986688441323,0.49918554436534096,22.0,MS,Centro-Oeste,20-50 mil,9.172108203626507,8.276878484814816,True
5000708,14.833295586356599,0.4274640924900438,22.0,MS,Centro-Oeste,20-50 mil,7.986680341376588,6.84661524498001,True
5000807,14.8872557037771,0.4268126983929939,22.0,MS,Centro-Oeste,<5 mil,8.19012160144586,6.6971341023312405,True
5000856,15.576993706366238,0.45124259839257236,22.0,MS,Centro-Oeste,5-20 mil,8.778939429996255,6.798054276369983,True
5000906,15.307341721310536,0.45310031778570775,22.0,MS,Centro-Oeste,5-20 mil,7.737770800999569,7.569570920310967,True
5001003,14.564951823286037,0.41001441217897616,22.0,MS,Centro-Oeste,20-50 mil,7.55274283964344,7.012208983642597,True
5001102,6.525577397296047,-0.08044078207903863,27.0,MS,Centro-Oeste,20-50 mil,8.322759791465872,-1.797182394169825,True
5001243,14.69879027223601,0.40753621844120946,22.0,MS,Centro-Oeste,5-20 mil,8.031596912592837,6.667193359643173,True
5001508,2.5809400502931794,-0.14705971029418222,24.0,MS,Centro-Oeste,<5 mil,5.465273167258417,-2.8843331169652373,False
5001904,12.344510595421298,0.35116987784054976,22.0,MS,Centro-Oeste,5-20 mil,7.540281008541657,4.80422958687964,True
5002001,15.308885909970627,0.45386790719695647,22.0,MS,Centro-Oeste,5-20 mil,8.79867777644569,6.510208133524937,True
5002100,2.5078216331252747,-0.15712740609449954,23.0,MS,Centro-Oeste,20-50 mil,5.588178615127804,-3.080356982002529,False
5002159,18.31312006708299,0.544412842433357,22.0,MS,Centro-Oeste,5-20 mil,8.885652241929417,9.427467825153574,True
5002209,23.237368205191842,0.6567327298430232,22.0,MS,Centro-Oeste,5-20 mil,12.164701075439485,11.072667129752357,True
5002308,13.611193840606006,0.40432374660907505,22.0,MS,Centro-Oeste,5-20 mil,7.587145368217639,6.024048472388367,True
5002407,15.021241286785198,0.43054785868008527,22.0,MS,Centro-Oeste,20-50 mil,7.846591144134757,7.174650142650441,True
5002605,10.045076796030685,0.07665369097175437,27.0,MS,Centro-Oeste,5-20 mil,8.668179289502238,1.3768975065284472,True
5002704,10.275578053836398,-0.20131178555562093,25.0,MS,Centro-Oeste,500 mil+,13.503486033629825,-3.227907979793427,True
5002803,14.998420451660536,0.43791642505795575,22.0,MS,Centro-Oeste,<5 mil,7.463940064892564,7.534480386767972,True
5002902,3.5942704636170006,-0.004557484581375188,8.0,MS,Centro-Oeste,20-50 mil,2.8719862092310025,0.7222842543859982,False
5002951,20.731946670005073,0.5994275254681217,22.0,MS,Centro-Oeste,20-50 mil,10.898683581922972,9.8332630880821,True
5003108,1.9491510931537164,-0.1383411364040489,17.0,MS,Centro-Oeste,<5 mil,4.13973537935511,-2.1905842862013936,False
5003157,14.546246370623862,0.4218499144109976,22.0,MS,Centro-Oeste,5-20 mil,8.325388604890719,6.220857765733143,True
5003207,11.929174927706661,0.0369850918536796,27.0,MS,Centro-Oeste,100-500 mil,11.849406518170651,0.07976840953601005,True
5003256,2.7751299329405015,-0.17413825019409118,23.0,MS,Centro-Oeste,5-20 mil,5.803055716873547,-3.0279257839330453,False
5003306,16.204576645622524,0.4690664499125871,22.0,MS,Centro-Oeste,20-50 mil,8.509724005113597,7.694852640508927,True
5003454,13.86509923177357,0.3887728926340706,22.0,MS,Centro-Oeste,5-20 mil,7.299776330306115,6.565322901467455,True
5003488,13.996750676552665,0.4040828084980876,22.0,MS,Centro-Oeste,5-20 mil,7.782115687983894,6.214634988568771,True
5003504,15.359138677351098,0.42896883689384463,22.0,MS,Centro-Oeste,<5 mil,7.9329860696913075,7.42615260765979,True
5003702,11.15293688290842,0.06705790845893846,27.0,MS,Centro-Oeste,100-500 mil,11.677839502400518,-0.5249026194920976,True
5003751,15.13268291295526,0.43372707303261476,22.0,MS,Centro-Oeste,5-20 mil,7.499069415421442,7.633613497533819,True
5003801,6.587865755470808,-0.028490492253129378,27.0,MS,Centro-Oeste,5-20 mil,8.037426598275363,-1.449560842804555,True
5003900,9.716077633062753,0.1416660720888967,17.0,MS,Centro-Oeste,<5 mil,6.755019756959955,2.9610578761027977,True
5004007,0.6916212072742951,-0.1190390576403498,11.0,MS,Centro-Oeste,5-20 mil,1.920401723080542,-1.2287805158062468,False
5004106,13.998110147335979,0.41332564844085284,22.0,MS,Centro-Oeste,5-20 mil,7.783632157598763,6.214477989737215,True
5004304,7.670654190442093,0.04209573492568796,27.0,MS,Centro-Oeste,5-20 mil,7.754983943442653,-0.08432975300056,True
5004403,15.913076794255744,0.45187377935029743,22.0,MS,Centro-Oeste,<5 mil,8.59811040101855,7.314966393237194,True
5004502,15.21952200836563,0.4285601543654685,22.0,MS,Centro-Oeste,5-20 mil,7.930474048501343,7.289047959864287,True
5004601,15.226660190004736,0.44535317674125263,22.0,MS,Centro-Oeste,5-20 mil,7.796443003695562,7.430217186309174,True
5004700,14.699005422119853,0.4135395666961617,22.0,MS,Centro-Oeste,5-20 mil,7.747307743544439,6.951697678575415,True
5004809,15.015441168107145,0.44326345506073994,22.0,MS,Centro-Oeste,<5 mil,9.233977260573276,5.781463907533869,True
5004908,3.6381542335312247,-0.08042056956701615,15.0,MS,Centro-Oeste,<5 mil,3.764509683330296,-0.1263554497990711,False
5005004,17.168536622853367,0.5021003770502855,22.0,MS,Centro-Oeste,20-50 mil,8.906277470620893,8.262259152232474,True
5005103,23.31346868930018,0.6483591740567239,22.0,MS,Centro-Oeste,<5 mil,11.239289051104702,12.074179638195478,True
5005152,13.725158110960251,0.3876564127189618,22.0,MS,Centro-Oeste,<5 mil,7.031649954016565,6.693508156943686,True
5005202,15.949350814774448,0.4669531802297446,22.0,MS,Centro-Oeste,20-50 mil,8.302643386682321,7.646707428092126,True
5005251,16.05502304770016,0.45207369320470603,22.0,MS,Centro-Oeste,<5 mil,8.182973538147015,7.872049509553145,True
5005400,19.76684512668612,0.5662110924717119,22.0,MS,Centro-Oeste,20-50 mil,11.08557394379283,8.68127118289329,True
5005608,19.280154588857158,0.5553520618410057,22.0,MS,Centro-Oeste,5-20 mil,10.07705882867256,9.203095760184597,True
5005681,14.040990534554112,0.39451993786884365,22.0,MS,Centro-Oeste,5-20 mil,7.192352660328709,6.848637874225403,True
5005707,7.657635784878561,-0.011254313073455206,27.0,MS,Centro-Oeste,50-100 mil,8.893407812721641,-1.2357720278430797,True
5005806,16.70458047512909,0.4641205598292893,22.0,MS,Centro-Oeste,5-20 mil,8.625104647492241,8.07947582763685,True
5006002,15.009900616753384,0.4157009371060926,22.0,MS,Centro-Oeste,5-20 mil,8.005125700519297,7.004774916234087,True
5006200,7.880771462422182,-0.015837535090834062,27.0,MS,Centro-Oeste,20-50 mil,9.108815755814724,-1.2280442933925428,True
5006259,13.503973390978786,0.38357492449200403,22.0,MS,Centro-Oeste,<5 mil,6.681206073437533,6.822767317541253,True
5006275,8.14501377100396,0.15598726537192947,10.0,MS,Centro-Oeste,<5 mil,5.542417174409748,2.6025965965942115,True
5006309,15.331021944497593,0.37813536224620425,23.0,MS,Centro-Oeste,20-50 mil,9.605655962628482,5.7253659818691105,True
5006358,16.973456021648417,0.5200342076298772,22.0,MS,Centro-Oeste,5-20 mil,8.403022333888812,8.570433687759605,True
5006408,14.9472286693034,0.4160426448269735,22.0,MS,Centro-Oeste,5-20 mil,7.413429922232438,7.5337987470709615,True
5006606,19.83141697981705,0.584684443983408,22.0,MS,Centro-Oeste,50-100 mil,10.571228997306278,9.260187982510772,True
5006903,22.675039487579625,0.6121149900593001,22.0,MS,Centro-Oeste,5-20 mil,11.401024626456453,11.274014861123172,True
5007109,18.55794037965984,0.5503698018252061,22.0,MS,Centro-Oeste,5-20 mil,11.89230788803541,6.6656324916244305,True
5007208,17.08952112673262,0.48225625719785437,22.0,MS,Centro-Oeste,20-50 mil,9.312646944479171,7.776874182253449,True
5007307,14.300173731431528,0.3965709315074635,22.0,MS,Centro-Oeste,<5 mil,7.499343796115482,6.800829935316046,True
5007406,14.934810031812162,0.4298811112179955,22.0,MS,Centro-Oeste,5-20 mil,7.632323965469837,7.302486066342325,True
5007505,0.0,-0.2619678981667215,12.0,MS,Centro-Oeste,<5 mil,3.133221577444753,-3.133221577444753,False
5007554,12.298984276276428,0.3686198519533718,22.0,MS,Centro-Oeste,<5 mil,8.221573221462089,4.077411054814339,True
5007695,4.254046095598937,-0.15573937580011749,25.0,MS,Centro-Oeste,20-50 mil,6.6704776940145525,-2.416431598415615,False
5007703,13.343348712389684,0.38020863122145065,22.0,MS,Centro-Oeste,5-20 mil,6.572428338444595,6.7709203739450885,True
5007802,12.266305015797457,0.3533378311643703,22.0,MS,Centro-Oeste,<5 mil,7.411115555423684,4.855189460373773,True
5007901,15.654395633439208,0.4546935505492304,22.0,MS,Centro-Oeste,20-50 mil,9.118860855106384,6.535534778332824,True
5007935,14.372771749861727,0.3865356184850149,22.0,MS,Centro-Oeste,5-20 mil,7.612286601120057,6.76048514874167,True
5007950,18.249593458384652,0.5596604768839123,22.0,MS,Centro-Oeste,<5 mil,9.283248047026923,8.966345411357729,True
5007976,13.447956450165066,0.374403434056698,22.0,MS,Centro-Oeste,<5 mil,6.709443554649582,6.738512895515484,True
5008008,16.52206033884147,0.47252525994106864,22.0,MS,Centro-Oeste,5-20 mil,8.814465583329634,7.7075947555118365,True
5008305,6.0558980375964495,-0.06585896168628531,27.0,MS,Centro-Oeste,100-500 mil,8.176077195083916,-2.120179157487467,True
5008404,13.385724286834034,0.37978224853481,22.0,MS,Centro-Oeste,<5 mil,6.969427166059545,6.416297120774488,True
5100102,0.0,-0.6662855503357524,4.0,MT,Centro-Oeste,<5 mil,8.837656665876189,-8.837656665876189,False
5100201,0.0,-0.24511019274385631,18.0,MT,Centro-Oeste,20-50 mil,5.135405775065151,-5.135405775065151,False
5100250,1.3812744718047725,-0.3579160386123053,18.0,MT,Centro-Oeste,20-50 mil,8.096616024342415,-6.715341552537643,False
5100300,0.0,-0.253995822021967,25.0,MT,Centro-Oeste,5-20 mil,3.6295458777570433,-3.6295458777570433,False
5100359,4.942067428335065,0.14870378753571162,6.0,MT,Centro-Oeste,<5 mil,2.152203856749312,2.789863571585753,False
5100409,0.0,-0.22595863810844047,14.0,MT,Centro-Oeste,5-20 mil,3.297742585859736,-3.297742585859736,False
5100508,0.0,-0.33268344890638396,17.0,MT,Centro-Oeste,5-20 mil,2.7717615511551155,-2.7717615511551155,False
5100607,1.6016276875489837,-0.08313533591746952,20.0,MT,Centro-Oeste,5-20 mil,2.7083075301477217,-1.106679842598738,False
5100805,3.8925598922383813,0.06729221292911354,15.0,MT,Centro-Oeste,5-20 mil,2.824986869921932,1.0675730223164495,False
5101001,0.0,-0.6147830919489233,19.0,MT,Centro-Oeste,<5 mil,2.709394932882712,-2.709394932882712,False
5101209,0.0,-0.27266791170763466,18.0,MT,Centro-Oeste,<5 mil,1.393476330117088,-1.393476330117088,False
5101258,0.0,-0.437808700801504,20.0,MT,Centro-Oeste,5-20 mil,2.161624705884203,-2.161624705884203,False
5101308,2.5002002375431402,-0.20919762173813677,12.0,MT,Centro-Oeste,5-20 mil,7.923711988538782,-5.423511750995642,False
5101407,0.0,-0.4644923830836778,23.0,MT,Centro-Oeste,5-20 mil,4.183186859330268,-4.183186859330268,False
5101605,0.0,-0.517891561086396,5.0,MT,Centro-Oeste,<5 mil,0.0,0.0,False
5101704,0.0,-0.4390493243218638,23.0,MT,Centro-Oeste,20-50 mil,3.3867590680814885,-3.3867590680814885,False
5101803,2.2966073609428577,-0.38499272094624504,10.0,MT,Centro-Oeste,50-100 mil,7.963227535217985,-5.666620174275128,False
5101852,,,1.0,MT,Centro-Oeste,<5 mil,2.2795358317957863e-05,,False
5101902,0.0,-0.3346142219255309,18.0,MT,Centro-Oeste,5-20 mil,3.38689244414878,-3.38689244414878,False
5102504,0.0,-0.3585928863196028,16.0,MT,Centro-Oeste,50-100 mil,5.381968494353346,-5.381968494353346,False
5102603,0.20904867228080093,-0.26319844235368556,22.0,MT,Centro-Oeste,5-20 mil,4.529141438734038,-4.320092766453237,False
5102637,1.23558817823033,-0.17981830555493056,17.0,MT,Centro-Oeste,20-50 mil,3.780327971178811,-2.544739792948481,False
5102678,8.45423516796097,-0.015525546242567807,19.0,MT,Centro-Oeste,20-50 mil,11.863150512839535,-3.408915344878565,True
5102686,6.939916315379776,0.19276954190725054,13.0,MT,Centro-Oeste,5-20 mil,4.844884868130387,2.095031447249389,True
5102694,,,1.0,MT,Centro-Oeste,,9.402036237026625,,False
5102702,1.5564700734626058,-0.29173168571511676,18.0,MT,Centro-Oeste,5-20 mil,7.160100419265365,-5.603630345802759,False
5102793,4.914103676684505,0.03553687883638275,17.0,MT,Centro-Oeste,<5 mil,5.531531043729372,-0.6174273670448676,False
5102850,0.0,-0.3764252080282231,8.0,MT,Centro-Oeste,<5 mil,1.86217170602516,-1.86217170602516,False
5103007,0.0,-0.36287017978258385,14.0,MT,Centro-Oeste,5-20 mil,5.620999114318212,-5.620999114318212,False
5103056,2.308039200442181,-0.2184823984050221,19.0,MT,Centro-Oeste,5-20 mil,7.180522936762819,-4.872483736320638,False
5103106,0.0,-0.4406221036281794,13.0,MT,Centro-Oeste,<5 mil,1.8492053181680344,-1.8492053181680344,False
5103205,4.236546096292159,-0.22284296370581777,18.0,MT,Centro-Oeste,20-50 mil,7.127324651167492,-2.8907785548753333,False
5103254,2.4846028650277248,0.030922924055602936,16.0,MT,Centro-Oeste,20-50 mil,3.0715797049740226,-0.5869768399462978,False
5103304,1.8950324790313857,-0.20301943990676682,19.0,MT,Centro-Oeste,5-20 mil,5.852796221421812,-3.9577637423904264,False
5103353,7.570900572579035,0.21123915505009488,12.0,MT,Centro-Oeste,5-20 mil,6.838269148048901,0.7326314245301342,True
5103361,4.020018063864853,0.12062331205507759,19.0,MT,Centro-Oeste,<5 mil,3.519221971702121,0.5007960921627324,False
5103379,0.0,0.0,7.0,MT,Centro-Oeste,5-20 mil,0.0,0.0,False
5103403,3.598296522024839,-0.32655456511428727,25.0,MT,Centro-Oeste,500 mil+,10.535439183123648,-6.937142661098809,False
5103437,2.8408842174783615,0.07443297743786012,7.0,MT,Centro-Oeste,<5 mil,4.152520957403003,-1.3116367399246416,False
5103452,0.0,-0.3723474929812316,16.0,MT,Centro-Oeste,5-20 mil,1.7108716210103518,-1.7108716210103518,False
5103502,0.291980364987694,-0.34541250067705237,25.0,MT,Centro-Oeste,5-20 mil,6.793480582134646,-6.501500217146952,False
5103601,0.0,-0.29694498032237243,19.0,MT,Centro-Oeste,5-20 mil,2.990924092409241,-2.990924092409241,False
5103700,2.4239940169294556,-0.049927728444517344,17.0,MT,Centro-Oeste,5-20 mil,2.816203787878788,-0.3922097709493322,False
5103809,0.0,-0.9244282495594718,10.0,MT,Centro-Oeste,<5 mil,1.4640076673160984,-1.4640076673160984,False
5103858,3.6688938999606604,0.004185519084871689,8.0,MT,Centro-Oeste,<5 mil,2.8469701010101005,0.8219237989505599,False
5103908,0.0,-0.40072893264079734,16.0,MT,Centro-Oeste,<5 mil,0.1351426775633334,-0.1351426775633334,False
5103957,0.0,-0.5184061050481231,13.0,MT,Centro-Oeste,<5 mil,0.7833061787191377,-0.7833061787191377,False
5104104,0.0,-0.38019758855471947,23.0,MT,Centro-Oeste,20-50 mil,6.028177924710038,-6.028177924710038,False
5104203,0.0,-0.5583181879240038,13.0,MT,Centro-Oeste,5-20 mil,2.053009100030064,-2.053009100030064,False
5104500,0.0,-0.6549859205076447,11.0,MT,Centro-Oeste,<5 mil,0.0,0.0,False
5104526,1.9632220104920464,-0.12318220269394826,17.0,MT,Centro-Oeste,5-20 mil,4.448222100274847,-2.485000089782801,False
5104542,2.679020011516201,-0.04063816738210721,15.0,MT,Centro-Oeste,<5 mil,3.803326021776284,-1.1243060102600833,False
5104559,0.0,-0.541024877720102,13.0,MT,Centro-Oeste,<5 mil,2.8302915308237995,-2.8302915308237995,False
5104609,0.0,-0.45848126051737587,19.0,MT,Centro-Oeste,5-20 mil,0.7701234730373491,-0.7701234730373491,False
5104807,0.0,-0.343797048416108,18.0,MT,Centro-Oeste,20-50 mil,2.626215256364255,-2.626215256364255,False
5104906,3.3881953865847834,-0.10815710465181287,18.0,MT,Centro-Oeste,<5 mil,5.574480448044805,-2.1862850614600218,False
5105002,0.40712295166281365,-0.2803406488665886,17.0,MT,Centro-Oeste,<5 mil,7.845262515620259,-7.438139563957446,False
5105101,5.383794907081381,-0.19117951142189685,14.0,MT,Centro-Oeste,20-50 mil,9.51179115400516,-4.127996246923779,True
5105150,0.0,-0.2901817257286397,18.0,MT,Centro-Oeste,20-50 mil,4.492709775526273,-4.492709775526273,False
5105176,0.0,-0.2094549449664751,17.0,MT,Centro-Oeste,5-20 mil,4.297077887352228,-4.297077887352228,False
5105200,0.0,-0.34331822396657175,12.0,MT,Centro-Oeste,5-20 mil,3.975131724984221,-3.975131724984221,False
5105234,0.0,-0.1264070697344156,13.0,MT,Centro-Oeste,<5 mil,0.732725276991985,-0.732725276991985,False
5105259,0.9560262163548714,-0.27245156010520793,20.0,MT,Centro-Oeste,50-100 mil,5.659664831715134,-4.703638615360263,False
5105309,0.0,-0.5303054211033248,7.0,MT,Centro-Oeste,<5 mil,1.8800708195819584,-1.8800708195819584,False
5105507,0.0,-0.7985319700788489,15.0,MT,Centro-Oeste,5-20 mil,2.13336371178694,-2.13336371178694,False
5105580,0.0,-0.32049933459241864,18.0,MT,Centro-Oeste,5-20 mil,5.667286071827522,-5.667286071827522,False
5105606,0.0,-0.4204751994553864,22.0,MT,Centro-Oeste,5-20 mil,7.602682902234928,-7.602682902234928,False
5105622,0.0,-0.3885504688095069,20.0,MT,Centro-Oeste,20-50 mil,3.9576045991929623,-3.9576045991929623,False
5105903,,,2.0,MT,Centro-Oeste,5-20 mil,10.79312427512658,,False
5106000,0.625042524622927,-0.3154752865168961,17.0,MT,Centro-Oeste,<5 mil,6.759066544501316,-6.134024019878389,False
5106109,0.0,-0.29369545263179436,22.0,MT,Centro-Oeste,<5 mil,2.2835530389695413,-2.2835530389695413,False
5106158,0.4834584373083999,-0.19404503792608105,8.0,MT,Centro-Oeste,5-20 mil,3.1162669827527245,-2.6328085454443246,False
5106174,0.0,-0.04824246430187131,9.0,MT,Centro-Oeste,<5 mil,0.2752726461101118,-0.2752726461101118,False
5106182,1.2767970161766558,-0.0032868026905057217,17.0,MT,Centro-Oeste,<5 mil,1.2470984598459849,0.029698556330670867,False
5106190,3.0053601723262062,0.05358196059204471,14.0,MT,Centro-Oeste,<5 mil,1.9744020706818728,1.0309581016443334,False
5106208,1.3856093272704584,-0.17245287465512993,17.0,MT,Centro-Oeste,<5 mil,4.979940219631719,-3.5943308923612607,False
5106216,1.6401348684618142,-0.15192881848925882,20.0,MT,Centro-Oeste,5-20 mil,3.5032091297547217,-1.8630742612929074,False
5106224,0.24384708756690543,-0.28232304022639393,24.0,MT,Centro-Oeste,20-50 mil,5.571082618642487,-5.327235531075582,False
5106232,0.0,-0.3287159256436227,19.0,MT,Centro-Oeste,5-20 mil,2.9828393392091064,-2.9828393392091064,False
5106240,2.06313518897565,-0.04885456970753142,6.0,MT,Centro-Oeste,<5 mil,2.7813926705170515,-0.7182574815414013,False
5106257,1.8436427977147787,-0.19649089038233503,22.0,MT,Centro-Oeste,5-20 mil,6.458186748340572,-4.6145439506257935,False
5106265,1.9358352365975264,0.03452241779903044,11.0,MT,Centro-Oeste,<5 mil,1.829056094779661,0.10677914181786541,False
5106273,0.0,-0.4453536491767476,23.0,MT,Centro-Oeste,<5 mil,4.776146364636463,-4.776146364636463,False
5106281,5.858145536250966,-0.020388272271328195,20.0,MT,Centro-Oeste,<5 mil,7.840167891312488,-1.9820223550615221,True
5106299,0.0,-0.4616141351897435,25.0,MT,Centro-Oeste,5-20 mil,3.3390383201543297,-3.3390383201543297,False
5106307,4.714357939596255,-0.04821727570928556,19.0,MT,Centro-Oeste,5-20 mil,5.650674372321931,-0.9363164327256763,False
5106315,9.875045120488494,0.585849184817948,5.0,MT,Centro-Oeste,<5 mil,2.7711926122189685,7.103852508269526,True
5106372,0.0,-0.2857860970639856,17.0,MT,Centro-Oeste,5-20 mil,3.7646333799769742,-3.7646333799769742,False
5106422,5.710501473968705,0.053299870248070265,15.0,MT,Centro-Oeste,20-50 mil,4.248193897286931,1.4623075766817744,True
5106455,1.589868939024143,-0.15268377414272677,7.0,MT,Centro-Oeste,<5 mil,5.147950398169522,-3.558081459145379,False
5106505,1.0642235089222822,-0.1668415678764196,18.0,MT,Centro-Oeste,20-50 mil,4.3847233714331,-3.320499862510818,False
5106653,3.360440127007024,0.045571775186135886,17.0,MT,Centro-Oeste,5-20 mil,4.164594794941641,-0.8041546679346165,False
5106703,0.0,-0.4065475766354666,16.0,MT,Centro-Oeste,<5 mil,2.4566653201464725,-2.4566653201464725,False
5106752,4.760841687863888,-0.18535082724141555,22.0,MT,Centro-Oeste,20-50 mil,7.357949132766498,-2.59710744490261,False
5106778,0.0,-0.29872979698803304,14.0,MT,Centro-Oeste,5-20 mil,5.27067632136348,-5.27067632136348,False
5106802,0.5911499286213484,-0.25355629775759575,23.0,MT,Centro-Oeste,<5 mil,7.790256439178776,-7.199106510557428,False
5106828,3.60783810567483,-0.16552422324410884,13.0,MT,Centro-Oeste,<5 mil,7.311292673217093,-3.7034545675422628,False
5106851,2.616271943966069,0.10133032934833644,7.0,MT,Centro-Oeste,<5 mil,1.5768879245760914,1.0393840193899777,False
5107008,0.0,-0.8993904725263709,7.0,MT,Centro-Oeste,5-20 mil,1.5810379165766073,-1.5810379165766073,False
5107040,4.784645376502908,-0.24732076766485078,15.0,MT,Centro-Oeste,50-100 mil,8.776762325335136,-3.992116948832228,False
5107065,2.6239236374139807,-0.10835848592898935,16.0,MT,Centro-Oeste,5-20 mil,4.110780857904707,-1.4868572204907267,False
5107107,0.0,-0.3595901271146615,18.0,MT,Centro-Oeste,5-20 mil,1.6361136222611654,-1.6361136222611654,False
5107156,0.0,-0.394281786436571,11.0,MT,Centro-Oeste,<5 mil,1.144786609808522,-1.144786609808522,False
5107180,0.0,-0.49810109685902454,10.0,MT,Centro-Oeste,5-20 mil,1.2058552755914265,-1.2058552755914265,False
5107198,1.6356379817871556,-0.00920578021399004,18.0,MT,Centro-Oeste,<5 mil,1.730453670367037,-0.09481568857988143,False
5107206,0.0,-0.369631203742151,20.0,MT,Centro-Oeste,<5 mil,2.689230183046287,-2.689230183046287,False
5107248,0.0,-0.36062766892915094,16.0,MT,Centro-Oeste,<5 mil,6.140406700503267,-6.140406700503267,False
5107263,0.0,-0.4419860566247188,11.0,MT,Centro-Oeste,<5 mil,2.2161307039794886,-2.2161307039794886,False
5107297,1.2696898350345052,-0.030533777175099974,12.0,MT,Centro-Oeste,<5 mil,1.4995435642349084,-0.22985372920040326,False
5107305,0.37101211911442533,-0.2349319527181642,17.0,MT,Centro-Oeste,5-20 mil,4.9616874385247405,-4.590675319410315,False
5107354,0.0,-0.03380909880471462,3.0,MT,Centro-Oeste,<5 mil,0.1406897353802369,-0.1406897353802369,False
5107404,0.0,-0.2198539584950071,17.0,MT,Centro-Oeste,<5 mil,2.3966741633840805,-2.3966741633840805,False
5107578,0.0,0.0,5.0,MT,Centro-Oeste,<5 mil,0.0,0.0,False
5107602,4.405455117715007,-0.1537444140866133,26.0,MT,Centro-Oeste,100-500 mil,7.30887542922248,-2.903420311507473,False
5107701,0.0,-0.6438353271229375,12.0,MT,Centro-Oeste,5-20 mil,2.0083926292410816,-2.0083926292410816,False
5107743,0.0,0.0,8.0,MT,Centro-Oeste,<5 mil,0.0,0.0,False
5107750,0.0,-0.3032091987063961,25.0,MT,Centro-Oeste,<5 mil,0.8986183271792526,-0.8986183271792526,False
5107768,0.0,-0.2168648622408939,11.0,MT,Centro-Oeste,<5 mil,2.506039529521999,-2.506039529521999,False
5107776,0.0,-0.44671827332390585,6.0,MT,Centro-Oeste,<5 mil,2.469619994528309,-2.469619994528309,False
5107792,2.6651239857975497,0.13280475013219295,11.0,MT,Centro-Oeste,<5 mil,0.7861049229922994,1.8790190628052503,False
5107800,0.0,-0.37840507523097533,9.0,MT,Centro-Oeste,5-20 mil,4.375437543754376,-4.375437543754376,False
5107859,0.0,-0.5746146412244217,19.0,MT,Centro-Oeste,5-20 mil,2.2525187040543897,-2.2525187040543897,False
5107875,2.6714153264443894,-0.24838401947754987,16.0,MT,Centro-Oeste,20-50 mil,5.994140859031858,-3.3227255325874685,False
5107883,4.835702077206065,0.19211607089675517,4.0,MT,Centro-Oeste,<5 mil,3.012942282600353,1.822759794605712,False
5107909,3.082727908411755,-0.1562813845613098,22.0,MT,Centro-Oeste,100-500 mil,9.11507631279854,-6.032348404386784,False
5107925,3.2884119990083605,-0.1853455158736012,21.0,MT,Centro-Oeste,50-100 mil,7.370757583884322,-4.082345584875961,False
5107941,0.0,-0.21388442844984473,11.0,MT,Centro-Oeste,<5 mil,5.622626995199761,-5.622626995199761,False
5107958,1.5482972659253846,-0.18001128131426047,23.0,MT,Centro-Oeste,50-100 mil,3.838467708690404,-2.2901704427650196,False
5108006,0.0,-0.29582294535772163,18.0,MT,Centro-Oeste,5-20 mil,3.4961337479901835,-3.4961337479901835,False
5108055,0.0,-0.47129590567959917,22.0,MT,Centro-Oeste,<5 mil,3.0782900346273645,-3.0782900346273645,False
5108105,0.0,-0.6923725076067508,4.0,MT,Centro-Oeste,<5 mil,0.9582579487808508,-0.9582579487808508,False
5108204,0.0,-0.46966038788018255,12.0,MT,Centro-Oeste,<5 mil,2.9460560966810965,-2.9460560966810965,False
5108303,6.219202949574628,0.00014743451321923406,14.0,MT,Centro-Oeste,<5 mil,7.629864031553657,-1.410661081979029,True
5108352,,,0.0,MT,Centro-Oeste,<5 mil,,,False
5108402,0.0,-0.41649368349869176,25.0,MT,Centro-Oeste,100-500 mil,4.301258236744297,-4.301258236744297,False
5108501,0.0,-0.3593889658424451,17.0,MT,Centro-Oeste,5-20 mil,5.826314321268759,-5.826314321268759,False
5108600,0.0,-0.4386782016304387,19.0,MT,Centro-Oeste,5-20 mil,3.93195256629592,-3.93195256629592,False
5108808,4.208407879734892,-0.022210970140048397,20.0,MT,Centro-Oeste,<5 mil,6.202453247878177,-1.9940453681432846,False
5108857,0.0,-0.2988753557016671,21.0,MT,Centro-Oeste,<5 mil,1.9837364310567065,-1.9837364310567065,False
5108907,0.7828765055612052,-0.10278917697162902,11.0,MT,Centro-Oeste,<5 mil,3.0019169860534443,-2.219040480492239,False
5108956,0.8649885593577054,0.004475524319395054,3.0,MT,Centro-Oeste,<5 mil,0.7857928650007858,0.07919569435691953,False
5200050,5.922101164584689,-0.0714235163147999,23.0,GO,Centro-Oeste,5-20 mil,7.263840069255512,-1.341738904670823,True
5200100,3.010540279311499,-0.1513776533714817,12.0,GO,Centro-Oeste,5-20 mil,6.174498866670374,-3.1639585873588754,False
5200134,10.691270796964744,0.06482936912752552,22.0,GO,Centro-Oeste,5-20 mil,9.599503814306424,1.0917669826583207,True
5200159,6.034828590822503,0.010006916949966044,17.0,GO,Centro-Oeste,<5 mil,5.581377446987569,0.45345114383493357,True
5200175,5.255474556722234,-0.020586733584255428,22.0,GO,Centro-Oeste,<5 mil,5.529411510910771,-0.27393695418853703,True
5200209,5.905360748773404,-0.04975253291087784,17.0,GO,Centro-Oeste,<5 mil,5.5855481077304825,0.3198126410429216,True
5200258,0.0,-0.22768461564568176,20.0,GO,Centro-Oeste,100-500 mil,3.056376916667318,-3.056376916667318,False
5200308,5.46463969494387,-0.04324941554906561,19.0,GO,Centro-Oeste,20-50 mil,6.203214827916829,-0.7385751329729597,True
5200506,6.449688727791624,0.04215321888864344,17.0,GO,Centro-Oeste,<5 mil,6.153959718709557,0.29572900908206723,True
5200555,6.27423191390713,-0.09240872589616721,17.0,GO,Centro-Oeste,5-20 mil,7.791434271708793,-1.5172023578016631,True
5200605,9.453172503881145,-0.005895853821122825,22.0,GO,Centro-Oeste,5-20 mil,10.073672316630317,-0.6204998127491717,True
5200803,7.347255925392602,0.027391675138451765,20.0,GO,Centro-Oeste,5-20 mil,8.606980838556169,-1.2597249131635664,True
5200829,4.765404080766203,-0.015169113050523198,19.0,GO,Centro-Oeste,<5 mil,4.996737464211164,-0.23133338344496135,False
5200852,4.8492945313403055,-0.037093140452614484,17.0,GO,Centro-Oeste,5-20 mil,5.1985723731707045,-0.349277841830399,False
5200902,5.002284482498618,-0.006968705016348636,22.0,GO,Centro-Oeste,<5 mil,4.973614662790783,0.028669819707835664,True
5201108,6.121112044911911,-0.21586619952203506,27.0,GO,Centro-Oeste,100-500 mil,9.819315138849714,-3.6982030939378028,True
5201207,4.821793705826025,-0.05269528033301288,17.0,GO,Centro-Oeste,<5 mil,6.056488943067239,-1.2346952372412145,False
5201306,6.079377829198165,-0.11241221828278954,22.0,GO,Centro-Oeste,5-20 mil,7.560652098266327,-1.4812742690681615,True
5201405,8.472094611331237,-0.02683867126714341,23.0,GO,Centro-Oeste,500 mil+,10.009398250371472,-1.5373036390402355,True
5201454,11.268055234187614,0.08172207309138657,17.0,GO,Centro-Oeste,<5 mil,10.283307911465714,0.9847473227218995,True
5201504,6.777814963072601,-0.02028525372936309,17.0,GO,Centro-Oeste,<5 mil,7.226361033075,-0.44854607000239977,True
5201603,5.083165315402084,-0.055060192739329515,17.0,GO,Centro-Oeste,<5 mil,5.748001882219471,-0.664836566817387,True
5201702,5.789629404591778,-0.07182016975484545,23.0,GO,Centro-Oeste,5-20 mil,6.794220056385125,-1.0045906517933467,True
5201801,4.722383705523043,-0.06532541334159865,23.0,GO,Centro-Oeste,5-20 mil,5.514922948813114,-0.7925392432900704,False
5202155,6.568754469486095,-0.09085875728762119,22.0,GO,Centro-Oeste,5-20 mil,8.017500928884775,-1.4487464593986807,True
5202353,5.5228611452517065,-0.01160686123745554,17.0,GO,Centro-Oeste,<5 mil,5.460610032509075,0.062251112742631065,True
5202502,9.52781535082488,0.03904420058709041,17.0,GO,Centro-Oeste,5-20 mil,8.739282769102838,0.788532581722043,True
5202601,6.122497990553924,0.014921382580533226,17.0,GO,Centro-Oeste,<5 mil,5.8736785727085445,0.24881941784537975,True
5202809,5.48119417933367,-0.05037119689331286,17.0,GO,Centro-Oeste,<5 mil,6.175882232599441,-0.6946880532657707,True
5203104,5.537504442816013,0.006418296491867689,17.0,GO,Centro-Oeste,<5 mil,5.74770673692173,-0.21020229410571645,True
5203203,7.470609756137687,0.003673606267535148,17.0,GO,Centro-Oeste,5-20 mil,7.278216329414769,0.19239342672291837,True
5203302,7.2551598185067405,-0.09710174412043317,19.0,GO,Centro-Oeste,20-50 mil,8.663153276321706,-1.4079934578149658,True
5203401,4.238865603754249,-0.06369770195197945,22.0,GO,Centro-Oeste,5-20 mil,5.338371653313192,-1.0995060495589435,False
5203500,17.126279698494272,0.30870180861690794,22.0,GO,Centro-Oeste,20-50 mil,12.177673641063718,4.948606057430554,True
5203559,5.134853119960567,-0.01977351177221616,16.0,GO,Centro-Oeste,5-20 mil,5.448799872267206,-0.3139467523066388,True
5203575,6.911380688738063,0.08298168852356916,17.0,GO,Centro-Oeste,<5 mil,6.459940037918037,0.45144065082002616,True
5203609,7.46208079847797,0.058037138093825644,17.0,GO,Centro-Oeste,<5 mil,5.723422641921728,1.7386581565562427,True
5203807,8.860835466556239,0.09567262925804434,19.0,GO,Centro-Oeste,<5 mil,7.976709130234655,0.8841263363215841,True
5203906,5.314560251389935,-0.11098810160263099,19.0,GO,Centro-Oeste,5-20 mil,5.2527949640508185,0.06176528733911635,True
5203939,7.881938305677238,0.1329668717634441,17.0,GO,Centro-Oeste,<5 mil,5.458669210110244,2.4232690955669938,True
5203962,5.638471334952712,0.044730374360257466,17.0,GO,Centro-Oeste,<5 mil,5.018147852920885,0.6203234820318269,True
5204003,5.5634913196517335,0.0038181277520862224,19.0,GO,Centro-Oeste,5-20 mil,5.595764249936087,-0.03227293028435341,True
5204102,6.566996857774313,-0.04441931000499061,17.0,GO,Centro-Oeste,5-20 mil,6.580916132676673,-0.013919274902360002,True
5204201,0.0,0.0,5.0,GO,Centro-Oeste,<5 mil,0.0,0.0,False
5204250,13.109456098296619,0.10236256187911255,22.0,GO,Centro-Oeste,5-20 mil,9.345354817471776,3.7641012808248426,True
5204300,15.354455699829487,0.2231559147624438,22.0,GO,Centro-Oeste,5-20 mil,11.203094074035064,4.151361625794422,True
5204409,10.608207370418143,0.07872041784801813,22.0,GO,Centro-Oeste,5-20 mil,9.765919296515984,0.842288073902159,True
5204508,2.816815578861963,-0.2331246423503272,13.0,GO,Centro-Oeste,50-100 mil,5.4183351851789885,-2.6015196063170256,False
5204557,4.827571700286285,-0.063033836418153,17.0,GO,Centro-Oeste,<5 mil,5.6006774112075455,-0.7731057109212607,False
5204607,4.962586868482219,-0.06210658319752009,17.0,GO,Centro-Oeste,<5 mil,5.535544764451815,-0.572957895969596,False
5204656,4.423680617652138,-0.06711386472742323,20.0,GO,Centro-Oeste,<5 mil,5.297135931759559,-0.8734553141074208,False
5204706,5.8446538796092256,-0.016269551636607912,17.0,GO,Centro-Oeste,5-20 mil,6.0709755774771805,-0.22632169786795497,True
5204805,6.340481547903892,-0.04602061644427733,19.0,GO,Centro-Oeste,5-20 mil,7.034949403134879,-0.6944678552309878,True
5204854,6.816194637718365,0.015435362980139193,17.0,GO,Centro-Oeste,5-20 mil,6.492139616780356,0.3240550209380091,True
5204904,8.772058493249773,0.031167980965809854,23.0,GO,Centro-Oeste,5-20 mil,6.070458933708829,2.701599559540944,True
5204953,2.937592846631645,-0.12095963638340122,17.0,GO,Centro-Oeste,<5 mil,4.67318222893718,-1.7355893823055348,False
5205000,5.963763168287571,-0.018955357571638763,17.0,GO,Centro-Oeste,5-20 mil,6.177565288916306,-0.21380212062873571,True
5205059,6.515905730688862,0.0019230031777747922,17.0,GO,Centro-Oeste,<5 mil,6.2971405926196935,0.21876513806916886,True
5205109,3.889007962432345,-0.17859073194118458,20.0,GO,Centro-Oeste,100-500 mil,7.363671986573504,-3.474664024141159,False
5205208,5.475150136716849,-0.03639987115690176,17.0,GO,Centro-Oeste,<5 mil,5.823142642952357,-0.34799250623550826,True
5205307,4.694959335739711,-0.03344342824935462,22.0,GO,Centro-Oeste,<5 mil,5.172687496669895,-0.47772816093018466,False
5205406,15.006885403337378,0.18640061215400683,22.0,GO,Centro-Oeste,20-50 mil,11.984379421269976,3.0225059820674023,True
5205455,4.973596500403147,-0.08679354178399182,17.0,GO,Centro-Oeste,5-20 mil,5.902665989236144,-0.9290694888329973,False
5205471,5.105005037955955,-0.0069065709567894176,14.0,GO,Centro-Oeste,5-20 mil,5.4590026881370575,-0.3539976501811024,True
5205497,0.0,-0.41679314890369057,27.0,GO,Centro-Oeste,50-100 mil,6.265544733432788,-6.265544733432788,False
5205513,4.578662391660117,-0.05539005011298707,19.0,GO,Centro-Oeste,5-20 mil,4.866879458723634,-0.2882170670635169,False
5205521,,,2.0,GO,Centro-Oeste,<5 mil,0.0,,False
5205703,6.494565606954673,0.016088890706847027,17.0,GO,Centro-Oeste,<5 mil,6.157403743782061,0.33716186317261165,True
5205802,3.950630367617409,-0.001098265844817292,14.0,GO,Centro-Oeste,5-20 mil,3.665511619797587,0.2851187478198218,False
5205901,13.229111304615799,0.1862888810741309,17.0,GO,Centro-Oeste,5-20 mil,9.741362079283926,3.487749225331873,True
5206206,9.653105910203578,0.05107858258083751,20.0,GO,Centro-Oeste,50-100 mil,9.24186747596328,0.41123843424029793,True
5206305,6.673037699590768,0.017041077403376115,17.0,GO,Centro-Oeste,<5 mil,6.502742173764204,0.17029552582656393,True
5206404,5.5798585191073755,-0.08840922554840706,22.0,GO,Centro-Oeste,5-20 mil,6.917419212052312,-1.3375606929449368,True
5206503,6.867433900988885,0.03130319059475761,17.0,GO,Centro-Oeste,<5 mil,6.362863687421756,0.5045702135671295,True
5206602,6.431107428039538,0.005284695598402152,17.0,GO,Centro-Oeste,<5 mil,6.1149223503315016,0.3161850777080364,True
5206701,3.8674025308913116,-0.02357121191280454,17.0,GO,Centro-Oeste,<5 mil,4.312148183927103,-0.44474565303579183,False
5206800,5.939218381778485,-0.0006843333453151066,17.0,GO,Centro-Oeste,<5 mil,6.009509964154311,-0.07029158237582589,True
5206909,3.747146665621216,-0.10000316191551539,19.0,GO,Centro-Oeste,<5 mil,4.939167524800991,-1.1920208591797756,False
5207105,6.1342012521073315,0.011714356731277308,17.0,GO,Centro-Oeste,<5 mil,5.905778932970871,0.2284223191364605,True
5207253,4.633484800820554,-0.07003908142976757,22.0,GO,Centro-Oeste,<5 mil,5.869578869232419,-1.236094068411865,False
5207352,6.303611958062643,-0.01033488207116586,17.0,GO,Centro-Oeste,<5 mil,6.252593672440021,0.05101828562262156,True
5207402,15.149127878189233,0.28807894620381513,22.0,GO,Centro-Oeste,5-20 mil,10.772511225093451,4.376616653095782,True
5207501,5.401448556172596,-0.06700482439804534,17.0,GO,Centro-Oeste,<5 mil,6.040324325091239,-0.6388757689186431,True
5207535,0.0,-0.24343815203690652,13.0,GO,Centro-Oeste,<5 mil,2.5188910585444866,-2.5188910585444866,False
5207600,5.389511276267186,-0.011470294415119597,22.0,GO,Centro-Oeste,<5 mil,5.459688352275743,-0.07017707600855694,True
5207808,6.392639675212521,-0.02076073444422419,22.0,GO,Centro-Oeste,5-20 mil,6.506992852062983,-0.11435317685046176,True
5207907,4.7767474717745415,-0.12548047296101603,17.0,GO,Centro-Oeste,<5 mil,6.378093598337202,-1.6013461265626603,False
5208004,10.782606381091568,0.0809100428266631,20.0,GO,Centro-Oeste,100-500 mil,9.71647578116428,1.0661305999272876,True
5208103,5.821452107931098,-0.00241262203174632,22.0,GO,Centro-Oeste,<5 mil,5.652629476438414,0.1688226314926835,True
5208152,7.559639112563104,0.09600739016879054,17.0,GO,Centro-Oeste,<5 mil,5.877376635689885,1.6822624768732197,True
5208301,5.112822076671293,-0.01873766873335756,17.0,GO,Centro-Oeste,<5 mil,5.3396044187752105,-0.22678234210391768,True
5208400,5.358127430316777,-0.017389028289896268,23.0,GO,Centro-Oeste,5-20 mil,5.5763487224267365,-0.2182212921099591,True
5208509,6.002911813807174,-0.038648559933129135,22.0,GO,Centro-Oeste,<5 mil,6.23543347813544,-0.23252166432826638,True
5208608,12.019531948893984,0.07282515588267016,22.0,GO,Centro-Oeste,50-100 mil,10.928073379801104,1.0914585690928806,True
5208707,3.9332517427678795,-0.5402171232379506,26.0,GO,Centro-Oeste,500 mil+,12.113893821107844,-8.180642078339964,False
5208806,8.182253545592985,0.05714668761922199,23.0,GO,Centro-Oeste,20-50 mil,7.048216454034096,1.1340370915588895,True
5208905,8.73697639219963,0.03401980314272632,22.0,GO,Centro-Oeste,5-20 mil,8.281461699553882,0.45551469264574784,True
5209101,9.354921815487373,-0.015975430516469286,22.0,GO,Centro-Oeste,20-50 mil,9.3182631330155,0.036658682471871984,True
5209150,4.832052843007318,-0.09894993470862562,17.0,GO,Centro-Oeste,<5 mil,5.932065443863227,-1.1000126008559086,False
5209200,6.23283970454338,-0.07897741233034627,22.0,GO,Centro-Oeste,5-20 mil,6.639432344673464,-0.4065926401300839,True
5209291,4.527893315005819,-0.016257866884703206,17.0,GO,Centro-Oeste,<5 mil,4.532883746817953,-0.0049904318121338775,False
5209408,12.336374489415675,0.4414651603081743,12.0,GO,Centro-Oeste,<5 mil,6.246869252142605,6.0895052372730705,True
5209457,0.0,0.0,8.0,GO,Centro-Oeste,<5 mil,0.0,0.0,False
5209606,5.521776958060585,-0.012664163751460185,17.0,GO,Centro-Oeste,<5 mil,5.646647954054966,-0.12487099599438167,True
5209705,5.1064772124063325,-0.1113904533172677,27.0,GO,Centro-Oeste,5-20 mil,6.73761989199852,-1.6311426795921875,True
5209804,6.099379311829992,0.049270652791823424,17.0,GO,Centro-Oeste,<5 mil,5.645411365733347,0.45396794609664504,True
5209903,5.49337956750837,-0.05206467487866848,22.0,GO,Centro-Oeste,5-20 mil,6.276988949624464,-0.7836093821160937,True
5209937,4.922810797870568,-0.12256211258070543,17.0,GO,Centro-Oeste,5-20 mil,6.2378109453766655,-1.3150001475060975,False
5209952,6.387823744486759,-0.02100576561618578,22.0,GO,Centro-Oeste,5-20 mil,6.416488595538775,-0.02866485105201555,True
5210000,11.632259323525048,0.06865803421112833,22.0,GO,Centro-Oeste,50-100 mil,10.26848121106645,1.3637781124585988,True
5210109,5.863418760066423,-0.05535290460456641,22.0,GO,Centro-Oeste,20-50 mil,6.619217880276834,-0.7557991202104111,True
5210158,6.000757076977578,0.02218415987033777,17.0,GO,Centro-Oeste,<5 mil,5.527694032379016,0.47306304459856197,True
5210208,9.787334661543099,0.09010342505000803,23.0,GO,Centro-Oeste,20-50 mil,9.088949153039827,0.6983855085032715,True
5210307,5.898249321786329,-0.00244556116836472,17.0,GO,Centro-Oeste,<5 mil,5.85363702277016,0.04461229901616903,True
5210406,11.519512027469546,0.12020296364592982,22.0,GO,Centro-Oeste,20-50 mil,9.877116723499723,1.6423953039698223,True
5210562,7.1469326204748995,0.06154125609347287,17.0,GO,Centro-Oeste,<5 mil,6.202309304039036,0.9446233164358633,True
5210604,5.933420539295955,-0.005989085369357593,17.0,GO,Centro-Oeste,<5 mil,6.006019617417145,-0.07259907812118982,True
5210802,6.293747463320557,-0.0686785864428966,22.0,GO,Centro-Oeste,<5 mil,6.822805781777218,-0.5290583184566611,True
5210901,4.298006118131525,-0.11552853375881515,22.0,GO,Centro-Oeste,20-50 mil,5.713717576576935,-1.4157114584454096,False
5211008,5.229188645357667,-0.03788521017771732,22.0,GO,Centro-Oeste,<5 mil,5.432670014048649,-0.20348136869098266,True
5211206,10.075399024823966,0.05082358939956867,19.0,GO,Centro-Oeste,20-50 mil,9.39481752440154,0.6805815004224254,True
5211305,6.462634303949585,-0.018153548650859608,17.0,GO,Centro-Oeste,<5 mil,6.674103220305709,-0.2114689163561243,True
5211404,13.587341614741831,0.20280276202411618,22.0,GO,Centro-Oeste,5-20 mil,10.341806431583008,3.2455351831588235,True
5211503,3.8515250506252414,-0.3309106910252271,27.0,GO,Centro-Oeste,100-500 mil,8.865585437361746,-5.014060386736505,False
5211602,5.941872627233042,0.018293193894348442,17.0,GO,Centro-Oeste,<5 mil,5.714401836446531,0.22747079078651122,True
5211701,6.898736454743293,0.03333892371429721,17.0,GO,Centro-Oeste,<5 mil,6.373406741908759,0.5253297128345338,True
5211800,7.533526592922698,-0.012949058808281075,22.0,GO,Centro-Oeste,20-50 mil,7.528849667706207,0.004676925216490879,True
5211909,10.472891529839956,-0.08388137364272752,27.0,GO,Centro-Oeste,50-100 mil,13.314711457304943,-2.8418199274649876,True
5212006,5.704832923569731,0.0016547461617368426,22.0,GO,Centro-Oeste,<5 mil,6.0108330342880185,-0.3060001107182879,True
5212055,4.585980571856538,-0.041664929513014655,17.0,GO,Centro-Oeste,<5 mil,5.019222820494275,-0.43324224863773697,False
5212105,12.885479581792964,0.12195305218800885,17.0,GO,Centro-Oeste,5-20 mil,10.523867001530968,2.361612580261996,True
5212204,10.725151307165333,0.04115307163129521,27.0,GO,Centro-Oeste,5-20 mil,10.061539763816198,0.6636115433491359,True
5212253,14.39068043191827,0.2115643224974001,17.0,GO,Centro-Oeste,<5 mil,10.748160367300777,3.642520064617493,True
5212303,5.70096906194801,-0.0025636992798646354,17.0,GO,Centro-Oeste,<5 mil,5.644676791065863,0.056292270882146944,True
5212501,5.550308887205716,-0.12582634514946642,23.0,GO,Centro-Oeste,100-500 mil,6.9837866914748,-1.433477804269084,True
5212600,5.083247890838521,-0.04872743589810468,17.0,GO,Centro-Oeste,<5 mil,6.057924663067896,-0.9746767722293743,True
5212709,5.446971463575146,-0.011801525030145482,17.0,GO,Centro-Oeste,5-20 mil,6.297520238436887,-0.8505487748617409,True
5212808,7.429186123917262,-0.033892046332183234,22.0,GO,Centro-Oeste,5-20 mil,8.006736885759816,-0.5775507618425539,True
5212907,7.657103943600191,0.06745155153959158,17.0,GO,Centro-Oeste,<5 mil,6.5041117826208525,1.1529921609793385,True
5212956,1.7916289928046183,-0.09881363624443434,11.0,GO,Centro-Oeste,<5 mil,3.395626327307223,-1.6039973345026048,False
5213004,5.148138911177739,-0.14633441273840336,17.0,GO,Centro-Oeste,5-20 mil,6.794564250756653,-1.6464253395789141,True
5213053,11.08084702350061,0.2295555994981814,19.0,GO,Centro-Oeste,<5 mil,7.242120528477967,3.8387264950226427,True
5213087,3.881148810112961,-0.1876194383824337,27.0,GO,Centro-Oeste,20-50 mil,8.39979099221007,-4.518642182097109,False
5213103,5.303584818019161,-0.05095967166743878,12.0,GO,Centro-Oeste,50-100 mil,6.220191633100355,-0.9166068150811943,True
5213400,7.131786391837792,0.0528956671903458,17.0,GO,Centro-Oeste,<5 mil,6.22263194379375,0.9091544480440428,True
5213509,4.073091309395181,-0.049860485304281235,17.0,GO,Centro-Oeste,<5 mil,4.548168242597795,-0.47507693320261346,False
5213707,8.465355674779715,0.078342046892471,20.0,GO,Centro-Oeste,5-20 mil,7.817296886159621,0.6480587886200944,True
5213756,12.351425507105887,0.15376834972690312,17.0,GO,Centro-Oeste,5-20 mil,9.88231991280568,2.4691055943002063,True
5213772,5.953065050568167,0.01630061973994093,17.0,GO,Centro-Oeste,<5 mil,5.828884286454961,0.12418076411320644,True
5213806,8.712500107047006,-0.059334380977314395,27.0,GO,Centro-Oeste,20-50 mil,9.462808928442817,-0.7503088213958105,True
5213855,4.80441935364468,-0.00018908120971753223,17.0,GO,Centro-Oeste,<5 mil,4.862046527549037,-0.05762717390435679,False
5213905,0.0,0.0,11.0,GO,Centro-Oeste,<5 mil,0.0,0.0,False
5214002,6.0750507658719926,-0.04771893177258636,17.0,GO,Centro-Oeste,5-20 mil,7.178075896429785,-1.1030251305577927,True
5214051,4.356384664405596,-0.06346744929042296,22.0,GO,Centro-Oeste,<5 mil,5.581011498050878,-1.2246268336452824,False
5214101,6.811144328766005,0.07589852810016331,17.0,GO,Centro-Oeste,<5 mil,5.769349490186334,1.041794838579671,True
5214408,5.151250270135904,-0.03941647928787685,17.0,GO,Centro-Oeste,5-20 mil,5.622374713098051,-0.4711244429621466,True
5214507,5.0777332029276465,-0.08897411714190173,23.0,GO,Centro-Oeste,20-50 mil,6.233881366486642,-1.1561481635589956,True
5214606,6.717624601834643,-0.04567247304721645,22.0,GO,Centro-Oeste,20-50 mil,7.6212938192425455,-0.9036692174079022,True
5214705,5.511601867545195,0.010687808585613516,17.0,GO,Centro-Oeste,<5 mil,5.118752408680359,0.3928494588648368,True
5214804,7.036362024663056,0.02180757491878394,17.0,GO,Centro-Oeste,<5 mil,6.403845956357597,0.6325160683054589,True
5214838,6.468965845393486,-0.0009259381239786538,20.0,GO,Centro-Oeste,5-20 mil,6.532852573154627,-0.06388672776114124,True
5214861,5.452867952978288,-0.02131443723065355,17.0,GO,Centro-Oeste,5-20 mil,5.695251361624281,-0.24238340864599284,True
5214879,5.220570375757703,-0.020062074503314577,17.0,GO,Centro-Oeste,<5 mil,5.501978792959713,-0.2814084172020106,True
5214903,,,0.0,GO,Centro-Oeste,<5 mil,,,False
5215009,6.542367769358766,0.0155861879969051,17.0,GO,Centro-Oeste,5-20 mil,5.914217066055868,0.6281507033028975,True
5215207,5.570796073531554,-0.010767191231201153,22.0,GO,Centro-Oeste,<5 mil,5.368060227366903,0.2027358461646509,True
5215231,6.655709452396998,-0.03143192393155451,20.0,GO,Centro-Oeste,100-500 mil,6.839038376975233,-0.1833289245782348,True
5215256,6.9743556743780175,0.0750836120110034,17.0,GO,Centro-Oeste,<5 mil,5.884307086802169,1.0900485875758488,True
5215306,7.4712695311392565,0.04995627580428713,17.0,GO,Centro-Oeste,5-20 mil,6.82930689257292,0.6419626385663362,True
5215405,5.144625132534955,-0.03519262195790753,17.0,GO,Centro-Oeste,<5 mil,5.794146149847053,-0.6495210173120975,True
5215504,7.634694502861265,0.070019531261712,17.0,GO,Centro-Oeste,5-20 mil,6.310052669888308,1.324641832972957,True
5215603,9.64881217015774,0.047005494085640954,22.0,GO,Centro-Oeste,5-20 mil,6.893092424838549,2.7557197453191913,True
5215652,6.782466139274362,0.06469381548865696,17.0,GO,Centro-Oeste,<5 mil,6.246553284360694,0.5359128549136685,True
5215702,12.74255085706315,0.07791691127896028,23.0,GO,Centro-Oeste,20-50 mil,10.295820395701451,2.4467304613616996,True
5215801,5.972753638392803,-0.033072313531759025,17.0,GO,Centro-Oeste,<5 mil,6.055508617010476,-0.08275497861767356,True
5215900,7.345897697395088,0.08077072835737974,17.0,GO,Centro-Oeste,<5 mil,5.939032126353131,1.4068655710419575,True
5216007,2.989686144651216,0.06663213690238395,12.0,GO,Centro-Oeste,<5 mil,2.159705153629398,0.8299809910218183,False
5216304,0.0,-0.26657249550962053,8.0,GO,Centro-Oeste,5-20 mil,0.0346987013363661,-0.0346987013363661,False
5216403,12.835956412544618,0.06959940372233134,20.0,GO,Centro-Oeste,5-20 mil,11.399905647983374,1.4360507645612444,True
5216452,8.270905608277815,0.07035318332162506,17.0,GO,Centro-Oeste,<5 mil,6.995031542122379,1.2758740661554357,True
5216809,4.995236220129357,-0.08803672007192008,17.0,GO,Centro-Oeste,5-20 mil,5.9169570613790805,-0.9217208412497238,False
5216908,6.6947697688454895,-0.03476204945931082,17.0,GO,Centro-Oeste,<5 mil,6.765809390393231,-0.07103962154774113,True
5217104,14.094401818694337,0.23193431637332812,22.0,GO,Centro-Oeste,5-20 mil,9.979275415478822,4.115126403215514,True
5217203,6.290983461043609,8.325776550600876e-06,22.0,GO,Centro-Oeste,5-20 mil,6.404216170979342,-0.11323270993573242,True
5217302,7.968387460829522,-0.01092679570671637,19.0,GO,Centro-Oeste,5-20 mil,9.085323518437711,-1.1169360576081893,True
5217401,7.401080541198013,-0.067416361996522,23.0,GO,Centro-Oeste,20-50 mil,8.460063124664655,-1.0589825834666424,True
5217609,6.468004794742782,-0.054724194017370845,22.0,GO,Centro-Oeste,50-100 mil,7.647354132145273,-1.179349337402491,True
5217708,13.783994696680963,0.2074448815297798,17.0,GO,Centro-Oeste,5-20 mil,9.936853683396164,3.8471410132847996,True
5218003,7.371738767758185,0.012199342959694496,22.0,GO,Centro-Oeste,20-50 mil,8.372923988307551,-1.0011852205493668,True
5218052,6.458116950306106,-0.09489936040312602,17.0,GO,Centro-Oeste,<5 mil,7.286871076286247,-0.828754125980141,True
5218102,5.350993810968731,-0.05213061456531215,17.0,GO,Centro-Oeste,<5 mil,5.585148034454102,-0.23415422348537085,True
5218300,10.77252527495348,0.060025496355818365,23.0,GO,Centro-Oeste,20-50 mil,9.47450647842562,1.2980187965278596,True
5218391,4.819629436307338,-0.10151221565173921,17.0,GO,Centro-Oeste,<5 mil,6.2770485310517365,-1.4574190947443988,False
5218508,10.765294156234773,-0.11138764512422505,23.0,GO,Centro-Oeste,20-50 mil,12.235906150916286,-1.4706119946815122,True
5218607,6.825952152060005,-0.028037656172851054,17.0,GO,Centro-Oeste,5-20 mil,7.083131140251972,-0.25717898819196705,True
5218706,4.960695107273551,-0.06324802387319454,22.0,GO,Centro-Oeste,<5 mil,6.218234164823634,-1.2575390575500824,False
5218789,0.0,-1.1319302780926526,7.0,GO,Centro-Oeste,<5 mil,9.167567205060974,-9.167567205060974,False
5218805,8.976754616270341,-0.15025943943414583,23.0,GO,Centro-Oeste,100-500 mil,13.04701699173099,-4.070262375460649,True
5218904,10.136803063932831,0.08289906845906805,27.0,GO,Centro-Oeste,5-20 mil,8.970034504272146,1.1667685596606852,True
5219001,9.948442658563636,0.14359098502341527,22.0,GO,Centro-Oeste,5-20 mil,8.892154502939135,1.0562881556245003,True
5219100,5.380408636194602,-0.03662112237476623,17.0,GO,Centro-Oeste,5-20 mil,5.660940703280299,-0.280532067085697,True
5219209,7.572428038255595,0.0614790875813192,17.0,GO,Centro-Oeste,<5 mil,6.393271965077495,1.1791560731781,True
5219258,6.132590912861687,-0.020559853266586586,17.0,GO,Centro-Oeste,<5 mil,6.08894140658211,0.043649506279576755,True
5219308,16.51822743795094,0.19719411751267318,22.0,GO,Centro-Oeste,20-50 mil,12.73397421148582,3.78425322646512,True
5219357,6.656173079251602,0.03238173997621284,17.0,GO,Centro-Oeste,<5 mil,4.945013530844218,1.7111595484073838,True
5219407,5.04374374801435,-0.09143891129472498,22.0,GO,Centro-Oeste,5-20 mil,6.105183651318916,-1.0614399033045663,True
5219456,,,0.0,GO,Centro-Oeste,,,,False
5219506,5.846725907984343,-0.008689532241217289,17.0,GO,Centro-Oeste,<5 mil,5.854102697101194,-0.0073767891168508015,True
5219605,4.9595545283272,0.006572663888619295,17.0,GO,Centro-Oeste,<5 mil,4.772956382176679,0.18659814615052017,False
5219704,5.938538324347501,-0.008887591890514402,17.0,GO,Centro-Oeste,5-20 mil,6.283295695262268,-0.3447573709147669,True
5219712,6.088362224824991,-0.0274948509666833,17.0,GO,Centro-Oeste,<5 mil,6.464289176442397,-0.37592695161740597,True
5219738,5.680261585868905,-0.03586328123851482,17.0,GO,Centro-Oeste,5-20 mil,6.043527338127295,-0.36326575225839,True
5219753,7.439554067562341,-0.05275001628961154,22.0,GO,Centro-Oeste,50-100 mil,7.562079884043331,-0.12252581648098992,True
5219803,4.3723286338645835,-0.08218427692300095,22.0,GO,Centro-Oeste,5-20 mil,5.54385636927701,-1.1715277354124263,False
5219902,5.1932486230198265,-0.032003901268793766,22.0,GO,Centro-Oeste,<5 mil,5.63855185475107,-0.4453032317312431,True
5220009,4.824136846261268,-0.07820052028721314,22.0,GO,Centro-Oeste,5-20 mil,6.168278242984785,-1.3441413967235167,False
5220058,11.172235627308396,0.09849060821102965,17.0,GO,Centro-Oeste,<5 mil,9.774895997837604,1.3973396294707925,True
5220108,9.113545807246865,-0.020040699765543995,27.0,GO,Centro-Oeste,20-50 mil,10.106664999810008,-0.9931191925631424,True
5220157,5.591846599811648,0.009840434269113275,17.0,GO,Centro-Oeste,<5 mil,5.263599631702301,0.3282469681093465,True
5220207,7.848537024510961,-0.07432798108886353,23.0,GO,Centro-Oeste,5-20 mil,9.252855385272571,-1.4043183607616108,True
5220264,4.863308440011849,-0.057944538957045655,22.0,GO,Centro-Oeste,<5 mil,6.008288823780337,-1.1449803837684875,False
5220280,4.280608031813557,-0.08633426316118963,17.0,GO,Centro-Oeste,<5 mil,4.982842899674584,-0.7022348678610273,False
5220405,0.0,-0.13164194377037466,10.0,GO,Centro-Oeste,5-20 mil,0.6781262029686065,-0.6781262029686065,False
5220454,3.272608778227749,-0.10186054761867158,21.0,GO,Centro-Oeste,100-500 mil,4.122773228469636,-0.8501644502418868,False
5220504,5.416798843414313,-0.10785269495468329,17.0,GO,Centro-Oeste,5-20 mil,6.520956076356106,-1.1041572329417937,True
5220603,13.181346256341499,0.1813869480360702,22.0,GO,Centro-Oeste,5-20 mil,10.706066871797724,2.475279384543775,True
5220686,5.723361971476194,-0.019827227765827536,17.0,GO,Centro-Oeste,5-20 mil,5.966256558038845,-0.24289458656265062,True
5220702,3.6963238883411407,-0.0942742193596824,11.0,GO,Centro-Oeste,<5 mil,4.508754253461785,-0.8124303651206439,False
5221007,5.589885657729646,-0.01880829755778391,17.0,GO,Centro-Oeste,<5 mil,5.733273726478651,-0.14338806874900545,True
5221080,4.239568451886555,-0.11495397278954549,17.0,GO,Centro-Oeste,<5 mil,5.732458072274495,-1.49288962038794,False
5221197,10.783420310769031,0.16909958322334603,17.0,GO,Centro-Oeste,5-20 mil,8.542858913603393,2.2405613971656386,True
5221304,4.124757137659742,-0.14471913957519933,17.0,GO,Centro-Oeste,<5 mil,5.714173918087413,-1.5894167804276709,False
5221403,5.561449953848808,-0.16787471111361632,26.0,GO,Centro-Oeste,100-500 mil,8.552500219795377,-2.991050265946569,True
5221452,3.6537951953603667,-0.031266722583300176,19.0,GO,Centro-Oeste,<5 mil,4.960195668666442,-1.3064004733060752,False
5221502,6.322804656089554,-0.0014455438803533437,17.0,GO,Centro-Oeste,<5 mil,6.1459435868217085,0.1768610692678454,True
5221551,5.516530700196967,-0.1180941558475959,17.0,GO,Centro-Oeste,<5 mil,7.0984040554472365,-1.58187335525027,True
5221577,4.749584906566199,-0.03623893324399875,17.0,GO,Centro-Oeste,<5 mil,5.285896471400172,-0.5363115648339738,False
5221601,10.849326785044951,0.10157437944278573,20.0,GO,Centro-Oeste,20-50 mil,10.277004426724234,0.5723223583207169,True
5221700,5.190213704127785,-0.08742576328973968,22.0,GO,Centro-Oeste,5-20 mil,6.474523932721466,-1.2843102285936805,True
5221809,5.9544042841135045,0.0007597772771102328,17.0,GO,Centro-Oeste,<5 mil,5.981763775971093,-0.027359491857588125,True
5221858,2.6077369428762722,-0.2780654358277636,22.0,GO,Centro-Oeste,100-500 mil,6.642592354429159,-4.034855411552887,False
5221908,4.682660881366644,-0.08186374460326534,17.0,GO,Centro-Oeste,<5 mil,5.799406443048151,-1.1167455616815074,False
5222005,6.350076107925048,-0.04201712443275769,20.0,GO,Centro-Oeste,5-20 mil,9.143614494876454,-2.793538386951406,True
5222054,0.0,-0.27302968853397086,8.0,GO,Centro-Oeste,5-20 mil,1.640464876363155,-1.640464876363155,False
5222203,5.5666199670916825,-0.04113817088638326,17.0,GO,Centro-Oeste,<5 mil,6.11007733939223,-0.5434573723005478,True
5222302,3.468450647006364,-0.15792100795345806,17.0,GO,Centro-Oeste,<5 mil,5.846133558886614,-2.3776829118802505,False
5300108,0.0,-0.9317194378425357,28.0,DF,Centro-Oeste,500 mil+,12.052147542013008,-12.052147542013008,False
