id_municipio,projecao_2033,inclinacao_aa,n_obs,classificacao_2033,sigla_uf,regiao,porte,populacao_urbana,tendencia_icr_sm_aa
1100015,114.22156862745032,2.362254901960829,17.0,on_track,RO,Norte,5-20 mil,12896.0,-0.13463196804208455
1100023,94.79338766593901,1.2512224836162118,23.0,at_risk,RO,Norte,50-100 mil,94137.0,-0.5602244822901468
1100031,130.7776928247349,2.5980885565451155,23.0,on_track,RO,Norte,<5 mil,2161.0,-0.37510155729382294
1100049,108.21063928207934,0.4538440188731281,18.0,on_track,RO,Norte,50-100 mil,68101.0,-0.1855618638833967
1100056,75.23070072256735,0.3907662577717932,23.0,will_not_meet,RO,Norte,5-20 mil,13622.0,-0.26926668079109806
1100064,109.04551219512291,0.605463414634183,24.0,on_track,RO,Norte,5-20 mil,11176.0,-0.25258211216964865
1100072,97.80970588235459,1.2658823529412517,16.0,at_risk,RO,Norte,<5 mil,2080.0,-0.4041874790961554
1100080,3.10871794871764,-1.899487179487217,26.0,will_not_meet,RO,Norte,5-20 mil,10554.0,-0.48388135797256515
1100098,67.08369762106076,0.6074749426397785,25.0,will_not_meet,RO,Norte,20-50 mil,23680.0,-0.42855751837458766
1100106,37.99049572649528,-0.9493675213675318,26.0,will_not_meet,RO,Norte,20-50 mil,39665.0,-0.7404414974839885
1100114,93.2816068376078,1.723111111111128,26.0,at_risk,RO,Norte,20-50 mil,34756.0,-0.7257447296500128
1100122,80.93213675213678,0.6929914529914613,26.0,will_not_meet,RO,Norte,100-500 mil,117821.0,-0.6385303871456272
1100130,57.52235237290188,-0.3584711991305187,25.0,will_not_meet,RO,Norte,20-50 mil,21673.0,-0.18167855837489896
1100148,105.0573349016961,0.9900352881868271,23.0,on_track,RO,Norte,5-20 mil,8646.0,-0.08941031384535779
1100155,94.6824651319107,0.5554654679885785,23.0,at_risk,RO,Norte,20-50 mil,26335.0,-0.5808955348408503
1100189,84.08883380944428,-0.5012392875146766,23.0,will_not_meet,RO,Norte,20-50 mil,32266.0,-0.32454244483422434
1100205,18.540068376068575,-1.2476581196581333,26.0,will_not_meet,RO,Norte,500 mil+,500537.0,-0.5158924008352779
1100254,91.03425641025638,0.2032820512820495,26.0,at_risk,RO,Norte,5-20 mil,10827.0,-0.22102398354503203
1100262,0.0,-3.163506133422931,23.0,will_not_meet,RO,Norte,<5 mil,1233.0,-0.11012529977503313
1100288,118.71935042735004,1.7989059829059908,26.0,on_track,RO,Norte,20-50 mil,45601.0,-0.7653209902294832
1100296,121.8277684422792,2.4747899512686997,23.0,on_track,RO,Norte,<5 mil,3026.0,-0.16671727655002938
1100304,96.42330030748207,-0.11265069061447384,22.0,at_risk,RO,Norte,50-100 mil,99053.0,-0.040404865322715894
1100320,39.99645682834509,-0.08689370485037619,18.0,will_not_meet,RO,Norte,5-20 mil,8982.0,-0.879177906663772
1100338,9.345059829059437,-0.563623931623946,26.0,will_not_meet,RO,Norte,5-20 mil,18653.0,-0.36841634983548405
1100346,98.47569676700108,-0.01157562244518961,19.0,at_risk,RO,Norte,5-20 mil,7229.0,-0.22729108951699656
1100379,128.27649006622414,3.923344370860697,9.0,on_track,RO,Norte,<5 mil,3786.0,0.02077831809791158
1100403,6.851865232733985,-0.48303226348513045,23.0,will_not_meet,RO,Norte,5-20 mil,10654.0,-0.73228599918883
1100452,50.795238095238346,2.3571428571428568,6.0,will_not_meet,RO,Norte,20-50 mil,22968.0,0.8684644226500637
1100502,127.92450848596854,1.6014409342967437,23.0,on_track,RO,Norte,<5 mil,1375.0,0.13751217529290682
1100601,2.49713493530453,-2.0644639556377395,23.0,will_not_meet,RO,Norte,<5 mil,2275.0,-0.37672077562032213
1100700,121.43838709677357,1.6309677419354323,14.0,on_track,RO,Norte,<5 mil,3830.0,
1100809,63.783977482775526,-0.760506637539922,23.0,will_not_meet,RO,Norte,5-20 mil,18288.0,-0.11908966750846729
1100908,90.99277432364298,0.03742228196941407,23.0,at_risk,RO,Norte,<5 mil,684.0,-0.12079218937776244
1100924,61.755281690140464,-0.7570422535211337,4.0,will_not_meet,RO,Norte,5-20 mil,5187.0,0.0512545382679715
1100940,0.0,-3.3998870694522916,22.0,will_not_meet,RO,Norte,5-20 mil,18898.0,-0.3620610345931679
1101005,,,1.0,,RO,Norte,<5 mil,1672.0,
1101104,38.96829836829511,-2.3604895104898076,12.0,will_not_meet,RO,Norte,5-20 mil,6262.0,0.0
1101203,89.8569734613213,0.14839073969508906,22.0,at_risk,RO,Norte,<5 mil,2809.0,-0.06794247266114081
1101302,42.73827067669218,-0.04240601503757017,20.0,will_not_meet,RO,Norte,5-20 mil,5800.0,-0.2868009673103865
1101401,79.09655520080628,0.9224920181482008,23.0,will_not_meet,RO,Norte,5-20 mil,8474.0,-0.8089029675670356
1101435,78.28130999435416,0.012704686617760249,22.0,will_not_meet,RO,Norte,<5 mil,1403.0,-0.25269055814958913
1101450,43.224761904761635,-1.67701298701301,21.0,will_not_meet,RO,Norte,<5 mil,2331.0,-0.3466296186874422
1101468,93.48235294117654,-0.20735294117647357,17.0,at_risk,RO,Norte,<5 mil,1187.0,-0.16151122467460918
1101476,58.887878787878435,-1.5024242424243073,10.0,will_not_meet,RO,Norte,<5 mil,1259.0,-0.030483213047634395
1101484,95.89887069452266,0.19186900056464493,22.0,at_risk,RO,Norte,<5 mil,1191.0,-0.8098443873017478
1101492,32.65000000000282,1.4500000000001723,3.0,will_not_meet,RO,Norte,5-20 mil,10820.0,-0.052103844611761194
1101500,70.27354284179478,0.5013967230728112,18.0,will_not_meet,RO,Norte,<5 mil,4479.0,-0.8945328833943191
1101559,11.197684923773068,-1.4512140033879177,22.0,will_not_meet,RO,Norte,<5 mil,1460.0,-1.3627960320266785
1101609,79.36876504987913,1.335603715170284,18.0,will_not_meet,RO,Norte,<5 mil,1922.0,-0.06401652217577478
1101708,88.32637371870192,0.9434086708116055,23.0,will_not_meet,RO,Norte,<5 mil,4387.0,-0.19761279685981695
1101757,0.0,-2.2509803921568596,18.0,will_not_meet,RO,Norte,<5 mil,3927.0,-0.07812334590743644
1101807,8.585714285712129,-1.2153846153846757,14.0,will_not_meet,RO,Norte,<5 mil,1799.0,-1.019783902487895
1200013,61.840550724637524,-0.32256521739129995,24.0,will_not_meet,AC,Norte,5-20 mil,7418.0,-0.23422009235478103
1200054,104.57215189873591,0.5994575045208737,18.0,on_track,AC,Norte,<5 mil,4661.0,0.16656384055198245
1200104,100.12053623188422,0.8847391304347672,24.0,on_track,AC,Norte,5-20 mil,18071.0,-0.56133579184595
1200138,114.62998550724706,0.9823043478260897,24.0,on_track,AC,Norte,<5 mil,4609.0,-0.24082352851292363
1200179,93.63792753623193,0.5695217391304341,24.0,at_risk,AC,Norte,5-20 mil,5484.0,-0.14216855405273052
1200203,86.10831884058052,1.1773043478260787,24.0,will_not_meet,AC,Norte,50-100 mil,63256.0,-0.49124486687546265
1200252,98.26432806324101,0.6578063241106721,23.0,at_risk,AC,Norte,5-20 mil,13346.0,-0.1823840850617904
1200302,44.18378260869599,0.7785652173913031,24.0,will_not_meet,AC,Norte,5-20 mil,17957.0,-0.9691758862527593
1200328,100.33647058823556,0.3630882352941346,16.0,on_track,AC,Norte,<5 mil,2981.0,0.07833746417547169
1200336,150.0,4.213304347826065,24.0,on_track,AC,Norte,5-20 mil,11303.0,-0.20299077144388514
1200344,124.15089855072483,1.6821304347825996,24.0,on_track,AC,Norte,5-20 mil,6415.0,-0.568998704952458
1200351,101.40868809730637,1.0864465682015298,19.0,on_track,AC,Norte,5-20 mil,5503.0,0.1554730105917989
1200385,98.78666007905122,1.688833992094876,23.0,at_risk,AC,Norte,5-20 mil,12154.0,-0.10870457875030659
1200393,88.77999999999997,-0.515757575757615,10.0,will_not_meet,AC,Norte,<5 mil,4526.0,0.29811888340294557
1200401,54.07129963898876,-0.4712996389891796,23.0,will_not_meet,AC,Norte,100-500 mil,385134.0,-0.2584042130349758
1200427,98.7733793836336,0.28560042507964223,14.0,at_risk,AC,Norte,5-20 mil,5928.0,0.4238300815323677
1200435,88.50157894736901,-0.29736842105259026,20.0,will_not_meet,AC,Norte,<5 mil,2780.0,0.13888762461327847
1200450,59.80431884057998,0.31330434782609207,24.0,will_not_meet,AC,Norte,5-20 mil,14760.0,-0.25108320913192356
1200500,44.574565217391296,-0.4308695652173805,24.0,will_not_meet,AC,Norte,20-50 mil,31147.0,-0.3412935303075289
1200609,68.97827536231921,0.45421739130434635,24.0,will_not_meet,AC,Norte,20-50 mil,23777.0,-0.3403669748570845
1200708,66.02782608695611,-0.7493478260869557,24.0,will_not_meet,AC,Norte,5-20 mil,12753.0,-0.21487928969083347
1200807,86.0403188405794,-0.5356956521739166,24.0,will_not_meet,AC,Norte,<5 mil,2550.0,-0.14124656962102108
1300029,0.0,-2.6484654731459076,16.0,will_not_meet,AM,Norte,5-20 mil,9179.0,0.0948570724591173
1300060,113.86362297496544,0.8203976435936233,10.0,on_track,AM,Norte,5-20 mil,5890.0,-0.01658654103181662
1300086,101.84274611398956,0.20595854922279455,5.0,on_track,AM,Norte,5-20 mil,5703.0,-0.02921866499455227
1300102,,,2.0,,AM,Norte,5-20 mil,13162.0,
1300144,,,1.0,,AM,Norte,5-20 mil,10783.0,
1300201,85.77606825749163,0.14460321864594344,9.0,will_not_meet,AM,Norte,5-20 mil,9493.0,-0.3291247494463562
1300300,44.26592195412644,-0.07228179922546689,19.0,will_not_meet,AM,Norte,5-20 mil,17728.0,-0.17634825165465234
1300409,95.1949999999996,0.1926923076922911,8.0,at_risk,AM,Norte,5-20 mil,12048.0,-0.15172881817649012
1300508,117.62376237623539,1.385643564356406,4.0,on_track,AM,Norte,5-20 mil,14944.0,
1300607,64.192180229639,-0.5192581930171063,22.0,will_not_meet,AM,Norte,20-50 mil,27047.0,-0.2454296010004679
1300631,127.91600000000426,1.9820000000001285,5.0,on_track,AM,Norte,5-20 mil,10298.0,-0.1251976084063315
1300680,98.2616143497758,-0.05838565022421557,9.0,at_risk,AM,Norte,5-20 mil,10101.0,-0.21899820644298648
1300706,90.84494584837546,0.5297833935017957,6.0,at_risk,AM,Norte,20-50 mil,22080.0,-0.7392616367778433
1300805,137.01601260383995,2.4788885706100716,12.0,on_track,AM,Norte,5-20 mil,17476.0,-0.05678664622705538
1300839,,,0.0,,AM,Norte,<5 mil,3203.0,
1300904,59.896577380950475,-1.9010416666668024,7.0,will_not_meet,AM,Norte,5-20 mil,8383.0,0.026391169487527195
1301001,101.34712276214873,0.4356138107417053,16.0,on_track,AM,Norte,20-50 mil,22000.0,-0.035909317550401346
1301100,92.43506860371292,-0.36049233252620433,8.0,at_risk,AM,Norte,5-20 mil,11192.0,-0.32043350979632235
1301159,98.46790281329919,-0.060485933503839066,16.0,at_risk,AM,Norte,<5 mil,1315.0,0.06034976887923125
1301209,2.160574412533151,-1.4548302872062793,7.0,will_not_meet,AM,Norte,50-100 mil,56676.0,-0.26500944282285277
1301308,27.630370843988203,-2.048145780051222,16.0,will_not_meet,AM,Norte,20-50 mil,20223.0,-0.060041317310356605
1301407,70.68133725202128,0.13245162870441363,18.0,will_not_meet,AM,Norte,20-50 mil,26110.0,-0.2099005230195653
1301506,150.0,4.5874999999998725,10.0,on_track,AM,Norte,5-20 mil,13400.0,0.0
1301605,53.67788331071483,-0.8784260515605401,6.0,will_not_meet,AM,Norte,5-20 mil,10870.0,-0.2554302879824252
1301654,111.57999999999947,1.7381818181818556,10.0,on_track,AM,Norte,5-20 mil,9138.0,0.0
1301704,120.44426787741168,1.754483541430277,6.0,on_track,AM,Norte,20-50 mil,39444.0,-0.2075575820637827
1301803,106.60931034482792,0.5248275862069175,4.0,on_track,AM,Norte,5-20 mil,13306.0,-0.0503664531861894
1301852,102.73348174532475,0.5672009498367231,11.0,on_track,AM,Norte,20-50 mil,35330.0,-0.48580083948772157
1301902,97.35677655677654,-0.07344322344322218,14.0,at_risk,AM,Norte,50-100 mil,69681.0,-0.2035269939885236
1301951,23.388299232736244,-1.5585038363171595,16.0,will_not_meet,AM,Norte,<5 mil,4327.0,-0.13039917504801088
1302009,104.2688932806326,0.3073913043478254,11.0,on_track,AM,Norte,5-20 mil,7316.0,-0.4585399184218534
1302108,,,0.0,,AM,Norte,,,
1302207,84.63401534527004,0.07007672634278687,16.0,will_not_meet,AM,Norte,5-20 mil,8156.0,-0.1940188675506649
1302306,,,1.0,,AM,Norte,5-20 mil,10552.0,
1302405,59.035742187500546,-1.0134440104166191,10.0,will_not_meet,AM,Norte,20-50 mil,30618.0,-0.2693771041885794
1302504,112.704175299805,0.9104665034218076,16.0,on_track,AM,Norte,50-100 mil,70402.0,-0.21476870384161106
1302553,57.58753196930911,-1.4123401534527316,16.0,will_not_meet,AM,Norte,5-20 mil,10525.0,-0.005198302507908132
1302603,87.00206549118326,-0.25008816120908145,24.0,will_not_meet,AM,Norte,500 mil+,2244470.0,-0.4086049939257855
1302702,104.07625422244473,0.5873389215563599,14.0,on_track,AM,Norte,20-50 mil,24845.0,-0.30562853312280863
1302801,,,2.0,,AM,Norte,<5 mil,4680.0,
1302900,98.300331125828,0.06523178807947926,13.0,at_risk,AM,Norte,20-50 mil,32164.0,-0.18933813685563533
1303007,150.0,7.1386861313859695,5.0,on_track,AM,Norte,5-20 mil,8326.0,0.3794566746169549
1303106,150.0,4.323905723905783,9.0,on_track,AM,Norte,5-20 mil,17163.0,0.03149423783188902
1303205,118.08727272727265,1.3345454545454503,11.0,on_track,AM,Norte,5-20 mil,13158.0,-0.027097952650884074
1303304,100.00000000000003,-1.6589990140921437e-15,3.0,on_track,AM,Norte,5-20 mil,17349.0,
1303403,65.51320070345173,-1.2438008353483638,20.0,will_not_meet,AM,Norte,50-100 mil,79758.0,-0.12201062044109882
1303502,68.58560606060973,0.4030303030304913,4.0,will_not_meet,AM,Norte,5-20 mil,9907.0,0.17757244167073669
1303536,114.7537572254314,1.2598678777868972,11.0,on_track,AM,Norte,5-20 mil,18225.0,-0.29651290310147843
1303569,123.50173783515447,1.6964746772592287,5.0,on_track,AM,Norte,5-20 mil,16541.0,-0.6034073352005629
1303601,137.53043478261134,2.939130434782545,4.0,on_track,AM,Norte,5-20 mil,10037.0,-0.13915639555250392
1303700,0.0,-3.7642857142858093,3.0,will_not_meet,AM,Norte,5-20 mil,12364.0,-0.27637768603751967
1303809,136.52000000000044,2.2020000000000395,9.0,on_track,AM,Norte,20-50 mil,23647.0,-0.5602239876208097
1303908,62.702109974423706,-0.2894501278772854,16.0,will_not_meet,AM,Norte,5-20 mil,18537.0,-0.0800832885099098
1303957,88.8847819265768,-0.4151866959522966,13.0,will_not_meet,AM,Norte,5-20 mil,7915.0,-0.18467343082359125
1304005,104.56714285714293,0.3557142857142605,6.0,on_track,AM,Norte,<5 mil,4432.0,-0.015596297196428894
1304062,43.080754475701724,-0.29622762148345405,16.0,will_not_meet,AM,Norte,20-50 mil,47643.0,-0.1151636757201313
1304104,,,2.0,,AM,Norte,5-20 mil,9393.0,
1304203,125.66503979210665,1.589987006659047,13.0,on_track,AM,Norte,20-50 mil,48274.0,-0.3787883116029863
1304237,143.17009345794395,3.393457943925278,5.0,on_track,AM,Norte,5-20 mil,9920.0,0.0
1304260,,,1.0,,AM,Norte,5-20 mil,7908.0,
1304302,105.72634146341761,0.6921951219514111,13.0,on_track,AM,Norte,5-20 mil,9257.0,-0.02775060134049558
1304401,,,1.0,,AM,Norte,5-20 mil,13815.0,
1400027,98.78105263157903,0.02491228070175917,19.0,at_risk,RR,Norte,<5 mil,1772.0,-0.09865383460215005
1400050,99.63476923076934,0.03046153846154219,26.0,on_track,RR,Norte,<5 mil,4432.0,-0.11337458886153058
1400100,98.89938461538453,-0.021846153846157606,26.0,at_risk,RR,Norte,100-500 mil,426588.0,-0.4769052633918141
1400159,66.66984615384354,-1.662769230769343,26.0,will_not_meet,RR,Norte,<5 mil,4307.0,-0.11922025940136767
1400175,102.57000000000022,0.20157894736843832,19.0,on_track,RR,Norte,<5 mil,3126.0,-0.10875724914516294
1400209,82.3646837606841,-0.8276581196581068,26.0,will_not_meet,RR,Norte,5-20 mil,13423.0,-0.33442169707458724
1400233,100.14684210526337,0.05736842105264177,19.0,on_track,RR,Norte,<5 mil,4340.0,-0.10263484141200276
1400282,102.36421052631607,0.22385964912282172,19.0,on_track,RR,Norte,5-20 mil,5926.0,-0.008511039999883766
1400308,93.58895726495678,-0.30782905982908176,26.0,at_risk,RR,Norte,5-20 mil,11164.0,-0.13900546458055318
1400407,86.44492307692167,-0.6360000000000664,26.0,will_not_meet,RR,Norte,<5 mil,3043.0,-0.3437966796977323
1400456,101.27684210526357,0.14877192982458098,19.0,on_track,RR,Norte,5-20 mil,8700.0,-0.1816030433145217
1400472,103.78210526315797,0.5698245614035173,19.0,on_track,RR,Norte,5-20 mil,13798.0,-0.10692288540457717
1400506,57.085811965809626,-2.1263247863248806,26.0,will_not_meet,RR,Norte,5-20 mil,5965.0,-0.13925642786200323
1400605,10.200300450680515,-4.6063695543315335,21.0,will_not_meet,RR,Norte,5-20 mil,5433.0,-0.1443399084928244
1400704,94.01099502001739,-0.12812225368616503,18.0,at_risk,RR,Norte,<5 mil,1497.0,-0.76977514768872
1500107,0.0,-2.3412649572649884,26.0,will_not_meet,PA,Norte,50-100 mil,94374.0,-0.2104558887423266
1500131,138.15886287625744,2.615050167224146,10.0,on_track,PA,Norte,5-20 mil,6707.0,0.1623624564194166
1500206,18.970903010037546,-3.765551839464691,4.0,will_not_meet,PA,Norte,5-20 mil,13133.0,-0.036210351334614456
1500305,21.29428571428525,-1.6106493506493924,21.0,will_not_meet,PA,Norte,5-20 mil,10795.0,-0.18589743379884002
1500347,0.0,-14.521428571431796,3.0,will_not_meet,PA,Norte,5-20 mil,5409.0,
1500404,0.0,-2.844545454545579,21.0,will_not_meet,PA,Norte,20-50 mil,30232.0,-0.2526065241084642
1500503,123.84731774415377,1.876066024759268,7.0,on_track,PA,Norte,20-50 mil,20220.0,-0.02984078255076532
1500602,28.450666666667153,0.01917948717950689,26.0,will_not_meet,PA,Norte,50-100 mil,99578.0,-0.7305092657181278
1500701,0.0,-1.5171428571429235,21.0,will_not_meet,PA,Norte,5-20 mil,11539.0,-0.3867877326877465
1500800,5.187623188405269,-1.3570869565217305,24.0,will_not_meet,PA,Norte,500 mil+,539081.0,-0.2802778259121677
1500909,0.0,-1.1372727272727723,21.0,will_not_meet,PA,Norte,20-50 mil,21141.0,-0.21437845120276633
1500958,0.0,-7.150000000000017,4.0,will_not_meet,PA,Norte,5-20 mil,9908.0,0.0
1501006,99.3166666666668,-0.049999999999985924,3.0,on_track,PA,Norte,<5 mil,3294.0,0.0
1501105,124.45488614800797,1.922248576850096,9.0,on_track,PA,Norte,5-20 mil,14281.0,0.0
1501204,94.12000000000535,1.0593243243246744,9.0,at_risk,PA,Norte,20-50 mil,24880.0,-0.16199943039554462
1501253,,,1.0,,PA,Norte,<5 mil,1282.0,
1501303,108.900000000006,2.224848484848925,10.0,on_track,PA,Norte,20-50 mil,47010.0,0.4350230369737739
1501402,55.65008387882244,-1.158313871254182,22.0,will_not_meet,PA,Norte,500 mil+,1493529.0,-0.617655645479944
1501451,100.64571428571452,0.051428571428588046,6.0,on_track,PA,Norte,5-20 mil,7535.0,0.07316058627175014
1501501,89.14880658436209,-0.36753086419753717,9.0,at_risk,PA,Norte,20-50 mil,36261.0,-0.023892036204986703
1501576,82.84285714285875,-0.9428571428570145,7.0,will_not_meet,PA,Norte,5-20 mil,9201.0,-0.05910145000333342
1501600,93.86666666666042,2.899999999999562,3.0,at_risk,PA,Norte,<5 mil,4503.0,
1501709,0.0,-2.7678290598290998,26.0,will_not_meet,PA,Norte,50-100 mil,83457.0,-0.35202494877225227
1501725,150.0,3.0681145113525052,11.0,on_track,PA,Norte,5-20 mil,6544.0,-0.08758221070979531
1501758,,,2.0,,PA,Norte,<5 mil,4332.0,0.04431213283750021
1501782,0.0,-1.3112987012987538,21.0,will_not_meet,PA,Norte,20-50 mil,38299.0,-0.43625113419046896
1501808,44.82358974358931,-0.5497435897436053,26.0,will_not_meet,PA,Norte,50-100 mil,52286.0,-0.3772827089964258
1501907,,,2.0,,PA,Norte,5-20 mil,9367.0,
1501956,16.6596059113308,-4.229310344827544,7.0,will_not_meet,PA,Norte,5-20 mil,7375.0,-0.009975864843120628
1502004,0.0,-2.6558441558442576,21.0,will_not_meet,PA,Norte,5-20 mil,8764.0,-0.3809126919856418
1502103,128.3742267435032,1.6897271551217083,21.0,on_track,PA,Norte,50-100 mil,61543.0,-0.1226631581439595
1502152,126.68500000000176,1.8969999999999676,8.0,on_track,PA,Norte,20-50 mil,30337.0,0.12755999450077637
1502202,0.9599999999988995,-0.7089610389610875,21.0,will_not_meet,PA,Norte,50-100 mil,55666.0,-0.2691695538532088
1502301,43.51047619047529,-0.44064935064939553,21.0,will_not_meet,PA,Norte,20-50 mil,22537.0,-0.37602561234879506
1502400,4.533948717948988,-1.4191794871794934,26.0,will_not_meet,PA,Norte,100-500 mil,182183.0,-0.3860011823696236
1502509,,,1.0,,PA,Norte,<5 mil,2665.0,
1502608,150.0,3.6339285714285436,3.0,on_track,PA,Norte,<5 mil,3916.0,
1502707,57.76645962732891,-0.6705815923207473,22.0,will_not_meet,PA,Norte,20-50 mil,34287.0,-0.20091762859638598
1502756,146.16824034334786,3.583261802575088,6.0,on_track,PA,Norte,5-20 mil,18064.0,0.030410373705467012
1502764,,,1.0,,PA,Norte,<5 mil,3565.0,
1502772,150.0,5.225274725274703,14.0,on_track,PA,Norte,5-20 mil,12171.0,-0.05923344477905817
1502806,140.05482352941,5.944941176470634,6.0,on_track,PA,Norte,5-20 mil,13603.0,0.0
1502855,100.00000000000001,3.025387648280568e-15,4.0,on_track,PA,Norte,5-20 mil,6971.0,
1502905,,,1.0,,PA,Norte,5-20 mil,14407.0,
1502939,101.65904761904858,3.047922077922153,21.0,on_track,PA,Norte,20-50 mil,38780.0,-0.573340482006032
1502954,150.0,4.345054945054936,14.0,on_track,PA,Norte,5-20 mil,17769.0,0.02013679140608624
1503002,113.4933333333338,1.2858441558441698,21.0,on_track,PA,Norte,5-20 mil,5208.0,-0.16878332545890823
1503044,0.0,0.0,3.0,will_not_meet,PA,Norte,5-20 mil,9446.0,
1503077,100.00000000000003,2.0557663992791718e-15,3.0,on_track,PA,Norte,5-20 mil,8714.0,
1503093,49.96366120218727,1.595901639344224,3.0,will_not_meet,PA,Norte,20-50 mil,28869.0,0.0
1503101,102.66376518218647,0.3103238866396974,5.0,on_track,PA,Norte,5-20 mil,11250.0,-0.07931109500660845
1503200,88.52499999999861,-0.3041666666667125,8.0,will_not_meet,PA,Norte,20-50 mil,21931.0,-0.3591659716940587
1503309,0.0,-1.855454545454611,21.0,will_not_meet,PA,Norte,20-50 mil,28592.0,-0.3708113457090229
1503408,70.05999999999904,-0.3524675324675763,21.0,will_not_meet,PA,Norte,<5 mil,3315.0,-0.1982908090655714
1503457,,,2.0,,PA,Norte,5-20 mil,16007.0,
1503507,,,2.0,,PA,Norte,5-20 mil,6524.0,
1503606,12.594466403162016,0.09288537549406944,22.0,will_not_meet,PA,Norte,50-100 mil,73617.0,-0.8652524825154865
1503705,21.46190476190452,0.27402597402596973,21.0,will_not_meet,PA,Norte,20-50 mil,21378.0,-0.1613943990861561
1503754,114.64619354838214,2.9110967741931586,11.0,on_track,PA,Norte,<5 mil,2653.0,0.043761542187428455
1503804,16.237142857141635,-0.726233766233816,21.0,will_not_meet,PA,Norte,50-100 mil,53828.0,-0.22477497884425635
1503903,84.28482834994475,0.760022148394227,14.0,will_not_meet,PA,Norte,5-20 mil,19850.0,-0.36361192224057415
1504000,71.99999999999886,-0.5571428571429201,21.0,will_not_meet,PA,Norte,5-20 mil,7337.0,-0.17664951159223186
1504059,15.933733493397085,-1.1434573829531607,6.0,will_not_meet,PA,Norte,20-50 mil,25105.0,-0.345654324038923
1504109,104.35238095238026,0.5194805194804937,21.0,on_track,PA,Norte,<5 mil,4021.0,-0.3146139114023103
1504208,38.90529914529918,-0.2550427350427332,26.0,will_not_meet,PA,Norte,100-500 mil,229312.0,-0.29286762192230953
1504307,0.0,-14.169230769231252,4.0,will_not_meet,PA,Norte,5-20 mil,11771.0,0.03073441444456228
1504406,65.85809523809462,-0.7711688311688685,21.0,will_not_meet,PA,Norte,5-20 mil,12565.0,-0.3445013859657032
1504422,37.62776811594222,0.7848695652173839,24.0,will_not_meet,PA,Norte,100-500 mil,134403.0,-0.42824005864455345
1504455,115.75637393767738,1.708498583569428,5.0,on_track,PA,Norte,5-20 mil,11315.0,-0.01343684666953612
1504505,56.66342562781688,-0.90264005151322,6.0,will_not_meet,PA,Norte,5-20 mil,6187.0,
1504604,3.2361904761883125,-2.7349350649351605,21.0,will_not_meet,PA,Norte,20-50 mil,21825.0,-0.11136180883576514
1504703,0.0,-1.8518351214003512,22.0,will_not_meet,PA,Norte,20-50 mil,30277.0,-0.16826400601315103
1504752,0.0,-8.280769230771524,3.0,will_not_meet,PA,Norte,5-20 mil,11855.0,
1504802,4.304761904760653,-1.9493506493507151,21.0,will_not_meet,PA,Norte,20-50 mil,25817.0,-0.37791806886699114
1504901,99.34565756823822,-0.027543424317617207,5.0,on_track,PA,Norte,5-20 mil,17599.0,-0.001092923623247603
1504950,,,1.0,,PA,Norte,5-20 mil,8467.0,
1504976,103.98488372092106,5.105813953487375,5.0,on_track,PA,Norte,5-20 mil,8983.0,
1505007,31.5923809523797,-1.2812987012987604,21.0,will_not_meet,PA,Norte,5-20 mil,6318.0,-0.41250619605236005
1505031,150.0,5.924816594991097,14.0,on_track,PA,Norte,5-20 mil,18172.0,-0.17589483081495733
1505064,3.7864791040701675,-0.3638350177546759,20.0,will_not_meet,PA,Norte,20-50 mil,35354.0,-0.3048766799048014
1505106,29.240952380950148,-2.0394805194806036,21.0,will_not_meet,PA,Norte,20-50 mil,27087.0,-0.31496600492528065
1505205,10.847619047618537,-1.7948051948052604,21.0,will_not_meet,PA,Norte,5-20 mil,13266.0,-0.1577178739470898
1505304,137.73428571428576,2.467142857142898,21.0,on_track,PA,Norte,20-50 mil,47900.0,-0.5257693624627147
1505403,0.0,-2.4824675324676546,21.0,will_not_meet,PA,Norte,5-20 mil,8244.0,-0.6329748562848645
1505437,88.84679487179523,-0.09358974358972143,8.0,will_not_meet,PA,Norte,20-50 mil,24263.0,-0.12041391682604351
1505486,,,1.0,,PA,Norte,5-20 mil,15397.0,
1505494,,,2.0,,PA,Norte,<5 mil,4607.0,
1505502,141.8778677642049,3.091874668082916,20.0,on_track,PA,Norte,50-100 mil,90605.0,-0.15937539457791963
1505536,87.62372650238646,0.16020259082498037,21.0,will_not_meet,PA,Norte,100-500 mil,197154.0,-0.4480126888943077
1505551,,,2.0,,PA,Norte,<5 mil,3265.0,0.4014211145320981
1505601,18.494285714284615,-1.2515584415584944,21.0,will_not_meet,PA,Norte,<5 mil,4291.0,-0.35384962812314974
1505650,56.26666666666097,2.99999999999953,3.0,will_not_meet,PA,Norte,5-20 mil,6556.0,
1505700,36.63325804630176,-1.667814793901757,22.0,will_not_meet,PA,Norte,5-20 mil,15295.0,-0.25519530738816804
1505809,0.0,-2.386103896103989,21.0,will_not_meet,PA,Norte,20-50 mil,30406.0,-0.46871941477202833
1505908,100.99771986970697,0.14169381107492518,3.0,on_track,PA,Norte,5-20 mil,18233.0,
1506005,78.45904761904637,-0.492337662337712,21.0,will_not_meet,PA,Norte,5-20 mil,9105.0,-0.19190818743357058
1506104,0.0,-6.101411764705839,6.0,will_not_meet,PA,Norte,5-20 mil,7068.0,-0.1370929078028243
1506112,146.46578947368562,3.7530075187971015,3.0,on_track,PA,Norte,5-20 mil,5905.0,
1506138,93.4694672131127,2.6249487704917396,17.0,at_risk,PA,Norte,50-100 mil,80052.0,-0.35868355937901675
1506161,,,1.0,,PA,Norte,5-20 mil,13536.0,
1506187,85.29751890506816,-0.3202049871883012,18.0,will_not_meet,PA,Norte,20-50 mil,39334.0,-0.1269603878507618
1506195,139.0051974013004,4.1387806096950905,10.0,on_track,PA,Norte,5-20 mil,19992.0,0.2113139640371605
1506203,93.60095238095178,0.1372727272727033,21.0,at_risk,PA,Norte,20-50 mil,36731.0,-0.49745653975055715
1506302,33.89238095238011,-0.5903896103896459,21.0,will_not_meet,PA,Norte,5-20 mil,15315.0,-0.43879768374876726
1506351,94.84512911270247,-0.007344541871112411,16.0,at_risk,PA,Norte,5-20 mil,6945.0,-0.03745346909970087
1506401,60.86160642570212,-1.3452208835341022,17.0,will_not_meet,PA,Norte,5-20 mil,5141.0,-0.605547011210039
1506500,90.24569903948691,0.7442049092849318,13.0,at_risk,PA,Norte,50-100 mil,52682.0,-0.34261103595117837
1506559,0.0,-1.2059740259740799,21.0,will_not_meet,PA,Norte,5-20 mil,8879.0,-0.34191171641967677
1506583,0.0,-4.471298701298787,21.0,will_not_meet,PA,Norte,5-20 mil,8218.0,-0.2609584712695032
1506609,47.51238095237932,-1.4635064935065636,21.0,will_not_meet,PA,Norte,5-20 mil,14544.0,-0.16799066447070074
1506708,21.87999999999738,-0.1993939393941076,10.0,will_not_meet,PA,Norte,20-50 mil,40145.0,0.23678715591439042
1506807,46.16505982905983,-1.257470085470105,26.0,will_not_meet,PA,Norte,100-500 mil,225869.0,-0.308045810987438
1507003,,,1.0,,PA,Norte,5-20 mil,14660.0,
1507102,14.399999999996908,-2.562337662337777,21.0,will_not_meet,PA,Norte,5-20 mil,7500.0,-0.2116962945637285
1507151,100.00000000000003,6.419699832541802e-15,7.0,on_track,PA,Norte,5-20 mil,17110.0,-0.2844954471902758
1507201,150.0,4.335818713450562,7.0,on_track,PA,Norte,5-20 mil,7127.0,-0.15642439040919628
1507300,0.0,-1.3234330886504821,22.0,will_not_meet,PA,Norte,50-100 mil,67038.0,-0.5488315805182379
1507409,101.37333333333322,0.2972727272727229,21.0,on_track,PA,Norte,5-20 mil,5425.0,-0.26146223794043927
1507458,107.07105263158041,0.6096491228070929,19.0,on_track,PA,Norte,5-20 mil,13048.0,-0.006307429546019755
1507466,,,2.0,,PA,Norte,<5 mil,1135.0,
1507474,100.57945945945994,0.16621621621625174,5.0,on_track,PA,Norte,5-20 mil,11906.0,0.15242777003591748
1507508,76.42857142857383,-1.2999999999998164,7.0,will_not_meet,PA,Norte,<5 mil,2773.0,-0.19175518045238038
1507607,43.9043492586502,-1.2845140032948499,15.0,will_not_meet,PA,Norte,20-50 mil,37264.0,-0.27052434777332307
1507706,101.99154929577162,2.91021126760528,5.0,on_track,PA,Norte,5-20 mil,11662.0,
1507755,,,2.0,,PA,Norte,<5 mil,4011.0,0.0
1507805,113.08571428571099,0.9928571428569807,7.0,on_track,PA,Norte,5-20 mil,5694.0,
1507904,89.58666666666585,0.295714285714252,21.0,at_risk,PA,Norte,20-50 mil,23528.0,-0.4057475433176149
1507953,16.700952380952003,-0.14064935064936948,21.0,will_not_meet,PA,Norte,50-100 mil,82597.0,-0.16184210134782334
1507961,57.037050359716886,-2.2494604316541786,7.0,will_not_meet,PA,Norte,5-20 mil,5056.0,-0.003454061764821039
1507979,101.61083760683738,0.1954188034187948,26.0,on_track,PA,Norte,5-20 mil,11624.0,-0.1345257632223848
1508001,95.570294117647,-0.1758823529411831,16.0,at_risk,PA,Norte,20-50 mil,36079.0,-0.09526296882252616
1508035,9.64571428571162,-2.0823376623377325,21.0,will_not_meet,PA,Norte,5-20 mil,8338.0,-0.22880746934005983
1508050,,,2.0,,PA,Norte,5-20 mil,6086.0,
1508084,135.2309668695052,2.7222785665989147,16.0,on_track,PA,Norte,20-50 mil,32474.0,0.005685057524565362
1508100,127.07572751757152,1.7070354069500504,16.0,on_track,PA,Norte,100-500 mil,110979.0,-0.40197750528500914
1508126,150.0,5.400432900432614,8.0,on_track,PA,Norte,20-50 mil,40994.0,0.0
1508209,0.0,-2.9535064935066107,21.0,will_not_meet,PA,Norte,20-50 mil,36921.0,-0.29194104607866284
1508308,18.5199999999993,-0.5640259740260212,21.0,will_not_meet,PA,Norte,20-50 mil,20141.0,-0.14931260281760478
1508357,147.64571428571708,3.6657142857143072,6.0,on_track,PA,Norte,5-20 mil,6156.0,-2.3821161506764454
1508407,104.89098901098987,3.7404395604395155,14.0,on_track,PA,Norte,20-50 mil,35251.0,0.23611053717844674
1600055,27.220879120881364,-2.2890109890110018,13.0,will_not_meet,AP,Norte,<5 mil,3279.0,0.34569436834984474
1600105,22.398222222222145,0.04372649572649305,26.0,will_not_meet,AP,Norte,5-20 mil,7990.0,-0.7655985549175511
1600154,0.0,-2.235088757396498,14.0,will_not_meet,AP,Norte,5-20 mil,9757.0,0.22527566168768745
1600204,0.0,-0.8155384615384529,25.0,will_not_meet,AP,Norte,5-20 mil,9331.0,-0.9809789240452486
1600212,85.77169230769243,0.24515384615385422,25.0,will_not_meet,AP,Norte,<5 mil,3233.0,-0.5156986811013038
1600238,19.880615384616704,-1.5463076923076673,25.0,will_not_meet,AP,Norte,5-20 mil,5865.0,-0.46471925341214115
1600253,74.52030769230794,-0.2521538461538361,25.0,will_not_meet,AP,Norte,<5 mil,2356.0,-0.31406165123864915
1600279,15.682871794871062,-1.0708717948718383,26.0,will_not_meet,AP,Norte,20-50 mil,49633.0,-0.2439777574231386
1600303,18.441128205127825,-1.2232820512820684,26.0,will_not_meet,AP,Norte,500 mil+,500070.0,-0.4953472260352406
1600402,24.814427350427216,-0.029709401709407463,26.0,will_not_meet,AP,Norte,5-20 mil,10912.0,-0.5885567393480241
1600501,0.0,-0.8012649572649768,26.0,will_not_meet,AP,Norte,5-20 mil,19272.0,-0.48035665712719033
1600535,0.0,-0.6512307692307665,25.0,will_not_meet,AP,Norte,5-20 mil,14743.0,-0.45333691617661626
1600550,35.599318840579826,-0.5666956521738972,24.0,will_not_meet,AP,Norte,<5 mil,2663.0,-0.13461973347519376
1600600,40.50533333333317,-0.32348717948718964,26.0,will_not_meet,AP,Norte,100-500 mil,122157.0,-0.2435258764142508
1600709,17.03076923076992,-0.7553846153845992,25.0,will_not_meet,AP,Norte,5-20 mil,9449.0,-0.26740483171964685
1600808,65.06511594202902,0.7465652173913033,24.0,will_not_meet,AP,Norte,5-20 mil,13737.0,-0.10508895100715289
1700251,101.84317391304353,0.23534782608695634,24.0,on_track,TO,Norte,<5 mil,1611.0,0.03171039190753951
1700301,107.51076923076926,0.5920879120878865,14.0,on_track,TO,Norte,5-20 mil,5656.0,0.5058951017230192
1700350,119.44377470355721,1.2329051383399312,23.0,on_track,TO,Norte,<5 mil,4447.0,-0.006531013041197644
1700400,109.47275362318874,0.557173913043476,24.0,on_track,TO,Norte,5-20 mil,5470.0,0.00612708326454257
1700707,112.31772463768084,0.8567826086956418,24.0,on_track,TO,Norte,5-20 mil,7771.0,-0.04990118437788143
1701002,99.79697106690679,0.2050858951174882,15.0,on_track,TO,Norte,5-20 mil,7789.0,-0.024302979001610676
1701051,102.1424054206662,0.15804630152455915,22.0,on_track,TO,Norte,<5 mil,2121.0,-0.00722905264534683
1701101,100.56458109434149,0.16863697958039534,22.0,on_track,TO,Norte,<5 mil,3854.0,-0.1055034147201527
1701309,112.1764539808014,0.806832298136649,22.0,on_track,TO,Norte,<5 mil,2163.0,-0.043399943338899155
1701903,104.30011594202915,0.33156521739130423,24.0,on_track,TO,Norte,<5 mil,3345.0,-0.06907276499127811
1702000,117.5753478260865,1.0446956521739081,24.0,on_track,TO,Norte,5-20 mil,5636.0,-0.02620112147690358
1702109,110.5021538461533,0.6379230769230699,25.0,on_track,TO,Norte,100-500 mil,176890.0,-0.09253856057002481
1702158,95.48270676691709,-0.07406015037594582,20.0,at_risk,TO,Norte,<5 mil,3942.0,-0.005465197749342922
1702208,17.691116887775024,-2.7512818214413004,15.0,will_not_meet,TO,Norte,20-50 mil,23505.0,-0.11180830369252867
1702307,94.83024637681143,-0.15917391304348197,24.0,at_risk,TO,Norte,5-20 mil,5332.0,-0.0517446527252433
1702406,99.83182608695647,0.03965217391304156,24.0,on_track,TO,Norte,5-20 mil,7272.0,0.0015090475245915303
1702554,115.3997246376814,0.8437826086956497,24.0,on_track,TO,Norte,5-20 mil,15588.0,-0.020680577004689962
1702703,96.63053623188392,-0.1302608695652214,24.0,at_risk,TO,Norte,<5 mil,2743.0,-0.0677956121427627
1702901,33.61755319148597,-2.23643617021292,7.0,will_not_meet,TO,Norte,5-20 mil,7677.0,-0.018879115425783844
1703008,100.18014492753633,0.1319565217391316,24.0,on_track,TO,Norte,5-20 mil,5044.0,0.049416197155337786
1703057,98.85679710144936,0.019260869565221633,24.0,at_risk,TO,Norte,<5 mil,1960.0,-0.12470727045483784
1703073,106.6171428571422,0.5371428571428356,21.0,on_track,TO,Norte,<5 mil,2478.0,-0.03174499187470471
1703107,96.57318840579705,-0.08695652173912935,24.0,at_risk,TO,Norte,<5 mil,4747.0,-0.010402880792414965
1703206,99.26195652173921,0.09021739130435318,23.0,on_track,TO,Norte,<5 mil,2179.0,-0.06261702907181849
1703305,150.0,5.347043918918705,9.0,on_track,TO,Norte,<5 mil,3840.0,0.538669342092984
1703602,103.54015942029002,0.339652173913046,24.0,on_track,TO,Norte,<5 mil,1545.0,-0.052119582380720744
1703701,116.66253623188459,1.1817391304347746,24.0,on_track,TO,Norte,<5 mil,4482.0,-0.18112640214668518
1703800,96.66689723320152,-0.022233201581030013,23.0,at_risk,TO,Norte,5-20 mil,8886.0,0.14600535513410656
1703826,99.55999999999992,-0.02400000000000193,5.0,on_track,TO,Norte,<5 mil,1848.0,
1703842,120.41778656126371,1.2826086956521632,22.0,on_track,TO,Norte,5-20 mil,6220.0,0.045751184796490325
1703867,108.10152173913082,0.5330434782608678,24.0,on_track,TO,Norte,<5 mil,2507.0,-0.11058754751001929
1703883,111.7506015037593,1.1690977443608552,20.0,on_track,TO,Norte,<5 mil,2069.0,-0.09134362295413075
1703891,113.18703296703188,1.1386813186812583,14.0,on_track,TO,Norte,<5 mil,2221.0,0.29660721992474304
1703909,104.57228985507254,0.38091304347826094,24.0,on_track,TO,Norte,<5 mil,3280.0,-0.08047326506221507
1704105,102.07937681159427,0.17908695652174061,24.0,on_track,TO,Norte,<5 mil,1738.0,-0.012111039894791994
1704600,101.23333333333338,0.10000000000000671,3.0,on_track,TO,Norte,<5 mil,794.0,2.323795817049352
1705102,108.63003952569147,0.4778656126482187,23.0,on_track,TO,Norte,<5 mil,1683.0,0.006129019209498103
1705508,117.51169230769119,1.1401538461538303,25.0,on_track,TO,Norte,20-50 mil,34823.0,0.04366157071205467
1705557,98.69260869565213,-0.04978260869565372,24.0,at_risk,TO,Norte,<5 mil,4172.0,0.02542968616065711
1705607,111.08634782608738,0.5956956521739173,24.0,on_track,TO,Norte,<5 mil,2833.0,-0.11231188165054416
1706001,100.95671014492757,0.13308695652174168,24.0,on_track,TO,Norte,<5 mil,2140.0,-0.08274998585906577
1706100,103.04449275362333,0.3006521739130453,24.0,on_track,TO,Norte,5-20 mil,5952.0,-0.06678413547107705
1706258,100.2470355731225,0.09051383399209696,23.0,on_track,TO,Norte,<5 mil,975.0,-0.023580913068865127
1706506,150.0,7.377380952380594,7.0,on_track,TO,Norte,<5 mil,3291.0,-0.9415919254714193
1707009,102.57921739130433,0.20443478260869283,24.0,on_track,TO,Norte,5-20 mil,19535.0,-0.06868443201490114
1707108,104.27964426877446,0.3013833992094828,23.0,on_track,TO,Norte,<5 mil,4903.0,0.0431920525147995
1707207,100.21891304347838,0.167826086956526,24.0,on_track,TO,Norte,<5 mil,2782.0,-0.1863525971853522
1707306,117.83428985507294,0.9979130434782548,24.0,on_track,TO,Norte,<5 mil,3118.0,-0.051278441805731975
1707405,93.29166666666629,0.2549999999999702,15.0,at_risk,TO,Norte,5-20 mil,5492.0,0.10888825532389551
1707553,104.4161014492754,0.6898695652173935,24.0,on_track,TO,Norte,<5 mil,3151.0,-0.11695693328695454
1707652,107.8841159420291,0.5255652173912996,24.0,on_track,TO,Norte,<5 mil,3964.0,-0.0663542332806349
1707702,99.63311594202898,0.15956521739130214,24.0,on_track,TO,Norte,5-20 mil,5790.0,-0.06045779711201108
1708205,144.9827692307672,2.628615384615343,25.0,on_track,TO,Norte,5-20 mil,13283.0,-0.11618577028057225
1708254,104.5872608695654,0.27552173913043415,24.0,on_track,TO,Norte,<5 mil,2127.0,-0.02180740756985589
1708304,125.39957971014564,1.941826086956507,24.0,on_track,TO,Norte,<5 mil,2860.0,0.04814915883563391
1709005,99.01952173913043,-0.003956521739129669,24.0,on_track,TO,Norte,5-20 mil,5402.0,-0.012740552131255536
1709302,101.64092307692303,0.13953846153846222,25.0,on_track,TO,Norte,20-50 mil,24045.0,0.09287492963066293
1709500,116.07661538461502,1.0246923076922894,25.0,on_track,TO,Norte,50-100 mil,86406.0,-0.0005303507784482478
1709807,93.21548872180395,-0.013233082706792406,20.0,at_risk,TO,Norte,<5 mil,1220.0,-0.1800350517798594
1710508,93.82441471571912,-0.21137123745818473,10.0,at_risk,TO,Norte,<5 mil,4494.0,-0.13958355391507957
1710706,110.29182879377504,0.7533073929961219,6.0,on_track,TO,Norte,<5 mil,3268.0,0.8895237126637726
1710904,104.37766917293379,0.5084962406015416,20.0,on_track,TO,Norte,<5 mil,2067.0,0.060456094122067205
1711100,99.79436090225536,0.07345864661652492,20.0,on_track,TO,Norte,<5 mil,1542.0,-0.041994662557909554
1711506,101.34789855072465,0.10913043478260816,24.0,on_track,TO,Norte,<5 mil,1459.0,-0.13817566877115603
1711803,103.77043478260873,0.37586956521738446,24.0,on_track,TO,Norte,<5 mil,1007.0,-0.07152913639712037
1711902,121.24525691699546,1.6191699604743208,23.0,on_track,TO,Norte,5-20 mil,8676.0,-0.010189675967204364
1711951,97.27974308300406,0.12974308300396106,23.0,at_risk,TO,Norte,<5 mil,3218.0,0.030484909631256493
1712009,128.26544927536315,1.6435652173913018,24.0,on_track,TO,Norte,<5 mil,2499.0,-0.0365045445660354
1712157,104.85111111111121,0.3400000000000118,9.0,on_track,TO,Norte,<5 mil,1265.0,0.14008781276456536
1712405,95.35518840579692,-0.14995652173913238,24.0,at_risk,TO,Norte,<5 mil,2584.0,-0.03819006775999497
1712454,100.74604347826102,0.15408695652174587,24.0,on_track,TO,Norte,<5 mil,2044.0,-0.01851979312884624
1712504,104.66488405797111,0.3584347826086945,24.0,on_track,TO,Norte,<5 mil,2920.0,0.004805885779838409
1712702,150.0,4.682857142856713,6.0,on_track,TO,Norte,<5 mil,1768.0,0.5634159367320459
1712801,98.88162055335978,0.0685770750988204,23.0,at_risk,TO,Norte,<5 mil,2219.0,0.03443926074489304
1713205,107.54523076923044,0.4563846153846106,25.0,on_track,TO,Norte,5-20 mil,15287.0,-0.12633826209866075
1713304,122.0995652173915,1.219130434782592,24.0,on_track,TO,Norte,5-20 mil,11847.0,-0.01049335608882013
1713601,99.33176811594201,0.04886956521739089,24.0,on_track,TO,Norte,<5 mil,3510.0,-0.017470246102657443
1713700,98.94042913608126,0.05290796160361163,22.0,at_risk,TO,Norte,<5 mil,499.0,-0.0019534260969626795
1713809,106.67616541353277,0.49075187969918455,20.0,on_track,TO,Norte,<5 mil,3846.0,0.016307991942180168
1713957,109.78024637681187,0.6158260869565174,24.0,on_track,TO,Norte,<5 mil,2069.0,-0.044717271954779494
1714203,101.1898550724637,0.11304347826086483,24.0,on_track,TO,Norte,5-20 mil,7400.0,-0.06627042960518016
1714302,104.02919254658377,0.2701863354037246,22.0,on_track,TO,Norte,<5 mil,1712.0,0.08881890646096866
1714880,108.58699999999988,0.5170000000000005,24.0,on_track,TO,Norte,5-20 mil,8393.0,-0.002904080100725031
1715002,127.60305797101591,2.0137826086956334,24.0,on_track,TO,Norte,<5 mil,2846.0,-0.07979651790694901
1715101,96.7659710144927,-0.014391304347828803,24.0,at_risk,TO,Norte,<5 mil,3647.0,-0.007974644553752205
1715150,103.3935362318843,0.25273913043478086,24.0,on_track,TO,Norte,<5 mil,1733.0,-0.02512522654880951
1715259,107.38346010681391,0.4413901925878097,23.0,on_track,TO,Norte,<5 mil,2001.0,-0.0820778865891332
1715507,106.24856641310646,0.4939370752126499,22.0,on_track,TO,Norte,<5 mil,886.0,0.011018104156675286
1715705,97.70022556390948,0.0346616541353248,20.0,at_risk,TO,Norte,<5 mil,2424.0,-0.019478457233131338
1715754,95.05159420289866,-0.07847826086955999,24.0,at_risk,TO,Norte,5-20 mil,6270.0,-0.024016307811501762
1716109,105.98092307692275,0.3985384615384539,25.0,on_track,TO,Norte,50-100 mil,50222.0,-0.020096657133304177
1716208,101.74740579710148,0.11247826086956443,24.0,on_track,TO,Norte,<5 mil,4760.0,-0.0549108432124478
1716307,108.15049407114611,0.6657114624505943,23.0,on_track,TO,Norte,<5 mil,3088.0,0.00034951294247082963
1716505,96.64263501840307,-0.10656501164275159,18.0,at_risk,TO,Norte,5-20 mil,12121.0,-0.2085211989332902
1716604,104.81443478260894,0.2798695652173912,24.0,on_track,TO,Norte,5-20 mil,6048.0,-0.022460191794235407
1716653,107.07440711462448,0.4678853754940712,23.0,on_track,TO,Norte,<5 mil,2623.0,0.056031858731564785
1716703,116.63501449275418,0.9826956521739079,24.0,on_track,TO,Norte,5-20 mil,5976.0,0.00798397020104747
1717008,108.59447826086944,0.5529565217391291,24.0,on_track,TO,Norte,<5 mil,2887.0,-0.09968067429745835
1717206,115.71879699248211,1.04180451127817,20.0,on_track,TO,Norte,<5 mil,1167.0,-0.24517655070313338
1717503,111.45579710144989,0.7532608695652167,24.0,on_track,TO,Norte,<5 mil,4420.0,-0.10550115628732155
1717800,103.75418326693267,0.2520916334661631,23.0,on_track,TO,Norte,<5 mil,2524.0,-0.05555321195423027
1717909,99.59699999999997,0.10199999999999701,24.0,on_track,TO,Norte,5-20 mil,5165.0,-0.07777474747926685
1718006,104.97165217391307,0.3823043478260867,24.0,on_track,TO,Norte,<5 mil,2196.0,-0.041688354959086064
1718204,99.18769230769222,0.07315384615384303,25.0,on_track,TO,Norte,20-50 mil,46296.0,0.02476146444727157
1718303,104.77107142857153,0.3532142857142842,15.0,on_track,TO,Norte,<5 mil,4995.0,0.17499346777187125
1718402,111.18833992094824,0.8579051383399219,23.0,on_track,TO,Norte,<5 mil,3216.0,-0.009901828234515807
1718451,121.69052631579189,1.4442105263158322,20.0,on_track,TO,Norte,<5 mil,2323.0,-0.06456593294008747
1718501,101.72788405797098,0.19143478260869154,24.0,on_track,TO,Norte,<5 mil,2318.0,0.053768238182078404
1718550,100.90710144927527,0.12086956521738779,24.0,on_track,TO,Norte,<5 mil,2042.0,0.0017572434399240288
1718659,108.74432523997712,0.6100508187464644,22.0,on_track,TO,Norte,<5 mil,2030.0,-0.013725691912198223
1718709,109.74785507246406,0.5910434782608687,24.0,on_track,TO,Norte,<5 mil,1153.0,-0.007683421325514427
1718758,132.89733124019403,1.8865188383047955,17.0,on_track,TO,Norte,<5 mil,2501.0,0.2762663405053511
1718808,113.94706521739181,1.047934782608722,14.0,on_track,TO,Norte,<5 mil,4437.0,0.13064432851775892
1718840,150.0,3.703386454183273,20.0,on_track,TO,Norte,<5 mil,1788.0,-0.07528568649345863
1718865,115.32272727272766,1.1636363636364357,10.0,on_track,TO,Norte,5-20 mil,5034.0,0.053647935914464796
1718881,112.04664031620541,0.7075098814229354,23.0,on_track,TO,Norte,<5 mil,2108.0,-0.052454902666629784
1718899,99.2799999999998,0.16402597402596836,21.0,on_track,TO,Norte,<5 mil,1038.0,-0.0696495398064507
1718907,135.6969420289861,2.4112173913043207,24.0,on_track,TO,Norte,<5 mil,3138.0,-0.1079449640439631
1719004,105.36284057971045,0.43334782608695727,24.0,on_track,TO,Norte,<5 mil,1875.0,-0.06600738394473807
1720002,101.78476190476155,0.17571428571427136,21.0,on_track,TO,Norte,<5 mil,1630.0,-0.055087108924577764
1720101,117.18402032749782,1.1449463579898267,22.0,on_track,TO,Norte,<5 mil,3216.0,0.016361379852654328
1720150,131.98489722966815,1.9265326184092015,19.0,on_track,TO,Norte,<5 mil,1043.0,-0.07637832508742648
1720200,96.92616541353355,-0.009248120300763196,20.0,at_risk,TO,Norte,<5 mil,3024.0,-0.035132165287690545
1720259,100.45619047618996,0.13155844155841898,21.0,on_track,TO,Norte,<5 mil,1695.0,-0.09000509605711121
1720309,105.0,0.33461538461538737,13.0,on_track,TO,Norte,<5 mil,3754.0,0.3731481207444579
1720499,100.95583003952572,0.13191699604743565,23.0,on_track,TO,Norte,<5 mil,2391.0,0.07345100767226838
1720655,121.0317391304352,1.5534782608695545,24.0,on_track,TO,Norte,<5 mil,4369.0,-0.0696729459531964
1720804,150.0,5.294601889338782,8.0,on_track,TO,Norte,<5 mil,4777.0,0.2775222865849655
1720853,115.97213043478314,1.1812608695652118,24.0,on_track,TO,Norte,<5 mil,1274.0,-0.13156319737789965
1720903,102.93910144927543,0.2078695652173904,24.0,on_track,TO,Norte,5-20 mil,11979.0,0.058798089557343294
1720937,96.9293984962406,-0.07909774436090057,20.0,at_risk,TO,Norte,<5 mil,1748.0,-0.11847032956781653
1720978,104.95339859917243,0.2911572747532643,17.0,on_track,TO,Norte,<5 mil,1506.0,-0.1458197078935645
1721000,107.49846153846136,0.4497692307692326,25.0,on_track,TO,Norte,100-500 mil,304305.0,0.04070838290004861
1721109,109.54210144927583,0.6058695652173886,24.0,on_track,TO,Norte,<5 mil,3373.0,-0.1015466924894006
1721208,98.65169230769222,0.006153846153841904,25.0,at_risk,TO,Norte,5-20 mil,18481.0,0.06852309798987496
1721257,96.13526315789468,-0.11789473684209992,20.0,at_risk,TO,Norte,<5 mil,1153.0,-0.010189276618321896
1721307,109.21373913043499,0.6154782608695569,24.0,on_track,TO,Norte,<5 mil,1414.0,0.02286488944284451
1722081,102.26689723320149,0.16907114624505812,23.0,on_track,TO,Norte,5-20 mil,6297.0,-0.00859223991329703
1722107,120.36996024985956,1.1771379897785763,21.0,on_track,TO,Norte,5-20 mil,9752.0,-0.061743986039476124
2100055,47.08676923076894,-0.41200000000000925,26.0,will_not_meet,MA,Nordeste,50-100 mil,85558.0,-0.14982528484624866
2100105,34.21324110671935,-0.12154150197628705,23.0,will_not_meet,MA,Nordeste,<5 mil,3632.0,0.00511795971510898
2100154,,,2.0,,MA,Nordeste,<5 mil,3316.0,
2100204,112.52518351213985,1.070412196499162,22.0,on_track,MA,Nordeste,5-20 mil,6480.0,-0.0005472800720465571
2100303,0.0,-2.521654135338189,20.0,will_not_meet,MA,Nordeste,5-20 mil,15357.0,-0.014902108841732483
2100402,0.0,-1.97616099071207,18.0,will_not_meet,MA,Nordeste,<5 mil,2352.0,0.1351743902632514
2100436,101.35428571428656,1.0316883116883515,21.0,on_track,MA,Nordeste,20-50 mil,22105.0,0.04229136561181655
2100477,76.4063639490887,-0.46852425180597773,18.0,will_not_meet,MA,Nordeste,5-20 mil,10117.0,0.07610345532125537
2100501,100.08000000000004,0.04259740259740651,21.0,on_track,MA,Nordeste,5-20 mil,7333.0,-0.11840470182159275
2100550,55.420000000000755,0.4900000000000719,4.0,will_not_meet,MA,Nordeste,5-20 mil,5241.0,0.05965018251600034
2100600,27.72947368420779,-0.23192982456153374,19.0,will_not_meet,MA,Nordeste,5-20 mil,16620.0,-0.2613316057486358
2100709,101.14423529411786,0.14141176470589817,6.0,on_track,MA,Nordeste,5-20 mil,7536.0,
2100808,71.2254557963538,-0.9407636738906123,18.0,will_not_meet,MA,Nordeste,5-20 mil,8251.0,0.050082472142060144
2100832,92.36500000000024,-0.3939999999999907,4.0,at_risk,MA,Nordeste,5-20 mil,10769.0,
2100873,0.0,-2.9813209494323907,18.0,will_not_meet,MA,Nordeste,5-20 mil,6032.0,0.005688433493914215
2100907,0.0,-3.526764539808047,22.0,will_not_meet,MA,Nordeste,5-20 mil,13346.0,-0.16156129047515996
2100956,54.48875295974756,-0.31977111286503773,13.0,will_not_meet,MA,Nordeste,5-20 mil,12996.0,0.21302603184164964
2101004,,,1.0,,MA,Nordeste,5-20 mil,17680.0,
2101103,0.0,-4.177518796992176,20.0,will_not_meet,MA,Nordeste,5-20 mil,5044.0,0.026606842775204975
2101202,94.52245488084549,-0.06226443314388344,21.0,at_risk,MA,Nordeste,50-100 mil,81815.0,-0.11418273884819696
2101251,82.94725274725329,-0.7978021978021971,13.0,will_not_meet,MA,Nordeste,<5 mil,3885.0,0.03851990484472683
2101301,25.029323308269454,-0.3039849624060625,20.0,will_not_meet,MA,Nordeste,5-20 mil,9796.0,-0.042896928711118394
2101350,97.0072615923011,-0.03525809273839864,8.0,at_risk,MA,Nordeste,<5 mil,1532.0,0.0
2101400,103.80857988165701,0.4445669714900514,21.0,on_track,MA,Nordeste,50-100 mil,84465.0,-0.18661414937633392
2101509,87.71104231166157,-0.35799793601651514,18.0,will_not_meet,MA,Nordeste,5-20 mil,11025.0,0.04244133625927321
2101608,48.88600410578783,-1.1225455862816727,25.0,will_not_meet,MA,Nordeste,50-100 mil,55430.0,-0.0661338687210727
2101707,49.329022556391465,-1.1235338345863852,20.0,will_not_meet,MA,Nordeste,20-50 mil,25651.0,0.18386363969323316
2101731,0.0,-6.792000000000829,5.0,will_not_meet,MA,Nordeste,<5 mil,3638.0,0.0
2101772,,,1.0,,MA,Nordeste,<5 mil,4728.0,
2101806,59.50746474028301,-1.6738906088751264,18.0,will_not_meet,MA,Nordeste,<5 mil,2902.0,0.04445183184838986
2101905,81.15161290322533,-0.40967741935485835,3.0,will_not_meet,MA,Nordeste,5-20 mil,6916.0,
2101939,61.285414516684796,-1.2288957688338484,18.0,will_not_meet,MA,Nordeste,<5 mil,2365.0,0.09588183958936666
2101970,96.03500000000008,-0.25999999999999085,4.0,at_risk,MA,Nordeste,5-20 mil,6004.0,-0.23424725839302563
2102002,42.48157894736687,-1.4254385964912897,19.0,will_not_meet,MA,Nordeste,5-20 mil,17629.0,-0.023688114411826933
2102036,37.169416873443424,-1.2664392059555556,16.0,will_not_meet,MA,Nordeste,5-20 mil,16563.0,-0.3766647706753398
2102077,,,1.0,,MA,Nordeste,<5 mil,4678.0,
2102101,47.34907730673399,-0.9537655860349091,19.0,will_not_meet,MA,Nordeste,5-20 mil,13650.0,-0.20653537555744228
2102150,,,2.0,,MA,Nordeste,<5 mil,4523.0,0.0
2102200,7.4172180451159875,-2.4908270676689774,20.0,will_not_meet,MA,Nordeste,5-20 mil,8991.0,0.11908488656514628
2102309,76.40529755761986,-0.4674922600619164,18.0,will_not_meet,MA,Nordeste,5-20 mil,17827.0,0.02323356070157332
2102325,0.0,-2.950526315789613,19.0,will_not_meet,MA,Nordeste,20-50 mil,40374.0,0.08242887035899074
2102358,77.50000000000318,-1.002999999999787,6.0,will_not_meet,MA,Nordeste,<5 mil,4338.0,-0.0011283750341897435
2102374,117.89642857142326,1.5107142857139777,7.0,on_track,MA,Nordeste,<5 mil,4234.0,0.0
2102408,55.22026143790861,-0.01960784313724972,18.0,will_not_meet,MA,Nordeste,<5 mil,4128.0,0.02890226747322079
2102507,6.378089887637998,-1.701966292134913,17.0,will_not_meet,MA,Nordeste,<5 mil,4560.0,-0.022248622297132897
2102556,100.94285714285756,0.08571428571431633,6.0,on_track,MA,Nordeste,5-20 mil,11543.0,0.17116225693990045
2102606,23.985242518059977,-0.3738906088751277,18.0,will_not_meet,MA,Nordeste,5-20 mil,13115.0,0.11156572127148469
2102705,8.536541353384564,-2.994812030075024,20.0,will_not_meet,MA,Nordeste,5-20 mil,14092.0,0.07220820262818983
2102754,,,1.0,,MA,Nordeste,5-20 mil,5734.0,
2102804,88.64856846293662,-0.45629270824319584,18.0,will_not_meet,MA,Nordeste,5-20 mil,16367.0,-0.2056433030826943
2102903,14.366165413533963,-0.21924812030073765,20.0,will_not_meet,MA,Nordeste,5-20 mil,17764.0,0.11159605686824059
2103000,91.74153846153865,-0.3047692307692273,25.0,at_risk,MA,Nordeste,100-500 mil,126962.0,-0.029303713628880484
2103109,,,2.0,,MA,Nordeste,<5 mil,2434.0,
2103125,,,1.0,,MA,Nordeste,<5 mil,4528.0,
2103158,,,1.0,,MA,Nordeste,5-20 mil,7325.0,
2103174,,,0.0,,MA,Nordeste,5-20 mil,6585.0,
2103208,48.28270019691513,-0.644063833278615,23.0,will_not_meet,MA,Nordeste,50-100 mil,58185.0,-0.14788917931836765
2103257,85.7026487788097,-0.3337461300309702,18.0,will_not_meet,MA,Nordeste,5-20 mil,6554.0,0.1492397009666901
2103307,92.61509743736158,-0.056627882075814796,18.0,at_risk,MA,Nordeste,50-100 mil,84705.0,-0.043039856003681785
2103406,0.0,-1.667969924811911,20.0,will_not_meet,MA,Nordeste,20-50 mil,41259.0,0.03721366194113035
2103505,51.250988142292954,-0.6019762845849728,22.0,will_not_meet,MA,Nordeste,20-50 mil,27085.0,-0.2854444738161937
2103554,19.53581011352071,-2.445407636738908,18.0,will_not_meet,MA,Nordeste,5-20 mil,7879.0,-0.14118239590468928
2103604,136.17229729729843,2.7720720720721017,12.0,on_track,MA,Nordeste,20-50 mil,45891.0,0.363224809237033
2103703,114.4852603526042,1.5146576465764754,13.0,on_track,MA,Nordeste,20-50 mil,22207.0,-0.12613807999966106
2103752,100.05734434124508,0.2412796697626384,18.0,on_track,MA,Nordeste,5-20 mil,10774.0,0.10249148056146577
2103802,59.178045112781774,-0.8070676691729022,20.0,will_not_meet,MA,Nordeste,5-20 mil,15740.0,-0.21316719733931905
2103901,0.0,-3.091331269349838,18.0,will_not_meet,MA,Nordeste,5-20 mil,5742.0,0.11319823042690379
2104008,96.48761904761912,0.015454545454551421,21.0,at_risk,MA,Nordeste,5-20 mil,9230.0,-0.0072649422848519996
2104057,88.47999999999865,-0.7100000000001037,4.0,will_not_meet,MA,Nordeste,20-50 mil,30592.0,0.9328966629733602
2104073,,,2.0,,MA,Nordeste,<5 mil,2012.0,
2104099,78.4031872509961,-0.8282868525895998,4.0,will_not_meet,MA,Nordeste,5-20 mil,6260.0,-0.07832370601139231
2104107,2.5852631578977707,-1.3878947368419219,20.0,will_not_meet,MA,Nordeste,5-20 mil,7631.0,-0.038195043315388165
2104206,80.02745098039236,-0.6254901960784267,18.0,will_not_meet,MA,Nordeste,5-20 mil,11212.0,-0.5038145411727456
2104305,12.681954887217671,-1.7029323308270106,20.0,will_not_meet,MA,Nordeste,5-20 mil,7652.0,0.07994172774644438
2104404,81.5747850017201,-0.6229102167182733,18.0,will_not_meet,MA,Nordeste,5-20 mil,7979.0,0.013913617320205567
2104503,47.744891640867536,-1.5230134158926836,18.0,will_not_meet,MA,Nordeste,5-20 mil,7102.0,0.01678078626021881
2104552,100.52000000000828,0.40000000000058916,5.0,on_track,MA,Nordeste,5-20 mil,8202.0,0.1394695695128195
2104602,58.367687747035234,-1.0779644268774797,23.0,will_not_meet,MA,Nordeste,<5 mil,4312.0,-0.19994237197193754
2104628,37.83938768489952,-1.2295149638802905,18.0,will_not_meet,MA,Nordeste,5-20 mil,5569.0,0.06929198141759792
2104651,90.46845545235622,0.041279669762634495,18.0,at_risk,MA,Nordeste,<5 mil,3643.0,0.07495176817408737
2104677,139.93412322275253,3.830805687203757,3.0,on_track,MA,Nordeste,5-20 mil,16008.0,
2104701,90.264017887857,-0.36625386996904086,18.0,at_risk,MA,Nordeste,<5 mil,2969.0,0.11918207776743905
2104800,99.62938295788445,-0.007051909892260936,14.0,on_track,MA,Nordeste,20-50 mil,42171.0,-0.0012419124792975968
2104909,59.95988992088178,-1.379463364293092,18.0,will_not_meet,MA,Nordeste,5-20 mil,6843.0,-0.017171401641013138
2105005,6.288132094944103,-1.1713106295149531,18.0,will_not_meet,MA,Nordeste,5-20 mil,11691.0,-0.3175775026516107
2105104,3.6363909774463536,-1.4645864661652483,20.0,will_not_meet,MA,Nordeste,5-20 mil,8524.0,0.24744597691297213
2105153,126.36976744186177,2.1593023255813675,3.0,on_track,MA,Nordeste,5-20 mil,7157.0,
2105203,53.75517715858305,0.14767801857587104,18.0,will_not_meet,MA,Nordeste,5-20 mil,6913.0,0.07773574810087903
2105302,88.14075213675187,-0.30116239316240684,26.0,will_not_meet,MA,Nordeste,100-500 mil,246369.0,-0.25948014444236894
2105351,,,2.0,,MA,Nordeste,<5 mil,4855.0,
2105401,102.9929983060415,0.4750423489553865,22.0,on_track,MA,Nordeste,20-50 mil,38644.0,-0.1310936983368923
2105427,131.2609050445094,2.003709198812951,12.0,on_track,MA,Nordeste,5-20 mil,18542.0,-0.24389585490160484
2105450,22.580736154111037,-2.6394220846233276,18.0,will_not_meet,MA,Nordeste,<5 mil,4590.0,0.053331819988500055
2105476,100.17142857142875,0.028571428571437272,4.0,on_track,MA,Nordeste,<5 mil,2647.0,
2105500,86.20952872377018,-0.40061919504644283,18.0,will_not_meet,MA,Nordeste,5-20 mil,17816.0,0.04347135646708452
2105609,0.0,-3.674922600619197,18.0,will_not_meet,MA,Nordeste,5-20 mil,6267.0,0.09321527696311777
2105658,0.0,-3.0500000000001406,3.0,will_not_meet,MA,Nordeste,<5 mil,3039.0,0.0
2105708,4.9268415650299175,-0.6667703175944025,25.0,will_not_meet,MA,Nordeste,20-50 mil,33225.0,-0.08637248673887614
2105807,88.52927416580661,-0.021878224974204018,18.0,will_not_meet,MA,Nordeste,<5 mil,3975.0,0.07683939432866839
2105906,65.32190476190522,0.8670129870130139,21.0,will_not_meet,MA,Nordeste,5-20 mil,5366.0,0.08261582145106722
2105922,99.94883449883447,-0.0024475524475499424,12.0,on_track,MA,Nordeste,<5 mil,4594.0,0.0
2105948,115.54230769230026,1.7269230769225905,3.0,on_track,MA,Nordeste,5-20 mil,5510.0,
2105963,,,0.0,,MA,Nordeste,,,
2105989,51.97999999999979,-0.3800000000000219,4.0,will_not_meet,MA,Nordeste,<5 mil,3458.0,-0.0249402370968159
2106003,99.188166494668,0.02435500515995605,18.0,on_track,MA,Nordeste,5-20 mil,7102.0,-0.06100303657567719
2106102,79.53323308270751,-0.7698496240600966,20.0,will_not_meet,MA,Nordeste,5-20 mil,6852.0,-0.05181770699156554
2106201,29.9551427588583,-0.7813209494324036,18.0,will_not_meet,MA,Nordeste,5-20 mil,5931.0,0.16545569078278696
2106300,47.00350877193,-0.8087719298245687,18.0,will_not_meet,MA,Nordeste,5-20 mil,10309.0,0.02065190324339376
2106326,98.49210526315787,-0.0710526315789461,3.0,at_risk,MA,Nordeste,5-20 mil,17680.0,0.22683382334035757
2106359,0.0,-8.680000000001245,5.0,will_not_meet,MA,Nordeste,<5 mil,1116.0,0.0
2106375,0.0,-3.6173374613002998,18.0,will_not_meet,MA,Nordeste,5-20 mil,10744.0,-0.22031500225859202
2106409,34.10939112487176,-2.5166150670794543,18.0,will_not_meet,MA,Nordeste,5-20 mil,8060.0,0.1936296627270426
2106508,0.0,-1.726006191950462,18.0,will_not_meet,MA,Nordeste,5-20 mil,9575.0,0.08567672884697718
2106607,,,1.0,,MA,Nordeste,5-20 mil,12120.0,
2106631,43.115789473684345,-1.6894736842105276,18.0,will_not_meet,MA,Nordeste,5-20 mil,5874.0,0.1878865921418529
2106706,0.0,-3.73774436090206,20.0,will_not_meet,MA,Nordeste,5-20 mil,9645.0,0.11811998833896133
2106755,0.0,-4.940454076367397,18.0,will_not_meet,MA,Nordeste,20-50 mil,23270.0,0.02935246735072429
2106805,39.91197497765938,0.7770688114388395,19.0,will_not_meet,MA,Nordeste,5-20 mil,9565.0,0.2731495141062525
2106904,6.193684210524225,-2.4291228070176407,19.0,will_not_meet,MA,Nordeste,5-20 mil,12556.0,-0.22963624273467498
2107001,103.05607155142775,0.5349845201238367,18.0,on_track,MA,Nordeste,<5 mil,4936.0,0.01608001486967383
2107100,0.0,-3.3616099071207386,18.0,will_not_meet,MA,Nordeste,5-20 mil,7447.0,0.13526580802252358
2107209,85.5513931888546,-0.20887512899896568,18.0,will_not_meet,MA,Nordeste,5-20 mil,5280.0,0.00026350506368141505
2107258,99.29816168790471,-0.02249843325673649,12.0,on_track,MA,Nordeste,<5 mil,2474.0,8.207905409315571e-05
2107308,11.150189198487169,-3.0238390092879275,18.0,will_not_meet,MA,Nordeste,<5 mil,2934.0,0.043523612742817526
2107357,0.0,-10.544578313253483,4.0,will_not_meet,MA,Nordeste,5-20 mil,13160.0,0.12731346354816836
2107407,0.0,-1.5705194805194722,21.0,will_not_meet,MA,Nordeste,5-20 mil,10115.0,-0.211506614212242
2107506,37.64458588957086,-1.3610582822085802,17.0,will_not_meet,MA,Nordeste,50-100 mil,93913.0,0.20353069247856767
2107605,97.71847265221881,-0.02755417956656285,18.0,at_risk,MA,Nordeste,<5 mil,3657.0,0.04171441759924273
2107704,15.229480564155892,-3.147884416924652,18.0,will_not_meet,MA,Nordeste,5-20 mil,16896.0,0.048916737300203336
2107803,96.91528925619815,-0.1243801652892698,5.0,at_risk,MA,Nordeste,5-20 mil,13734.0,-0.18190248699879624
2107902,,,0.0,,MA,Nordeste,,,
2108009,96.69591554171001,0.018016614745589125,18.0,at_risk,MA,Nordeste,5-20 mil,13415.0,-0.01859189368265341
2108058,0.0,-1.9548872180448091,20.0,will_not_meet,MA,Nordeste,5-20 mil,5223.0,0.1293171424610823
2108108,0.0,-2.5042311661506758,18.0,will_not_meet,MA,Nordeste,5-20 mil,11371.0,0.0948844473379973
2108207,93.37809523809506,-0.22220779220779494,21.0,at_risk,MA,Nordeste,20-50 mil,32691.0,0.0008966020318956384
2108256,,,2.0,,MA,Nordeste,5-20 mil,6623.0,
2108306,4.9822497420022955,-1.330134158926726,18.0,will_not_meet,MA,Nordeste,5-20 mil,18879.0,0.015344838606588187
2108405,20.302751977984826,-1.513415892672856,18.0,will_not_meet,MA,Nordeste,<5 mil,3819.0,0.06531179235763405
2108454,46.13619047619022,-1.71025974025977,21.0,will_not_meet,MA,Nordeste,5-20 mil,8604.0,0.09788933261529081
2108504,9.178637770898604,-2.541692466460257,18.0,will_not_meet,MA,Nordeste,20-50 mil,23881.0,0.02894047993905415
2108603,32.33811965811901,-0.792478632478663,26.0,will_not_meet,MA,Nordeste,50-100 mil,50054.0,-0.10587943738691409
2108702,82.42761904761915,-0.40025974025973693,21.0,will_not_meet,MA,Nordeste,5-20 mil,12039.0,-0.006427665268037986
2108801,32.246405228758704,-2.080392156862745,18.0,will_not_meet,MA,Nordeste,5-20 mil,12065.0,0.07583065433324111
2108900,105.48095238095266,1.8090909090909366,21.0,on_track,MA,Nordeste,5-20 mil,7363.0,-0.2692701232611197
2109007,91.56740924092423,-0.12714521452144995,9.0,at_risk,MA,Nordeste,5-20 mil,18873.0,-0.04488187982680893
2109056,116.72070863433055,1.3573787409700886,18.0,on_track,MA,Nordeste,<5 mil,2373.0,-0.07368686049847899
2109106,46.61992481203197,-1.8848872180449774,20.0,will_not_meet,MA,Nordeste,20-50 mil,34527.0,-0.17893989907765998
2109205,0.0,-2.9795665634674853,18.0,will_not_meet,MA,Nordeste,<5 mil,4619.0,0.08005890239422894
2109239,50.18571428572409,-0.9142857142851223,5.0,will_not_meet,MA,Nordeste,<5 mil,4363.0,-0.00037232377789830895
2109270,,,1.0,,MA,Nordeste,<5 mil,4801.0,
2109304,15.944788441693163,-2.3766769865841297,18.0,will_not_meet,MA,Nordeste,<5 mil,4842.0,-0.2299767822010165
2109403,95.2161654135316,2.160751879699124,20.0,at_risk,MA,Nordeste,<5 mil,4778.0,-0.40790137726819337
2109452,108.08846153846116,2.639663461538437,5.0,on_track,MA,Nordeste,5-20 mil,19215.0,0.08908435896613216
2109502,99.88761904761905,0.006363636363637516,21.0,on_track,MA,Nordeste,5-20 mil,10245.0,-0.06365842027216718
2109551,49.399999999996,-2.4900000000003173,4.0,will_not_meet,MA,Nordeste,<5 mil,3864.0,-0.013331362082584513
2109601,62.67803571428152,-0.09044642857164545,15.0,will_not_meet,MA,Nordeste,20-50 mil,25406.0,0.14591242867388557
2109700,65.13667010663994,-0.6537667698658212,18.0,will_not_meet,MA,Nordeste,<5 mil,2939.0,-0.27257318847043943
2109759,39.6785345717235,-1.6286893704850403,18.0,will_not_meet,MA,Nordeste,<5 mil,2558.0,-0.08611750401500594
2109809,0.0,-0.2727937915742752,19.0,will_not_meet,MA,Nordeste,20-50 mil,21440.0,-0.27196484348599753
2109908,31.289025641025546,-1.5985641025641266,26.0,will_not_meet,MA,Nordeste,50-100 mil,85174.0,-0.13594675947631216
2110005,113.08684210526235,1.1166666666666185,19.0,on_track,MA,Nordeste,20-50 mil,25462.0,0.061484208525467064
2110039,41.05125313282963,-0.47305764411039536,18.0,will_not_meet,MA,Nordeste,5-20 mil,14172.0,-0.18562026853936836
2110104,99.78917293233212,1.0462406015037595,20.0,on_track,MA,Nordeste,5-20 mil,12539.0,-0.0263511744314977
2110203,8.537888198759902,-2.6835686053077237,22.0,will_not_meet,MA,Nordeste,5-20 mil,17849.0,-0.29835022263247374
2110237,,,1.0,,MA,Nordeste,<5 mil,2165.0,
2110302,87.86476190476174,-0.41545454545454974,21.0,will_not_meet,MA,Nordeste,5-20 mil,5823.0,-0.026801182424717244
2110401,16.942930856554995,-2.009287925696592,18.0,will_not_meet,MA,Nordeste,5-20 mil,11651.0,0.08605400779500473
2110500,83.92280341880337,0.30140170940170435,26.0,will_not_meet,MA,Nordeste,20-50 mil,26539.0,-0.11120129059492097
2110609,24.166315789474083,-1.6294736842104438,20.0,will_not_meet,MA,Nordeste,5-20 mil,12847.0,-0.19402057956440816
2110658,0.0,-2.7373581011351846,18.0,will_not_meet,MA,Nordeste,5-20 mil,5291.0,-0.022029946339147295
2110708,53.281052631575676,-1.2470175438598046,19.0,will_not_meet,MA,Nordeste,5-20 mil,17717.0,0.09041170747075802
2110807,6.990058479532763,-1.7140350877192718,18.0,will_not_meet,MA,Nordeste,<5 mil,1572.0,-7.050333354223583e-06
2110856,31.407911936706114,-2.030237358101143,18.0,will_not_meet,MA,Nordeste,5-20 mil,5694.0,0.09497490993147273
2110906,81.61631578947322,-0.6082456140351116,19.0,will_not_meet,MA,Nordeste,<5 mil,4131.0,-0.012571565984290345
2111003,21.89570003440008,-0.5248710010319899,18.0,will_not_meet,MA,Nordeste,5-20 mil,5563.0,-0.05312076147556117
2111029,,,0.0,,MA,Nordeste,<5 mil,3310.0,
2111052,37.36441893830579,-2.2318507890962267,15.0,will_not_meet,MA,Nordeste,5-20 mil,5461.0,0.02556078345426363
2111078,100.13717948717937,0.023076923076918363,12.0,on_track,MA,Nordeste,5-20 mil,7227.0,0.03571713386318785
2111102,91.25572922399476,-0.36444138690151917,21.0,at_risk,MA,Nordeste,20-50 mil,21503.0,-0.06220191156863537
2111201,104.26248862602415,0.9275401880497325,20.0,on_track,MA,Nordeste,20-50 mil,41710.0,-0.01760489866301391
2111250,85.77471620227033,-0.08090815273478208,18.0,will_not_meet,MA,Nordeste,<5 mil,3063.0,-0.004874239983805056
2111300,89.84745299145317,-0.07011965811965071,26.0,at_risk,MA,Nordeste,500 mil+,1054007.0,-0.35779804994611514
2111409,61.45765393876968,-0.564396284829678,18.0,will_not_meet,MA,Nordeste,5-20 mil,7288.0,-0.24649188249124057
2111508,13.939047619048324,-1.4874025974025726,21.0,will_not_meet,MA,Nordeste,20-50 mil,30663.0,0.020912717550446366
2111532,107.17843137255068,1.4789215686275539,17.0,on_track,MA,Nordeste,5-20 mil,11381.0,-0.10950712216590311
2111573,,,1.0,,MA,Nordeste,<5 mil,2580.0,
2111607,77.4591191417278,-0.6779785431959465,22.0,will_not_meet,MA,Nordeste,5-20 mil,13692.0,-0.21830089518413812
2111631,,,1.0,,MA,Nordeste,<5 mil,1444.0,
2111672,,,2.0,,MA,Nordeste,<5 mil,3274.0,
2111706,41.520502235982576,-0.583281733746125,18.0,will_not_meet,MA,Nordeste,5-20 mil,5845.0,-0.05042084241207634
2111722,0.0,-3.9877192982456093,18.0,will_not_meet,MA,Nordeste,<5 mil,4326.0,0.08566902626977596
2111748,92.9304761904757,0.03428571428568162,6.0,at_risk,MA,Nordeste,5-20 mil,6782.0,
2111763,100.56578947368433,0.14122807017544536,19.0,on_track,MA,Nordeste,5-20 mil,6789.0,0.06996942888542625
2111789,108.2129032258074,0.7967741935484521,3.0,on_track,MA,Nordeste,<5 mil,3979.0,0.018907711445440196
2111805,,,2.0,,MA,Nordeste,5-20 mil,5441.0,
2111904,52.60024079807454,-1.4303405572755163,18.0,will_not_meet,MA,Nordeste,5-20 mil,5033.0,-0.1955190684247222
2111953,98.70458646616612,0.018120300751912236,20.0,at_risk,MA,Nordeste,<5 mil,3531.0,0.016927873880157325
2112001,98.65809523809526,-0.006883116883114487,21.0,at_risk,MA,Nordeste,5-20 mil,5152.0,-0.027798604404692045
2112100,91.97523809523815,-0.0009090909090856163,21.0,at_risk,MA,Nordeste,5-20 mil,18247.0,-0.0036023278656053736
2112209,103.94202449232671,0.26398232832118873,23.0,on_track,MA,Nordeste,100-500 mil,148917.0,-0.08182760357741543
2112233,100.11047619047645,0.16779220779222365,21.0,on_track,MA,Nordeste,5-20 mil,18960.0,-0.0004776691867006021
2112274,70.29375629406013,0.858408862034291,11.0,will_not_meet,MA,Nordeste,<5 mil,2865.0,-0.049877444900766676
2112308,73.01069617196094,-0.5566266151430362,25.0,will_not_meet,MA,Nordeste,5-20 mil,19327.0,0.03731335506475905
2112407,106.17862068965724,1.321839080459941,5.0,on_track,MA,Nordeste,5-20 mil,11503.0,0.0
2112456,,,2.0,,MA,Nordeste,5-20 mil,11833.0,
2112506,0.0,-2.409619834710719,21.0,will_not_meet,MA,Nordeste,20-50 mil,21206.0,0.0548374178107702
2112605,0.0,-1.6168421052632993,19.0,will_not_meet,MA,Nordeste,20-50 mil,23891.0,0.06555618613956175
2112704,0.0,-3.573759398495939,20.0,will_not_meet,MA,Nordeste,20-50 mil,31224.0,-0.0007883505112660774
2112803,65.5287710293702,-0.4289136013686612,12.0,will_not_meet,MA,Nordeste,20-50 mil,27720.0,-0.28795543685251535
2112852,114.12142857142862,1.2214285714285544,4.0,on_track,MA,Nordeste,5-20 mil,7585.0,
2112902,139.56463708290266,2.7223942208462426,18.0,on_track,MA,Nordeste,5-20 mil,15636.0,0.34762650991901295
2113009,0.0,-2.2514963880288796,18.0,will_not_meet,MA,Nordeste,5-20 mil,16105.0,-0.04018114589699631
2114007,26.094210526312963,-1.3391228070176768,19.0,will_not_meet,MA,Nordeste,20-50 mil,32105.0,0.08534173867595185
2200053,110.40911764705925,0.8876470588235807,16.0,on_track,PI,Nordeste,<5 mil,950.0,-0.07026702747959639
2200103,101.44646153846156,0.3407692307692338,25.0,on_track,PI,Nordeste,<5 mil,3620.0,-0.15596017138554352
2200202,115.3164661654123,1.260300751879603,20.0,on_track,PI,Nordeste,5-20 mil,15488.0,-0.011255926748224199
2200251,91.57132352941181,-0.22647058823529423,16.0,at_risk,PI,Nordeste,<5 mil,2792.0,-0.044875406192879254
2200277,96.3378616352201,-0.12264150943395691,15.0,at_risk,PI,Nordeste,<5 mil,2709.0,0.0
2200301,53.57999999999856,-0.5879220779221471,21.0,will_not_meet,PI,Nordeste,5-20 mil,7071.0,-0.09717983058552077
2200400,104.23584451324314,1.6835913312693465,18.0,on_track,PI,Nordeste,20-50 mil,28699.0,-0.10257184345286
2200459,115.53999999999996,1.0700000000000347,16.0,on_track,PI,Nordeste,<5 mil,2002.0,-0.02558723664407985
2200509,96.89750000000026,0.06750000000001398,16.0,at_risk,PI,Nordeste,5-20 mil,9015.0,-0.03293272803633104
2200608,120.98867647058796,1.8189705882353235,16.0,on_track,PI,Nordeste,5-20 mil,5298.0,-0.09040528766970692
2200707,86.71294117647074,-0.31632352941176356,16.0,will_not_meet,PI,Nordeste,<5 mil,4946.0,-0.07526904836773396
2200806,100.9580882352945,0.22573529411766688,16.0,on_track,PI,Nordeste,<5 mil,2324.0,-0.07393688092607727
2200905,104.79030075188041,0.5295488721804529,20.0,on_track,PI,Nordeste,<5 mil,3454.0,-0.06430396693864404
2200954,,,0.0,,PI,Nordeste,,,
2201002,110.51058823529365,2.1207352941177082,16.0,on_track,PI,Nordeste,<5 mil,2446.0,-0.06834963863141412
2201051,0.0,-5.708723135270994,8.0,will_not_meet,PI,Nordeste,<5 mil,3547.0,-0.09035747910707186
2201101,96.1908823529413,-0.06264705882352428,16.0,at_risk,PI,Nordeste,5-20 mil,6892.0,0.046901361948547125
2201150,78.85127819548939,-0.5669172932330285,20.0,will_not_meet,PI,Nordeste,5-20 mil,7249.0,-0.005289733574203499
2201200,91.08399999999972,0.3149999999999918,25.0,at_risk,PI,Nordeste,20-50 mil,23334.0,-0.2466598829605284
2201309,100.88058823529394,0.2557352941176426,16.0,on_track,PI,Nordeste,<5 mil,1946.0,-0.012941136394652194
2201408,95.88105263157854,-0.011578947368439698,20.0,at_risk,PI,Nordeste,5-20 mil,5090.0,-0.03319249215414007
2201507,105.69602941176436,0.5344117647058682,16.0,on_track,PI,Nordeste,5-20 mil,10046.0,-0.06376166471332775
2201556,100.00000000000003,1.641925703030672e-16,7.0,on_track,PI,Nordeste,<5 mil,1331.0,0.0
2201572,93.67622377622337,-0.2199300699300766,12.0,at_risk,PI,Nordeste,<5 mil,1761.0,0.14965478522057635
2201606,96.49007518796938,0.12488721804508257,20.0,at_risk,PI,Nordeste,5-20 mil,6620.0,-0.0766146725688288
2201705,95.52939849624039,-0.059097744360908804,20.0,at_risk,PI,Nordeste,<5 mil,4035.0,-0.05163524908994119
2201770,101.24909090909097,0.2018181818181892,11.0,on_track,PI,Nordeste,<5 mil,1658.0,0.2199217611907313
2201804,95.92601503759379,-0.04902255639098674,20.0,at_risk,PI,Nordeste,<5 mil,1802.0,-0.11510872349125835
2201903,97.73258046301521,0.22185206098249952,22.0,at_risk,PI,Nordeste,5-20 mil,19924.0,-0.20137987644868335
2201919,,,1.0,,PI,Nordeste,<5 mil,1762.0,
2201929,97.5969730630386,1.2189947236879204,14.0,at_risk,PI,Nordeste,<5 mil,1728.0,-0.04302926050218407
2201945,97.9500000000005,-0.14999999999995928,3.0,at_risk,PI,Nordeste,<5 mil,2774.0,
2201960,97.86073529411775,0.10279411764706496,16.0,at_risk,PI,Nordeste,<5 mil,3657.0,-0.19383850762884666
2201988,89.82014705882392,-0.15794117647057082,16.0,at_risk,PI,Nordeste,<5 mil,1416.0,-0.022243557830625288
2202000,97.515985507246,0.4333043478260745,24.0,at_risk,PI,Nordeste,5-20 mil,10703.0,-0.19924425058896703
2202026,84.06783625731009,-0.6140350877192943,18.0,will_not_meet,PI,Nordeste,<5 mil,2515.0,0.04100762038688421
2202059,100.97382352941213,0.2935294117647304,16.0,on_track,PI,Nordeste,<5 mil,1781.0,-0.08853924839423358
2202075,133.39555822329112,2.542376950780379,6.0,on_track,PI,Nordeste,<5 mil,1193.0,-0.003296404216718894
2202083,0.0,-3.78095238095193,8.0,will_not_meet,PI,Nordeste,<5 mil,2779.0,0.904715857943819
2202091,,,2.0,,PI,Nordeste,<5 mil,1662.0,
2202109,93.72421052631574,-0.18105263157894796,19.0,at_risk,PI,Nordeste,<5 mil,1881.0,-0.06857373921273396
2202133,150.0,3.9186379928318122,10.0,on_track,PI,Nordeste,<5 mil,1680.0,0.13871270218005852
2202174,,,1.0,,PI,Nordeste,<5 mil,1475.0,
2202208,104.35235015092644,0.25187580853814506,15.0,on_track,PI,Nordeste,20-50 mil,34837.0,0.020776358193323317
2202251,96.2047368421053,-0.03210526315789334,19.0,at_risk,PI,Nordeste,<5 mil,1746.0,-0.09896999854260229
2202307,96.44398496240589,-0.060977443609027036,20.0,at_risk,PI,Nordeste,5-20 mil,11856.0,-0.0950524641922397
2202406,83.56571428571351,0.6055844155843891,21.0,will_not_meet,PI,Nordeste,5-20 mil,6647.0,-0.12290171183622695
2202455,,,2.0,,PI,Nordeste,<5 mil,1233.0,
2202505,68.15102941176471,0.12441176470588397,16.0,will_not_meet,PI,Nordeste,<5 mil,4342.0,0.0065961531236103065
2202539,107.08181818181822,0.5272727272727347,11.0,on_track,PI,Nordeste,<5 mil,1040.0,
2202554,118.32412587412819,1.8356643356643938,12.0,on_track,PI,Nordeste,<5 mil,1669.0,-0.08107844217625773
2202604,110.64285714285643,0.8564935064934823,21.0,on_track,PI,Nordeste,5-20 mil,12343.0,-0.0601355634740638
2202653,104.68781249999756,1.0828124999998598,5.0,on_track,PI,Nordeste,<5 mil,1050.0,
2202703,92.89999999999827,1.6105263157894047,19.0,at_risk,PI,Nordeste,5-20 mil,12881.0,-0.09002563424665219
2202711,101.97005813953467,0.1682594476743969,15.0,on_track,PI,Nordeste,<5 mil,2893.0,-0.10191826974627939
2202729,130.26666666666915,2.7000000000001463,3.0,on_track,PI,Nordeste,<5 mil,1976.0,
2202737,98.29425858951171,-0.06498643761302247,15.0,at_risk,PI,Nordeste,<5 mil,1245.0,0.0
2202752,18.886842105262076,-1.7952631578947404,20.0,will_not_meet,PI,Nordeste,5-20 mil,5259.0,-0.1385217800057219
2202778,105.38323529411787,0.4827941176470692,16.0,on_track,PI,Nordeste,<5 mil,2727.0,-0.03435579246458023
2202802,95.78878568971444,-0.05366357069143721,18.0,at_risk,PI,Nordeste,<5 mil,2540.0,-0.02735902765155434
2202851,102.22573529411795,0.34779411764708285,16.0,on_track,PI,Nordeste,<5 mil,1539.0,-0.08085114066771747
2202901,103.90135516657233,0.4024844720496926,22.0,on_track,PI,Nordeste,5-20 mil,16535.0,-0.16280857217439093
2203008,0.0,-4.294117647058878,16.0,will_not_meet,PI,Nordeste,<5 mil,3140.0,0.02078728056861739
2203107,104.35857142857151,0.46714285714283893,20.0,on_track,PI,Nordeste,5-20 mil,7613.0,-0.07252518079803114
2203206,92.85413533834577,-0.20120300751879136,20.0,at_risk,PI,Nordeste,5-20 mil,7545.0,-0.09649712411867059
2203230,,,1.0,,PI,Nordeste,<5 mil,979.0,
2203271,9.479953379955987,-3.9020979020975104,12.0,will_not_meet,PI,Nordeste,<5 mil,1527.0,0.02983741068710039
2203305,100.23132352941161,0.25352941176470173,16.0,on_track,PI,Nordeste,5-20 mil,11351.0,-0.05608945654610836
2203354,89.49312005503975,-0.2997936016511851,18.0,at_risk,PI,Nordeste,<5 mil,2501.0,-0.13109807869171194
2203404,102.79509803921576,0.28063725490196917,17.0,on_track,PI,Nordeste,<5 mil,3774.0,-0.08510150476277044
2203420,26.263235294117294,-3.1147058823529883,16.0,will_not_meet,PI,Nordeste,<5 mil,978.0,0.00041363790317676185
2203453,,,1.0,,PI,Nordeste,<5 mil,2047.0,
2203503,99.09970588235306,0.11088235294118168,16.0,on_track,PI,Nordeste,5-20 mil,10151.0,-0.07820128397455274
2203602,108.78161764705897,0.6801470588235582,16.0,on_track,PI,Nordeste,<5 mil,4049.0,-0.020477038024209034
2203701,98.24052631578928,0.08087719298245012,19.0,at_risk,PI,Nordeste,20-50 mil,24498.0,-0.06259446205317855
2203750,21.28612565445019,-3.3808900523560967,6.0,will_not_meet,PI,Nordeste,<5 mil,1403.0,-0.2836138439928053
2203800,98.38867647058862,0.13147058823531232,16.0,at_risk,PI,Nordeste,<5 mil,2030.0,-0.049090679936633505
2203859,,,1.0,,PI,Nordeste,<5 mil,888.0,
2203909,95.39046153846147,0.07776923076922787,25.0,at_risk,PI,Nordeste,50-100 mil,52067.0,-0.2642926941822537
2204006,94.84544117647067,-0.11882352941176157,16.0,at_risk,PI,Nordeste,<5 mil,3344.0,0.005514595655450746
2204105,95.03735294117664,-0.08205882352940719,16.0,at_risk,PI,Nordeste,<5 mil,2069.0,-0.030912971946379496
2204154,99.83027522935768,0.0073394495412788165,8.0,on_track,PI,Nordeste,<5 mil,1295.0,0.0
2204204,107.5688235294117,0.5785294117647071,16.0,on_track,PI,Nordeste,<5 mil,4364.0,-0.06379017015855576
2204303,96.59901960784327,-0.020343137254893597,17.0,at_risk,PI,Nordeste,5-20 mil,7664.0,-0.130045803212689
2204352,99.99999999999993,-5.171934240635505e-15,5.0,on_track,PI,Nordeste,<5 mil,1216.0,
2204402,61.91796992481249,0.028045112781975107,20.0,will_not_meet,PI,Nordeste,5-20 mil,6161.0,-0.054815052762720896
2204501,92.74263157894737,0.06192982456140432,19.0,at_risk,PI,Nordeste,5-20 mil,10061.0,0.006058932593382163
2204550,74.90784313725476,-0.9034313725490507,17.0,will_not_meet,PI,Nordeste,<5 mil,1325.0,0.01878406083438407
2204600,102.99941176470566,0.3217647058823421,16.0,on_track,PI,Nordeste,<5 mil,3188.0,-0.07415740289689865
2204659,94.84632352941195,-0.03897058823528538,16.0,at_risk,PI,Nordeste,5-20 mil,7924.0,-0.013637624927308585
2204709,102.25609022556324,0.28586466165409213,20.0,on_track,PI,Nordeste,5-20 mil,7517.0,-0.1343043845693637
2204808,84.43588235294146,-0.29014705882351527,16.0,will_not_meet,PI,Nordeste,5-20 mil,6076.0,-0.03600444847805255
2204907,92.50490196078425,-0.21004901960785158,17.0,at_risk,PI,Nordeste,<5 mil,1947.0,0.005251198416444571
2205003,98.41176470588258,0.11176470588236526,17.0,at_risk,PI,Nordeste,<5 mil,2635.0,-0.06182853363408208
2205102,99.01999999999998,0.15600000000000086,25.0,on_track,PI,Nordeste,5-20 mil,6149.0,-0.17780132444203167
2205151,105.67421052631607,0.6145614035087819,19.0,on_track,PI,Nordeste,<5 mil,1023.0,-0.12366683186086756
2205201,86.30676691729332,-0.42015037593982707,20.0,will_not_meet,PI,Nordeste,5-20 mil,9073.0,-0.1271982771452094
2205250,97.07205882352937,0.07132352941176326,16.0,at_risk,PI,Nordeste,<5 mil,1241.0,0.006078255702557179
2205276,,,2.0,,PI,Nordeste,<5 mil,932.0,
2205300,106.36308823529407,0.5657352941176363,16.0,on_track,PI,Nordeste,<5 mil,2499.0,-0.0022644605846481015
2205359,100.0,-5.408682759582809e-16,9.0,on_track,PI,Nordeste,<5 mil,711.0,0.0
2205409,108.78276923076942,0.6366153846153899,25.0,on_track,PI,Nordeste,<5 mil,4434.0,-0.1471252209943586
2205458,,,0.0,,PI,Nordeste,,,
2205508,111.64195488721862,0.9870676691729066,20.0,on_track,PI,Nordeste,20-50 mil,22983.0,-0.11651256453501316
2205516,118.24761904761772,1.3311688311687677,21.0,on_track,PI,Nordeste,<5 mil,1707.0,-0.049511596596226795
2205524,109.13117647058812,0.8964705882353227,16.0,on_track,PI,Nordeste,<5 mil,1702.0,0.003557302884185966
2205532,98.60980392156895,0.1504901960784512,17.0,at_risk,PI,Nordeste,<5 mil,918.0,-0.39772940833853987
2205540,103.4633333333341,0.26833333333335657,9.0,on_track,PI,Nordeste,<5 mil,1695.0,0.0
2205557,111.88882352941255,1.076029411764738,16.0,on_track,PI,Nordeste,<5 mil,3271.0,-0.05310418331114454
2205565,,,2.0,,PI,Nordeste,<5 mil,1024.0,0.0
2205573,,,2.0,,PI,Nordeste,<5 mil,2214.0,
2205581,99.39590163934403,-0.020081967213126925,7.0,on_track,PI,Nordeste,<5 mil,1769.0,0.0
2205599,105.42499999999961,0.41999999999997856,4.0,on_track,PI,Nordeste,<5 mil,1854.0,
2205607,106.58402032749837,0.6085827216262061,22.0,on_track,PI,Nordeste,<5 mil,3950.0,-0.1743449331236386
2205706,105.07842105263217,0.49421052631582235,19.0,on_track,PI,Nordeste,5-20 mil,13603.0,-0.11402453615347559
2205805,107.55861713106265,0.6475748194014431,18.0,on_track,PI,Nordeste,5-20 mil,13697.0,-0.059665195580037994
2205854,,,1.0,,PI,Nordeste,<5 mil,3590.0,
2205904,97.35941176470611,0.10176470588236265,16.0,at_risk,PI,Nordeste,<5 mil,3403.0,-0.030668565742921417
2205953,,,1.0,,PI,Nordeste,5-20 mil,7335.0,
2206001,108.69823529411724,0.7652941176470562,16.0,on_track,PI,Nordeste,<5 mil,3923.0,-0.015749989651207878
2206050,,,0.0,,PI,Nordeste,<5 mil,731.0,
2206100,106.37117647058835,0.6289705882352968,16.0,on_track,PI,Nordeste,5-20 mil,5028.0,-0.10358688707422492
2206209,127.91826625386875,2.0984520123838992,18.0,on_track,PI,Nordeste,5-20 mil,11246.0,-0.022936701719304137
2206308,150.0,2.8405882352939535,9.0,on_track,PI,Nordeste,<5 mil,850.0,-0.42774720446321
2206357,58.0909706546272,-1.885026335590643,10.0,will_not_meet,PI,Nordeste,<5 mil,1659.0,0.0
2206407,98.46044117647087,0.10117647058824936,16.0,at_risk,PI,Nordeste,5-20 mil,5427.0,-0.024542154445010872
2206506,105.51633986928096,0.5411764705882324,18.0,on_track,PI,Nordeste,<5 mil,3671.0,-0.12851777102685857
2206605,95.8673529411767,-0.017058823529401478,16.0,at_risk,PI,Nordeste,<5 mil,3060.0,-0.014879729998478102
2206654,,,2.0,,PI,Nordeste,<5 mil,1563.0,
2206670,106.66398601398703,0.47937062937067637,12.0,on_track,PI,Nordeste,<5 mil,2413.0,-0.0361281681446096
2206696,98.1511904761906,0.21357142857142514,15.0,at_risk,PI,Nordeste,<5 mil,1847.0,-0.049088279715944066
2206704,98.97720588235262,0.2308823529411673,16.0,at_risk,PI,Nordeste,<5 mil,3496.0,0.011338940817714284
2206720,96.02967032967024,-0.029120879120885186,13.0,at_risk,PI,Nordeste,<5 mil,1767.0,-0.16861330660653862
2206753,102.07388535031833,0.20286624203820453,5.0,on_track,PI,Nordeste,<5 mil,1469.0,0.0
2206803,101.79176470588118,2.104705882352971,16.0,on_track,PI,Nordeste,<5 mil,3938.0,-0.027261527994332343
2206902,76.58661764705971,-0.7673529411764295,16.0,will_not_meet,PI,Nordeste,<5 mil,3305.0,-0.06916510964307362
2206951,100.80000000000027,0.05000000000001358,4.0,on_track,PI,Nordeste,<5 mil,823.0,
2207009,107.29766917293159,0.7584962406014402,20.0,on_track,PI,Nordeste,20-50 mil,22922.0,-0.27746036836740795
2207108,,,1.0,,PI,Nordeste,<5 mil,1004.0,
2207207,104.63044117647098,0.42367647058825736,16.0,on_track,PI,Nordeste,<5 mil,2430.0,-0.11083415068646715
2207306,91.02735294117747,0.7379411764706385,16.0,at_risk,PI,Nordeste,<5 mil,2414.0,0.030747703316365994
2207355,118.38507462687039,1.6805970149257665,5.0,on_track,PI,Nordeste,<5 mil,1448.0,0.03873306031799861
2207405,81.70867647058901,-0.2710294117646686,16.0,will_not_meet,PI,Nordeste,<5 mil,1777.0,-0.008937736508791944
2207504,91.55894736842089,-0.2287719298245709,19.0,at_risk,PI,Nordeste,5-20 mil,5687.0,-0.13659469015764472
2207553,111.82058823529314,0.8757352941176118,16.0,on_track,PI,Nordeste,<5 mil,528.0,0.1704267093559147
2207603,44.70157894736985,-1.28736842105252,20.0,will_not_meet,PI,Nordeste,5-20 mil,5635.0,-0.10910363011299422
2207702,66.27169230769277,-1.0948461538461418,25.0,will_not_meet,PI,Nordeste,100-500 mil,145183.0,-0.09990009984818443
2207751,97.17514705882361,0.06955882352941703,16.0,at_risk,PI,Nordeste,<5 mil,2365.0,-0.027785810628526243
2207777,102.23397058823548,0.21808823529413085,16.0,on_track,PI,Nordeste,<5 mil,1776.0,-0.007082126958712769
2207801,43.27684923771767,-1.748503670242824,22.0,will_not_meet,PI,Nordeste,5-20 mil,11086.0,-0.1913355097362754
2207850,100.50205882352975,0.1988235294117845,16.0,on_track,PI,Nordeste,<5 mil,1793.0,-0.07847957670245172
2207900,114.77619047618964,1.1636363636363296,21.0,on_track,PI,Nordeste,20-50 mil,23462.0,-0.11436061091349914
2207934,,,1.0,,PI,Nordeste,<5 mil,868.0,
2207959,97.90862876254141,0.04120401337790442,16.0,at_risk,PI,Nordeste,<5 mil,738.0,0.10551539352513893
2208007,95.85033333333317,-0.05300000000000474,24.0,at_risk,PI,Nordeste,50-100 mil,62447.0,-0.19324479805083633
2208106,99.30560715514267,0.12683178534571468,18.0,on_track,PI,Nordeste,<5 mil,4965.0,-0.022057467998862188
2208205,112.56019198193098,0.8679277244494699,22.0,on_track,PI,Nordeste,5-20 mil,5537.0,-0.09382492785160192
2208304,92.75446153846173,-0.09823076923076227,25.0,at_risk,PI,Nordeste,20-50 mil,20224.0,-0.15576553591323744
2208403,101.00153846153842,0.2132307692307707,25.0,on_track,PI,Nordeste,20-50 mil,45977.0,-0.1997737816897819
2208502,123.16102941176496,1.754411764705914,16.0,on_track,PI,Nordeste,5-20 mil,7975.0,0.1266346827532382
2208551,,,2.0,,PI,Nordeste,<5 mil,1921.0,0.6235121960175151
2208601,102.92308823529402,0.35823529411765165,16.0,on_track,PI,Nordeste,<5 mil,2605.0,-0.02996114209721704
2208650,,,2.0,,PI,Nordeste,<5 mil,1222.0,0.0
2208700,101.21727019498616,0.1947771587743816,9.0,on_track,PI,Nordeste,5-20 mil,5598.0,-0.26438069732628605
2208809,94.01090225563848,0.7086466165412891,20.0,at_risk,PI,Nordeste,5-20 mil,14138.0,-0.1335881326473977
2208858,101.29044117647044,0.29117647058822355,16.0,on_track,PI,Nordeste,<5 mil,2256.0,-0.05453695519827271
2208874,,,1.0,,PI,Nordeste,<5 mil,1087.0,
2208908,98.77127819548832,0.6330827067668755,20.0,at_risk,PI,Nordeste,<5 mil,4815.0,0.06495245877556444
2209005,101.34852941176473,0.2294117647058873,16.0,on_track,PI,Nordeste,<5 mil,4199.0,0.015942368622438998
2209104,97.67661764705892,0.01514705882353346,16.0,at_risk,PI,Nordeste,<5 mil,4220.0,-0.05800044638832537
2209153,106.45479452055156,0.47671232876733305,5.0,on_track,PI,Nordeste,<5 mil,2261.0,-0.2392636381958619
2209203,4.956466165413985,-2.079699248120235,20.0,will_not_meet,PI,Nordeste,<5 mil,3637.0,-0.048995014185004196
2209302,109.68436090225987,0.6734586466167146,20.0,on_track,PI,Nordeste,<5 mil,3329.0,-0.0568394211506925
2209351,87.94000000000005,-0.5666666666666923,10.0,will_not_meet,PI,Nordeste,<5 mil,1834.0,-0.026605028309043367
2209377,103.62220588235277,0.3533823529411783,16.0,on_track,PI,Nordeste,<5 mil,3730.0,-0.001093585820341683
2209401,100.66838235294136,0.20735294117648104,16.0,on_track,PI,Nordeste,<5 mil,4220.0,-0.002737976857143694
2209450,96.67705882352968,0.023823529411776834,16.0,at_risk,PI,Nordeste,<5 mil,851.0,-0.1283270768190399
2209500,150.0,4.7336764705883105,16.0,on_track,PI,Nordeste,<5 mil,2398.0,-0.02228945879843632
2209559,0.0,-4.160989010989021,13.0,will_not_meet,PI,Nordeste,<5 mil,1054.0,0.06650491520788461
2209609,100.00382352941187,0.14602941176471426,16.0,on_track,PI,Nordeste,<5 mil,1563.0,-0.1413687350747449
2209658,114.6599999999994,1.1049999999999796,16.0,on_track,PI,Nordeste,<5 mil,1489.0,-0.03860633714557732
2209708,99.27631578947339,0.15175438596489782,19.0,on_track,PI,Nordeste,<5 mil,2020.0,-0.14718680584640514
2209757,97.98636363636365,-0.07818181818182056,6.0,at_risk,PI,Nordeste,<5 mil,1319.0,-0.21224915598464167
2209807,93.86132352941178,-0.18147058823529605,16.0,at_risk,PI,Nordeste,<5 mil,3510.0,-0.0057372084299575415
2209856,95.22745098039232,-0.05980392156862118,17.0,at_risk,PI,Nordeste,<5 mil,1281.0,-0.018657698669409962
2209872,,,2.0,,PI,Nordeste,<5 mil,2465.0,0.0
2209906,114.5864705882359,1.2380882352941645,16.0,on_track,PI,Nordeste,<5 mil,3418.0,-0.0322420624110034
2209955,108.30524752475253,0.6191089108910938,9.0,on_track,PI,Nordeste,<5 mil,1450.0,
2209971,95.07945205479507,-0.2315068493150386,7.0,at_risk,PI,Nordeste,<5 mil,4030.0,0.02427071246000301
2210003,94.62180451127793,-0.10270676691729733,20.0,at_risk,PI,Nordeste,5-20 mil,14278.0,-0.0062472849774495845
2210052,94.78382352941189,-0.03897058823528902,16.0,at_risk,PI,Nordeste,<5 mil,2822.0,-0.058689501352374183
2210102,96.29808823529463,0.09573529411767426,16.0,at_risk,PI,Nordeste,<5 mil,1908.0,-0.04351373414173908
2210201,98.4606015037589,0.10909774436087458,20.0,at_risk,PI,Nordeste,<5 mil,1960.0,-0.07232216105561882
2210300,99.59235294117627,0.18294117647058475,16.0,on_track,PI,Nordeste,<5 mil,2617.0,-0.161625299185822
2210359,98.72705882352969,0.1113235294117807,16.0,at_risk,PI,Nordeste,<5 mil,1152.0,-0.021331809248529537
2210375,100.33985294117639,0.1754411764705894,16.0,on_track,PI,Nordeste,<5 mil,842.0,-0.051489147685714214
2210383,,,1.0,,PI,Nordeste,<5 mil,1581.0,
2210391,,,0.0,,PI,Nordeste,,,
2210409,119.95238095237937,1.4701298701298224,21.0,on_track,PI,Nordeste,5-20 mil,6485.0,-0.13954659726486374
2210508,101.5388235294115,0.33852941176470164,16.0,on_track,PI,Nordeste,5-20 mil,8626.0,-0.077334380101526
2210607,112.52492307692296,0.9145384615384563,25.0,on_track,PI,Nordeste,20-50 mil,23047.0,-0.3240624714501479
2210623,,,1.0,,PI,Nordeste,<5 mil,507.0,
2210631,117.62323529411833,1.3152941176471142,16.0,on_track,PI,Nordeste,<5 mil,2013.0,-0.053594198236282004
2210656,,,2.0,,PI,Nordeste,<5 mil,3326.0,0.05757268023036297
2210706,93.60947368421046,-0.16421052631578592,20.0,at_risk,PI,Nordeste,5-20 mil,5883.0,-0.05702607217026478
2210805,100.10161764705879,0.19014705882353056,16.0,on_track,PI,Nordeste,5-20 mil,7579.0,-0.0935327212821658
2210904,89.04842105263185,-0.19017543859647934,19.0,at_risk,PI,Nordeste,<5 mil,1643.0,-0.24779264868948317
2210938,99.66199521387972,-0.008629973078073928,13.0,on_track,PI,Nordeste,<5 mil,1727.0,0.0
2210953,,,0.0,,PI,Nordeste,<5 mil,1056.0,
2210979,,,0.0,,PI,Nordeste,<5 mil,915.0,
2211001,100.70830769230759,0.13184615384615142,25.0,on_track,PI,Nordeste,500 mil+,821192.0,-0.4614485905142769
2211100,112.36037593984975,1.21443609022553,20.0,on_track,PI,Nordeste,20-50 mil,21946.0,0.08390253191879014
2211209,105.9789855072463,0.4913043478260744,24.0,on_track,PI,Nordeste,5-20 mil,16734.0,-0.09669631640976731
2211308,108.78842461885938,0.7439299830604236,22.0,on_track,PI,Nordeste,5-20 mil,16275.0,-0.18873742683366618
2211357,83.1307692307696,-0.6307692307692109,13.0,will_not_meet,PI,Nordeste,<5 mil,1151.0,0.06711196087163104
2211407,97.94426470588243,0.04970588235294585,16.0,at_risk,PI,Nordeste,<5 mil,2608.0,-0.0562119980687639
2211506,108.27951807228851,0.7277108433734697,6.0,on_track,PI,Nordeste,<5 mil,997.0,0.05289342994740725
2211605,93.00737704917753,-0.19385245901657464,7.0,at_risk,PI,Nordeste,<5 mil,724.0,0.2514381846839603
2211704,100.09352941176462,0.15191176470588,16.0,on_track,PI,Nordeste,<5 mil,1220.0,-0.02547633063770913
2300101,88.0242647058833,0.8897058823529919,16.0,will_not_meet,CE,Nordeste,5-20 mil,5189.0,0.011489946773402765
2300150,40.96838665290716,-1.8833849329205299,18.0,will_not_meet,CE,Nordeste,5-20 mil,7879.0,-0.0674765620856716
2300200,64.58190476190487,-0.079610389610385,21.0,will_not_meet,CE,Nordeste,20-50 mil,31189.0,0.018629545291760925
2300309,49.62732919254722,-1.1650479954827864,22.0,will_not_meet,CE,Nordeste,20-50 mil,26967.0,-0.040119163928828604
2300408,97.47089059923039,-0.09079164376031394,11.0,at_risk,CE,Nordeste,<5 mil,4288.0,0.13772165235227596
2300507,55.76000000000022,-1.0719480519480606,21.0,will_not_meet,CE,Nordeste,<5 mil,3792.0,0.03887297298468176
2300606,78.91926470588305,0.11220588235297782,16.0,will_not_meet,CE,Nordeste,5-20 mil,5576.0,0.015289574070688903
2300705,69.34367647058917,0.1464705882353467,16.0,will_not_meet,CE,Nordeste,5-20 mil,7902.0,-0.09028935809569093
2300754,99.6646222887064,0.03335826477189585,13.0,on_track,CE,Nordeste,5-20 mil,17662.0,-0.10854010751727783
2300804,74.25764705882375,-0.682941176470586,16.0,will_not_meet,CE,Nordeste,5-20 mil,5298.0,0.03215926430351123
2300903,60.46666666666738,-0.8504901960784035,17.0,will_not_meet,CE,Nordeste,5-20 mil,6111.0,-0.04399055829834542
2301000,54.675724637681924,1.2347826086956415,24.0,will_not_meet,CE,Nordeste,50-100 mil,75352.0,-0.12686441620714467
2301109,69.31614906832306,-0.4946357989836339,22.0,will_not_meet,CE,Nordeste,20-50 mil,48004.0,0.011400571916745957
2301208,70.72838235294114,0.13735294117647123,16.0,will_not_meet,CE,Nordeste,5-20 mil,14391.0,0.017356624604716875
2301257,30.405454545453722,-2.3381818181818894,11.0,will_not_meet,CE,Nordeste,5-20 mil,5136.0,0.24247407043419625
2301307,58.731578947367694,-0.03684210526319255,19.0,will_not_meet,CE,Nordeste,5-20 mil,13362.0,-0.09941368397752216
2301406,76.59750000000108,-0.0949999999999489,16.0,will_not_meet,CE,Nordeste,<5 mil,3844.0,-0.05374840793548124
2301505,60.17573529411834,-0.90220588235291,16.0,will_not_meet,CE,Nordeste,<5 mil,3979.0,0.005478087203004832
2301604,71.13279411764768,-0.4008823529411447,16.0,will_not_meet,CE,Nordeste,5-20 mil,12533.0,-0.013205095104189246
2301703,85.33529411764806,0.1691176470588748,17.0,will_not_meet,CE,Nordeste,5-20 mil,11825.0,0.02605228136468671
2301802,93.31470588235373,0.14338235294121685,16.0,at_risk,CE,Nordeste,<5 mil,3464.0,-0.02009853969189528
2301851,108.58791208791172,0.6527472527472526,13.0,on_track,CE,Nordeste,5-20 mil,9258.0,-0.08434899932197687
2301901,81.12505982905932,-0.09285470085472174,26.0,will_not_meet,CE,Nordeste,20-50 mil,42379.0,-0.1086425219586746
2301950,60.03602941176473,-0.6330882352941054,16.0,will_not_meet,CE,Nordeste,5-20 mil,9432.0,-0.026088237980321265
2302008,86.98279411764781,0.4116176470588632,16.0,will_not_meet,CE,Nordeste,5-20 mil,13967.0,-0.027106004994985358
2302057,70.43264705882405,-0.29544117647057283,16.0,will_not_meet,CE,Nordeste,5-20 mil,10170.0,0.09790019315897375
2302107,68.77690570299274,-0.8226425748164983,22.0,will_not_meet,CE,Nordeste,20-50 mil,26495.0,-0.08966786088151651
2302206,24.467647058822422,-0.7257352941177265,17.0,will_not_meet,CE,Nordeste,20-50 mil,23804.0,-0.09892616497915689
2302305,55.31619047619051,-0.5572727272727386,21.0,will_not_meet,CE,Nordeste,5-20 mil,13827.0,0.11200846182033626
2302404,76.35578947368322,-0.9038596491228674,19.0,will_not_meet,CE,Nordeste,20-50 mil,27710.0,-0.09874428232874355
2302503,78.83720930232528,-0.08837209302327247,3.0,will_not_meet,CE,Nordeste,20-50 mil,31160.0,-0.09025498412295258
2302602,98.69220588235295,-0.049117647058823474,16.0,at_risk,CE,Nordeste,20-50 mil,47618.0,-0.019083486977257993
2302701,54.002879728966946,-0.5174477696216937,22.0,will_not_meet,CE,Nordeste,5-20 mil,19806.0,0.04188644265192021
2302800,94.94466403162056,-0.1466403162055332,23.0,at_risk,CE,Nordeste,20-50 mil,48770.0,-0.14889539671275945
2302909,61.19161764705973,-0.5148529411764355,16.0,will_not_meet,CE,Nordeste,5-20 mil,6492.0,0.0047107777591759254
2303006,94.47823529411835,2.2052941176471057,16.0,at_risk,CE,Nordeste,5-20 mil,13245.0,-0.01033630816985166
2303105,43.005714285714475,-1.5783116883117012,21.0,will_not_meet,CE,Nordeste,5-20 mil,8357.0,-0.025215286667997227
2303204,110.1563342967263,0.5685693641619002,15.0,on_track,CE,Nordeste,5-20 mil,14358.0,-0.0532093304961596
2303303,33.49368421052668,-1.0238596491228091,19.0,will_not_meet,CE,Nordeste,5-20 mil,8370.0,0.00718368535573815
2303402,68.02691176470671,-0.8207352941176278,16.0,will_not_meet,CE,Nordeste,5-20 mil,8443.0,0.018186050994093803
2303501,81.15782044042817,1.1635798983624985,22.0,will_not_meet,CE,Nordeste,50-100 mil,61730.0,-0.031129114222630434
2303600,70.74720588235391,-0.5716176470587815,16.0,will_not_meet,CE,Nordeste,5-20 mil,9797.0,0.10690780397122236
2303659,72.37578947368479,-0.6277192982455926,19.0,will_not_meet,CE,Nordeste,5-20 mil,5643.0,-0.07846600437269169
2303709,101.29620512820475,1.489641025641011,26.0,on_track,CE,Nordeste,100-500 mil,328992.0,-0.0659408861002191
2303808,61.066666666666606,-0.9259740259740293,21.0,will_not_meet,CE,Nordeste,5-20 mil,15830.0,0.013355241706272471
2303907,77.28720588235299,-0.014117647058821604,16.0,will_not_meet,CE,Nordeste,5-20 mil,9529.0,0.071124114905721
2303931,43.80857142857076,-1.3866233766233966,21.0,will_not_meet,CE,Nordeste,<5 mil,4017.0,-0.02090007161252637
2303956,43.91829474872884,-0.5846414455110356,22.0,will_not_meet,CE,Nordeste,5-20 mil,12254.0,-0.07315611324979807
2304004,76.17826086956461,0.5525691699604686,22.0,will_not_meet,CE,Nordeste,5-20 mil,15121.0,-0.10428220778784661
2304103,54.01394871794764,-1.2561025641026087,26.0,will_not_meet,CE,Nordeste,50-100 mil,54400.0,-0.0839568133962866
2304202,99.32575285565943,-0.019937694704049904,18.0,on_track,CE,Nordeste,100-500 mil,111292.0,-0.037447430099587176
2304236,52.702058823529626,0.1613235294117791,16.0,will_not_meet,CE,Nordeste,5-20 mil,9637.0,0.011810853557817526
2304251,79.96571428571451,0.45103896103897506,21.0,will_not_meet,CE,Nordeste,5-20 mil,10694.0,-0.011663325841400413
2304269,150.0,6.490389016018219,8.0,on_track,CE,Nordeste,<5 mil,4407.0,0.18117744413368653
2304277,76.67808823529526,-0.12676470588229852,16.0,will_not_meet,CE,Nordeste,<5 mil,3667.0,-0.06658858455633417
2304285,85.98205882352977,1.088823529411796,16.0,will_not_meet,CE,Nordeste,50-100 mil,55035.0,-0.03015770787375015
2304301,67.75081874647074,0.03862224731789256,22.0,will_not_meet,CE,Nordeste,5-20 mil,9022.0,-0.07286082359621146
2304350,67.56952380952384,-0.9829870129870252,21.0,will_not_meet,CE,Nordeste,5-20 mil,17528.0,0.045572701549915884
2304400,69.99982905982847,-0.7347008547008762,26.0,will_not_meet,CE,Nordeste,500 mil+,2703391.0,-0.29202644588524546
2304459,86.80161764705917,1.5151470588235658,16.0,will_not_meet,CE,Nordeste,5-20 mil,10878.0,0.05846948838813397
2304509,76.50980392156873,-0.48921568627452044,17.0,will_not_meet,CE,Nordeste,5-20 mil,8344.0,0.0680138031036426
2304608,92.00602941176555,0.11441176470592586,16.0,at_risk,CE,Nordeste,<5 mil,4557.0,-0.066658196065229
2304657,89.33470588235411,0.265882352941244,16.0,at_risk,CE,Nordeste,5-20 mil,5570.0,0.02190526750944508
2304707,113.05946123521608,1.3986859395532136,12.0,on_track,CE,Nordeste,20-50 mil,27134.0,0.09883312352037242
2304806,78.15044117647153,-0.2913235294117191,16.0,will_not_meet,CE,Nordeste,<5 mil,1416.0,0.018550000309245532
2304905,92.63411764705947,0.15014705882356025,16.0,at_risk,CE,Nordeste,5-20 mil,7762.0,0.014458958928259661
2304954,64.9341594202899,0.09365217391304506,24.0,will_not_meet,CE,Nordeste,20-50 mil,20771.0,-0.10425074559435124
2305001,58.71176470588307,-0.19779411764702884,16.0,will_not_meet,CE,Nordeste,5-20 mil,18852.0,0.0029278792095042785
2305100,39.651427588579736,-0.8465428276573798,18.0,will_not_meet,CE,Nordeste,<5 mil,3040.0,-0.17510727496052253
2305209,91.30544117647139,0.43617647058828496,16.0,at_risk,CE,Nordeste,5-20 mil,11512.0,0.019337902867266093
2305233,108.18260869565074,2.189328063241089,22.0,on_track,CE,Nordeste,50-100 mil,64463.0,-1.1916510050815148
2305266,0.0,-4.5700000000003715,5.0,will_not_meet,CE,Nordeste,<5 mil,4606.0,1.3968041364892125
2305308,80.16750000000066,0.002500000000033434,16.0,will_not_meet,CE,Nordeste,5-20 mil,11355.0,-0.003890291515562946
2305332,63.158676470588944,-0.7710294117646744,16.0,will_not_meet,CE,Nordeste,5-20 mil,6449.0,-0.022630443144912096
2305357,99.30268848626537,-0.024021040327292735,13.0,on_track,CE,Nordeste,5-20 mil,6351.0,-0.0920803618801418
2305407,98.09735294117652,-0.03955882352941079,16.0,at_risk,CE,Nordeste,20-50 mil,31788.0,-0.06036137399401121
2305506,88.87084057971003,-0.3886521739130437,24.0,will_not_meet,CE,Nordeste,50-100 mil,80147.0,-0.08708555896107448
2305605,75.58181196581143,-0.3183247863248069,26.0,will_not_meet,CE,Nordeste,5-20 mil,11753.0,-0.04535996783960742
2305654,100.89579439251861,0.6219626168221242,5.0,on_track,CE,Nordeste,<5 mil,4229.0,
2305704,77.4127450980398,-0.08995098039212904,17.0,will_not_meet,CE,Nordeste,5-20 mil,7429.0,-0.04533872979446759
2305803,99.90298080849323,0.0011433238056344109,10.0,on_track,CE,Nordeste,20-50 mil,26757.0,-0.13455377446249653
2305902,93.8076716016152,-0.22631224764468685,9.0,at_risk,CE,Nordeste,5-20 mil,18456.0,-0.09580050975994904
2306009,69.88602941176578,-0.4205882352940615,16.0,will_not_meet,CE,Nordeste,5-20 mil,10269.0,-0.09423970599704586
2306108,43.787619047619046,-0.6916883116883161,21.0,will_not_meet,CE,Nordeste,5-20 mil,15709.0,-0.09869632308912975
2306207,62.80720588235397,-0.04161764705877143,16.0,will_not_meet,CE,Nordeste,<5 mil,4623.0,-0.010608977075140543
2306256,116.30000000000109,2.0499999999999883,24.0,on_track,CE,Nordeste,20-50 mil,38389.0,-0.003096538241819991
2306306,102.73713670613574,0.38778256189452787,12.0,on_track,CE,Nordeste,20-50 mil,37574.0,-0.008568450581663079
2306405,69.25944272445815,-0.4897832817337473,18.0,will_not_meet,CE,Nordeste,50-100 mil,75915.0,0.04735622551125268
2306504,55.32823529411826,-1.3072058823529404,16.0,will_not_meet,CE,Nordeste,5-20 mil,9779.0,0.007635055786870701
2306553,47.60952380952381,-0.10844155844155914,21.0,will_not_meet,CE,Nordeste,5-20 mil,18117.0,0.07561056384766025
2306603,19.588571428571527,-0.032337662337657835,21.0,will_not_meet,CE,Nordeste,5-20 mil,11096.0,-0.023792062745303183
2306702,71.7923809523802,-0.5371428571428943,21.0,will_not_meet,CE,Nordeste,5-20 mil,8597.0,-0.11773418096637331
2306801,150.0,3.8993928070993995,19.0,on_track,CE,Nordeste,5-20 mil,8031.0,-0.09357133406350723
2306900,89.40490148966842,-0.41614608361365074,19.0,at_risk,CE,Nordeste,20-50 mil,23392.0,-0.017039472839519013
2307007,52.47904761904738,-0.9063636363636534,21.0,will_not_meet,CE,Nordeste,20-50 mil,20158.0,-0.07725305898609415
2307106,100.03345360824743,0.003556701030927881,9.0,on_track,CE,Nordeste,5-20 mil,9162.0,-0.07695439018738073
2307205,63.13676470588382,-0.42279411764699587,16.0,will_not_meet,CE,Nordeste,<5 mil,4776.0,-0.019728560400783145
2307254,106.18285714285798,1.0122077922078179,21.0,on_track,CE,Nordeste,5-20 mil,6650.0,0.4352841429680996
2307304,69.7868717948711,-0.871179487179507,26.0,will_not_meet,CE,Nordeste,100-500 mil,267341.0,-0.1124118205219011
2307403,112.97632760898341,0.9705151915456436,14.0,on_track,CE,Nordeste,5-20 mil,14829.0,-0.16952818628263533
2307502,92.11637492941827,0.7633540372670748,22.0,at_risk,CE,Nordeste,5-20 mil,18357.0,-0.05230453383340825
2307601,94.61473684210495,-0.1940350877193103,19.0,at_risk,CE,Nordeste,20-50 mil,34774.0,-0.022143986089156728
2307635,94.09417266721107,0.08288174597282873,16.0,at_risk,CE,Nordeste,5-20 mil,9873.0,-0.10863641939797458
2307650,66.76569565217454,-0.19560869565214664,24.0,will_not_meet,CE,Nordeste,100-500 mil,229402.0,0.041391081168650236
2307700,87.23686956521783,0.7127391304347889,24.0,will_not_meet,CE,Nordeste,100-500 mil,100078.0,-0.18891375061873988
2307809,52.92380952380904,-0.990259740259759,21.0,will_not_meet,CE,Nordeste,5-20 mil,17384.0,-0.0778749861615374
2307908,59.09428571428498,-1.1223376623376868,21.0,will_not_meet,CE,Nordeste,5-20 mil,8942.0,-0.008358548984068511
2308005,73.50190476190488,0.07000000000000733,21.0,will_not_meet,CE,Nordeste,20-50 mil,26811.0,0.07004820889088133
2308104,66.11134952004511,0.49808018068887155,22.0,will_not_meet,CE,Nordeste,20-50 mil,25459.0,-0.005640143694049593
2308203,39.19607843137226,-0.4740196078431651,17.0,will_not_meet,CE,Nordeste,5-20 mil,8296.0,0.07363758954977838
2308302,81.18198757763957,0.6230378317334893,22.0,will_not_meet,CE,Nordeste,5-20 mil,13124.0,-0.07556763298975748
2308351,,,0.0,,CE,Nordeste,,,
2308377,94.25029411764763,1.126617647058845,16.0,at_risk,CE,Nordeste,5-20 mil,7470.0,-0.026514644214810427
2308401,63.0300000000002,-0.5224999999999885,16.0,will_not_meet,CE,Nordeste,5-20 mil,16000.0,0.05333643875859231
2308500,59.218529411765076,-0.6730882352940937,16.0,will_not_meet,CE,Nordeste,5-20 mil,19357.0,-0.04846455815712164
2308609,68.39720588235355,-0.6466176470587931,16.0,will_not_meet,CE,Nordeste,5-20 mil,9675.0,-0.15468799450352735
2308708,99.38210526315791,-0.007368421052629303,19.0,on_track,CE,Nordeste,20-50 mil,35130.0,-0.06686250969266726
2308807,51.797352941176996,-1.4145588235294142,16.0,will_not_meet,CE,Nordeste,<5 mil,3945.0,0.0008373427993229068
2308906,86.36455882352959,0.34882352941178274,16.0,will_not_meet,CE,Nordeste,5-20 mil,10601.0,-0.04668808481518766
2309003,78.57142857142833,-0.28571428571429797,21.0,will_not_meet,CE,Nordeste,5-20 mil,9361.0,-0.05806069144577057
2309102,65.1473340213281,-0.8307533539731685,18.0,will_not_meet,CE,Nordeste,<5 mil,4041.0,-0.07163898311792619
2309201,96.9744117647067,0.9217647058824099,16.0,at_risk,CE,Nordeste,5-20 mil,10745.0,-0.0062061572973064975
2309300,99.8603686635945,-0.00537634408602059,7.0,on_track,CE,Nordeste,20-50 mil,24386.0,-0.08006193413061102
2309409,98.44006837606685,1.1215726495726117,26.0,at_risk,CE,Nordeste,5-20 mil,14896.0,0.05621397101689199
2309458,52.529411764706765,-0.3294117647058463,17.0,will_not_meet,CE,Nordeste,5-20 mil,8223.0,0.061419292413402354
2309508,87.62476190476184,0.5255844155844166,21.0,will_not_meet,CE,Nordeste,5-20 mil,15988.0,-0.09288704981771019
2309607,76.76595143986378,0.6603049124788095,22.0,will_not_meet,CE,Nordeste,50-100 mil,60760.0,-0.21225952394716985
2309706,93.92610144927608,0.849869565217413,24.0,at_risk,CE,Nordeste,50-100 mil,73559.0,-0.11178618062404945
2309805,74.3657352941184,0.39279411764710553,16.0,will_not_meet,CE,Nordeste,5-20 mil,5034.0,-0.24891231301564196
2309904,69.3952380952378,-0.8850649350649603,21.0,will_not_meet,CE,Nordeste,<5 mil,4083.0,-0.06591691098910474
2310001,43.617142857141516,-1.5401298701299242,21.0,will_not_meet,CE,Nordeste,<5 mil,4816.0,-0.060867739167126886
2310100,62.64355005159996,-0.8539731682146573,18.0,will_not_meet,CE,Nordeste,5-20 mil,5596.0,-0.13652979217794786
2310209,38.141314069487635,-0.6055727554179559,18.0,will_not_meet,CE,Nordeste,20-50 mil,23121.0,-0.11624135321309441
2310258,60.21396628827006,-0.5597523219814238,18.0,will_not_meet,CE,Nordeste,5-20 mil,14862.0,-0.08127898577153965
2310308,61.47044117647101,-0.7688235294117399,16.0,will_not_meet,CE,Nordeste,5-20 mil,14143.0,-0.0043405803373600385
2310407,74.10952380952403,-0.6487012987013059,21.0,will_not_meet,CE,Nordeste,5-20 mil,6014.0,-0.04556837788641498
2310506,29.55209380234828,-2.8434673366834065,15.0,will_not_meet,CE,Nordeste,20-50 mil,25370.0,-0.05371078890306584
2310605,81.84147058823646,0.32808823529417835,16.0,will_not_meet,CE,Nordeste,5-20 mil,7162.0,0.015425774728669394
2310704,63.886674195370006,-1.003218520609837,22.0,will_not_meet,CE,Nordeste,20-50 mil,22993.0,-0.07506234269432262
2310803,54.85527950310643,-1.4638057594579434,22.0,will_not_meet,CE,Nordeste,5-20 mil,5640.0,-0.20611718010638685
2310852,74.41824175824104,-1.0696703296702987,14.0,will_not_meet,CE,Nordeste,5-20 mil,12657.0,-0.049396250220374575
2310902,51.61352941176551,-0.4880882352940911,16.0,will_not_meet,CE,Nordeste,5-20 mil,8278.0,-0.014920083829446465
2310951,76.87794117647081,0.6536764705882564,16.0,will_not_meet,CE,Nordeste,<5 mil,3628.0,-5.7038288769205134e-05
2311009,52.37382352941222,-0.7939705882352815,16.0,will_not_meet,CE,Nordeste,5-20 mil,8030.0,0.22923120605897346
2311108,83.83044117647188,0.24867647058830322,16.0,will_not_meet,CE,Nordeste,5-20 mil,6131.0,0.003281950325042046
2311207,63.480735294118176,-0.8747058823529366,16.0,will_not_meet,CE,Nordeste,5-20 mil,6208.0,0.0015551490033719395
2311231,68.09894736842125,-0.8378947368421025,19.0,will_not_meet,CE,Nordeste,<5 mil,2848.0,-0.13604299154617042
2311264,53.35676470588305,-1.125294117647026,16.0,will_not_meet,CE,Nordeste,5-20 mil,6724.0,-0.02614271967829625
2311306,64.824761904762,-0.7016883116883174,21.0,will_not_meet,CE,Nordeste,50-100 mil,63401.0,-0.03720423605989608
2311355,96.39560439560442,-0.058791208791210484,13.0,at_risk,CE,Nordeste,5-20 mil,5296.0,0.04485963200804802
2311405,107.58669721115518,0.4649043824701229,23.0,on_track,CE,Nordeste,20-50 mil,49808.0,-0.15593515356886856
2311504,44.593333333333476,-0.1414285714285648,21.0,will_not_meet,CE,Nordeste,5-20 mil,13786.0,-0.09861577768289545
2311603,82.92758857929118,0.4238390092879226,18.0,will_not_meet,CE,Nordeste,5-20 mil,16751.0,-0.1465523215974341
2311702,71.6801242236022,0.2878035008469681,22.0,will_not_meet,CE,Nordeste,5-20 mil,9950.0,-0.0595885016401084
2311801,70.2180952380952,-0.5074025974025979,21.0,will_not_meet,CE,Nordeste,50-100 mil,51207.0,-0.137404584630333
2311900,52.2586764705882,0.11647058823529252,16.0,will_not_meet,CE,Nordeste,5-20 mil,8458.0,-0.010060195781483641
2311959,51.5263231197747,0.3995821727017831,9.0,will_not_meet,CE,Nordeste,5-20 mil,6774.0,0.5074094823981459
2312007,56.831428571428205,-0.6842857142857317,21.0,will_not_meet,CE,Nordeste,5-20 mil,16863.0,-0.11437598006038045
2312106,40.91823529411795,-0.7622058823529344,16.0,will_not_meet,CE,Nordeste,5-20 mil,9108.0,-0.016359745356144827
2312205,79.45029059828994,-0.08947008547011269,26.0,will_not_meet,CE,Nordeste,20-50 mil,22758.0,-0.12383575287060723
2312304,65.06842105263104,-0.757894736842131,19.0,will_not_meet,CE,Nordeste,20-50 mil,26875.0,-0.009124161769695981
2312403,70.15674760022512,1.035855448898917,22.0,will_not_meet,CE,Nordeste,20-50 mil,32058.0,0.5318699295228907
2312502,100.00000000000006,1.5697975764129359e-15,10.0,on_track,CE,Nordeste,<5 mil,3153.0,-0.24526775126943154
2312601,50.34014705882373,-1.422941176470604,16.0,will_not_meet,CE,Nordeste,5-20 mil,8448.0,-0.05815216428447995
2312700,49.02999999999929,-1.1577192982456497,19.0,will_not_meet,CE,Nordeste,5-20 mil,15082.0,-0.06184554872551941
2312809,56.13544117647132,-0.07382352941172858,16.0,will_not_meet,CE,Nordeste,5-20 mil,5738.0,-0.001094734741403462
2312908,94.813076923077,-0.26192307692307615,25.0,at_risk,CE,Nordeste,100-500 mil,187695.0,-0.2095709555362515
2313005,74.0270616493176,-1.098398718975228,10.0,will_not_meet,CE,Nordeste,5-20 mil,9479.0,0.055211787279404616
2313104,60.488571428571504,-1.058311688311697,21.0,will_not_meet,CE,Nordeste,20-50 mil,20657.0,-0.08857976755379939
2313203,56.93779411764808,-0.5733823529411428,16.0,will_not_meet,CE,Nordeste,5-20 mil,14619.0,-0.027581331946222087
2313252,103.04235294117802,0.8079411764706655,16.0,on_track,CE,Nordeste,<5 mil,2519.0,0.021420365345872838
2313302,69.35335968379445,-0.6339920948616674,22.0,will_not_meet,CE,Nordeste,20-50 mil,34310.0,-0.03838443275680468
2313351,61.58308823529518,-0.21176470588230115,16.0,will_not_meet,CE,Nordeste,5-20 mil,7361.0,-0.02251491186977203
2313401,70.65565811965735,-0.6814017094017366,26.0,will_not_meet,CE,Nordeste,50-100 mil,51285.0,-0.03084857969940273
2313500,54.6009599096551,0.8669113495200437,22.0,will_not_meet,CE,Nordeste,20-50 mil,20695.0,-0.2941595470908703
2313559,36.76764705882397,-1.8698529411764822,17.0,will_not_meet,CE,Nordeste,5-20 mil,6088.0,0.008612390519248416
2313609,73.05426470588282,-0.30779411764703934,16.0,will_not_meet,CE,Nordeste,5-20 mil,17044.0,0.03567345604310429
2313708,65.99264705882493,-0.11544117647051717,16.0,will_not_meet,CE,Nordeste,<5 mil,4019.0,-0.008982766019635418
2313757,66.89470588235349,-0.629117647058807,16.0,will_not_meet,CE,Nordeste,5-20 mil,11784.0,0.010786755556938426
2313807,55.89350649350672,-1.2649350649350735,22.0,will_not_meet,CE,Nordeste,5-20 mil,16516.0,-0.13117416622979503
2313906,33.91647058823628,-1.0219117647058342,16.0,will_not_meet,CE,Nordeste,5-20 mil,8329.0,0.06919903394532778
2313955,59.13470588235259,-1.1466176470588314,16.0,will_not_meet,CE,Nordeste,5-20 mil,15176.0,-0.030667719909865526
2314003,74.01693958215719,-0.5325804630152534,22.0,will_not_meet,CE,Nordeste,20-50 mil,25540.0,-0.035130865896864746
2314102,53.02514705882322,-1.0179411764705828,16.0,will_not_meet,CE,Nordeste,20-50 mil,20085.0,0.04792022690039001
2400109,78.66470588235279,-0.7941176470588402,16.0,will_not_meet,RN,Nordeste,5-20 mil,8959.0,0.13457679642089868
2400208,112.64210526315878,0.8526315789474062,19.0,on_track,RN,Nordeste,20-50 mil,43438.0,-0.17516826958937726
2400307,100.47619047619048,0.4649350649350722,21.0,on_track,RN,Nordeste,5-20 mil,5855.0,-0.021640124131827632
2400406,95.56794117647101,0.11117647058825779,16.0,at_risk,RN,Nordeste,<5 mil,2108.0,-0.0538064998252109
2400505,93.11046078535685,-0.18549005001596208,21.0,at_risk,RN,Nordeste,5-20 mil,9204.0,-0.31790278506537384
2400604,48.618529411764484,-1.8980882352941486,16.0,will_not_meet,RN,Nordeste,<5 mil,3346.0,-0.15735359550713532
2400703,97.70827350427325,0.07490598290597333,26.0,at_risk,RN,Nordeste,5-20 mil,10761.0,-0.13826468652628454
2400802,100.11523809523806,0.015194805194806553,21.0,on_track,RN,Nordeste,5-20 mil,10212.0,-0.23186706559090506
2400901,38.23804945055008,-1.5495879120878706,15.0,will_not_meet,RN,Nordeste,<5 mil,3924.0,-0.01779888580133512
2401008,100.1142857142857,0.015584415584416941,21.0,on_track,RN,Nordeste,5-20 mil,18106.0,-0.2308568058879837
2401107,103.45945793337086,0.19536984754375913,22.0,on_track,RN,Nordeste,20-50 mil,22597.0,-0.24055050679705473
2401206,101.5091176470589,0.17514705882353607,16.0,on_track,RN,Nordeste,5-20 mil,9069.0,0.005046997753835846
2401305,103.11523809523777,0.23402597402596598,21.0,on_track,RN,Nordeste,5-20 mil,5216.0,-0.15915477983266801
2401404,100.89421052631594,0.0784210526315877,19.0,on_track,RN,Nordeste,5-20 mil,7793.0,-0.02992725443333698
2401453,110.43823529411816,0.7102941176470878,16.0,on_track,RN,Nordeste,5-20 mil,18311.0,0.046035927556916253
2401503,89.16588235294171,-0.42514705882351506,16.0,at_risk,RN,Nordeste,<5 mil,1773.0,-0.002685132373970619
2401602,105.71324389404879,0.36460268317853933,18.0,on_track,RN,Nordeste,<5 mil,2244.0,-0.08200288181087367
2401651,73.90411764705868,-1.0148529411764955,16.0,will_not_meet,RN,Nordeste,<5 mil,1247.0,0.1278866536439274
2401701,101.00867647058831,0.06647058823529696,16.0,on_track,RN,Nordeste,5-20 mil,7401.0,0.014256484072050409
2401800,91.51803069053744,-0.20230179028131426,8.0,at_risk,RN,Nordeste,5-20 mil,9644.0,-0.26368424689284004
2401859,101.39523809523826,1.894155844155876,21.0,on_track,RN,Nordeste,5-20 mil,6439.0,-0.04930624076220454
2401909,98.7361904761905,-0.028441558441556745,21.0,at_risk,RN,Nordeste,<5 mil,2860.0,-0.07212270669433155
2402006,97.48068376068366,-0.0673504273504304,26.0,at_risk,RN,Nordeste,50-100 mil,62974.0,-0.37513030248510876
2402105,116.04058823529431,1.1357352941176806,16.0,on_track,RN,Nordeste,5-20 mil,5752.0,-0.036712956128757815
2402204,102.12926470588246,0.17970588235294482,16.0,on_track,RN,Nordeste,20-50 mil,22786.0,0.10804260789083854
2402303,100.09904761904762,0.013376623376624595,21.0,on_track,RN,Nordeste,5-20 mil,14412.0,-0.19018010392943205
2402402,101.88622448979777,0.9566326530613208,15.0,on_track,RN,Nordeste,5-20 mil,6732.0,0.022128499360072728
2402501,68.67911764706002,0.33514705882358814,16.0,will_not_meet,RN,Nordeste,5-20 mil,5347.0,0.009482050474634856
2402600,87.81435649963305,-0.4908957731914669,22.0,will_not_meet,RN,Nordeste,20-50 mil,38685.0,-0.23598700731174954
2402709,100.924705882353,0.060882352941178275,16.0,on_track,RN,Nordeste,<5 mil,4858.0,0.24940918146648497
2402808,110.67789473684138,0.623508771929789,19.0,on_track,RN,Nordeste,<5 mil,2313.0,0.10551569546818056
2402907,40.32029411764779,-2.0883823529411902,16.0,will_not_meet,RN,Nordeste,<5 mil,1831.0,0.07429289468397443
2403004,54.34411764705874,-1.6823529411765055,16.0,will_not_meet,RN,Nordeste,5-20 mil,6522.0,-0.15517237884134819
2403103,82.5702564102553,-0.3841025641026116,26.0,will_not_meet,RN,Nordeste,20-50 mil,39876.0,-0.437101642141795
2403202,102.0594736842105,0.1717543859649162,19.0,on_track,RN,Nordeste,<5 mil,3030.0,-0.13887001220147366
2403251,104.25623931623886,0.3473504273504094,26.0,on_track,RN,Nordeste,100-500 mil,272490.0,-0.19481509670187527
2403301,102.23029411764699,0.1416176470588223,16.0,on_track,RN,Nordeste,<5 mil,2320.0,-0.18091368838664235
2403400,91.29526315789451,0.047894736842095796,19.0,at_risk,RN,Nordeste,5-20 mil,5010.0,-0.09104433250389304
2403509,102.20750000000012,0.14750000000000624,16.0,on_track,RN,Nordeste,<5 mil,4994.0,0.01881650238714114
2403608,14.525763612213268,-2.9546849638483645,20.0,will_not_meet,RN,Nordeste,5-20 mil,18794.0,-0.12294011835068772
2403707,79.2571428571423,-0.5292207792207954,21.0,will_not_meet,RN,Nordeste,<5 mil,4061.0,-0.2044061147440059
2403756,100.21047619047616,0.02428571428571614,21.0,on_track,RN,Nordeste,<5 mil,2631.0,-0.1302043260594561
2403806,100.10380952380949,0.014675324675326727,21.0,on_track,RN,Nordeste,5-20 mil,7479.0,-0.17985381623714017
2403905,57.48573529411715,-1.4847058823529653,16.0,will_not_meet,RN,Nordeste,<5 mil,1605.0,-0.07516147646887024
2404002,80.53985294117638,-0.6620588235294209,16.0,will_not_meet,RN,Nordeste,<5 mil,2667.0,-0.08302178729989058
2404200,101.8156239316234,0.11319658119656137,26.0,on_track,RN,Nordeste,5-20 mil,18591.0,-0.23162116027106397
2404309,88.84380952380923,0.34571428571427515,21.0,will_not_meet,RN,Nordeste,5-20 mil,7214.0,-0.2097564221308646
2404408,77.48441176470578,-0.9357352941176618,16.0,will_not_meet,RN,Nordeste,5-20 mil,7899.0,0.024084921394740066
2404507,98.2995588235294,-0.058676470588236884,16.0,at_risk,RN,Nordeste,5-20 mil,5777.0,-0.09686061981661923
2404606,88.73176470588226,-0.46279411764707246,16.0,will_not_meet,RN,Nordeste,<5 mil,1783.0,-0.09825187683938694
2404705,22.777352941177924,-2.0620588235294313,16.0,will_not_meet,RN,Nordeste,5-20 mil,6122.0,0.11622648353378351
2404804,100.16588235294121,0.012352941176471144,16.0,on_track,RN,Nordeste,<5 mil,2059.0,-0.002142192667086384
2404853,92.7666666666671,-0.49999999999997236,3.0,at_risk,RN,Nordeste,5-20 mil,6284.0,0.0
2404903,117.295735294118,1.2327941176470896,16.0,on_track,RN,Nordeste,5-20 mil,5092.0,-0.0463089260263818
2405009,150.0,5.02191176470595,16.0,on_track,RN,Nordeste,5-20 mil,6286.0,0.13961120357646406
2405108,100.15191176470648,0.7542647058823821,16.0,on_track,RN,Nordeste,<5 mil,4016.0,0.0876868116608343
2405207,101.15235294117653,0.07544117647059141,16.0,on_track,RN,Nordeste,<5 mil,3905.0,-0.0981927349847717
2405306,81.66955882352931,-0.7986764705882468,16.0,will_not_meet,RN,Nordeste,<5 mil,3692.0,0.0842691571783193
2405405,150.0,3.938928571428446,15.0,on_track,RN,Nordeste,<5 mil,3670.0,0.12451736988664938
2405504,112.09714285714358,0.7576623376623652,21.0,on_track,RN,Nordeste,<5 mil,432.0,-0.1782614246303611
2405603,98.17894736842138,0.08070175438598086,19.0,at_risk,RN,Nordeste,5-20 mil,11803.0,-0.09481821844054632
2405702,78.94822134387391,-0.7237154150197543,22.0,will_not_meet,RN,Nordeste,5-20 mil,10066.0,-0.34292000581061816
2405801,102.35657820440426,0.15827216261998722,22.0,on_track,RN,Nordeste,20-50 mil,24860.0,-0.09431470342152244
2405900,0.0,-4.724117647058862,16.0,will_not_meet,RN,Nordeste,<5 mil,1189.0,0.00153954971212462
2406007,59.943970588234606,-1.401911764705907,16.0,will_not_meet,RN,Nordeste,<5 mil,3586.0,0.04445659956952107
2406106,100.6231854145167,0.04530443756449951,18.0,on_track,RN,Nordeste,5-20 mil,10951.0,-0.11732863403954523
2406155,81.33794117647062,-0.7788235294117799,16.0,will_not_meet,RN,Nordeste,<5 mil,1057.0,0.04650213509075023
2406205,100.36441176470593,0.029264705882354535,16.0,on_track,RN,Nordeste,<5 mil,4381.0,-0.03846354241139987
2406304,103.7430882352939,0.23073529411763666,16.0,on_track,RN,Nordeste,<5 mil,2440.0,-0.0630723100895217
2406403,82.47529411764776,-0.7358823529411579,16.0,will_not_meet,RN,Nordeste,<5 mil,1836.0,-0.07715946026921087
2406502,86.00666666666643,-0.4312987012987111,21.0,will_not_meet,RN,Nordeste,5-20 mil,7724.0,0.1605911867105871
2406601,106.89117647058754,0.4139705882352648,16.0,on_track,RN,Nordeste,5-20 mil,5524.0,-0.0461815235137013
2406700,79.72190476190463,-0.7446753246753319,21.0,will_not_meet,RN,Nordeste,5-20 mil,8868.0,-0.10312656609823673
2406809,101.28132352941185,0.14102941176471137,16.0,on_track,RN,Nordeste,<5 mil,2471.0,-0.047600467367063914
2406908,96.03264705882344,-0.1204411764705935,16.0,at_risk,RN,Nordeste,<5 mil,2544.0,-0.05445188528932156
2407005,33.39217094017022,-1.7416068376068703,26.0,will_not_meet,RN,Nordeste,5-20 mil,7079.0,-0.23271226612999132
2407104,81.46205533596833,-0.4944664031620578,23.0,will_not_meet,RN,Nordeste,50-100 mil,50830.0,-0.12434508819057079
2407203,79.94857142857131,-0.7568831168831299,21.0,will_not_meet,RN,Nordeste,20-50 mil,24474.0,-0.08951182834036953
2407252,32.762897526503366,-2.8660777385158003,7.0,will_not_meet,RN,Nordeste,<5 mil,3331.0,
2407302,53.46764705882288,-1.740441176470625,16.0,will_not_meet,RN,Nordeste,<5 mil,4930.0,-0.17692062404387382
2407401,100.11619047619048,0.016103896103897283,21.0,on_track,RN,Nordeste,5-20 mil,5387.0,-0.279121293335878
2407500,98.21178861788611,-0.05691056910569276,8.0,at_risk,RN,Nordeste,<5 mil,4736.0,-0.1394559481387284
2407609,46.25809523809494,-0.5205194805194971,21.0,will_not_meet,RN,Nordeste,<5 mil,4052.0,-0.22479359885974393
2407708,100.58073529411769,0.03779411764706105,16.0,on_track,RN,Nordeste,5-20 mil,8678.0,0.0033202761299052468
2407807,100.33605091159274,0.024251805985551787,18.0,on_track,RN,Nordeste,5-20 mil,9878.0,-0.08013941960014057
2407906,101.62821428571421,0.10464285714284954,15.0,on_track,RN,Nordeste,<5 mil,1171.0,0.07177114172979684
2408003,109.5525128205129,0.5462564102564087,26.0,on_track,RN,Nordeste,100-500 mil,277397.0,-0.24669287196899461
2408102,90.31254700854697,-0.21141880341880312,26.0,at_risk,RN,Nordeste,500 mil+,896708.0,-0.40970669390724024
2408201,124.58228414172663,1.4988648090815293,18.0,on_track,RN,Nordeste,5-20 mil,11148.0,0.013303004005238307
2408300,100.11695726495725,0.013094017094017106,26.0,on_track,RN,Nordeste,20-50 mil,25798.0,-0.2804646542245441
2408409,102.8469117647063,0.43926470588237965,16.0,on_track,RN,Nordeste,<5 mil,3192.0,0.012756964636679958
2408508,90.31455882352941,-0.38867647058823485,16.0,at_risk,RN,Nordeste,<5 mil,3337.0,-0.026061383187023505
2408607,0.0,-8.713676470588405,16.0,will_not_meet,RN,Nordeste,<5 mil,893.0,-0.19379580290562254
2408706,96.35904761904749,-0.12025974025974279,21.0,at_risk,RN,Nordeste,<5 mil,3225.0,-0.13720881459640313
2408805,129.06117647058727,1.8739705882352613,16.0,on_track,RN,Nordeste,<5 mil,3436.0,0.24226160110166192
2408904,103.1492647058825,0.20220588235295006,16.0,on_track,RN,Nordeste,5-20 mil,18139.0,-0.09364939842093349
2408953,97.96396925858954,-0.06412748643761272,15.0,at_risk,RN,Nordeste,<5 mil,4084.0,-0.07545446107532905
2409100,100.0,-5.584774207323182e-16,16.0,on_track,RN,Nordeste,5-20 mil,8317.0,-0.07447898774326889
2409209,100.79338235294126,0.06985294117647486,16.0,on_track,RN,Nordeste,<5 mil,1281.0,0.09461455743558723
2409308,0.0,-3.2755844155845217,21.0,will_not_meet,RN,Nordeste,5-20 mil,10921.0,-0.23812941066735124
2409332,92.83842105263136,-0.23877192982456844,19.0,at_risk,RN,Nordeste,<5 mil,3645.0,-0.0391561708085625
2409407,115.26923076923094,0.8000000000000147,26.0,on_track,RN,Nordeste,20-50 mil,28366.0,-0.35244020789572694
2409506,142.11142857142931,2.6803896103896663,21.0,on_track,RN,Nordeste,<5 mil,1043.0,0.002993070041816659
2409605,99.95999999999995,-0.0011688311688316383,21.0,on_track,RN,Nordeste,<5 mil,925.0,-0.1938436526686995
2409704,93.10952380952375,-0.20584415584415852,21.0,at_risk,RN,Nordeste,<5 mil,3787.0,-0.2686208175891518
2409803,100.15730994152051,0.012280701754386962,18.0,on_track,RN,Nordeste,5-20 mil,7642.0,-0.019039590619043627
2409902,59.43647058823535,-1.3744117647058944,16.0,will_not_meet,RN,Nordeste,5-20 mil,12132.0,-0.04593360175247734
2410009,18.207205882353264,-2.9041176470588734,16.0,will_not_meet,RN,Nordeste,<5 mil,2861.0,-0.11158796314623193
2410108,98.44000000000004,-0.04249999999999938,16.0,at_risk,RN,Nordeste,5-20 mil,8319.0,0.037035660680519084
2410207,100.27823529411765,0.017794117647060043,16.0,on_track,RN,Nordeste,<5 mil,4171.0,-0.0763968112723549
2410256,57.83529411764787,-0.005882352941135335,16.0,will_not_meet,RN,Nordeste,<5 mil,3832.0,-0.08729046892206183
2410306,100.0,-5.584774207323182e-16,16.0,on_track,RN,Nordeste,5-20 mil,6451.0,-0.01653495701743409
2410405,78.15142857142837,-0.8184415584415717,21.0,will_not_meet,RN,Nordeste,<5 mil,3494.0,-0.1529373002019514
2410504,11.894264705881142,-3.0502941176471317,16.0,will_not_meet,RN,Nordeste,<5 mil,2978.0,-0.1931888428450102
2410603,107.22455882352972,0.491323529411785,16.0,on_track,RN,Nordeste,<5 mil,2028.0,-0.10834021250102899
2410702,51.107647058824114,-0.9079411764705649,16.0,will_not_meet,RN,Nordeste,<5 mil,3082.0,-0.003296121645603894
2410801,42.64426470588205,-2.3627941176471143,16.0,will_not_meet,RN,Nordeste,<5 mil,1726.0,0.011286230103217791
2410900,93.96352941176485,-0.1505882352941136,16.0,at_risk,RN,Nordeste,5-20 mil,5106.0,-0.005336373343504496
2411007,103.09263157894742,0.19438596491228619,19.0,on_track,RN,Nordeste,<5 mil,3767.0,-0.012994124165811501
2411056,100.03132352941176,0.0035294117647055863,16.0,on_track,RN,Nordeste,<5 mil,3209.0,-0.0041016551457991966
2411106,75.63088235294208,-0.9301470588235001,16.0,will_not_meet,RN,Nordeste,<5 mil,1731.0,-0.020795104144486733
2411205,90.8275735294124,-0.1850490196078176,16.0,at_risk,RN,Nordeste,20-50 mil,33796.0,-0.1905425277112684
2411403,87.94952380952333,-0.1819480519480711,21.0,will_not_meet,RN,Nordeste,5-20 mil,5896.0,-0.23050834024524652
2411429,100.6539705882355,0.25308823529413194,16.0,on_track,RN,Nordeste,<5 mil,1766.0,-0.025207021234512482
2411502,35.37947368420919,-2.4205263157895853,19.0,will_not_meet,RN,Nordeste,5-20 mil,15698.0,-0.0053318095082977345
2411601,121.96666666666533,1.2525974025973576,21.0,on_track,RN,Nordeste,<5 mil,938.0,-0.0229693477606447
2411700,100.53142857142856,0.03428571428571253,15.0,on_track,RN,Nordeste,<5 mil,2191.0,-0.05576916503061315
2411809,100.0,-5.584774207323182e-16,16.0,on_track,RN,Nordeste,<5 mil,2435.0,-0.09750740356810111
2411908,100.63016091051806,0.041817111459969095,15.0,on_track,RN,Nordeste,<5 mil,3258.0,-0.011980422758603565
2412005,97.32035573122522,0.059486166007903685,23.0,at_risk,RN,Nordeste,50-100 mil,88680.0,-0.03177452312846107
2412104,100.4323529411765,0.0279411764705889,16.0,on_track,RN,Nordeste,<5 mil,4996.0,-0.040097350560769844
2412203,108.43455882352964,0.608823529411792,16.0,on_track,RN,Nordeste,20-50 mil,20428.0,-0.17337152161878447
2412302,102.21014705882365,0.14955882352941677,16.0,on_track,RN,Nordeste,5-20 mil,10725.0,-0.050271672374820095
2412401,14.383382352940316,-3.4601470588235834,16.0,will_not_meet,RN,Nordeste,<5 mil,3665.0,0.019097322340368424
2412500,0.0,-7.158235294117765,16.0,will_not_meet,RN,Nordeste,5-20 mil,15568.0,-0.10652328734869916
2412559,0.5769230769230589,0.023076923076922752,13.0,will_not_meet,RN,Nordeste,<5 mil,4975.0,-0.40911271418392714
2412609,100.2030615755074,0.014241486068111823,18.0,on_track,RN,Nordeste,5-20 mil,12927.0,-0.1003752559793444
2412708,100.0,-5.584774207323182e-16,16.0,on_track,RN,Nordeste,<5 mil,3300.0,-0.009261131197832024
2412807,101.27544117647065,0.08367647058823877,16.0,on_track,RN,Nordeste,5-20 mil,5587.0,-0.04450267602356929
2412906,100.32177502579981,0.023013415892672744,18.0,on_track,RN,Nordeste,5-20 mil,6064.0,-0.025593574088634073
2413003,100.02529411764705,0.0016176470588232553,16.0,on_track,RN,Nordeste,<5 mil,4045.0,0.025502046960427485
2413102,100.1264705882353,0.008088235294116836,16.0,on_track,RN,Nordeste,<5 mil,2651.0,-0.048340096635027
2413201,81.292941176471,-0.2888235294117575,16.0,will_not_meet,RN,Nordeste,<5 mil,4477.0,0.0015891501288417753
2413300,100.94678571428571,0.06035714285713747,15.0,on_track,RN,Nordeste,<5 mil,3260.0,0.038439699087213286
2413359,0.0,-2.271428571428255,7.0,will_not_meet,RN,Nordeste,<5 mil,3206.0,-0.058555992081846246
2413409,99.67114740368515,-0.0031407035175865816,15.0,on_track,RN,Nordeste,5-20 mil,5212.0,-0.07920333428733699
2413508,101.03970588235298,0.06838235294117911,16.0,on_track,RN,Nordeste,<5 mil,1975.0,0.073034233522316
2413557,84.40999999999985,-0.532500000000008,16.0,will_not_meet,RN,Nordeste,<5 mil,2559.0,-0.018388720004822515
2413607,99.95702992659514,0.0015245623941258306,22.0,on_track,RN,Nordeste,<5 mil,642.0,-0.16362607659232267
2413706,68.2336764705883,-1.383529411764728,16.0,will_not_meet,RN,Nordeste,<5 mil,2666.0,0.30729964945123883
2413805,128.22897058823764,2.353088235294202,16.0,on_track,RN,Nordeste,<5 mil,2122.0,-0.019743851033791733
2413904,93.10095238095244,-0.2438961038961056,21.0,at_risk,RN,Nordeste,<5 mil,4249.0,-0.12361227062760574
2414001,97.98785996612091,-0.06922642574816636,22.0,at_risk,RN,Nordeste,5-20 mil,10993.0,-0.11855838394062579
2414100,0.0,-4.6904411764706015,16.0,will_not_meet,RN,Nordeste,5-20 mil,7543.0,-0.1540368311848182
2414159,112.93808823529298,0.7907352941176012,16.0,on_track,RN,Nordeste,<5 mil,1297.0,0.4272722462867333
2414209,95.94291360813111,0.3089779785432091,22.0,at_risk,RN,Nordeste,5-20 mil,8855.0,0.08987940707701703
2414308,105.0407352941171,0.3052941176470393,16.0,on_track,RN,Nordeste,<5 mil,1827.0,-0.1848391535664519
2414407,0.0,-3.2631372173246156,17.0,will_not_meet,RN,Nordeste,5-20 mil,8591.0,-0.11626091799500474
2414456,100.53014705882356,0.03455882352941347,16.0,on_track,RN,Nordeste,<5 mil,2084.0,0.0007567376393087607
2414506,100.45809523809521,0.038571428571429145,21.0,on_track,RN,Nordeste,5-20 mil,8921.0,-0.20446399745027055
2414605,115.63142857142952,0.9468831168831473,21.0,on_track,RN,Nordeste,5-20 mil,7241.0,-0.1394246599107062
2414704,102.60205882352949,0.17382352941177223,16.0,on_track,RN,Nordeste,<5 mil,4563.0,-0.035004275223503446
2414753,69.76205882352929,-0.9336764705882483,16.0,will_not_meet,RN,Nordeste,<5 mil,1328.0,-0.15938369059884047
2414803,99.99088235294118,-0.00014705882352980114,16.0,on_track,RN,Nordeste,5-20 mil,5602.0,0.12914206223808616
2414902,104.77676470588244,0.3347058823529421,16.0,on_track,RN,Nordeste,<5 mil,1649.0,0.0018930117856011544
2415008,115.17441176470629,1.0467647058823852,16.0,on_track,RN,Nordeste,<5 mil,3118.0,-0.026878401207080842
2500106,60.96578947368289,-1.5605263157895706,19.0,will_not_meet,PB,Nordeste,<5 mil,4459.0,-0.010341724046137929
2500205,99.83529411764704,-0.005882352941176194,17.0,on_track,PB,Nordeste,<5 mil,2746.0,-0.03232424499787137
2500304,99.96126132404149,0.028216027874550863,24.0,on_track,PB,Nordeste,5-20 mil,17473.0,-0.09293592742604055
2500403,57.72820777433844,-1.1875128998968005,18.0,will_not_meet,PB,Nordeste,5-20 mil,10446.0,0.01725648021106709
2500502,101.11123889179315,0.08821223209619411,20.0,on_track,PB,Nordeste,5-20 mil,9689.0,-0.1187322303193383
2500536,91.21000000000106,-0.4699999999998788,5.0,at_risk,PB,Nordeste,<5 mil,2156.0,0.0
2500577,0.0,-5.453031809145034,15.0,will_not_meet,PB,Nordeste,<5 mil,1347.0,-0.10200724020717578
2500601,111.15142857142814,0.7127272727272608,21.0,on_track,PB,Nordeste,5-20 mil,12304.0,0.020279240094047628
2500700,99.9776367559335,-0.0007742099251170552,16.0,on_track,PB,Nordeste,5-20 mil,6817.0,-0.09468732802099722
2500734,0.0,-14.542424242425438,10.0,will_not_meet,PB,Nordeste,<5 mil,1152.0,1.2144124517282104
2500775,103.31666666666644,0.19877450980391123,17.0,on_track,PB,Nordeste,<5 mil,4020.0,-0.003227992314910748
2500809,137.0746753246758,2.125324675324623,15.0,on_track,PB,Nordeste,5-20 mil,6659.0,0.09408022297362796
2500908,0.0,-4.953560371516975,18.0,will_not_meet,PB,Nordeste,5-20 mil,9601.0,-0.12716695278008575
2501005,63.43751879699403,-1.4212781954886147,20.0,will_not_meet,PB,Nordeste,5-20 mil,10183.0,-0.11520720581737705
2501104,104.95105263157893,0.5184210526315645,20.0,on_track,PB,Nordeste,5-20 mil,13780.0,-0.1142722171245513
2501153,51.07333333333372,-2.18500000000007,9.0,will_not_meet,PB,Nordeste,<5 mil,1111.0,0.20498333157527684
2501203,0.0,-6.335213882163129,19.0,will_not_meet,PB,Nordeste,5-20 mil,5015.0,-0.04472220813985195
2501302,25.349329253937867,-1.5100729583433374,20.0,will_not_meet,PB,Nordeste,5-20 mil,9531.0,-0.002630376042994429
2501351,0.0,-12.44000000000083,4.0,will_not_meet,PB,Nordeste,<5 mil,3286.0,0.5077360684630832
2501401,57.882876712325015,-1.1349315068496137,3.0,will_not_meet,PB,Nordeste,<5 mil,3549.0,0.16534306307192698
2501500,46.56864661654231,-0.657969924811969,20.0,will_not_meet,PB,Nordeste,5-20 mil,8418.0,-0.16541590772900203
2501575,38.68725490195993,-2.4615196078432424,17.0,will_not_meet,PB,Nordeste,<5 mil,743.0,-0.06214687586900925
2501609,25.187969924812933,-2.7819548872178412,20.0,will_not_meet,PB,Nordeste,5-20 mil,8771.0,-0.06219449609648921
2501708,0.0,-4.918687872763289,15.0,will_not_meet,PB,Nordeste,<5 mil,2568.0,-0.2686326357280777
2501807,73.16765811965809,-0.31309401709401913,26.0,will_not_meet,PB,Nordeste,50-100 mil,96616.0,-0.02347428541646682
2501906,100.78218094255239,0.11186790505675576,18.0,on_track,PB,Nordeste,5-20 mil,14640.0,-0.011689065777823545
2502003,49.44736842105067,-1.859649122807117,19.0,will_not_meet,PB,Nordeste,5-20 mil,5417.0,0.0543774365149527
2502052,0.0,-11.626666666666996,9.0,will_not_meet,PB,Nordeste,<5 mil,996.0,
2502102,56.83157894736996,-1.5456140350876835,18.0,will_not_meet,PB,Nordeste,<5 mil,3214.0,0.049708432035523144
2502151,99.93823529411762,-0.002205882352942193,17.0,on_track,PB,Nordeste,<5 mil,3719.0,-0.0017435187456606683
2502201,99.96086880973068,-0.00135534317984293,19.0,on_track,PB,Nordeste,<5 mil,1065.0,-0.02828372173455576
2502300,99.32843137254898,-0.02328431372549224,17.0,on_track,PB,Nordeste,<5 mil,1990.0,-0.03528335214051285
2502409,75.65820433436647,-0.8670794633642549,18.0,will_not_meet,PB,Nordeste,5-20 mil,8304.0,-0.00932081615845913
2502508,87.88153585544904,-0.14748729531337776,22.0,will_not_meet,PB,Nordeste,5-20 mil,12750.0,-0.07003969494667706
2502607,99.9592707258342,-0.0014447884416920395,18.0,on_track,PB,Nordeste,<5 mil,4078.0,0.06407623889646397
2502706,,,2.0,,PB,Nordeste,<5 mil,3878.0,
2502805,90.13061575507413,-0.3242518059855475,18.0,at_risk,PB,Nordeste,5-20 mil,10776.0,0.02991200636005096
2502904,99.2663570691435,-0.02765737874096939,18.0,on_track,PB,Nordeste,<5 mil,4844.0,-0.03181727021301636
2503001,103.05225971975642,1.5492007104795569,18.0,on_track,PB,Nordeste,5-20 mil,19028.0,0.014012792523153387
2503100,53.983333333332666,-1.838480392156916,17.0,will_not_meet,PB,Nordeste,<5 mil,2514.0,-0.08588565899148806
2503209,88.5245811965807,-0.45001709401711054,26.0,will_not_meet,PB,Nordeste,50-100 mil,69763.0,-0.06709247061058955
2503308,101.59607843137269,0.12450980392157744,17.0,on_track,PB,Nordeste,<5 mil,3695.0,0.19427886136161548
2503407,99.97272727272727,-3.8464342788616846e-16,11.0,on_track,PB,Nordeste,<5 mil,1745.0,0.2106596940037384
2503506,59.15235638114973,-1.6969040247678018,18.0,will_not_meet,PB,Nordeste,5-20 mil,9388.0,-0.08063402699575925
2503555,92.66914212548022,-0.2548015364916752,14.0,at_risk,PB,Nordeste,<5 mil,1740.0,0.026621478866662746
2503605,99.89999999999996,-0.0035087719298245246,19.0,on_track,PB,Nordeste,5-20 mil,5163.0,-0.0921930377369744
2503704,98.2833846153845,-0.0846923076923116,25.0,at_risk,PB,Nordeste,50-100 mil,50858.0,-0.19427167492176328
2503753,99.81470588235292,-0.006617647058823431,17.0,on_track,PB,Nordeste,<5 mil,1061.0,0.11218700741013592
2503803,116.87745098038977,1.1688725490195178,17.0,on_track,PB,Nordeste,<5 mil,3476.0,-0.023641041469124203
2503902,99.97941176470589,-0.0007352941176460479,17.0,on_track,PB,Nordeste,<5 mil,3037.0,0.0033360827113646193
2504009,101.29247863247856,0.07316239316239012,26.0,on_track,PB,Nordeste,100-500 mil,394489.0,-0.32049016030469946
2504033,0.0,-4.055357142856967,15.0,will_not_meet,PB,Nordeste,<5 mil,4923.0,0.35381410719541034
2504074,80.43440486533473,-0.6776715899218084,19.0,will_not_meet,PB,Nordeste,<5 mil,1636.0,-0.05321693246902962
2504108,24.120990712074672,-2.7958513931888773,16.0,will_not_meet,PB,Nordeste,<5 mil,1955.0,-0.013959557996586505
2504157,56.1092879256953,-1.60495356037162,18.0,will_not_meet,PB,Nordeste,<5 mil,3689.0,-0.17266062664119528
2504207,100.26176470588237,0.02279411764706187,17.0,on_track,PB,Nordeste,<5 mil,2960.0,-0.03770493912141284
2504306,95.07204878048765,-0.11814634146341779,24.0,at_risk,PB,Nordeste,20-50 mil,22850.0,-0.12303305881991365
2504355,99.95882352941173,-0.0014705882352951075,17.0,on_track,PB,Nordeste,<5 mil,1104.0,-0.49466362610137715
2504405,100.31827067669182,0.037593984962409885,20.0,on_track,PB,Nordeste,5-20 mil,11848.0,-0.07168502556357416
2504504,99.97999999999999,-0.0007017543859635891,19.0,on_track,PB,Nordeste,<5 mil,4616.0,0.04579322477448349
2504603,85.71620227038136,0.3251805985551965,18.0,will_not_meet,PB,Nordeste,5-20 mil,17155.0,0.05842293626012632
2504702,79.63536291709761,-0.7223942208461942,18.0,will_not_meet,PB,Nordeste,<5 mil,3005.0,0.02150024514274027
2504801,,,1.0,,PB,Nordeste,5-20 mil,10904.0,
2504850,99.99999999999997,-7.756248278775066e-16,17.0,on_track,PB,Nordeste,<5 mil,860.0,-0.08448698837908748
2504900,78.59742002064002,-0.30825593395252726,18.0,will_not_meet,PB,Nordeste,5-20 mil,8054.0,0.028079619729864173
2505006,100.2314413484693,0.07172342621259419,18.0,on_track,PB,Nordeste,5-20 mil,5464.0,0.03528800383648309
2505105,0.0,-5.520677685950263,21.0,will_not_meet,PB,Nordeste,5-20 mil,13700.0,-0.10271638627462171
2505204,101.70925352597177,0.10072239422084645,18.0,on_track,PB,Nordeste,5-20 mil,5493.0,0.0651042765444443
2505238,54.7044047619047,-1.9067857142856233,15.0,will_not_meet,PB,Nordeste,<5 mil,2122.0,0.31354980840949614
2505279,150.0,20.535714285714654,3.0,on_track,PB,Nordeste,<5 mil,476.0,0.0
2505303,,,1.0,,PB,Nordeste,<5 mil,1422.0,
2505352,0.0,-5.914065606361722,15.0,will_not_meet,PB,Nordeste,<5 mil,2515.0,-0.2930975524290009
2505402,94.29221953188033,0.004495560936229799,19.0,at_risk,PB,Nordeste,5-20 mil,5098.0,0.08097417806312869
2505501,99.97976190476192,-0.0007142857142850573,15.0,on_track,PB,Nordeste,<5 mil,1739.0,0.013865377890379877
2505600,75.40419676642614,-0.9287925696594443,18.0,will_not_meet,PB,Nordeste,<5 mil,3755.0,-0.015479362832026
2505709,0.0,-6.455105263158267,16.0,will_not_meet,PB,Nordeste,<5 mil,4592.0,-0.028592155626624875
2505808,99.97963536291714,-0.0007223942208459177,18.0,on_track,PB,Nordeste,<5 mil,2785.0,0.05733147937204167
2505907,99.99999999999999,-7.844231427700279e-16,19.0,on_track,PB,Nordeste,<5 mil,2286.0,-0.17257907687824714
2506004,28.30920383963985,-2.5482778091474003,22.0,will_not_meet,PB,Nordeste,20-50 mil,23225.0,-0.13550286056136804
2506103,101.69360165118667,0.1728586171310616,18.0,on_track,PB,Nordeste,5-20 mil,5357.0,0.036640891405373986
2506202,0.0,-6.127450980392327,17.0,will_not_meet,PB,Nordeste,<5 mil,1842.0,-0.28970741821209495
2506251,0.0,-8.499005964214538,15.0,will_not_meet,PB,Nordeste,<5 mil,899.0,-0.6484865417324603
2506301,100.00000000000001,-1.508613329084273e-15,22.0,on_track,PB,Nordeste,50-100 mil,52555.0,-0.02238299857991527
2506400,62.71069831441355,-1.5479876160990742,18.0,will_not_meet,PB,Nordeste,5-20 mil,5901.0,0.16908917431235423
2506509,93.11862745098051,-0.25318627450980125,17.0,at_risk,PB,Nordeste,<5 mil,2342.0,-0.09676194898514734
2506608,99.98045112781955,-0.000676691729321364,20.0,on_track,PB,Nordeste,<5 mil,3592.0,0.010662986032563685
2506707,100.34633642930805,0.5282765737874047,18.0,on_track,PB,Nordeste,5-20 mil,5297.0,0.022934557211060847
2506806,101.82456140350872,0.10526315789473586,18.0,on_track,PB,Nordeste,5-20 mil,11602.0,0.0425904925374944
2506905,97.44362286649516,0.5623392564881738,25.0,at_risk,PB,Nordeste,5-20 mil,19636.0,0.09115541827169216
2507002,82.14765669113524,-0.318690005646516,22.0,will_not_meet,PB,Nordeste,5-20 mil,18973.0,-0.1104635733967473
2507101,102.11999999999989,0.20060606060606018,10.0,on_track,PB,Nordeste,5-20 mil,12121.0,0.0
2507200,88.43736842105295,-0.05210526315787577,19.0,will_not_meet,PB,Nordeste,5-20 mil,6462.0,0.08831296799231202
2507309,115.03142857142848,0.9903896103896142,21.0,on_track,PB,Nordeste,5-20 mil,8334.0,-0.0076426542318361775
2507408,77.3987969924815,-0.8381954887217486,20.0,will_not_meet,PB,Nordeste,<5 mil,4863.0,-0.10786180300203953
2507507,99.62434188034173,0.09063247863247285,26.0,on_track,PB,Nordeste,500 mil+,822680.0,-0.3847436721177867
2507606,97.75603715170288,-0.09401444788441599,18.0,at_risk,PB,Nordeste,5-20 mil,6287.0,0.00014648646244460968
2507705,97.86353383458959,0.559699248120409,20.0,at_risk,PB,Nordeste,5-20 mil,10019.0,0.02685344205587781
2507804,53.72285714285408,-2.7742857142859263,6.0,will_not_meet,PB,Nordeste,<5 mil,4760.0,0.540169808473322
2507903,53.82413533834665,-0.6612030075187374,20.0,will_not_meet,PB,Nordeste,5-20 mil,10141.0,-0.013362222398316673
2508000,100.00000000000001,5.1517568272295865e-17,18.0,on_track,PB,Nordeste,<5 mil,4361.0,0.04196213214614691
2508109,96.92745098039222,-0.10980392156862488,17.0,at_risk,PB,Nordeste,<5 mil,2284.0,-0.06913112063822306
2508208,97.68661850705166,0.652734778121773,18.0,at_risk,PB,Nordeste,<5 mil,4182.0,0.026274185312694362
2508307,125.63766917293333,1.6884962406014836,20.0,on_track,PB,Nordeste,5-20 mil,11316.0,0.060729597070774806
2508406,67.90784313725453,-1.1593137254902182,17.0,will_not_meet,PB,Nordeste,<5 mil,1268.0,-0.1028898982101001
2508505,107.15000000000032,0.5742647058823988,17.0,on_track,PB,Nordeste,<5 mil,3810.0,-0.014007866087435886
2508554,58.712745098038795,-1.7546568627451256,17.0,will_not_meet,PB,Nordeste,<5 mil,1926.0,-0.17540072690479647
2508604,65.48479532163856,-1.3508771929824395,18.0,will_not_meet,PB,Nordeste,5-20 mil,11549.0,0.07072597564103307
2508703,97.77987421383631,-0.07735849056603979,12.0,at_risk,PB,Nordeste,<5 mil,1557.0,0.33136320904907396
2508802,100.62256621947024,0.056656346749225865,18.0,on_track,PB,Nordeste,5-20 mil,5020.0,0.00017037197358051726
2508901,50.87809523809506,-0.5611688311688404,21.0,will_not_meet,PB,Nordeste,20-50 mil,36728.0,0.05226142863866449
2509008,100.37151702786379,0.02218782249742163,18.0,on_track,PB,Nordeste,5-20 mil,6155.0,0.03561315046309261
2509057,72.05999999999813,-1.6400000000001766,5.0,will_not_meet,PB,Nordeste,<5 mil,3275.0,
2509107,80.6449624060154,-0.17744360902253128,20.0,will_not_meet,PB,Nordeste,5-20 mil,18048.0,0.012528249223457813
2509156,102.33508771929826,0.1789473684210528,18.0,on_track,PB,Nordeste,5-20 mil,5805.0,0.05598712142384357
2509206,111.1372180451117,1.299172932330747,20.0,on_track,PB,Nordeste,<5 mil,4892.0,0.05556150961724167
2509305,150.0,4.439828411153321,14.0,on_track,PB,Nordeste,5-20 mil,7640.0,0.0
2509339,20.65934065934016,-3.51648351648346,14.0,will_not_meet,PB,Nordeste,<5 mil,715.0,0.040727840721792856
2509370,78.66764705882338,-0.7286764705882434,17.0,will_not_meet,PB,Nordeste,<5 mil,1309.0,-0.06696449906455404
2509396,23.738970588234224,-2.8919117647059474,16.0,will_not_meet,PB,Nordeste,<5 mil,4345.0,-0.010654798408015458
2509404,62.33553491572059,0.45593395252838226,18.0,will_not_meet,PB,Nordeste,5-20 mil,5917.0,0.25073445614533385
2509503,0.0,-7.468091451292066,15.0,will_not_meet,PB,Nordeste,<5 mil,3672.0,-0.15167755795898283
2509602,79.89827509951283,-0.7076514816453355,18.0,will_not_meet,PB,Nordeste,<5 mil,2700.0,-0.12377481437568626
2509701,107.0097684923769,0.3830604178430236,22.0,on_track,PB,Nordeste,20-50 mil,22091.0,-0.04939905233414554
2509800,99.97963536291714,-0.0007223942208459177,18.0,on_track,PB,Nordeste,<5 mil,4772.0,0.07241093252213862
2509909,101.62651607297994,0.26983492615116644,19.0,on_track,PB,Nordeste,<5 mil,3594.0,-0.07306530545899148
2510006,99.90947368421047,-0.0031578947368425883,16.0,on_track,PB,Nordeste,<5 mil,3180.0,-0.027840987123859195
2510105,0.0,-5.720987198424711,17.0,will_not_meet,PB,Nordeste,5-20 mil,7953.0,0.038067336649810275
2510204,99.9592707258342,-0.0014447884416920395,18.0,on_track,PB,Nordeste,<5 mil,3132.0,0.03489545885123761
2510303,0.0,-6.037475149105252,15.0,will_not_meet,PB,Nordeste,<5 mil,2932.0,-0.11571716787787895
2510402,99.87647058823529,-0.00441176470588185,17.0,on_track,PB,Nordeste,<5 mil,3571.0,0.03794238500946828
2510501,95.42647058823536,-0.16691176470587926,17.0,at_risk,PB,Nordeste,<5 mil,2092.0,-0.06359766142177843
2510600,92.89901960784329,-0.1585784313725421,17.0,at_risk,PB,Nordeste,<5 mil,2134.0,0.009727496040450492
2510659,0.0,-5.523636363636952,10.0,will_not_meet,PB,Nordeste,<5 mil,972.0,0.011589718055572497
2510709,99.92727272727272,-6.122645309359197e-16,11.0,on_track,PB,Nordeste,<5 mil,1218.0,0.2266947049746745
2510808,100.63552136752139,0.04776068376068506,26.0,on_track,PB,Nordeste,100-500 mil,105097.0,-0.13907054812733513
2510907,93.61684210526414,0.3571929824561957,19.0,at_risk,PB,Nordeste,5-20 mil,6022.0,0.04550613305989585
2511004,150.0,5.238787878787953,10.0,on_track,PB,Nordeste,<5 mil,2416.0,0.3492141209716299
2511103,99.98043440486536,-0.0006776715899210309,19.0,on_track,PB,Nordeste,<5 mil,3272.0,-0.12978868042450545
2511202,43.98285714285703,-0.9111688311688513,21.0,will_not_meet,PB,Nordeste,5-20 mil,17311.0,-0.0595497776581976
2511301,73.45697346132215,-0.9061547148503658,22.0,will_not_meet,PB,Nordeste,5-20 mil,11775.0,-0.05685010141853359
2511400,0.0,-4.192207792207831,22.0,will_not_meet,PB,Nordeste,5-20 mil,12463.0,-0.2071836689487186
2511509,105.58317853457129,0.7528379772961818,18.0,on_track,PB,Nordeste,5-20 mil,8252.0,0.048988028596219965
2511608,20.764705882354065,-2.7852941176470734,16.0,will_not_meet,PB,Nordeste,<5 mil,3112.0,-0.3233152227225836
2511707,99.93823529411762,-0.002205882352942193,17.0,on_track,PB,Nordeste,<5 mil,2631.0,-0.0003824919050381128
2511806,100.00000000000001,5.1517568272295865e-17,18.0,on_track,PB,Nordeste,5-20 mil,8096.0,0.017441659812526454
2511905,31.894083247334038,-0.3878224974200215,18.0,will_not_meet,PB,Nordeste,5-20 mil,11881.0,0.08193673977370998
2512002,105.77093354021201,0.33123868632013503,18.0,on_track,PB,Nordeste,5-20 mil,10643.0,-0.11393882987908835
2512036,0.0,-5.96192145862516,11.0,will_not_meet,PB,Nordeste,<5 mil,1010.0,0.48825995897482205
2512077,39.67150035893792,-2.6973438621678953,13.0,will_not_meet,PB,Nordeste,<5 mil,1564.0,0.32979430422752687
2512101,124.50342612419809,1.2548982869378824,24.0,on_track,PB,Nordeste,20-50 mil,26309.0,-0.08510546706988181
2512200,100.85980392156868,0.06299019607843652,17.0,on_track,PB,Nordeste,<5 mil,2705.0,0.01777450595360112
2512309,80.45112781954981,-0.6766917293232478,20.0,will_not_meet,PB,Nordeste,5-20 mil,16211.0,-0.1255153021573904
2512408,0.0,-5.67595459236323,18.0,will_not_meet,PB,Nordeste,<5 mil,4504.0,-0.03339613447552242
2512507,100.59759201926387,0.03673890608875219,18.0,on_track,PB,Nordeste,20-50 mil,24045.0,0.04889891086768789
2512606,99.97272727272727,-3.8464342788616846e-16,11.0,on_track,PB,Nordeste,<5 mil,748.0,0.0615497816013687
2512705,17.66292466764844,-3.415755785327495,17.0,will_not_meet,PB,Nordeste,5-20 mil,14715.0,-0.12671858521679538
2512721,106.48043956043966,0.48813186813186366,14.0,on_track,PB,Nordeste,<5 mil,2287.0,0.18918767464833897
2512747,0.0,-5.446521132376616,17.0,will_not_meet,PB,Nordeste,<5 mil,2264.0,-0.2946365936032876
2512754,25.001172893136754,-2.045829713292754,19.0,will_not_meet,PB,Nordeste,<5 mil,2849.0,-0.07412784215960305
2512762,,,1.0,,PB,Nordeste,<5 mil,1403.0,
2512788,0.0,-4.959490719149353,18.0,will_not_meet,PB,Nordeste,<5 mil,1377.0,-0.14194206315539057
2512804,0.0,-7.4998508946320985,15.0,will_not_meet,PB,Nordeste,<5 mil,4142.0,-0.33255731989235343
2512903,43.95333333333292,-1.9049350649351204,21.0,will_not_meet,PB,Nordeste,5-20 mil,13786.0,0.03637484355192833
2513000,0.0,-6.615151515151807,10.0,will_not_meet,PB,Nordeste,<5 mil,1363.0,0.775710960799509
2513109,86.23835569315418,0.4338493292053667,18.0,will_not_meet,PB,Nordeste,5-20 mil,5314.0,0.014715222368977722
2513208,128.51666666666733,1.7237745098039978,17.0,on_track,PB,Nordeste,<5 mil,3038.0,0.09567821527557467
2513307,99.87647058823529,0.0029411764705887023,17.0,on_track,PB,Nordeste,<5 mil,2946.0,-0.02176480604441611
2513356,93.92148648648629,-0.2866216216216455,9.0,at_risk,PB,Nordeste,<5 mil,1451.0,-0.06598724082272517
2513406,118.05426312817553,1.0797854319593438,22.0,on_track,PB,Nordeste,5-20 mil,14167.0,0.03930492860116417
2513505,99.95882352941173,-0.0014705882352951075,17.0,on_track,PB,Nordeste,<5 mil,2133.0,-0.046605886867920866
2513604,102.63518796992514,0.17721804511278838,20.0,on_track,PB,Nordeste,<5 mil,3569.0,0.023011164773072884
2513653,31.973233082708248,-3.431353383458416,11.0,will_not_meet,PB,Nordeste,<5 mil,848.0,0.2559050315827271
2513703,119.23876923076796,1.6516153846153498,25.0,on_track,PB,Nordeste,100-500 mil,119047.0,-0.1356272828801686
2513802,99.96086880973068,-0.00135534317984293,19.0,on_track,PB,Nordeste,<5 mil,2193.0,-0.07547603603424824
2513851,100.00000000000026,2.294358549970857e-14,3.0,on_track,PB,Nordeste,<5 mil,818.0,-0.8798119800010704
2513901,100.3843609022556,0.023458646616539656,20.0,on_track,PB,Nordeste,20-50 mil,28098.0,-0.02924500836301245
2513927,100.3401960784314,0.03112745098039503,17.0,on_track,PB,Nordeste,<5 mil,3164.0,0.004782174163901683
2513943,99.91764705882352,-0.0029411764705894465,17.0,on_track,PB,Nordeste,<5 mil,1130.0,-0.06568210078910963
2513968,,,2.0,,PB,Nordeste,<5 mil,1086.0,0.0
2513984,36.510023310023826,-3.14895104895079,12.0,will_not_meet,PB,Nordeste,<5 mil,1368.0,0.40313523175540944
2514008,63.45342768686305,-1.5065900044229208,18.0,will_not_meet,PB,Nordeste,<5 mil,2253.0,-0.15939822103589213
2514107,,,1.0,,PB,Nordeste,<5 mil,1525.0,
2514206,68.06999999999925,-1.1282456140351178,19.0,will_not_meet,PB,Nordeste,<5 mil,3340.0,-0.01642160646102501
2514305,101.10490196078442,0.10612745098040091,17.0,on_track,PB,Nordeste,<5 mil,2903.0,-0.01483239440905082
2514404,91.37352941176516,-0.30808823529410456,17.0,at_risk,PB,Nordeste,<5 mil,1573.0,0.027989520946782684
2514453,106.25980392156953,0.608578431372599,17.0,on_track,PB,Nordeste,<5 mil,2601.0,0.03513882212923833
2514503,100.0,1.6557240265070411e-15,20.0,on_track,PB,Nordeste,5-20 mil,11536.0,-0.05633647059743743
2514552,,,1.0,,PB,Nordeste,<5 mil,651.0,
2514602,102.87216333622942,0.16102519548219263,19.0,on_track,PB,Nordeste,<5 mil,1523.0,0.04052784464011878
2514651,150.0,4.021666666666796,9.0,on_track,PB,Nordeste,<5 mil,1036.0,0.6013225878190168
2514701,99.97941176470589,-0.0007352941176460479,17.0,on_track,PB,Nordeste,<5 mil,2671.0,-0.05752767576605871
2514800,99.99999999999997,-7.756248278775066e-16,17.0,on_track,PB,Nordeste,<5 mil,1487.0,-0.022204267120498118
2514909,104.24285714285844,0.2357142857143397,20.0,on_track,PB,Nordeste,5-20 mil,5878.0,0.06071933653013042
2515005,108.14512635379106,0.6777376654633638,8.0,on_track,PB,Nordeste,<5 mil,3294.0,0.07202424787932912
2515104,104.04654135338262,0.41518796992475293,20.0,on_track,PB,Nordeste,<5 mil,4976.0,0.14819909371810874
2515203,97.61055555555615,0.08166666666670257,9.0,at_risk,PB,Nordeste,<5 mil,2277.0,
2515302,74.44830769230771,-0.5251538461538453,25.0,will_not_meet,PB,Nordeste,20-50 mil,40297.0,-0.07241723562537472
2515401,58.58725490196002,-1.10416666666676,17.0,will_not_meet,PB,Nordeste,<5 mil,4907.0,-0.028298125694871328
2515500,100.8957894736843,0.05192982456140779,19.0,on_track,PB,Nordeste,5-20 mil,8959.0,-0.0021791131873565377
2515609,100.74313725490207,0.06421568627451552,17.0,on_track,PB,Nordeste,<5 mil,2075.0,-0.014512328375854663
2515708,99.97941176470589,-0.0007352941176460479,17.0,on_track,PB,Nordeste,<5 mil,1744.0,-0.05849243556077459
2515807,39.438700147706186,-2.363367799113804,17.0,will_not_meet,PB,Nordeste,<5 mil,3583.0,0.061049173259854886
2515906,99.97963536291714,-0.0007223942208459177,18.0,on_track,PB,Nordeste,<5 mil,3355.0,-0.10019647649328332
2515930,106.89411764705983,0.7132352941177043,17.0,on_track,PB,Nordeste,<5 mil,3769.0,-0.03043460334001075
2515971,99.99999999999997,-7.756248278775066e-16,17.0,on_track,PB,Nordeste,<5 mil,940.0,-0.06861057211651948
2516003,95.21987577639757,-0.08780350084698002,22.0,at_risk,PB,Nordeste,5-20 mil,18867.0,-0.05751523429005054
2516102,99.99999999999997,1.1330190698357442e-16,19.0,on_track,PB,Nordeste,5-20 mil,11327.0,0.01030284345688263
2516151,0.0,0.0,3.0,will_not_meet,PB,Nordeste,<5 mil,1813.0,
2516201,98.89205842081248,-0.03758557736193202,13.0,at_risk,PB,Nordeste,50-100 mil,54261.0,-0.7097601136965394
2516300,100.0,1.6557240265070411e-15,20.0,on_track,PB,Nordeste,5-20 mil,13025.0,0.09795264941503769
2516409,0.0,-5.103199174406551,18.0,will_not_meet,PB,Nordeste,<5 mil,4692.0,-0.19947394648537392
2516508,78.07085596069237,-0.7499353504008321,18.0,will_not_meet,PB,Nordeste,5-20 mil,9280.0,0.017278601460596458
2516607,100.13715415019763,0.007509881422923729,22.0,on_track,PB,Nordeste,5-20 mil,6939.0,0.10656330928792827
2516706,50.64447884417041,-1.671001031991729,18.0,will_not_meet,PB,Nordeste,5-20 mil,10434.0,-0.011547777846392202
2516755,150.0,8.726190476189748,8.0,on_track,PB,Nordeste,<5 mil,1819.0,0.0
2516805,1.4350766747365924,-3.5597901533495317,19.0,will_not_meet,PB,Nordeste,<5 mil,4427.0,-0.08730821678671864
2516904,62.71069831441355,-1.5479876160990742,18.0,will_not_meet,PB,Nordeste,5-20 mil,10897.0,-0.01505195926621825
2517001,43.70308270676628,-0.6896240601503878,20.0,will_not_meet,PB,Nordeste,<5 mil,4250.0,0.03944999358900163
2517100,99.99999999999999,-7.844231427700279e-16,19.0,on_track,PB,Nordeste,<5 mil,2103.0,-0.09116752404368882
2517209,16.45999999999367,-4.384242424242979,10.0,will_not_meet,PB,Nordeste,<5 mil,1065.0,0.021600980623960115
2517407,100.76503496503484,0.10209790209789613,10.0,on_track,PB,Nordeste,<5 mil,1610.0,0.0
2600054,112.39757971014478,1.184826086956514,24.0,on_track,PE,Nordeste,50-100 mil,92376.0,-0.06556113161980763
2600104,99.99999999999997,1.1330190698357442e-16,19.0,on_track,PE,Nordeste,20-50 mil,29322.0,-0.03183723095123843
2600203,100.00000000000001,5.1517568272295865e-17,18.0,on_track,PE,Nordeste,5-20 mil,6659.0,-0.13772632487221556
2600302,99.99999999999997,-7.756248278775066e-16,17.0,on_track,PE,Nordeste,5-20 mil,18872.0,-0.06563930072349404
2600401,92.4826457470532,-0.18336253583943998,22.0,at_risk,PE,Nordeste,20-50 mil,21181.0,-0.20090397077463862
2600500,68.86862745098097,-0.5818627450980186,17.0,will_not_meet,PE,Nordeste,20-50 mil,26816.0,-0.21033619714231366
2600609,105.19397058823552,1.385588235294149,16.0,on_track,PE,Nordeste,5-20 mil,8356.0,-0.10478344935327301
2600708,118.10588235294153,1.238235294117681,17.0,on_track,PE,Nordeste,20-50 mil,20784.0,-0.027834823753564327
2600807,99.99999999999997,-7.756248278775066e-16,17.0,on_track,PE,Nordeste,5-20 mil,13144.0,-0.0021497019102696925
2600906,91.59314641744538,-0.3018691588784945,6.0,at_risk,PE,Nordeste,5-20 mil,16560.0,-0.004151228909830245
2601003,105.99073529411794,0.4302941176470757,16.0,on_track,PE,Nordeste,5-20 mil,6743.0,-0.0227617612527979
2601052,12.996927536231397,-1.2864782608695606,24.0,will_not_meet,PE,Nordeste,5-20 mil,17606.0,-0.10008393348914763
2601102,114.91947368420915,0.9475438596490678,19.0,on_track,PE,Nordeste,50-100 mil,51762.0,-0.07448394444208584
2601201,103.21157538114028,0.3651609260304897,22.0,on_track,PE,Nordeste,50-100 mil,68591.0,0.06523390518866957
2601300,100.39661764705885,0.025147058823530744,16.0,on_track,PE,Nordeste,5-20 mil,13045.0,0.0014675732138096408
2601409,103.80476190476213,0.44025974025975895,21.0,on_track,PE,Nordeste,20-50 mil,35762.0,-0.10180150497640744
2601508,109.84666666666772,1.0640259740260252,21.0,on_track,PE,Nordeste,5-20 mil,8565.0,0.039239154855717384
2601607,103.68527691778462,0.22177502579979266,18.0,on_track,PE,Nordeste,5-20 mil,12878.0,-0.14058981219289832
2601706,100.00000000000001,5.1517568272295865e-17,18.0,on_track,PE,Nordeste,50-100 mil,61849.0,-0.14075438106156393
2601805,107.60294117647095,0.5661764705882666,16.0,on_track,PE,Nordeste,<5 mil,3962.0,0.11684114094694147
2601904,115.3696078431376,1.1370098039216172,17.0,on_track,PE,Nordeste,50-100 mil,51683.0,0.017311099428255816
2602001,100.0,-5.584774207323182e-16,16.0,on_track,PE,Nordeste,5-20 mil,14081.0,-0.08345504881884996
2602100,112.07631578947462,0.9324561403509285,19.0,on_track,PE,Nordeste,20-50 mil,32051.0,-0.03811172978982571
2602209,99.99999999999997,-7.756248278775066e-16,17.0,on_track,PE,Nordeste,5-20 mil,16084.0,-0.023860781909005885
2602308,102.742913608131,0.16352343308865275,22.0,on_track,PE,Nordeste,20-50 mil,26581.0,0.01865054713099643
2602407,112.79176470588231,0.842205882352963,16.0,on_track,PE,Nordeste,<5 mil,3619.0,-0.06791838030935927
2602506,100.0,-5.584774207323182e-16,16.0,on_track,PE,Nordeste,<5 mil,3470.0,-0.06222917755867812
2602605,73.17578947368315,0.19333333333328437,19.0,will_not_meet,PE,Nordeste,20-50 mil,40190.0,-0.18111662926744526
2602704,102.83676470588239,0.22720588235294478,16.0,on_track,PE,Nordeste,5-20 mil,8351.0,0.009764642886260734
2602803,81.35702992659515,0.4197063805759542,22.0,will_not_meet,PE,Nordeste,20-50 mil,24182.0,-0.049676804336200205
2602902,108.12023188405806,0.8831304347825961,24.0,on_track,PE,Nordeste,100-500 mil,191152.0,-0.25601023413856944
2603009,101.14368421052605,0.06473684210525268,19.0,on_track,PE,Nordeste,20-50 mil,22302.0,-0.14483303938131048
2603108,102.53808823529408,0.17823529411764555,16.0,on_track,PE,Nordeste,5-20 mil,16659.0,0.03352384222106762
2603207,88.94105797101474,0.49678260869565394,24.0,will_not_meet,PE,Nordeste,5-20 mil,8224.0,-0.22134486019954155
2603306,108.74985294117641,0.5554411764705789,16.0,on_track,PE,Nordeste,<5 mil,3761.0,-0.06347747007013506
2603405,100.0,-5.584774207323182e-16,16.0,on_track,PE,Nordeste,<5 mil,2217.0,0.02009405355415147
2603454,80.96197101449268,0.07160869565216933,24.0,will_not_meet,PE,Nordeste,100-500 mil,159945.0,-0.06131159598449002
2603504,99.43838235294152,0.7673529411765009,16.0,on_track,PE,Nordeste,5-20 mil,15942.0,0.04887411130398851
2603603,144.42073529411755,3.195294117647125,16.0,on_track,PE,Nordeste,5-20 mil,6883.0,0.001083526597044751
2603702,108.04803921568691,0.6041666666667097,17.0,on_track,PE,Nordeste,5-20 mil,14234.0,-0.013391021090524249
2603801,104.56676470588263,0.3047058823529552,16.0,on_track,PE,Nordeste,5-20 mil,6408.0,0.005674640855636571
2603900,100.06911764705885,0.005147058823529112,16.0,on_track,PE,Nordeste,5-20 mil,8072.0,-0.04260315728143578
2603926,150.0,7.6435483870972405,3.0,on_track,PE,Nordeste,<5 mil,2191.0,0.0
2604007,121.88529411764739,1.6595588235294778,17.0,on_track,PE,Nordeste,50-100 mil,81944.0,-0.10487605170146046
2604106,100.27555053642007,0.0203274985883663,22.0,on_track,PE,Nordeste,100-500 mil,327915.0,-0.15038055171506004
2604155,116.99632352941171,1.3110294117647272,16.0,on_track,PE,Nordeste,<5 mil,1782.0,-0.14097889028104177
2604205,97.90927288784215,-0.06283485428318943,11.0,at_risk,PE,Nordeste,20-50 mil,33408.0,-0.22547527274521528
2604304,100.0,-5.584774207323182e-16,16.0,on_track,PE,Nordeste,5-20 mil,6988.0,-0.0481735347391904
2604403,120.43058823529373,2.093235294117675,16.0,on_track,PE,Nordeste,5-20 mil,10519.0,-0.06259679377247787
2604502,113.22882352941178,1.2210294117647036,16.0,on_track,PE,Nordeste,5-20 mil,14910.0,-0.039247247756150565
2604601,75.32156862745114,1.4710784313725889,17.0,will_not_meet,PE,Nordeste,20-50 mil,24942.0,-0.0999581365470598
2604700,100.0,-5.584774207323182e-16,16.0,on_track,PE,Nordeste,5-20 mil,10867.0,-0.043867095394941893
2604809,96.13714678178962,-0.14091444270015954,15.0,at_risk,PE,Nordeste,5-20 mil,7970.0,-0.08408208250877984
2604908,150.0,4.597192982456286,19.0,on_track,PE,Nordeste,<5 mil,4442.0,-0.2512402746440525
2605004,99.99999999999997,-7.756248278775066e-16,17.0,on_track,PE,Nordeste,20-50 mil,21540.0,0.01702105785067837
2605103,99.80749914000671,0.6551083591331242,18.0,on_track,PE,Nordeste,20-50 mil,24139.0,-0.12229453410766461
2605152,100.23500000000001,0.017500000000000716,16.0,on_track,PE,Nordeste,5-20 mil,6831.0,-0.04037985203577931
2605202,110.10761904762012,1.4098701298701708,21.0,on_track,PE,Nordeste,50-100 mil,59218.0,-0.14833813739713753
2605301,127.62665978672067,1.8075335397316694,18.0,on_track,PE,Nordeste,5-20 mil,16341.0,-0.07432439927783269
2605400,112.10867647058853,0.8789705882353211,16.0,on_track,PE,Nordeste,5-20 mil,17732.0,-0.047264967458784675
2605459,131.5619047619066,2.0493506493507003,21.0,on_track,PE,Nordeste,<5 mil,3140.0,-0.06966043752095892
2605509,100.99941176470594,0.19676470588236017,16.0,on_track,PE,Nordeste,5-20 mil,9792.0,-0.006254781683404726
2605608,106.94578947368268,0.39315789473677304,19.0,on_track,PE,Nordeste,5-20 mil,9551.0,-0.05684159423921007
2605707,101.27476002258607,0.08554488989271426,22.0,on_track,PE,Nordeste,20-50 mil,22840.0,-0.039606474510397026
2605806,150.0,4.208970588235385,16.0,on_track,PE,Nordeste,<5 mil,3707.0,-0.22013112515074684
2605905,97.43848960812306,0.18116769792161747,19.0,at_risk,PE,Nordeste,20-50 mil,22066.0,-0.3777484371195026
2606002,99.52978916158797,0.0022319222533408647,23.0,on_track,PE,Nordeste,100-500 mil,125999.0,-0.055375321995772456
2606101,110.86470588235329,0.8176470588235739,17.0,on_track,PE,Nordeste,5-20 mil,16406.0,0.01267620025692681
2606200,75.26368421052575,-0.35035087719300684,19.0,will_not_meet,PE,Nordeste,50-100 mil,61631.0,0.09938265407541878
2606309,104.03382352941196,0.24852941176471827,16.0,on_track,PE,Nordeste,<5 mil,3517.0,-0.049090286568727666
2606408,99.99999999999997,-7.756248278775066e-16,17.0,on_track,PE,Nordeste,50-100 mil,76301.0,-0.18821328245172353
2606507,0.0,-3.850000000002472,3.0,will_not_meet,PE,Nordeste,5-20 mil,7281.0,-0.25135758645067036
2606606,103.70052631579085,0.4443859649123423,19.0,on_track,PE,Nordeste,5-20 mil,16349.0,0.015697617927617372
2606705,100.86470588235294,0.06838235294117777,16.0,on_track,PE,Nordeste,<5 mil,3240.0,0.031443008528937
2606804,72.20320289855056,-0.18426086956521642,24.0,will_not_meet,PE,Nordeste,100-500 mil,110199.0,-0.03557809175530916
2606903,104.00735294117612,0.24044117647057153,16.0,on_track,PE,Nordeste,5-20 mil,6362.0,-0.07071747358190048
2607000,99.99999999999997,-1.200804223330371e-15,5.0,on_track,PE,Nordeste,5-20 mil,9147.0,-0.05578617560551126
2607109,120.27867647058883,1.8764705882353159,16.0,on_track,PE,Nordeste,<5 mil,2478.0,-0.04306075583868541
2607208,97.67071014492763,0.9820869565217191,24.0,at_risk,PE,Nordeste,50-100 mil,73393.0,0.7365491909338213
2607307,131.7864705882339,2.7255882352941416,16.0,on_track,PE,Nordeste,5-20 mil,19364.0,0.03942780269231306
2607406,111.50735294117544,0.6904411764705393,16.0,on_track,PE,Nordeste,<5 mil,4255.0,0.07938825304822894
2607505,100.0,-5.584774207323182e-16,16.0,on_track,PE,Nordeste,5-20 mil,9692.0,0.03831430965995551
2607604,62.70599999999877,-1.9290000000000171,24.0,will_not_meet,PE,Nordeste,20-50 mil,21025.0,-0.10103375316069761
2607653,114.234896810505,0.6994371482175419,12.0,on_track,PE,Nordeste,20-50 mil,29476.0,-0.008954158005203909
2607703,100.07789473684213,0.01298245614035395,19.0,on_track,PE,Nordeste,5-20 mil,8190.0,-0.0503754537529859
2607752,64.38530434782615,-0.8133913043478249,24.0,will_not_meet,PE,Nordeste,20-50 mil,20921.0,-0.1494932542710028
2607802,87.63808823529462,0.8282352941176837,16.0,will_not_meet,PE,Nordeste,5-20 mil,13113.0,-0.041352564332761396
2607901,60.140434782608736,-0.6041304347826074,24.0,will_not_meet,PE,Nordeste,500 mil+,695854.0,-0.022934234199635025
2607950,137.45583756344968,4.569796954314619,4.0,on_track,PE,Nordeste,5-20 mil,7170.0,
2608008,17.862205882353464,-0.7266176470588135,16.0,will_not_meet,PE,Nordeste,5-20 mil,10047.0,-0.17289355746881618
2608057,100.0,1.1743757292103518e-15,13.0,on_track,PE,Nordeste,5-20 mil,6492.0,0.23631659075437536
2608107,108.79803921568691,0.6284313725490731,17.0,on_track,PE,Nordeste,5-20 mil,16401.0,-0.14796651308284037
2608206,116.33619047619186,1.7741558441559018,21.0,on_track,PE,Nordeste,5-20 mil,11669.0,-0.11806221470429183
2608255,100.0,-5.584774207323182e-16,16.0,on_track,PE,Nordeste,<5 mil,3079.0,-0.08719517510646659
2608305,12.292352941175977,-1.067058823529437,16.0,will_not_meet,PE,Nordeste,5-20 mil,9150.0,-0.23678413109298097
2608404,100.0,-5.584774207323182e-16,16.0,on_track,PE,Nordeste,5-20 mil,9320.0,-0.06110504320104871
2608453,110.19132352941142,1.8585294117647542,16.0,on_track,PE,Nordeste,5-20 mil,13392.0,-0.029549022981031407
2608503,102.7838235294115,0.3610294117647044,16.0,on_track,PE,Nordeste,5-20 mil,17807.0,-0.09000790066914184
2608602,103.54000000000008,0.27000000000000995,16.0,on_track,PE,Nordeste,5-20 mil,6609.0,-0.021520415295877147
2608701,110.2554411764711,0.7111764705882585,16.0,on_track,PE,Nordeste,5-20 mil,9045.0,-0.11668143908171062
2608750,100.0,-5.584774207323182e-16,16.0,on_track,PE,Nordeste,5-20 mil,11940.0,-0.045618132371236436
2608800,99.99999999999997,-7.756248278775066e-16,17.0,on_track,PE,Nordeste,20-50 mil,29461.0,-0.029988956379319393
2608909,102.81422924901165,0.46245059288537876,22.0,on_track,PE,Nordeste,20-50 mil,45131.0,-0.04424997088808229
2609006,100.30882352941178,0.025735294117649393,17.0,on_track,PE,Nordeste,5-20 mil,15850.0,-0.0734073409013695
2609105,98.87397058823558,0.18808823529413035,16.0,at_risk,PE,Nordeste,5-20 mil,10290.0,0.007643517036158152
2609154,104.75824175824187,0.32747252747252287,14.0,on_track,PE,Nordeste,<5 mil,4668.0,0.07381407826930088
2609204,64.52857142857181,0.40454545454548047,21.0,will_not_meet,PE,Nordeste,5-20 mil,7767.0,-0.12436194443201795
2609303,99.99999999999997,1.1330190698357442e-16,19.0,on_track,PE,Nordeste,5-20 mil,7760.0,-0.05617872273121271
2609402,75.98481159420271,-0.7850434782608722,24.0,will_not_meet,PE,Nordeste,50-100 mil,56480.0,-0.12857141298253807
2609501,104.36078431372528,0.32450980392156353,17.0,on_track,PE,Nordeste,20-50 mil,28839.0,-0.041257078530322205
2609600,97.44873913043483,0.22547826086956313,24.0,at_risk,PE,Nordeste,100-500 mil,385972.0,-0.18314900798110537
2609709,109.74779411764757,1.456617647058855,16.0,on_track,PE,Nordeste,5-20 mil,8631.0,-0.15264140536045862
2609808,102.16470588235305,0.14338235294118398,16.0,on_track,PE,Nordeste,5-20 mil,5363.0,-0.06697808272429225
2609907,100.00000000000001,5.1517568272295865e-17,18.0,on_track,PE,Nordeste,20-50 mil,35690.0,-0.031955455930582834
2610004,119.92999999999984,1.0550000000000086,24.0,on_track,PE,Nordeste,50-100 mil,50209.0,-0.22030399843789517
2610103,133.951617647057,2.165147058823532,16.0,on_track,PE,Nordeste,<5 mil,4748.0,-0.03360189284919754
2610202,100.77058823529423,0.06911764705882953,17.0,on_track,PE,Nordeste,5-20 mil,14396.0,-0.10898089735703148
2610301,60.871029411765086,0.03441176470590141,16.0,will_not_meet,PE,Nordeste,<5 mil,2365.0,-0.23527392227267416
2610400,99.99999999999997,1.1330190698357442e-16,19.0,on_track,PE,Nordeste,5-20 mil,9195.0,-0.029580570896200923
2610509,100.34558823529414,0.025735294117648775,16.0,on_track,PE,Nordeste,5-20 mil,14056.0,-0.1683668218638753
2610608,119.23431372549112,2.0649509803922057,17.0,on_track,PE,Nordeste,20-50 mil,40569.0,-0.10212663607010422
2610707,86.63707246376794,-0.34452173913043577,24.0,will_not_meet,PE,Nordeste,100-500 mil,336919.0,-0.12849496842412686
2610806,102.26566907464712,0.9590299277605747,18.0,on_track,PE,Nordeste,5-20 mil,13013.0,-0.026955869499304536
2610905,84.95684210526309,-0.21333333333333954,19.0,will_not_meet,PE,Nordeste,20-50 mil,48809.0,-0.09326828090042562
2611002,102.13431372549002,0.18995098039215527,17.0,on_track,PE,Nordeste,20-50 mil,27077.0,0.010780817777759985
2611101,97.70040579710131,-0.039521739130438986,24.0,at_risk,PE,Nordeste,100-500 mil,267993.0,-0.33174112684421364
2611200,142.79367647058825,3.008970588235328,16.0,on_track,PE,Nordeste,5-20 mil,7029.0,-0.21957388526514868
2611309,120.79215686274483,1.268137254901963,17.0,on_track,PE,Nordeste,5-20 mil,18114.0,0.064587836162979
2611408,72.21523809523836,0.246363636363651,21.0,will_not_meet,PE,Nordeste,5-20 mil,9723.0,-0.1946035334395728
2611507,102.69047619047643,0.2324675324675445,21.0,on_track,PE,Nordeste,5-20 mil,12850.0,-0.10002240813979359
2611533,100.0,-5.584774207323182e-16,16.0,on_track,PE,Nordeste,<5 mil,2516.0,-0.08555198072010166
2611606,81.76475362318831,-0.3208260869565203,24.0,will_not_meet,PE,Nordeste,500 mil+,1661017.0,-0.11707670694108696
2611705,108.57455882352917,0.5288235294117587,16.0,on_track,PE,Nordeste,5-20 mil,9485.0,-0.14236547239408884
2611804,84.09370044228376,-0.43477308044785556,22.0,will_not_meet,PE,Nordeste,20-50 mil,36585.0,-0.1215450126851637
2611903,70.1361904761909,-0.5453246753246686,21.0,will_not_meet,PE,Nordeste,5-20 mil,14320.0,-0.15985647832109248
2612000,133.21617647058792,2.151470588235344,16.0,on_track,PE,Nordeste,5-20 mil,5385.0,-0.16349440851656385
2612109,100.0,-5.584774207323182e-16,16.0,on_track,PE,Nordeste,<5 mil,3687.0,-0.3088110248529355
2612208,100.00000000000001,-1.508613329084273e-15,22.0,on_track,PE,Nordeste,20-50 mil,49694.0,0.01059363710945922
2612307,81.30411764705991,0.6226470588235774,16.0,will_not_meet,PE,Nordeste,5-20 mil,7954.0,-0.21038147420901415
2612406,100.0,-5.584774207323182e-16,16.0,on_track,PE,Nordeste,5-20 mil,15548.0,-0.11496552789018373
2612455,100.0,-5.584774207323182e-16,16.0,on_track,PE,Nordeste,5-20 mil,5140.0,0.03843801690361544
2612471,1.8269891500903555,-0.10278028933092545,15.0,will_not_meet,PE,Nordeste,5-20 mil,5699.0,-0.3378341088120923
2612505,66.53856578204386,-0.5368718238283566,22.0,will_not_meet,PE,Nordeste,100-500 mil,109274.0,0.026965811404359562
2612554,100.0,-5.584774207323182e-16,16.0,on_track,PE,Nordeste,<5 mil,2438.0,-0.09843765147680905
2612604,102.69948400412795,0.1650154798761628,18.0,on_track,PE,Nordeste,5-20 mil,15944.0,-0.11443362124828145
2612703,121.26611627106922,1.3693498452012336,18.0,on_track,PE,Nordeste,<5 mil,3599.0,-0.2072670570269718
2612802,100.09676470588236,0.007205882352941392,16.0,on_track,PE,Nordeste,5-20 mil,7453.0,-0.04866553523872128
2612901,80.16761904761927,0.025584415584427467,21.0,will_not_meet,PE,Nordeste,5-20 mil,8338.0,-0.06490538112979062
2613008,90.14117647058828,-0.19117647058823703,17.0,at_risk,PE,Nordeste,20-50 mil,31737.0,-0.25065482376794856
2613107,118.27156862745142,1.3453431372549611,17.0,on_track,PE,Nordeste,20-50 mil,28779.0,-0.10073766870996158
2613206,99.99999999999997,-7.756248278775066e-16,17.0,on_track,PE,Nordeste,5-20 mil,10422.0,0.05879024523075374
2613305,106.57279411764705,0.43161764705882927,16.0,on_track,PE,Nordeste,5-20 mil,14778.0,0.02180730854660142
2613404,99.84952380952386,0.059610389610393555,21.0,on_track,PE,Nordeste,5-20 mil,16162.0,-0.1726017505761525
2613503,108.99705882352919,0.5477941176470509,17.0,on_track,PE,Nordeste,5-20 mil,16894.0,-0.1024788000062271
2613602,99.99999999999997,-7.756248278775066e-16,17.0,on_track,PE,Nordeste,20-50 mil,22528.0,-0.07572611424617057
2613701,91.17397101449274,0.7886086956521615,24.0,at_risk,PE,Nordeste,100-500 mil,108078.0,-0.040266229478843306
2613800,100.0542647058819,1.704705882352918,16.0,on_track,PE,Nordeste,5-20 mil,11959.0,0.1934441110241772
2613909,100.00000000000001,-1.508613329084273e-15,22.0,on_track,PE,Nordeste,50-100 mil,67644.0,0.00014315235979259704
2614006,100.0,-5.584774207323182e-16,16.0,on_track,PE,Nordeste,5-20 mil,6666.0,-0.15644099484947685
2614105,111.6529411764709,0.8279411764706165,17.0,on_track,PE,Nordeste,5-20 mil,19876.0,-0.057633050512293775
2614204,107.69619047619062,0.5710389610389687,21.0,on_track,PE,Nordeste,20-50 mil,24976.0,-0.10082869505681796
2614303,77.20323529411797,-0.11970588235292841,16.0,will_not_meet,PE,Nordeste,5-20 mil,6922.0,-0.1408640983545235
2614402,126.28397058823612,1.868088235294187,16.0,on_track,PE,Nordeste,<5 mil,1923.0,-0.18862880662519385
2614501,99.99999999999997,-7.756248278775066e-16,17.0,on_track,PE,Nordeste,20-50 mil,49813.0,-0.10001531777327559
2614600,100.08538011695906,0.008771929824560187,18.0,on_track,PE,Nordeste,20-50 mil,21589.0,-0.013913348434081423
2614709,100.04147058823531,0.003088235294117832,16.0,on_track,PE,Nordeste,5-20 mil,7151.0,-0.09466172357585996
2614808,130.90052631578692,1.8408771929823837,19.0,on_track,PE,Nordeste,5-20 mil,11013.0,-0.05287936448459046
2614857,99.99999999999994,-3.2329156420407523e-16,21.0,on_track,PE,Nordeste,5-20 mil,17467.0,0.09748642809669202
2615003,112.27382352941186,3.45602941176478,16.0,on_track,PE,Nordeste,20-50 mil,21256.0,-0.8754947051093034
2615102,100.0,-5.584774207323182e-16,16.0,on_track,PE,Nordeste,<5 mil,3068.0,-0.09930349165431052
2615201,100.0,-5.584774207323182e-16,16.0,on_track,PE,Nordeste,5-20 mil,5574.0,-0.10675124054140653
2615300,119.88137254901994,1.4208333333333711,17.0,on_track,PE,Nordeste,20-50 mil,45301.0,-0.08639256454712689
2615409,70.29573529411755,-0.942205882352948,16.0,will_not_meet,PE,Nordeste,20-50 mil,45195.0,-0.19780833786274488
2615508,91.12163768115931,0.284608695652165,24.0,at_risk,PE,Nordeste,5-20 mil,11642.0,-0.11031961379169125
2615607,126.71327536232002,1.4392173913043496,24.0,on_track,PE,Nordeste,20-50 mil,26754.0,-0.015709768387576612
2615706,105.15808823529426,0.4257352941176637,16.0,on_track,PE,Nordeste,5-20 mil,8064.0,-0.12764226223386144
2615805,100.0,-5.584774207323182e-16,16.0,on_track,PE,Nordeste,5-20 mil,9711.0,-0.018314004838559286
2615904,100.0,-5.584774207323182e-16,16.0,on_track,PE,Nordeste,5-20 mil,6624.0,-0.07229513097730596
2616001,97.82352941176464,0.8544117647059051,16.0,at_risk,PE,Nordeste,5-20 mil,12136.0,0.07591870980175137
2616100,100.0,-5.584774207323182e-16,16.0,on_track,PE,Nordeste,<5 mil,2819.0,-0.09276726924493273
2616183,114.72573529411738,1.1852941176470733,16.0,on_track,PE,Nordeste,<5 mil,1733.0,-0.2538160491188614
2616209,108.23147058823542,0.7105882352941371,16.0,on_track,PE,Nordeste,5-20 mil,15036.0,-0.087255224338487
2616308,122.3857352941177,1.7277941176470883,16.0,on_track,PE,Nordeste,5-20 mil,14778.0,-0.14254422911102052
2616407,86.4120271033315,-0.05522303783173452,22.0,will_not_meet,PE,Nordeste,100-500 mil,122518.0,-0.06522005254143069
2616506,98.8966772151899,-0.006625791139239517,13.0,at_risk,PE,Nordeste,5-20 mil,9623.0,-0.1511180833720835
2700102,101.16882352941181,0.14102941176470724,16.0,on_track,AL,Nordeste,5-20 mil,5334.0,-0.007515925303630665
2700201,109.32571428571418,1.2245454545454657,21.0,on_track,AL,Nordeste,5-20 mil,8992.0,-0.17603226230019323
2700300,115.47394871794882,1.0623589743589719,26.0,on_track,AL,Nordeste,100-500 mil,198698.0,-0.1643099882586137
2700409,58.79078735940084,-1.189109087662896,10.0,will_not_meet,AL,Nordeste,20-50 mil,24087.0,-0.1258893194291459
2700508,,,2.0,,AL,Nordeste,5-20 mil,15076.0,
2700607,105.02602941176474,0.4494117647058882,16.0,on_track,AL,Nordeste,5-20 mil,7261.0,0.0034175952227771035
2700706,73.91897058823452,-0.31441176470592314,16.0,will_not_meet,AL,Nordeste,5-20 mil,13004.0,0.1885041970637046
2700805,,,0.0,,AL,Nordeste,,,
2700904,111.4268421052634,0.9005263157894902,19.0,on_track,AL,Nordeste,<5 mil,1119.0,-0.24049883982914477
2701001,99.95868722216969,-0.001177527664805207,21.0,on_track,AL,Nordeste,5-20 mil,18569.0,-0.13838917025368397
2701100,16.66789838337172,-3.134411085450404,5.0,will_not_meet,AL,Nordeste,5-20 mil,6574.0,-0.08372757989157265
2701209,50.047894736844,0.6654385964913323,19.0,will_not_meet,AL,Nordeste,5-20 mil,5786.0,-0.14421901893714853
2701308,106.12400000000025,0.34500000000000675,25.0,on_track,AL,Nordeste,5-20 mil,17282.0,-0.1157455422886185
2701357,0.0,-6.474418604650009,5.0,will_not_meet,AL,Nordeste,5-20 mil,5854.0,0.7806270262568873
2701407,150.0,4.902467532467638,21.0,on_track,AL,Nordeste,20-50 mil,25293.0,-0.3612367651774435
2701506,94.83514705882351,-0.16294117647059114,16.0,at_risk,AL,Nordeste,<5 mil,4437.0,0.04666875542597132
2701605,135.78105263158068,2.581052631579035,19.0,on_track,AL,Nordeste,5-20 mil,5687.0,-0.021725505953102554
2701704,82.55779411764706,0.6491176470588237,16.0,will_not_meet,AL,Nordeste,5-20 mil,12524.0,-0.26059347084331086
2701803,104.43294117647076,0.4061764705882468,16.0,on_track,AL,Nordeste,5-20 mil,5427.0,-0.05990100527359076
2701902,122.78569114470793,1.3377159827213623,9.0,on_track,AL,Nordeste,<5 mil,4592.0,-0.8014551874415077
2702009,27.177794117646044,-2.4783823529411984,16.0,will_not_meet,AL,Nordeste,<5 mil,3623.0,0.10080400775452063
2702108,80.23271794871835,0.5371282051282238,26.0,will_not_meet,AL,Nordeste,5-20 mil,16785.0,-0.16918704667818504
2702207,89.16705882352949,0.943823529411774,16.0,at_risk,AL,Nordeste,5-20 mil,5293.0,-0.08379087998913409
2702306,143.2091748488201,2.9555432732948823,20.0,on_track,AL,Nordeste,50-100 mil,50916.0,-0.4470866914262881
2702355,91.85764705882315,-0.13294117647061418,16.0,at_risk,AL,Nordeste,5-20 mil,7896.0,0.06720786704038538
2702405,106.64304273504331,0.6361367521367813,26.0,on_track,AL,Nordeste,20-50 mil,38046.0,-0.1514351135275081
2702504,123.19661764705961,2.675147058823552,16.0,on_track,AL,Nordeste,5-20 mil,5169.0,0.042764679746551654
2702553,98.21455882352944,0.1988235294117666,16.0,at_risk,AL,Nordeste,<5 mil,4275.0,-0.013718719668806037
2702603,84.81367647058823,-0.5560294117647258,16.0,will_not_meet,AL,Nordeste,<5 mil,3561.0,0.07197196519506335
2702702,125.574999999998,1.9799999999998905,4.0,on_track,AL,Nordeste,<5 mil,3848.0,
2702801,70.31294117647121,-0.4288235294117337,16.0,will_not_meet,AL,Nordeste,5-20 mil,8341.0,0.10215534854288506
2702900,100.49029411764724,0.20911764705883218,16.0,on_track,AL,Nordeste,5-20 mil,12826.0,0.022398064096975014
2703007,75.75142857142919,0.9237662337662597,21.0,will_not_meet,AL,Nordeste,5-20 mil,9636.0,-0.2305839102807366
2703106,29.989264705882306,-2.9027941176471064,16.0,will_not_meet,AL,Nordeste,5-20 mil,6284.0,0.06417829234957108
2703205,67.82470588235265,-1.3516176470588463,16.0,will_not_meet,AL,Nordeste,5-20 mil,5057.0,-0.3059746028226198
2703304,93.0613235294116,-0.03147058823530386,16.0,at_risk,AL,Nordeste,5-20 mil,6886.0,0.0878643732153448
2703403,97.1889705882347,0.12058823529408852,16.0,at_risk,AL,Nordeste,<5 mil,2904.0,-0.08068498665117839
2703502,95.1738906088749,0.5564499484004132,18.0,at_risk,AL,Nordeste,<5 mil,4352.0,-0.06011610547171415
2703601,128.90867647058985,2.2289705882353474,16.0,on_track,AL,Nordeste,<5 mil,3602.0,0.12321526452211899
2703700,53.829852941175886,-1.6920588235294654,16.0,will_not_meet,AL,Nordeste,<5 mil,3014.0,-0.055322174682081685
2703759,103.68886910062258,0.3170080142475234,10.0,on_track,AL,Nordeste,<5 mil,2751.0,-0.027945652043542202
2703809,75.34102941176502,-0.605588235294117,16.0,will_not_meet,AL,Nordeste,5-20 mil,15498.0,0.038307635835932725
2703908,138.82720588235497,2.7308823529412733,16.0,on_track,AL,Nordeste,<5 mil,2771.0,-0.07600789725417584
2704005,128.49809523809563,2.2988311688312177,21.0,on_track,AL,Nordeste,5-20 mil,8091.0,-0.19743002349578512
2704104,62.68414172686744,-1.4351909184726461,18.0,will_not_meet,AL,Nordeste,5-20 mil,8885.0,-0.030959219038886408
2704203,96.8190721649487,-0.13865979381441798,5.0,at_risk,AL,Nordeste,<5 mil,2396.0,-0.030555362199148096
2704302,105.94454700854749,0.8476581196581353,26.0,on_track,AL,Nordeste,500 mil+,1030912.0,-0.42562295950311346
2704401,79.08088235294076,0.43235294117646406,16.0,will_not_meet,AL,Nordeste,5-20 mil,9811.0,0.012980627159659235
2704500,79.82874082439287,0.32693393562958944,22.0,will_not_meet,AL,Nordeste,20-50 mil,21606.0,0.016085143213782023
2704609,137.54637082903173,2.5239422084623375,18.0,on_track,AL,Nordeste,<5 mil,4421.0,-0.07877187420959725
2704708,113.77248979233445,1.716494709575497,22.0,on_track,AL,Nordeste,20-50 mil,49877.0,-0.17794462792674923
2704807,88.60176470588226,0.29720588235293693,16.0,will_not_meet,AL,Nordeste,5-20 mil,9615.0,0.03119875994776624
2704906,106.80823529411794,0.545294117647069,16.0,on_track,AL,Nordeste,<5 mil,1558.0,-0.02295978292571875
2705002,87.80993788819882,-0.10299265951439994,22.0,will_not_meet,AL,Nordeste,5-20 mil,5789.0,-0.11512736287699361
2705101,27.227794117647136,-0.92838235294119,16.0,will_not_meet,AL,Nordeste,20-50 mil,22878.0,-0.0007582451604641559
2705200,93.91985294117694,1.2029411764706197,16.0,at_risk,AL,Nordeste,5-20 mil,16554.0,0.007330660219213289
2705309,86.8413235294123,0.18352941176473625,16.0,will_not_meet,AL,Nordeste,<5 mil,2269.0,-0.017608365315173624
2705408,92.44794117647069,-0.2113235294117641,16.0,at_risk,AL,Nordeste,<5 mil,2601.0,-0.048868484750280265
2705507,72.530546955624,0.9510835913312512,18.0,will_not_meet,AL,Nordeste,20-50 mil,23530.0,-0.22695810436751154
2705606,73.3513235294131,0.3260294117647833,16.0,will_not_meet,AL,Nordeste,5-20 mil,7800.0,-0.07643717966079294
2705705,102.70807453416148,0.36177300959909714,22.0,on_track,AL,Nordeste,5-20 mil,14900.0,-0.17536410909983888
2705804,100.10749999999962,0.2724999999999892,16.0,on_track,AL,Nordeste,<5 mil,4509.0,0.004028462765296654
2705903,84.88279411764722,-0.45088235294117723,16.0,will_not_meet,AL,Nordeste,<5 mil,1246.0,0.03501298176580054
2706000,93.3288235294118,-0.19147058823529597,16.0,at_risk,AL,Nordeste,<5 mil,3317.0,-0.15845545141643186
2706109,45.44235294117652,-0.80455882352942,16.0,will_not_meet,AL,Nordeste,5-20 mil,7297.0,0.03046271205272879
2706208,98.5536764705877,0.07647058823526776,16.0,at_risk,AL,Nordeste,<5 mil,3205.0,0.03651406946011612
2706307,107.854256410257,0.6786666666666896,26.0,on_track,AL,Nordeste,50-100 mil,53872.0,-0.2096284053724251
2706406,58.427037694887986,-1.7201894612196393,18.0,will_not_meet,AL,Nordeste,5-20 mil,10993.0,0.400194743072644
2706422,104.95970588235241,0.42838235294116134,16.0,on_track,AL,Nordeste,<5 mil,2873.0,0.137756223233681
2706448,77.52602941176428,-0.4505882352941457,16.0,will_not_meet,AL,Nordeste,5-20 mil,11942.0,-0.01057108125848406
2706505,69.50000000000023,0.34558823529413973,17.0,will_not_meet,AL,Nordeste,5-20 mil,7476.0,-0.007969183582940248
2706604,97.52662538699695,0.011867905056761023,18.0,at_risk,AL,Nordeste,<5 mil,4994.0,-0.011029693240894582
2706703,92.92181265624231,-0.2364589971079873,22.0,at_risk,AL,Nordeste,20-50 mil,47724.0,-0.14473912844439832
2706802,19.42516239316228,-2.1443418803419116,26.0,will_not_meet,AL,Nordeste,5-20 mil,10839.0,-0.14922645248710403
2706901,92.98235294117649,1.2904411764706196,16.0,at_risk,AL,Nordeste,20-50 mil,33715.0,-0.20339022455700634
2707008,83.75619047619034,0.9997402597402628,21.0,will_not_meet,AL,Nordeste,<5 mil,1658.0,0.02624393119307574
2707107,0.0,-16.265367521367313,26.0,will_not_meet,AL,Nordeste,5-20 mil,14493.0,-0.5393189956640569
2707206,101.20544117647046,0.2861764705882257,16.0,on_track,AL,Nordeste,<5 mil,2128.0,0.10797763265742691
2707305,96.27999999999929,-0.2400000000000598,5.0,at_risk,AL,Nordeste,20-50 mil,21472.0,0.027499518887650884
2707404,113.49205882352817,2.3563235294117946,16.0,on_track,AL,Nordeste,<5 mil,4336.0,0.06380637898542532
2707503,138.63953488372908,1.52093023255848,5.0,on_track,AL,Nordeste,5-20 mil,6606.0,-0.3185974079241896
2707602,110.86749999999984,0.7775000000000024,16.0,on_track,AL,Nordeste,5-20 mil,6317.0,-0.060153027406850676
2707701,98.15172649572673,0.8512478632478778,26.0,at_risk,AL,Nordeste,50-100 mil,61814.0,-0.22344723460777216
2707800,150.0,3.567105263157903,7.0,on_track,AL,Nordeste,5-20 mil,5824.0,-0.13511743496145173
2707909,89.17441176470561,0.684264705882356,16.0,at_risk,AL,Nordeste,5-20 mil,6578.0,-0.6367456688038488
2708006,104.79842735042735,0.49459829059828886,26.0,on_track,AL,Nordeste,20-50 mil,28987.0,-0.21479708335581157
2708105,99.99999999999999,3.620158737111626e-17,6.0,on_track,AL,Nordeste,5-20 mil,5491.0,0.0
2708204,89.3496044031649,-0.31682146542827605,18.0,at_risk,AL,Nordeste,<5 mil,3306.0,-0.21939991925755675
2708303,101.44117647058843,0.12470588235295561,6.0,on_track,AL,Nordeste,5-20 mil,16326.0,-0.03736060382604156
2708402,103.96397058823504,0.4580882352941172,16.0,on_track,AL,Nordeste,5-20 mil,12555.0,-0.10647177941466905
2708501,43.85000000000059,0.2500000000000145,3.0,will_not_meet,AL,Nordeste,5-20 mil,16782.0,-0.3139210054460265
2708600,92.3851478010094,-0.1958904109589055,19.0,at_risk,AL,Nordeste,50-100 mil,60031.0,-0.24915484647886024
2708709,99.28885350318467,-0.02898089171974792,4.0,on_track,AL,Nordeste,<5 mil,2548.0,
2708808,91.45941176470615,1.839264705882389,16.0,at_risk,AL,Nordeste,5-20 mil,13237.0,0.07355690834476131
2708907,61.10352941176507,0.15691176470590062,16.0,will_not_meet,AL,Nordeste,5-20 mil,12301.0,-0.04255373684037518
2708956,122.6560294117644,1.9269117647058727,16.0,on_track,AL,Nordeste,<5 mil,4200.0,0.028581799604714395
2709004,,,1.0,,AL,Nordeste,<5 mil,2146.0,
2709103,101.01161764705881,0.20764705882353202,16.0,on_track,AL,Nordeste,5-20 mil,7753.0,-0.02357673445018485
2709152,150.0,4.298701298701388,21.0,on_track,AL,Nordeste,20-50 mil,37674.0,-0.41601268451600165
2709202,118.89006211180049,1.7848108413325818,22.0,on_track,AL,Nordeste,5-20 mil,8724.0,-0.16026754108254715
2709301,96.67936481263666,-0.1642917156780316,23.0,at_risk,AL,Nordeste,50-100 mil,50406.0,-0.1926677700788672
2709400,101.88558823529411,0.18323529411764733,16.0,on_track,AL,Nordeste,5-20 mil,18492.0,0.1323936595865585
2800100,83.85235294117649,-0.2620588235294171,16.0,will_not_meet,SE,Nordeste,<5 mil,1930.0,-0.24831240038662358
2800209,41.58382905982853,-2.6334700854700808,26.0,will_not_meet,SE,Nordeste,5-20 mil,12451.0,-0.10119633334834521
2800308,94.5600341880355,-0.20382905982900917,26.0,at_risk,SE,Nordeste,500 mil+,672614.0,-0.3784676912890023
2800407,102.16102941176467,0.20441176470588548,16.0,on_track,SE,Nordeste,<5 mil,4059.0,-0.12000803389098981
2800506,101.59558823529412,0.1382352941176463,16.0,on_track,SE,Nordeste,5-20 mil,9147.0,-0.2049049060152787
2800605,105.99073529411714,0.45529411764703454,16.0,on_track,SE,Nordeste,20-50 mil,26291.0,0.12276773697040688
2800670,67.78738461538501,-0.5978461538461446,26.0,will_not_meet,SE,Nordeste,5-20 mil,16900.0,-0.18279460375583798
2800704,107.9660294117648,1.0444117647058937,16.0,on_track,SE,Nordeste,<5 mil,4362.0,-0.04337919660438086
2801009,86.95056410256393,-0.5754871794871828,26.0,will_not_meet,SE,Nordeste,5-20 mil,9114.0,-0.08416139043948936
2801108,113.22970588235353,0.8883823529412179,16.0,on_track,SE,Nordeste,<5 mil,1517.0,-0.04017811447426912
2801207,53.95052631578801,-1.1529824561404278,19.0,will_not_meet,SE,Nordeste,5-20 mil,17600.0,-0.04331376200063855
2801306,92.78289855072433,-0.13086956521740203,24.0,at_risk,SE,Nordeste,20-50 mil,22339.0,-0.13565065652010783
2801405,99.78927159796726,0.15002823263693052,22.0,on_track,SE,Nordeste,5-20 mil,12499.0,-0.10723595703871067
2801504,99.68479439674648,-0.0029371893357443024,20.0,on_track,SE,Nordeste,5-20 mil,13675.0,-0.18318497945436482
2801603,101.8504411764705,0.17117647058823462,16.0,on_track,SE,Nordeste,5-20 mil,5300.0,-0.028552941554236533
2801702,85.4283760683752,-0.6627350427350719,26.0,will_not_meet,SE,Nordeste,5-20 mil,9175.0,-0.14935654021165184
2801900,107.95455882352962,0.6438235294117934,16.0,on_track,SE,Nordeste,<5 mil,2387.0,-0.2358674740243679
2802007,99.94761904761918,0.23571428571429698,21.0,on_track,SE,Nordeste,<5 mil,2567.0,-0.24886591957893095
2802106,106.1573291023094,0.4452859764489958,23.0,on_track,SE,Nordeste,50-100 mil,59445.0,-0.055827963452656296
2802205,108.38941176470621,0.6917647058823848,16.0,on_track,SE,Nordeste,<5 mil,3784.0,-0.08269134715250873
2802304,101.79029411764702,0.1841176470588277,16.0,on_track,SE,Nordeste,5-20 mil,9287.0,-0.08473261178460319
2802403,108.72720588235279,1.4308823529411914,16.0,on_track,SE,Nordeste,<5 mil,2880.0,-0.031054892885767755
2802502,102.86285714285759,0.3074025974026142,21.0,on_track,SE,Nordeste,<5 mil,2153.0,-0.0969535388558697
2802601,102.71500000000003,0.24500000000000652,16.0,on_track,SE,Nordeste,<5 mil,2792.0,-0.06911744259888758
2802700,100.43691176470588,0.6842647058823763,16.0,on_track,SE,Nordeste,5-20 mil,5548.0,-0.07972751158623191
2802809,83.68952380952396,0.8880519480519687,21.0,will_not_meet,SE,Nordeste,5-20 mil,6469.0,-0.28288666549263647
2802908,87.93617094017088,-0.4988376068376106,26.0,will_not_meet,SE,Nordeste,50-100 mil,75395.0,-0.14079840514315886
2803005,104.28648090815261,0.4034055727554176,18.0,on_track,SE,Nordeste,20-50 mil,21149.0,-0.12178945878116075
2803104,113.85000000000105,0.9149122807018049,19.0,on_track,SE,Nordeste,<5 mil,2695.0,-0.09095653979879277
2803203,49.605714285713475,-1.1990909090909345,21.0,will_not_meet,SE,Nordeste,5-20 mil,13678.0,-0.22190258830931564
2803302,100.9232636928289,0.11840767927724621,22.0,on_track,SE,Nordeste,5-20 mil,8935.0,-0.21911368188305494
2803401,103.5894736842107,0.35263157894738517,19.0,on_track,SE,Nordeste,<5 mil,4473.0,-0.08421878168111911
2803500,85.53517948717968,-0.6216410256410265,26.0,will_not_meet,SE,Nordeste,50-100 mil,54613.0,-0.16195889454951548
2803609,85.63238095238125,0.7731168831169052,21.0,will_not_meet,SE,Nordeste,20-50 mil,23963.0,0.1798485221225852
2803708,103.61970588235283,0.34588235294118064,16.0,on_track,SE,Nordeste,<5 mil,3351.0,-0.04401806876119513
2803807,110.70235294117674,0.8254411764706204,16.0,on_track,SE,Nordeste,<5 mil,1720.0,-0.09118850381442911
2803906,105.48911764705895,0.46514705882354607,16.0,on_track,SE,Nordeste,5-20 mil,5928.0,-0.022442081867822733
2804003,105.13238095238103,0.3685714285714343,21.0,on_track,SE,Nordeste,5-20 mil,12767.0,-0.13286489066197366
2804102,100.3495588235294,0.10382352941176541,16.0,on_track,SE,Nordeste,<5 mil,4751.0,-0.06940418015113796
2804201,103.88191176470605,0.36926470588236454,16.0,on_track,SE,Nordeste,5-20 mil,9039.0,-0.019935027635412612
2804300,101.57779411764707,0.1716176470588286,16.0,on_track,SE,Nordeste,<5 mil,3426.0,-0.06242567191888903
2804409,110.14684210526389,0.7310526315789986,19.0,on_track,SE,Nordeste,5-20 mil,10620.0,-0.08908928005474381
2804458,124.52831097351145,1.6661506707946303,18.0,on_track,SE,Nordeste,<5 mil,3583.0,-0.054483405361655225
2804508,87.7608547008549,-0.5080341880341892,26.0,will_not_meet,SE,Nordeste,20-50 mil,25088.0,-0.2943365756523693
2804607,101.28847609219116,0.28534571723426116,18.0,on_track,SE,Nordeste,5-20 mil,17577.0,-0.04041751370151348
2804706,104.25735294117669,0.44044117647060194,16.0,on_track,SE,Nordeste,<5 mil,3434.0,-0.035546296633746685
2804805,115.90025466892757,1.7764006791170384,20.0,on_track,SE,Nordeste,100-500 mil,181892.0,0.038435689143305474
2804904,102.90767113863092,0.3334365325077388,18.0,on_track,SE,Nordeste,<5 mil,2998.0,-0.04566281272930416
2805000,105.27308823529438,0.4082352941176631,16.0,on_track,SE,Nordeste,<5 mil,1332.0,-0.1136600318122762
2805109,35.50926470588297,-0.4677941176470262,16.0,will_not_meet,SE,Nordeste,5-20 mil,7126.0,-0.14473983282702527
2805208,100.34905400756782,0.2525283797729628,18.0,on_track,SE,Nordeste,<5 mil,3711.0,-0.07365369586568206
2805307,102.46573529411762,0.2927941176470669,16.0,on_track,SE,Nordeste,5-20 mil,5531.0,-0.07086699233341309
2805406,84.58573529411751,-0.33470588235295295,16.0,will_not_meet,SE,Nordeste,5-20 mil,9805.0,-0.3960707825932855
2805505,101.81720588235297,0.16338235294117873,16.0,on_track,SE,Nordeste,5-20 mil,13443.0,-0.07377386290844334
2805604,104.47947368421046,0.3198245614035126,19.0,on_track,SE,Nordeste,5-20 mil,10557.0,-0.2558263510047978
2805703,101.97515527950304,0.2211180124223616,22.0,on_track,SE,Nordeste,20-50 mil,25509.0,-0.30095266309622704
2805802,101.22380952380973,0.2681818181818308,21.0,on_track,SE,Nordeste,<5 mil,4979.0,-0.11582321212969757
2805901,95.3333333333335,0.0662337662337769,21.0,at_risk,SE,Nordeste,5-20 mil,8694.0,-0.21858135474200274
2806008,100.93632352941194,0.21852941176471283,16.0,on_track,SE,Nordeste,5-20 mil,13121.0,-0.03119834576345334
2806107,102.26857142857165,0.24922077922079117,21.0,on_track,SE,Nordeste,5-20 mil,7876.0,-0.21786723972258965
2806206,93.46852941176476,-0.010588235294115763,16.0,at_risk,SE,Nordeste,5-20 mil,6931.0,-0.03828257266934974
2806305,66.46761904761968,0.4872727272727529,21.0,will_not_meet,SE,Nordeste,<5 mil,3193.0,-0.07904597734354786
2806404,86.31397058823592,-0.21691176470585657,16.0,will_not_meet,SE,Nordeste,5-20 mil,5081.0,-0.0713756646069691
2806503,101.92857142857167,0.2493506493506605,21.0,on_track,SE,Nordeste,<5 mil,2242.0,-0.25162571157651503
2806602,106.27523809523814,0.5575324675324755,21.0,on_track,SE,Nordeste,5-20 mil,8780.0,-0.08821506746391132
2806701,114.15194395105618,2.006808762581388,18.0,on_track,SE,Nordeste,50-100 mil,77845.0,-0.0876469148430838
2806800,107.25558823529445,0.5432352941176691,16.0,on_track,SE,Nordeste,5-20 mil,5651.0,-0.06063903378141462
2806909,106.62985294117698,0.6329411764706185,16.0,on_track,SE,Nordeste,<5 mil,2690.0,0.00519719371954347
2807006,107.5110294117651,0.6669117647059113,16.0,on_track,SE,Nordeste,<5 mil,1873.0,-0.021019675737317042
2807105,93.38994202898533,-0.1757826086956544,24.0,at_risk,SE,Nordeste,20-50 mil,21493.0,-0.13875685605668195
2807204,92.69728242174074,-0.25758513931888266,18.0,at_risk,SE,Nordeste,<5 mil,3595.0,0.8772549565387254
2807303,108.28544117647016,0.5761764705882241,16.0,on_track,SE,Nordeste,<5 mil,1247.0,-0.08788790667402538
2807402,81.28249572649588,-0.6333675213675259,26.0,will_not_meet,SE,Nordeste,20-50 mil,35462.0,-0.09493584321596855
2807501,109.76676470588268,0.6922058823529592,16.0,on_track,SE,Nordeste,5-20 mil,5066.0,-0.07904636252591872
2807600,80.1379411764708,0.9711764705882511,16.0,will_not_meet,SE,Nordeste,5-20 mil,16012.0,-0.14222913595179248
2900108,,,0.0,,BA,Nordeste,,,
2900207,144.74416924664547,3.1013415892672893,18.0,on_track,BA,Nordeste,5-20 mil,10897.0,0.014171137852976374
2900306,104.6376470588238,0.2945588235294254,16.0,on_track,BA,Nordeste,5-20 mil,13263.0,0.005141862374448092
2900355,99.99999999999997,1.1330190698357442e-16,19.0,on_track,BA,Nordeste,5-20 mil,6107.0,0.03090011909615933
2900405,99.65882352941176,-0.014705882352942512,17.0,on_track,BA,Nordeste,5-20 mil,6278.0,-0.06389176770847202
2900504,45.58310980720853,-1.6079840737637412,13.0,will_not_meet,BA,Nordeste,<5 mil,1952.0,-0.0966237243203814
2900603,98.11999999999998,-0.06500000000000226,16.0,at_risk,BA,Nordeste,<5 mil,2555.0,-0.08720196653809946
2900702,99.22263343018776,-0.0019842483560330707,23.0,on_track,BA,Nordeste,100-500 mil,133719.0,-0.20117134661532843
2900801,103.688947368421,0.22929824561403672,19.0,on_track,BA,Nordeste,5-20 mil,11730.0,-0.08889017391357175
2900900,99.81441176470588,-0.00823529411764884,16.0,on_track,BA,Nordeste,<5 mil,4214.0,-0.003118726130842945
2901007,97.71451668386658,-0.09576883384932867,18.0,at_risk,BA,Nordeste,20-50 mil,27268.0,-0.05430485726671504
2901106,93.67455882352954,0.028823529411771794,16.0,at_risk,BA,Nordeste,5-20 mil,19804.0,-0.02880647325824379
2901155,101.5691176470589,0.10514705882353531,16.0,on_track,BA,Nordeste,5-20 mil,10917.0,0.0010153559689287529
2901205,98.58142414860686,-0.05944272445820393,18.0,at_risk,BA,Nordeste,<5 mil,4097.0,-0.03386405786788955
2901304,104.76558823529422,0.32323529411766283,16.0,on_track,BA,Nordeste,5-20 mil,7306.0,0.005132464922867496
2901353,99.81441176470588,-0.00823529411764884,16.0,on_track,BA,Nordeste,5-20 mil,6209.0,0.01956095514054474
2901403,124.25793337097639,1.5516657255787665,22.0,on_track,BA,Nordeste,5-20 mil,6452.0,-0.007577261123559514
2901502,100.0,-5.584774207323182e-16,16.0,on_track,BA,Nordeste,<5 mil,4802.0,-0.029335125096319664
2901601,99.90720588235295,-0.004117647058823843,16.0,on_track,BA,Nordeste,5-20 mil,7324.0,-0.01810981005186473
2901700,100.0,-5.584774207323182e-16,16.0,on_track,BA,Nordeste,<5 mil,3257.0,-0.027888629558245108
2901809,98.21014705882357,-0.075441176470589,16.0,at_risk,BA,Nordeste,5-20 mil,6277.0,-0.08863459443711896
2901908,103.18761904761874,0.17714285714284836,21.0,on_track,BA,Nordeste,5-20 mil,8557.0,0.026426221727531604
2901957,103.78602941176541,0.5044117647059232,16.0,on_track,BA,Nordeste,<5 mil,4990.0,0.01874680772518602
2902005,100.0,-5.584774207323182e-16,16.0,on_track,BA,Nordeste,<5 mil,3714.0,-0.01722199872696498
2902054,99.3826086956521,0.03277591973243868,4.0,on_track,BA,Nordeste,5-20 mil,6147.0,-0.06071668875311807
2902104,111.82952380952361,0.6606493506493434,21.0,on_track,BA,Nordeste,20-50 mil,20874.0,-0.07673773614616078
2902203,101.9809523809522,0.17987012987012327,21.0,on_track,BA,Nordeste,5-20 mil,5882.0,-0.08159302666484917
2902252,84.76205882352929,-0.5336764705882376,16.0,will_not_meet,BA,Nordeste,5-20 mil,5863.0,-0.010881059428155315
2902302,88.8404511278195,-0.32067669172931107,20.0,will_not_meet,BA,Nordeste,5-20 mil,5673.0,-0.0903563006880963
2902401,118.93264705882393,1.304558823529444,16.0,on_track,BA,Nordeste,5-20 mil,9311.0,0.013739096765427075
2902500,113.49691176470651,0.9517647058823933,16.0,on_track,BA,Nordeste,<5 mil,3514.0,0.18935709197218198
2902609,100.65220588235297,0.04338235294117801,16.0,on_track,BA,Nordeste,5-20 mil,8492.0,0.009436556679844606
2902658,100.0,-5.584774207323182e-16,16.0,on_track,BA,Nordeste,<5 mil,4534.0,0.009656225503659813
2902708,99.68345323741,0.0079136690647458,9.0,on_track,BA,Nordeste,20-50 mil,24381.0,-0.09738960937419701
2902807,150.0,8.689423835832532,13.0,on_track,BA,Nordeste,5-20 mil,9918.0,-0.19021449673895668
2902906,100.0,-5.584774207323182e-16,16.0,on_track,BA,Nordeste,5-20 mil,19858.0,0.0019230426991485364
2903003,99.81441176470588,-0.00823529411764884,16.0,on_track,BA,Nordeste,5-20 mil,5872.0,0.005249150547113044
2903102,99.49823529411765,-0.022205882352942848,16.0,on_track,BA,Nordeste,<5 mil,3325.0,-0.011561889100133163
2903201,106.13862224731758,0.34353472614341574,22.0,on_track,BA,Nordeste,100-500 mil,142654.0,-0.021310499137509174
2903235,133.71544117647136,2.5661764705883527,16.0,on_track,BA,Nordeste,5-20 mil,7481.0,-0.03984244668123708
2903276,100.62764705882364,0.2145588235294153,16.0,on_track,BA,Nordeste,5-20 mil,6511.0,-0.02536321431314475
2903300,,,0.0,,BA,Nordeste,5-20 mil,5012.0,
2903409,79.62862057103541,-0.40619195046440615,18.0,will_not_meet,BA,Nordeste,5-20 mil,12333.0,-0.029598196931817936
2903508,121.64250797025034,2.796546227417808,14.0,on_track,BA,Nordeste,5-20 mil,9588.0,0.21000180523981296
2903607,99.72161764705882,-0.012352941176472117,16.0,on_track,BA,Nordeste,<5 mil,3790.0,-0.03350814070191508
2903706,106.55985294117579,0.3979411764705568,16.0,on_track,BA,Nordeste,<5 mil,4534.0,0.008834329827279856
2903805,99.85368421052631,-0.005964912280700888,19.0,on_track,BA,Nordeste,5-20 mil,6776.0,-0.09663828319903298
2903904,101.19160079051385,0.08942687747035737,23.0,on_track,BA,Nordeste,20-50 mil,47628.0,-0.12388339708469401
2903953,99.90720588235295,-0.004117647058823843,16.0,on_track,BA,Nordeste,<5 mil,2674.0,0.0028764948699173767
2904001,106.13294117647104,0.40617647058825546,16.0,on_track,BA,Nordeste,<5 mil,4884.0,0.012891245293941589
2904050,98.77191176470564,0.0017647058823390249,16.0,at_risk,BA,Nordeste,5-20 mil,7142.0,-0.045524780362426645
2904100,37.66023166023524,-1.2944015444014327,3.0,will_not_meet,BA,Nordeste,5-20 mil,7180.0,-0.16587869662512725
2904209,99.81441176470588,-0.00823529411764884,16.0,on_track,BA,Nordeste,<5 mil,3673.0,0.03632927627233983
2904308,98.93137254901956,-0.04607843137255196,17.0,at_risk,BA,Nordeste,<5 mil,4893.0,0.02070749968876337
2904407,92.56624060150386,-0.2843609022556185,20.0,at_risk,BA,Nordeste,<5 mil,1912.0,-0.12012498319480593
2904506,105.77029411764647,0.3491176470587967,16.0,on_track,BA,Nordeste,<5 mil,3115.0,0.02018250529420155
2904605,102.38283455674761,0.1382269904009037,22.0,on_track,BA,Nordeste,20-50 mil,47133.0,-0.09079003792131296
2904704,100.68088235294158,0.28235294117649384,16.0,on_track,BA,Nordeste,5-20 mil,15001.0,-0.024826040943085395
2904753,99.79217391304348,-0.0046583850931671625,10.0,on_track,BA,Nordeste,5-20 mil,8620.0,0.015913345221058913
2904803,101.53779411764715,0.10161764705882945,16.0,on_track,BA,Nordeste,<5 mil,2946.0,-0.05087421107881538
2904852,105.3141176470591,0.44014705882355437,16.0,on_track,BA,Nordeste,5-20 mil,5095.0,-0.08746349237627486
2904902,94.73249999999996,-0.2150000000000032,16.0,at_risk,BA,Nordeste,5-20 mil,17223.0,-0.020233739652414148
2905008,100.02789473684207,0.0015789473684214704,19.0,on_track,BA,Nordeste,5-20 mil,14010.0,-0.08824534384765305
2905107,150.0,7.052198492462397,15.0,on_track,BA,Nordeste,<5 mil,3142.0,0.0006118960678649336
2905156,116.32197802197834,1.082417582417605,13.0,on_track,BA,Nordeste,<5 mil,3540.0,0.34717974735267604
2905206,104.77082706766925,0.28375939849623627,20.0,on_track,BA,Nordeste,20-50 mil,30644.0,-0.08514275130823168
2905305,109.08205882352945,0.576323529411761,16.0,on_track,BA,Nordeste,5-20 mil,11408.0,-0.015989537660912104
2905404,87.12279411764723,-0.3933823529411716,16.0,will_not_meet,BA,Nordeste,5-20 mil,9891.0,-0.050330293920024693
2905503,99.90720588235295,-0.004117647058823843,16.0,on_track,BA,Nordeste,<5 mil,4909.0,0.023509523193807294
2905602,81.4323529411763,-0.6963235294117883,17.0,will_not_meet,BA,Nordeste,20-50 mil,25117.0,0.025922122900118225
2905701,97.9330598290598,0.17576068376068033,26.0,at_risk,BA,Nordeste,100-500 mil,295213.0,0.08406390904896385
2905800,101.3057142857143,0.10155844155844417,21.0,on_track,BA,Nordeste,5-20 mil,15735.0,-0.06340959930635576
2905909,82.86804123711408,-0.7876288659793469,5.0,will_not_meet,BA,Nordeste,5-20 mil,8343.0,0.6691167958245728
2906006,104.36759398496241,0.283609022556386,20.0,on_track,BA,Nordeste,20-50 mil,26781.0,-0.13086848316987507
2906105,99.73045112781955,-0.010676691729321484,20.0,on_track,BA,Nordeste,<5 mil,3322.0,0.09598435137408769
2906204,99.5908270676692,-0.016240601503756835,20.0,on_track,BA,Nordeste,5-20 mil,12598.0,-0.041195387902408814
2906303,98.27485294117685,0.08044117647060894,16.0,at_risk,BA,Nordeste,20-50 mil,24610.0,0.053316729458075564
2906402,99.81441176470588,-0.00823529411764884,16.0,on_track,BA,Nordeste,<5 mil,3169.0,0.007370040596974907
2906501,99.45375362318846,0.07817391304347816,24.0,on_track,BA,Nordeste,50-100 mil,80254.0,0.5139484816544498
2906600,98.1441176470588,-0.08235294117647392,16.0,at_risk,BA,Nordeste,5-20 mil,8430.0,0.0424077057431517
2906709,119.27602941176428,1.4994117647059135,16.0,on_track,BA,Nordeste,5-20 mil,17216.0,-0.10956378692838406
2906808,99.90720588235295,-0.004117647058823843,16.0,on_track,BA,Nordeste,5-20 mil,11698.0,-0.0048790554605617886
2906824,104.11684210526346,0.2347368421052672,20.0,on_track,BA,Nordeste,5-20 mil,9306.0,-0.02249851134022215
2906857,99.99999999999997,1.1330190698357442e-16,19.0,on_track,BA,Nordeste,5-20 mil,5629.0,-0.05695686765431834
2906873,98.87705882352914,-0.013676470588250682,16.0,at_risk,BA,Nordeste,20-50 mil,25429.0,-0.0020568743308849186
2906899,100.0,-5.584774207323182e-16,16.0,on_track,BA,Nordeste,<5 mil,2129.0,0.0035717523898196107
2906907,125.24323529411731,1.7002941176470885,16.0,on_track,BA,Nordeste,5-20 mil,11706.0,0.016461569596352935
2907004,94.71823529411768,-0.22470588235294367,16.0,at_risk,BA,Nordeste,<5 mil,3063.0,0.016092390274119996
2907103,96.28676470588246,-0.12279411764705685,16.0,at_risk,BA,Nordeste,5-20 mil,12912.0,-0.028890274896038334
2907202,95.3735050391945,0.14992161254203207,14.0,at_risk,BA,Nordeste,20-50 mil,42256.0,-0.12731927877117258
2907301,98.32970588235293,-0.07411764705882565,16.0,at_risk,BA,Nordeste,5-20 mil,16279.0,-0.10002256090676259
2907400,80.76993006992939,-0.8031468531468406,12.0,will_not_meet,BA,Nordeste,<5 mil,1340.0,0.14782376412320672
2907509,97.293082706767,-0.08962406015036996,20.0,at_risk,BA,Nordeste,20-50 mil,46225.0,-0.246314324911895
2907558,102.97794117647027,0.17867647058822123,16.0,on_track,BA,Nordeste,<5 mil,2497.0,0.09236227924606175
2907608,103.30529411764667,0.20411764705880617,16.0,on_track,BA,Nordeste,5-20 mil,8291.0,0.02811503635020822
2907707,97.11764705882342,-0.12794117647059364,16.0,at_risk,BA,Nordeste,<5 mil,2750.0,0.03491206060624642
2907806,104.53952528379767,0.2864809081527355,18.0,on_track,BA,Nordeste,5-20 mil,17910.0,0.0031737376019401386
2907905,105.05904761904742,0.2946753246753218,21.0,on_track,BA,Nordeste,5-20 mil,12467.0,-0.040395070517798386
2908002,98.10617647058837,0.008970588235300126,16.0,at_risk,BA,Nordeste,5-20 mil,14717.0,-0.01142714666028127
2908101,,,1.0,,BA,Nordeste,5-20 mil,8894.0,
2908200,99.25764705882351,-0.03294117647058997,16.0,on_track,BA,Nordeste,5-20 mil,14775.0,-0.051196807304097744
2908309,108.37485294117687,0.7179411764706172,16.0,on_track,BA,Nordeste,5-20 mil,7571.0,-0.07141098841824808
2908408,97.03105263157917,-0.0250877192982322,19.0,at_risk,BA,Nordeste,20-50 mil,39409.0,-0.026316835499684738
2908507,74.38431372549178,0.2950980392157748,17.0,will_not_meet,BA,Nordeste,20-50 mil,26280.0,-0.022799121676369813
2908606,99.90720588235295,-0.004117647058823843,16.0,on_track,BA,Nordeste,5-20 mil,13466.0,0.04399444430088314
2908705,99.81441176470588,-0.00823529411764884,16.0,on_track,BA,Nordeste,5-20 mil,7557.0,-0.05429304413023799
2908804,98.2977941176467,0.006617647058803803,16.0,at_risk,BA,Nordeste,<5 mil,1983.0,-0.013461026767259668
2908903,110.02014705882311,0.6295588235294097,16.0,on_track,BA,Nordeste,5-20 mil,9396.0,-0.07940181131176216
2909000,98.79367647058821,-0.05352941176470778,16.0,at_risk,BA,Nordeste,<5 mil,2707.0,-0.04602041980700561
2909109,94.84545454545463,-0.1809090909090815,11.0,at_risk,BA,Nordeste,5-20 mil,6112.0,-0.15729181237146636
2909208,99.93180451127822,-0.002706766917290601,20.0,on_track,BA,Nordeste,5-20 mil,6417.0,-0.037312163023219505
2909307,99.99999999999999,1.1585857157077067e-16,14.0,on_track,BA,Nordeste,5-20 mil,13005.0,-0.5544754569248656
2909406,97.38926470588231,-0.027794117647061935,16.0,at_risk,BA,Nordeste,5-20 mil,6707.0,-0.07397787242243516
2909505,95.70955882352962,-0.04117647058822618,16.0,at_risk,BA,Nordeste,<5 mil,3376.0,0.08635630660609567
2909604,113.29142857142938,0.8645454545454887,21.0,on_track,BA,Nordeste,5-20 mil,9116.0,-0.052416512527131566
2909703,97.78428571428577,-0.0814285714285656,20.0,at_risk,BA,Nordeste,<5 mil,3298.0,-0.08348149952687002
2909802,95.73556390977461,-0.15834586466164086,20.0,at_risk,BA,Nordeste,50-100 mil,54411.0,0.03955350795886518
2909901,101.50063018242128,0.16630182421227627,19.0,on_track,BA,Nordeste,5-20 mil,14955.0,0.01628799851777687
2910008,102.31088235294087,0.1473529411764568,16.0,on_track,BA,Nordeste,<5 mil,4103.0,-0.0010838462198318314
2910057,73.19498550724586,-0.4026956521739234,24.0,will_not_meet,BA,Nordeste,50-100 mil,78707.0,0.07170244471230575
2910107,142.2882943143859,3.2103678929767234,4.0,on_track,BA,Nordeste,<5 mil,2424.0,0.066970233212284
2910206,99.25342277261787,-0.031269349845200654,18.0,on_track,BA,Nordeste,<5 mil,1851.0,-0.13290594435164876
2910305,99.23588235294116,-0.027647058823529722,16.0,on_track,BA,Nordeste,<5 mil,3322.0,-0.04421039381208401
2910404,104.02285714285779,0.40428571428574706,21.0,on_track,BA,Nordeste,<5 mil,3435.0,-0.22742795139195257
2910503,98.04438170525125,-0.018633540372672362,22.0,at_risk,BA,Nordeste,20-50 mil,25121.0,-1.095585952230681
2910602,106.80744360902406,0.46383458646621417,20.0,on_track,BA,Nordeste,20-50 mil,24059.0,-0.08345944198104449
2910701,100.19007518797048,0.03488721804513959,20.0,on_track,BA,Nordeste,20-50 mil,29765.0,-0.023839348642205094
2910727,92.67473684210557,-0.1270175438596356,19.0,at_risk,BA,Nordeste,100-500 mil,107550.0,-0.10239212418218858
2910750,99.71588235294118,-0.012647058823530852,16.0,on_track,BA,Nordeste,5-20 mil,6974.0,0.022913542212758885
2910776,102.58100890207686,0.19154302670622034,5.0,on_track,BA,Nordeste,<5 mil,2966.0,
2910800,109.02266666666651,0.7444102564102578,26.0,on_track,BA,Nordeste,500 mil+,572524.0,-0.011866796276995842
2910859,99.72161764705882,-0.012352941176472117,16.0,on_track,BA,Nordeste,5-20 mil,8792.0,0.02607107356846353
2910909,128.1294117647053,1.886764705882362,16.0,on_track,BA,Nordeste,<5 mil,4544.0,-0.06497527976842768
2911006,99.7708823529412,-0.010147058823530305,16.0,on_track,BA,Nordeste,5-20 mil,7250.0,-0.04795412435212611
2911105,99.76323529411768,0.010294117647059219,16.0,on_track,BA,Nordeste,5-20 mil,15818.0,-0.056181328480723734
2911204,73.94102564102536,-0.790856313497787,21.0,will_not_meet,BA,Nordeste,20-50 mil,26848.0,-0.09080931328518814
2911253,100.0,-5.584774207323182e-16,16.0,on_track,BA,Nordeste,<5 mil,2458.0,-0.03167984415592957
2911303,101.52210526316003,1.6800000000000872,19.0,on_track,BA,Nordeste,5-20 mil,5683.0,0.09227963252071492
2911402,99.90759398496239,0.003609022556391372,20.0,on_track,BA,Nordeste,<5 mil,2859.0,-0.04677667429932095
2911501,108.60352941176416,0.8194117647058663,16.0,on_track,BA,Nordeste,<5 mil,4393.0,-0.024865158605125056
2911600,96.75544117647064,-0.13882352941176648,16.0,at_risk,BA,Nordeste,5-20 mil,7785.0,-0.03134700600821368
2911659,104.30647058823484,0.2605882352940973,16.0,on_track,BA,Nordeste,<5 mil,1271.0,-0.17795384159208907
2911709,101.42134387351773,0.08458498023715323,22.0,on_track,BA,Nordeste,50-100 mil,67740.0,-0.0045819334369864165
2911808,97.9085294117647,-0.0780882352941192,16.0,at_risk,BA,Nordeste,5-20 mil,9672.0,-0.01333179531520911
2911857,101.45632352941186,0.11602941176471163,16.0,on_track,BA,Nordeste,5-20 mil,5327.0,0.0289607017984728
2911907,104.80931677018617,0.27617165443252545,22.0,on_track,BA,Nordeste,5-20 mil,18768.0,-0.0800462045166327
2912004,100.0,-5.584774207323182e-16,16.0,on_track,BA,Nordeste,<5 mil,4139.0,-0.027696702643110502
2912103,99.2241465863454,-0.026857429718876606,15.0,on_track,BA,Nordeste,5-20 mil,15535.0,-0.18242461526652154
2912202,70.87632352941296,0.9385294117647768,16.0,will_not_meet,BA,Nordeste,5-20 mil,12679.0,-0.05711484726016951
2912301,102.44941176470616,0.6592647058823659,16.0,on_track,BA,Nordeste,5-20 mil,12326.0,-0.004427507292413939
2912400,93.46338235294171,0.07985294117649884,16.0,at_risk,BA,Nordeste,5-20 mil,10884.0,0.033952943178609696
2912509,97.21617647058821,-0.1235294117647106,16.0,at_risk,BA,Nordeste,5-20 mil,5453.0,-0.019038125668184372
2912608,94.65676470588232,-0.22529411764705976,16.0,at_risk,BA,Nordeste,<5 mil,2047.0,0.04142741235569315
2912707,88.64294117647057,-0.4263235294117692,16.0,will_not_meet,BA,Nordeste,5-20 mil,6391.0,-0.016528397697714886
2912806,100.0,-5.584774207323182e-16,16.0,on_track,BA,Nordeste,<5 mil,4979.0,-0.10608219019932709
2912905,117.45514705882351,1.147058823529431,16.0,on_track,BA,Nordeste,5-20 mil,12030.0,-0.00865461693545457
2913002,129.82730318257745,2.387185929648232,15.0,on_track,BA,Nordeste,<5 mil,3649.0,-0.08904396432883795
2913101,99.65882352941176,-0.014705882352942512,17.0,on_track,BA,Nordeste,5-20 mil,7968.0,0.01678999021652751
2913200,101.16857142857133,0.06740259740259402,21.0,on_track,BA,Nordeste,20-50 mil,20768.0,0.08142833642744544
2913309,96.72676470588254,-0.027794117647049907,16.0,at_risk,BA,Nordeste,<5 mil,3991.0,-0.022815576138131448
2913408,98.08197674418562,-0.04127906976746075,8.0,at_risk,BA,Nordeste,5-20 mil,8100.0,0.0486487511186552
2913457,100.41102941176496,0.15441176470589493,16.0,on_track,BA,Nordeste,<5 mil,4153.0,-0.0986968947467961
2913507,99.07632352941178,-0.02397058823529494,16.0,on_track,BA,Nordeste,5-20 mil,15318.0,-0.007387487151335513
2913606,101.1304761904762,0.22129870129870735,21.0,on_track,BA,Nordeste,100-500 mil,132864.0,-0.23380117637042988
2913705,103.32285714285712,0.28740259740259666,21.0,on_track,BA,Nordeste,5-20 mil,17536.0,-0.037738618482316834
2913804,100.0,-5.584774207323182e-16,16.0,on_track,BA,Nordeste,<5 mil,2447.0,-0.04104305841812665
2913903,99.74117647058824,-0.0110294117647065,16.0,on_track,BA,Nordeste,20-50 mil,41821.0,0.01869206885332782
2914000,100.8909774436092,0.05353383458647414,20.0,on_track,BA,Nordeste,20-50 mil,28979.0,-0.08596492336875795
2914109,102.49270676691702,0.16593984962404168,20.0,on_track,BA,Nordeste,5-20 mil,6410.0,0.1024305030015749
2914208,93.28544117647073,-0.28632352941176653,16.0,at_risk,BA,Nordeste,<5 mil,3410.0,0.02441752284514293
2914307,104.23308823529362,0.26323529411762653,16.0,on_track,BA,Nordeste,<5 mil,3549.0,-0.030414775453544044
2914406,102.32514705882343,0.15705882352940673,16.0,on_track,BA,Nordeste,5-20 mil,7692.0,-0.042768066067210495
2914505,111.7480392156856,0.7424019607843031,17.0,on_track,BA,Nordeste,5-20 mil,11999.0,-0.2862391873979638
2914604,106.4597744360899,0.38533834586462534,20.0,on_track,BA,Nordeste,50-100 mil,68274.0,-0.031638813698581854
2914653,88.40602941176462,-0.34808823529412264,16.0,will_not_meet,BA,Nordeste,20-50 mil,23275.0,0.02176579054382899
2914703,99.80509115927073,-0.00815273477812253,18.0,on_track,BA,Nordeste,50-100 mil,50974.0,-0.04617636322243698
2914802,91.45447700447664,-0.36611721611721587,27.0,at_risk,BA,Nordeste,100-500 mil,208867.0,-0.30913664262513496
2914901,114.35686274509862,1.0887254901961345,17.0,on_track,BA,Nordeste,5-20 mil,16297.0,-0.05202564730112041
2915007,95.1882352941177,-0.1897058823529449,16.0,at_risk,BA,Nordeste,5-20 mil,6725.0,0.005089090392682794
2915106,99.20784313725483,-0.032843137254903725,17.0,on_track,BA,Nordeste,5-20 mil,9497.0,-0.035175950005974226
2915205,114.64308823529518,1.4432352941177273,16.0,on_track,BA,Nordeste,5-20 mil,9029.0,-0.011206065961128284
2915304,93.939411764706,-0.20823529411764963,16.0,at_risk,BA,Nordeste,5-20 mil,5390.0,-0.03998238750464255
2915353,150.0,6.113333333333535,9.0,on_track,BA,Nordeste,<5 mil,2881.0,-0.1949664355880899
2915403,98.79691176470587,-0.04823529411764904,16.0,at_risk,BA,Nordeste,5-20 mil,5223.0,0.1240555600430591
2915502,108.30629370629254,0.5832167832166971,12.0,on_track,BA,Nordeste,5-20 mil,16222.0,-0.0014863647629685455
2915601,97.91413533834594,-0.08120300751878984,20.0,at_risk,BA,Nordeste,50-100 mil,50854.0,0.08673243531426153
2915700,110.5463235294119,1.223529411764716,16.0,on_track,BA,Nordeste,5-20 mil,5889.0,-0.03677187823052288
2915809,102.81619047619085,0.4362337662337879,21.0,on_track,BA,Nordeste,5-20 mil,19173.0,-0.08906793378435827
2915908,94.42180451127854,-0.1527067669172705,20.0,at_risk,BA,Nordeste,<5 mil,1970.0,-0.16266451546504693
2916005,98.72947368421043,-0.049473684210529036,19.0,at_risk,BA,Nordeste,5-20 mil,13514.0,-0.05092715062576121
2916104,88.13575362318835,-0.2348260869565177,24.0,will_not_meet,BA,Nordeste,20-50 mil,22440.0,0.029638077978133916
2916203,99.72161764705882,-0.012352941176472117,16.0,on_track,BA,Nordeste,5-20 mil,5420.0,-0.00044257292724376334
2916302,98.52867647058841,0.06397058823530251,16.0,at_risk,BA,Nordeste,5-20 mil,8014.0,-0.005728152841032985
2916401,101.04544117647072,0.1061764705882442,16.0,on_track,BA,Nordeste,50-100 mil,75144.0,-0.14101170398545446
2916500,101.81142857142835,0.10441558441557741,21.0,on_track,BA,Nordeste,5-20 mil,7484.0,-0.1336440462604183
2916609,91.99274165806685,-0.28544891640866804,18.0,at_risk,BA,Nordeste,5-20 mil,7648.0,-0.05482548682329265
2916708,99.7908823529412,-0.00014705882352968137,16.0,on_track,BA,Nordeste,5-20 mil,5026.0,-0.01383906187237507
2916807,94.21428571428561,-0.20194805194805657,21.0,at_risk,BA,Nordeste,5-20 mil,16456.0,-0.0698873195777349
2916856,100.48661764705865,0.04514705882351974,16.0,on_track,BA,Nordeste,5-20 mil,10158.0,-0.05770846212158788
2916906,96.61808823529486,0.44323529411769996,16.0,at_risk,BA,Nordeste,5-20 mil,9368.0,-0.03165213856837076
2917003,103.37601503759527,0.19097744360906813,20.0,on_track,BA,Nordeste,5-20 mil,9706.0,-0.07094092293412176
2917102,96.94784205693273,-0.12470156106521006,10.0,at_risk,BA,Nordeste,5-20 mil,18531.0,-0.024627666680991166
2917201,99.35044117647061,-0.02882352941176668,16.0,on_track,BA,Nordeste,5-20 mil,6920.0,0.01594494209869756
2917300,86.10761904761898,-0.14012987012987008,21.0,will_not_meet,BA,Nordeste,20-50 mil,20902.0,-0.15380097386724217
2917334,102.39545923632605,0.13880288957688192,18.0,on_track,BA,Nordeste,5-20 mil,5351.0,0.15371272217938584
2917359,77.04620689655121,-1.0429310344828022,9.0,will_not_meet,BA,Nordeste,<5 mil,2770.0,-0.12179189121172572
2917409,113.93235294117676,1.8904411764706317,16.0,on_track,BA,Nordeste,5-20 mil,5357.0,0.0230550531229855
2917508,107.86984962406086,0.49022556390977984,20.0,on_track,BA,Nordeste,50-100 mil,56927.0,-0.08097425737466168
2917607,112.1878290598288,0.6200683760683645,26.0,on_track,BA,Nordeste,20-50 mil,41822.0,-0.3855924930109897
2917706,99.9564705882353,-0.0019117647058830185,16.0,on_track,BA,Nordeste,5-20 mil,18568.0,-0.07127863899255157
2917805,120.41985294117876,2.3654411764707053,16.0,on_track,BA,Nordeste,5-20 mil,6165.0,-0.00745331119920474
2917904,115.43180451127637,1.5972932330825724,20.0,on_track,BA,Nordeste,5-20 mil,6392.0,-0.05332994872534947
2918001,110.83199999999988,0.5821538461538415,26.0,on_track,BA,Nordeste,100-500 mil,143448.0,-0.043049541530922476
2918100,100.00000000000001,-1.508613329084273e-15,22.0,on_track,BA,Nordeste,5-20 mil,18896.0,-0.1193307312975699
2918209,100.0,-5.584774207323182e-16,16.0,on_track,BA,Nordeste,5-20 mil,5762.0,-0.016115277559570113
2918308,103.66666666666674,0.23186274509805144,17.0,on_track,BA,Nordeste,5-20 mil,6869.0,-0.0928444242260258
2918357,99.86862745098037,-0.005392156862745212,17.0,on_track,BA,Nordeste,5-20 mil,15409.0,-0.008115823828790957
2918407,93.42450142450087,-0.21709401709402915,27.0,at_risk,BA,Nordeste,100-500 mil,178300.0,-0.32024776105380687
2918456,99.90720588235295,-0.004117647058823843,16.0,on_track,BA,Nordeste,<5 mil,1973.0,-0.07958312956521915
2918506,114.71568627450824,0.8725490196077885,17.0,on_track,BA,Nordeste,5-20 mil,10178.0,0.011822007665119465
2918555,112.66270161290277,1.364314516129118,7.0,on_track,BA,Nordeste,<5 mil,4298.0,-0.04079581709179853
2918605,102.53676470588215,0.1522058823529311,16.0,on_track,BA,Nordeste,<5 mil,2207.0,-0.021227644365727362
2918704,93.08397058823527,-0.3069117647058927,16.0,at_risk,BA,Nordeste,<5 mil,1976.0,-0.02895267552504586
2918753,99.81441176470588,-0.00823529411764884,16.0,on_track,BA,Nordeste,<5 mil,3198.0,-0.031386083554455387
2918803,98.9294117647064,0.8742647058823976,16.0,at_risk,BA,Nordeste,5-20 mil,6631.0,-0.12964970807158457
2918902,103.24218045112838,0.1817293233082897,20.0,on_track,BA,Nordeste,<5 mil,2221.0,-0.008674470753441497
2919009,99.79541353383459,-0.008120300751876931,20.0,on_track,BA,Nordeste,<5 mil,1181.0,0.0037129231924586965
2919058,89.8697058823538,0.22088235294122105,16.0,at_risk,BA,Nordeste,5-20 mil,5326.0,-0.08433267945318328
2919108,99.95073529411764,-0.002205882352942377,16.0,on_track,BA,Nordeste,<5 mil,1762.0,-0.014878371494963648
2919157,98.80578947368426,-0.04368421052631021,20.0,at_risk,BA,Nordeste,5-20 mil,10707.0,-0.0711364745253428
2919207,97.40472463768114,-0.05121739130434695,24.0,at_risk,BA,Nordeste,100-500 mil,204669.0,-0.47099080965614826
2919306,109.40774436090373,0.8933834586466641,20.0,on_track,BA,Nordeste,5-20 mil,8981.0,0.000569972248521619
2919405,144.3289705882362,3.7030882352942442,16.0,on_track,BA,Nordeste,5-20 mil,6276.0,0.012652521530015545
2919504,118.38464144551108,1.1839638622247362,22.0,on_track,BA,Nordeste,20-50 mil,22299.0,-0.19260577701056256
2919553,103.69205882352901,0.2313235294117457,16.0,on_track,BA,Nordeste,50-100 mil,84617.0,0.16366084647842988
2919603,115.1832352941185,0.995294117647107,16.0,on_track,BA,Nordeste,5-20 mil,6925.0,-0.06731036085340095
2919702,98.69503105590067,-0.0437687838108567,22.0,at_risk,BA,Nordeste,5-20 mil,15205.0,-0.21855108113710126
2919801,150.0,5.819334138127934,20.0,on_track,BA,Nordeste,5-20 mil,16534.0,-0.12713797678303537
2919900,112.42181818182007,1.774545454545576,11.0,on_track,BA,Nordeste,<5 mil,2746.0,
2919926,102.21275362318843,0.12217391304347888,24.0,on_track,BA,Nordeste,20-50 mil,21100.0,-0.270978748604632
2919959,100.0,-5.584774207323182e-16,16.0,on_track,BA,Nordeste,<5 mil,955.0,-0.02745059572366504
2920007,88.45714285714268,-0.40000000000001024,21.0,will_not_meet,BA,Nordeste,5-20 mil,8107.0,-0.13498560765353831
2920106,95.73631578947365,-0.08649122807017547,19.0,at_risk,BA,Nordeste,5-20 mil,10660.0,-0.09223407776203042
2920205,134.78426470588147,2.29470588235292,16.0,on_track,BA,Nordeste,5-20 mil,6912.0,-0.061871509045680215
2920304,100.0,1.6557240265070411e-15,20.0,on_track,BA,Nordeste,<5 mil,3180.0,-0.049211693895099766
2920403,139.31308823529162,2.565735294117509,16.0,on_track,BA,Nordeste,5-20 mil,6621.0,0.012409392059061133
2920452,143.63228438229453,2.852797202797649,12.0,on_track,BA,Nordeste,5-20 mil,5249.0,0.18263053562168452
2920502,81.95947368421076,-0.15280701754384815,19.0,will_not_meet,BA,Nordeste,5-20 mil,14369.0,-0.06773550195417077
2920601,102.07736842105248,0.15807017543859203,19.0,on_track,BA,Nordeste,20-50 mil,26316.0,-0.055554343379094664
2920700,91.35142857142863,-0.004805194805190386,21.0,at_risk,BA,Nordeste,<5 mil,3852.0,-0.12009161255283232
2920809,100.09308823529413,0.005735294117647168,16.0,on_track,BA,Nordeste,5-20 mil,5240.0,-0.013691243751015469
2920908,100.64588235294144,0.13985294117648364,16.0,on_track,BA,Nordeste,5-20 mil,10865.0,-0.0067329957748209325
2921005,108.9994736842109,0.6357894736841969,20.0,on_track,BA,Nordeste,20-50 mil,35362.0,-0.004745315992311773
2921054,100.0,-5.408682759582809e-16,9.0,on_track,BA,Nordeste,<5 mil,3851.0,0.1455397610941918
2921104,99.6885294117647,-0.013088235294118882,16.0,on_track,BA,Nordeste,5-20 mil,17999.0,-0.0099656521477281
2921203,117.15415384615358,0.9609230769230802,26.0,on_track,BA,Nordeste,5-20 mil,15639.0,0.04842782385508071
2921302,104.46676470588216,0.31720588235293534,16.0,on_track,BA,Nordeste,5-20 mil,8191.0,-0.15631134546198963
2921401,33.2029927760579,-0.21042311661506588,18.0,will_not_meet,BA,Nordeste,5-20 mil,9004.0,-0.01999938409447302
2921450,99.90720588235295,-0.004117647058823843,16.0,on_track,BA,Nordeste,<5 mil,1423.0,-0.03915970046737127
2921500,101.39728966685485,0.07684923771880164,22.0,on_track,BA,Nordeste,5-20 mil,8305.0,-0.04742360593495437
2921609,103.98285714285737,0.24597402597403722,21.0,on_track,BA,Nordeste,5-20 mil,5669.0,-0.02791499208654068
2921708,117.46680426556532,1.0493292053663568,18.0,on_track,BA,Nordeste,20-50 mil,20441.0,0.11844967421887519
2921807,99.02279411764705,-0.043382352941178065,16.0,on_track,BA,Nordeste,5-20 mil,5692.0,-0.01625963465184982
2921906,94.77378542510132,-0.23279352226720137,12.0,at_risk,BA,Nordeste,<5 mil,3459.0,0.0
2922003,61.99064327485371,-0.4543859649122903,18.0,will_not_meet,BA,Nordeste,20-50 mil,32607.0,-0.033690416975173276
2922052,130.98076923077542,2.034615384615603,12.0,on_track,BA,Nordeste,5-20 mil,5059.0,0.1294880151637802
2922102,89.73315789473656,-0.35280701754387206,19.0,at_risk,BA,Nordeste,5-20 mil,15097.0,-0.018067876843967927
2922201,112.20911764705966,1.025147058823581,16.0,on_track,BA,Nordeste,<5 mil,3462.0,-0.07037227859555766
2922250,101.05588235294124,0.06985294117647367,16.0,on_track,BA,Nordeste,<5 mil,1434.0,0.06039377639456795
2922300,99.93455882352946,0.008823529411765318,16.0,on_track,BA,Nordeste,5-20 mil,18365.0,0.0680710536324564
2922409,99.7708823529412,-0.010147058823530305,16.0,on_track,BA,Nordeste,5-20 mil,10060.0,0.0063424744452996295
2922508,101.30867647058858,0.2414705882353145,16.0,on_track,BA,Nordeste,20-50 mil,24027.0,-0.04811989112079592
2922607,102.24617647058838,0.15397058823530202,16.0,on_track,BA,Nordeste,<5 mil,3508.0,-0.09781510529650922
2922656,99.95073529411764,-0.002205882352942377,16.0,on_track,BA,Nordeste,<5 mil,4183.0,-0.007227694562966404
2922706,103.64632352941192,0.2360294117647173,16.0,on_track,BA,Nordeste,5-20 mil,6757.0,0.04570078823084291
2922730,100.0,-5.584774207323182e-16,16.0,on_track,BA,Nordeste,5-20 mil,5226.0,-0.02975589631800776
2922755,99.99044117647067,0.0411764705882398,16.0,on_track,BA,Nordeste,<5 mil,2752.0,0.0491750698448705
2922805,97.26632352941178,-0.11647058823529415,16.0,at_risk,BA,Nordeste,<5 mil,3041.0,-0.08705913774911796
2922854,99.67808823529413,-0.014264705882353916,16.0,on_track,BA,Nordeste,5-20 mil,5949.0,0.007059463138636459
2922904,99.90720588235295,-0.004117647058823843,16.0,on_track,BA,Nordeste,5-20 mil,13145.0,0.008404233975561816
2923001,70.7386764705891,-0.6810294117646815,16.0,will_not_meet,BA,Nordeste,20-50 mil,38408.0,-0.07542973139292657
2923035,103.0699619771899,0.8173003802283942,9.0,on_track,BA,Nordeste,<5 mil,4155.0,0.8840974463288169
2923050,96.07323529411795,0.05279411764707281,16.0,at_risk,BA,Nordeste,5-20 mil,7699.0,-0.010178427135946301
2923100,97.50485294117641,-0.10455882352941419,16.0,at_risk,BA,Nordeste,5-20 mil,14529.0,0.023217558732171274
2923209,99.91820128479655,-0.0029264810849396407,10.0,on_track,BA,Nordeste,5-20 mil,6574.0,-0.03952325478944328
2923308,99.44323529411764,-0.024705882352942687,16.0,on_track,BA,Nordeste,<5 mil,2854.0,-0.018387194338479403
2923357,106.38852941176401,0.386911764705853,16.0,on_track,BA,Nordeste,5-20 mil,6782.0,0.05601348625828023
2923407,102.02819548872245,0.12270676691731902,20.0,on_track,BA,Nordeste,5-20 mil,10336.0,-0.05031880373596541
2923506,99.31410388716893,0.2562435500516006,18.0,on_track,BA,Nordeste,5-20 mil,5683.0,0.12083780475495724
2923605,100.0,1.6557240265070411e-15,20.0,on_track,BA,Nordeste,5-20 mil,10400.0,-0.13999257419259797
2923704,88.41336150845302,-0.3796814044213202,11.0,will_not_meet,BA,Nordeste,5-20 mil,11880.0,-0.1493340137278775
2923803,103.57514705882369,0.23205882352942256,16.0,on_track,BA,Nordeste,5-20 mil,9995.0,-0.02580821647905307
2923902,99.72161764705882,-0.012352941176472117,16.0,on_track,BA,Nordeste,5-20 mil,6496.0,-0.024614115596447498
2924009,100.95612648221334,0.17865612648221188,22.0,on_track,BA,Nordeste,100-500 mil,102725.0,-0.04758261397751002
2924058,100.0,-5.584774207323182e-16,16.0,on_track,BA,Nordeste,5-20 mil,5092.0,0.029793160770851763
2924108,92.63867647058828,-0.19352941176470692,16.0,at_risk,BA,Nordeste,<5 mil,1856.0,0.0476866321819573
2924207,110.5820588235299,0.7013235294117999,16.0,on_track,BA,Nordeste,<5 mil,2737.0,-0.03162803852293526
2924306,,,2.0,,BA,Nordeste,5-20 mil,7135.0,
2924405,,,2.0,,BA,Nordeste,5-20 mil,10213.0,
2924504,102.5138235294121,0.3635294117647242,16.0,on_track,BA,Nordeste,<5 mil,4507.0,0.0520927491841222
2924603,147.06000000000495,3.200000000000038,10.0,on_track,BA,Nordeste,5-20 mil,11196.0,-0.14765216566228928
2924652,101.48941176470595,0.09176470588235652,16.0,on_track,BA,Nordeste,5-20 mil,5846.0,-0.015262295241765431
2924678,103.64095238095132,0.29688311688307434,21.0,on_track,BA,Nordeste,<5 mil,3783.0,-0.15160386490658134
2924702,105.30985294117602,0.3229411764705702,16.0,on_track,BA,Nordeste,<5 mil,4969.0,-0.052521280668256835
2924801,95.05514705882354,-0.1904411764705903,16.0,at_risk,BA,Nordeste,5-20 mil,17032.0,-0.018355082555897975
2924900,112.85235294117683,0.8379411764706312,16.0,on_track,BA,Nordeste,<5 mil,3885.0,-0.04065073900550026
2925006,105.7463157894731,0.33052631578945235,19.0,on_track,BA,Nordeste,5-20 mil,16144.0,0.008090906887320563
2925105,101.91654700854703,0.10365811965811952,26.0,on_track,BA,Nordeste,20-50 mil,36352.0,0.01500200191934071
2925204,83.2792647058825,-0.6452941176470648,16.0,will_not_meet,BA,Nordeste,20-50 mil,34673.0,-0.09682826194485128
2925253,100.0,-5.584774207323182e-16,16.0,on_track,BA,Nordeste,5-20 mil,7864.0,0.0033301021549514433
2925303,111.03714285714386,1.1842857142856793,20.0,on_track,BA,Nordeste,100-500 mil,125069.0,-0.11169683182584735
2925402,96.99238095238103,0.015454545454550302,21.0,at_risk,BA,Nordeste,<5 mil,4459.0,-0.12634725275276631
2925501,99.9147058823529,-0.0036764705882367825,17.0,on_track,BA,Nordeste,5-20 mil,15803.0,-0.026600793080695902
2925600,103.39035897435912,0.22441025641026097,26.0,on_track,BA,Nordeste,5-20 mil,9998.0,0.02596611112041284
2925709,99.25764705882351,-0.03294117647058997,16.0,on_track,BA,Nordeste,<5 mil,3699.0,-0.019140172055870996
2925758,92.29999999999961,-0.2616883116883254,21.0,at_risk,BA,Nordeste,5-20 mil,11345.0,-0.08843458484563566
2925808,105.75736842105312,0.38543859649125684,19.0,on_track,BA,Nordeste,5-20 mil,12911.0,-0.10229683755583252
2925907,112.05315789473684,0.6970175438596382,19.0,on_track,BA,Nordeste,5-20 mil,6481.0,-0.05217686538630801
2925931,100.0,-5.584774207323182e-16,16.0,on_track,BA,Nordeste,<5 mil,3427.0,0.011033633215414514
2925956,99.74411764705879,-0.011029411764707632,17.0,on_track,BA,Nordeste,5-20 mil,6781.0,-0.021397073389644486
2926004,68.4950214515543,-0.9609134787272124,22.0,will_not_meet,BA,Nordeste,20-50 mil,24896.0,-0.36962203024561985
2926103,100.0,-5.584774207323182e-16,16.0,on_track,BA,Nordeste,5-20 mil,8134.0,-0.00956309822957547
2926202,103.38879699248037,1.5218045112781171,20.0,on_track,BA,Nordeste,5-20 mil,10936.0,-0.061675096904996576
2926301,101.63809523809502,0.09870129870129139,21.0,on_track,BA,Nordeste,20-50 mil,20055.0,-0.09352910755292132
2926400,98.5954385964912,-0.04947368421052775,9.0,at_risk,BA,Nordeste,5-20 mil,15274.0,-0.05301181790869713
2926509,99.43308823529514,0.7007352941177099,16.0,on_track,BA,Nordeste,<5 mil,1969.0,0.07929648849279428
2926608,100.06329757199322,0.00846979107848573,22.0,on_track,BA,Nordeste,20-50 mil,33876.0,-0.05300044970968504
2926657,0.0,-9.52214111922149,10.0,will_not_meet,BA,Nordeste,<5 mil,2645.0,2.224565669245275
2926707,101.54749999999964,0.11749999999998349,16.0,on_track,BA,Nordeste,5-20 mil,6246.0,0.07980210417282166
2926806,108.19852941176396,0.4919117647058475,16.0,on_track,BA,Nordeste,5-20 mil,6279.0,-0.025554694839042397
2926905,118.67503759398551,1.1274436090225404,20.0,on_track,BA,Nordeste,5-20 mil,5158.0,-0.03909388464042144
2927002,98.78571428571422,-0.046103896103897195,21.0,at_risk,BA,Nordeste,20-50 mil,25847.0,-0.06981652421501532
2927101,73.65363636363668,-0.9754545454545385,11.0,will_not_meet,BA,Nordeste,5-20 mil,8031.0,0.0
2927200,103.81135338345928,0.21796992481205246,20.0,on_track,BA,Nordeste,20-50 mil,22842.0,-0.05553564542579512
2927309,93.75411764705859,-0.18985294117648951,16.0,at_risk,BA,Nordeste,5-20 mil,7108.0,-0.017849481146059862
2927408,88.83336752136728,-0.20947008547009358,26.0,will_not_meet,BA,Nordeste,500 mil+,2899524.0,0.11264968047399483
2927507,100.0,-5.584774207323182e-16,16.0,on_track,BA,Nordeste,5-20 mil,9536.0,-0.03227742975299074
2927606,99.11558823529414,-0.039264705882354776,16.0,on_track,BA,Nordeste,5-20 mil,5185.0,0.07837982433390915
2927705,116.54514705882366,1.8170588235294443,16.0,on_track,BA,Nordeste,20-50 mil,20300.0,0.08887268309603143
2927804,102.53499999999971,0.15499999999998662,16.0,on_track,BA,Nordeste,<5 mil,4747.0,-0.01081381839250691
2927903,84.573676470588,-0.5760294117647132,16.0,will_not_meet,BA,Nordeste,5-20 mil,9716.0,0.005777284635221462
2928000,101.85897058823537,0.11808823529412413,16.0,on_track,BA,Nordeste,20-50 mil,23171.0,-0.014977687061487291
2928059,85.4197058823529,-0.5416176470588262,16.0,will_not_meet,BA,Nordeste,5-20 mil,7445.0,-0.01404834849839403
2928109,97.40691176470597,-0.05573529411764418,16.0,at_risk,BA,Nordeste,20-50 mil,23460.0,-0.2996751423780009
2928208,100.1763410502541,0.009655561829473818,22.0,on_track,BA,Nordeste,5-20 mil,14595.0,0.010180321943490181
2928307,99.90720588235295,-0.004117647058823843,16.0,on_track,BA,Nordeste,<5 mil,1724.0,0.03730258660195908
2928406,93.03821025195498,-0.2287836663770457,19.0,at_risk,BA,Nordeste,5-20 mil,16249.0,-0.045208854147702364
2928505,99.76514705882356,-0.010441176470588653,16.0,on_track,BA,Nordeste,<5 mil,2545.0,0.011717405232567563
2928604,109.50013675213677,0.5185299145299216,26.0,on_track,BA,Nordeste,20-50 mil,46617.0,-0.0239350206302051
2928703,97.43300751879718,-0.0745112781954763,20.0,at_risk,BA,Nordeste,50-100 mil,89949.0,-0.031074202479945263
2928802,100.70323308270699,0.04015037593986188,20.0,on_track,BA,Nordeste,20-50 mil,31036.0,-0.036287944443689026
2928901,97.42421052631653,0.193684210526342,20.0,at_risk,BA,Nordeste,5-20 mil,10851.0,-0.0820794583212252
2928950,99.67235294117646,-0.014558823529413312,16.0,on_track,BA,Nordeste,5-20 mil,5826.0,0.019717356198850625
2929008,106.72352941176473,0.7044117647058948,16.0,on_track,BA,Nordeste,5-20 mil,9716.0,0.0695786514269331
2929057,88.00439560439537,-0.24725274725275606,14.0,will_not_meet,BA,Nordeste,5-20 mil,12611.0,-0.008945825875820169
2929107,104.51514705882391,0.4395588235294395,16.0,on_track,BA,Nordeste,5-20 mil,10196.0,-0.02753553750989067
2929206,121.58133333333353,1.2937435897435978,26.0,on_track,BA,Nordeste,20-50 mil,33566.0,-0.1808254753062606
2929255,100.33842105263162,0.02087719298245875,19.0,on_track,BA,Nordeste,5-20 mil,10698.0,-0.03150530472564326
2929305,100.53039215686285,0.07034313725490955,17.0,on_track,BA,Nordeste,5-20 mil,19000.0,-0.2793350262347072
2929354,91.53867647058837,-0.3310294117647107,16.0,at_risk,BA,Nordeste,5-20 mil,5024.0,0.021196545094037834
2929370,99.90720588235295,-0.004117647058823843,16.0,on_track,BA,Nordeste,5-20 mil,7242.0,-0.01453714010532867
2929404,98.88338235294118,-0.03514705882353108,16.0,at_risk,BA,Nordeste,<5 mil,3786.0,-0.06345493142202825
2929503,101.99644268774682,0.8798418972332067,22.0,on_track,BA,Nordeste,20-50 mil,34998.0,-0.20300478021139157
2929602,98.05132352941175,-0.08647058823529721,16.0,at_risk,BA,Nordeste,5-20 mil,8491.0,-0.052161828932648216
2929701,99.02279411764705,-0.043382352941178065,16.0,on_track,BA,Nordeste,<5 mil,3959.0,-0.002941310183142753
2929750,103.31985294117601,0.21544117647057018,16.0,on_track,BA,Nordeste,5-20 mil,11888.0,-0.02007084909201466
2929800,101.28499999999985,0.07999999999999269,16.0,on_track,BA,Nordeste,5-20 mil,7278.0,-0.06868189071283151
2929909,101.7057594579333,0.09237718802935954,22.0,on_track,BA,Nordeste,20-50 mil,21525.0,-0.07918519601810768
2930006,98.95972972972996,-0.0024324324324176434,9.0,at_risk,BA,Nordeste,<5 mil,4562.0,0.0
2930105,100.03094297007338,0.017334839073968048,22.0,on_track,BA,Nordeste,50-100 mil,61738.0,-0.12712651368570402
2930154,149.47935483870788,3.834193548386753,4.0,on_track,BA,Nordeste,5-20 mil,6219.0,0.15627404130869
2930204,,,2.0,,BA,Nordeste,20-50 mil,23908.0,0.4329730980914387
2930303,100.2582706766919,0.017593984962415116,20.0,on_track,BA,Nordeste,5-20 mil,5720.0,-0.05702840810062456
2930402,127.89544117647165,1.7186764705883188,16.0,on_track,BA,Nordeste,5-20 mil,6529.0,0.022526885425820077
2930501,99.80062111801242,-0.006437041219651217,22.0,on_track,BA,Nordeste,50-100 mil,50219.0,-0.1339271622379373
2930600,100.0,-5.584774207323182e-16,16.0,on_track,BA,Nordeste,5-20 mil,7955.0,-0.0036952932400579875
2930709,88.38735042735009,0.08598290598289261,26.0,will_not_meet,BA,Nordeste,100-500 mil,122904.0,-0.042331446423277616
2930766,103.57218045112876,0.2017293233083093,20.0,on_track,BA,Nordeste,<5 mil,3874.0,-0.06091951539574675
2930774,97.410729579058,-0.08330774824270368,18.0,at_risk,BA,Nordeste,20-50 mil,21160.0,-0.03470894955015941
2930808,102.37647058823535,0.15808823529412544,16.0,on_track,BA,Nordeste,5-20 mil,6502.0,-0.02230280961629517
2930907,104.12820512820616,0.2692307692308163,12.0,on_track,BA,Nordeste,<5 mil,4305.0,0.19594491166009698
2931004,101.0555639097746,0.361654135338341,20.0,on_track,BA,Nordeste,5-20 mil,8443.0,-0.10817694436179494
2931053,98.9153383458647,-0.04300751879698704,20.0,at_risk,BA,Nordeste,5-20 mil,7948.0,0.00879443702514669
2931103,81.2193984962405,-0.6990977443608588,20.0,will_not_meet,BA,Nordeste,5-20 mil,5660.0,-0.2919910569403781
2931202,73.16593406593438,-1.0912087912087896,13.0,will_not_meet,BA,Nordeste,5-20 mil,9969.0,-0.048193764184394326
2931301,101.39529411764687,0.2366176470588144,16.0,on_track,BA,Nordeste,5-20 mil,13111.0,-0.009488440256201323
2931350,76.75053642010187,-0.48159232072275865,22.0,will_not_meet,BA,Nordeste,100-500 mil,153509.0,-0.033973671804000606
2931400,105.39911764705823,0.3326470588235019,16.0,on_track,BA,Nordeste,5-20 mil,5860.0,-0.021648069871807365
2931509,102.99867647058886,0.3364705882353295,16.0,on_track,BA,Nordeste,5-20 mil,7037.0,0.0018507488593150917
2931608,109.74514705882416,0.779558823529446,16.0,on_track,BA,Nordeste,5-20 mil,5157.0,-0.04736048908637922
2931707,91.17191176470601,0.6517647058823739,16.0,at_risk,BA,Nordeste,5-20 mil,11681.0,-0.028112740808767533
2931806,108.82000000000005,0.5182456140350807,19.0,on_track,BA,Nordeste,<5 mil,3700.0,-0.09417723176210602
2931905,106.55176470588265,0.4347058823529627,16.0,on_track,BA,Nordeste,20-50 mil,21323.0,0.09293050163676825
2932002,101.1729411764704,0.07617647058822691,16.0,on_track,BA,Nordeste,5-20 mil,10627.0,-0.0247469141929089
2932101,100.8463157894736,0.06385964912280584,19.0,on_track,BA,Nordeste,5-20 mil,8871.0,-0.0036697802603872917
2932200,100.9137254901963,0.14068627450981833,17.0,on_track,BA,Nordeste,5-20 mil,15860.0,-0.034096002886741396
2932309,89.89705882352928,-0.41250000000001946,17.0,at_risk,BA,Nordeste,5-20 mil,19729.0,-0.04065884000752558
2932408,103.88823529411769,0.2441176470588268,17.0,on_track,BA,Nordeste,5-20 mil,8475.0,0.013405080951677284
2932457,123.82470588235174,1.4733823529411365,16.0,on_track,BA,Nordeste,5-20 mil,8647.0,0.11358984112856983
2932507,100.36368421052725,0.24789473684215324,19.0,on_track,BA,Nordeste,5-20 mil,11288.0,-0.06379968732077194
2932606,87.52113821138119,-0.3321138211382682,9.0,will_not_meet,BA,Nordeste,5-20 mil,6013.0,
2932705,99.5288235294119,0.09602941176471326,16.0,on_track,BA,Nordeste,5-20 mil,16157.0,0.06808607630365292
2932804,99.80172932330825,-0.007593984962404563,20.0,on_track,BA,Nordeste,5-20 mil,13626.0,-0.046009738882963246
2932903,106.81926078220624,0.4325124994159098,22.0,on_track,BA,Nordeste,50-100 mil,71046.0,-0.1390093356708039
2933000,95.69044117647064,-0.18382352941176336,16.0,at_risk,BA,Nordeste,5-20 mil,15986.0,0.002713582308646112
2933059,101.75411764705888,0.1101470588235342,16.0,on_track,BA,Nordeste,5-20 mil,6645.0,-0.004507336761172654
2933109,98.69917293233088,-0.043759398496236813,20.0,at_risk,BA,Nordeste,5-20 mil,6181.0,0.004531602391517502
2933158,99.62882352941178,-0.01647058823529511,16.0,on_track,BA,Nordeste,5-20 mil,8215.0,0.15688985717915682
2933174,115.1417647058829,1.017205882352993,16.0,on_track,BA,Nordeste,<5 mil,3226.0,-0.021796643927619697
2933208,96.19092430278883,-0.11202390438246815,23.0,at_risk,BA,Nordeste,20-50 mil,41453.0,-0.11905941373783735
2933257,100.0,-5.584774207323182e-16,16.0,on_track,BA,Nordeste,<5 mil,1238.0,0.035208174875437294
2933307,106.08974358974365,0.33333333333332943,26.0,on_track,BA,Nordeste,100-500 mil,307666.0,-0.0019674621483813074
2933406,99.95073529411764,-0.002205882352942377,16.0,on_track,BA,Nordeste,5-20 mil,6741.0,0.006086080813467661
2933455,99.86095571095566,-0.006993006993004902,12.0,on_track,BA,Nordeste,5-20 mil,5709.0,0.07035756844831433
2933505,108.42352941176455,0.5911764705882488,17.0,on_track,BA,Nordeste,5-20 mil,7062.0,-0.022523892231085973
2933604,77.31635224552974,-0.7596297339152182,19.0,will_not_meet,BA,Nordeste,20-50 mil,33274.0,-0.1474357652783204
3100104,83.37352941176437,-0.6742647058823785,17.0,will_not_meet,MG,Sudeste,<5 mil,4388.0,-0.19703685559792303
3100203,94.255486756106,-0.22466460268317895,18.0,at_risk,MG,Sudeste,20-50 mil,20202.0,-0.21632757893491328
3100302,103.31089171974168,0.7208280254774467,11.0,on_track,MG,Sudeste,5-20 mil,7348.0,-0.07939465186123525
3100401,98.82499999999975,0.024999999999985353,8.0,at_risk,MG,Sudeste,<5 mil,2602.0,0.02736570023963877
3100500,118.80643274853719,2.4894736842105343,18.0,on_track,MG,Sudeste,<5 mil,4335.0,0.12050850887713169
3100609,81.30543515651891,-0.31816305469556333,18.0,will_not_meet,MG,Sudeste,5-20 mil,6166.0,-0.24888795302393543
3100708,98.49619047619039,-0.05103896103896194,21.0,at_risk,MG,Sudeste,<5 mil,1491.0,-0.2503697708592042
3100807,99.48823529411767,-0.017647058823530692,18.0,on_track,MG,Sudeste,<5 mil,2636.0,-0.11742001102026961
3100906,86.96315789473636,-0.4842105263158112,19.0,will_not_meet,MG,Sudeste,5-20 mil,14943.0,-0.17912875434491438
3101003,134.44789473684204,2.0022807017543736,19.0,on_track,MG,Sudeste,5-20 mil,9597.0,-0.17074051555699565
3101102,105.15261904761894,0.41785714285711245,15.0,on_track,MG,Sudeste,5-20 mil,19824.0,-0.0751789811246499
3101201,150.0,6.859393939394254,10.0,on_track,MG,Sudeste,<5 mil,3015.0,0.0
3101300,,,2.0,,MG,Sudeste,<5 mil,1108.0,
3101409,108.49642857142794,0.6285714285713544,8.0,on_track,MG,Sudeste,<5 mil,2080.0,0.0073571758316031514
3101508,70.95115239078086,-1.1452012383900916,18.0,will_not_meet,MG,Sudeste,20-50 mil,33084.0,-0.16111296106622847
3101607,85.70553359683822,-0.5110671936758939,22.0,will_not_meet,MG,Sudeste,50-100 mil,75926.0,-0.06519648417393475
3101631,83.97411764705885,-0.6548529411764886,16.0,will_not_meet,MG,Sudeste,<5 mil,4679.0,-0.14741503388993535
3101706,93.3441991341989,-0.19103896103897366,21.0,at_risk,MG,Sudeste,20-50 mil,34702.0,-0.27926337088201425
3101805,70.30857142857076,-0.8866233766234108,21.0,will_not_meet,MG,Sudeste,5-20 mil,5878.0,-0.20908645765040415
3101904,88.49999999999977,-0.408441558441569,21.0,will_not_meet,MG,Sudeste,5-20 mil,16264.0,0.00014761808806414072
3102001,95.9485724114208,-0.15345717234262116,18.0,at_risk,MG,Sudeste,5-20 mil,10621.0,-0.18416740186653704
3102050,98.5351351351355,-0.09189189189186814,5.0,at_risk,MG,Sudeste,<5 mil,4444.0,-0.057624465196015974
3102100,101.38368421052559,0.2994736842104962,19.0,on_track,MG,Sudeste,<5 mil,4471.0,-0.1867189242584434
3102209,99.65142857142854,-0.011298701298701412,21.0,on_track,MG,Sudeste,<5 mil,1804.0,-0.2078581355435478
3102308,52.71264705882322,-1.667941176470647,16.0,will_not_meet,MG,Sudeste,5-20 mil,11339.0,-0.1046157706470152
3102407,63.86176470588157,-0.7992647058823913,17.0,will_not_meet,MG,Sudeste,<5 mil,1474.0,-0.2485322334169985
3102506,98.33529411764704,-0.058823529411766204,17.0,at_risk,MG,Sudeste,<5 mil,2428.0,-0.14757921193753498
3102605,94.79904761904754,-0.1879220779220826,21.0,at_risk,MG,Sudeste,20-50 mil,31360.0,-0.20732050963115267
3102704,87.68137254902011,-0.060049019607818506,17.0,will_not_meet,MG,Sudeste,<5 mil,4715.0,-0.29748044720267824
3102803,86.89532163742729,-0.5105263157894727,18.0,will_not_meet,MG,Sudeste,5-20 mil,9823.0,-0.13375295473964155
3102852,87.24397058823502,-0.5144117647058972,16.0,will_not_meet,MG,Sudeste,<5 mil,4334.0,-0.21519377980548232
3102902,104.48059855521149,0.3779153766769869,18.0,on_track,MG,Sudeste,5-20 mil,8077.0,-0.14397649878316537
3103009,75.70271757825947,-0.4757481940144483,18.0,will_not_meet,MG,Sudeste,<5 mil,4510.0,-0.12854604554943647
3103108,100.15980392156865,0.0218137254901967,17.0,on_track,MG,Sudeste,<5 mil,947.0,-0.19689306263166628
3103207,87.64313725490138,-0.5078431372549236,17.0,will_not_meet,MG,Sudeste,<5 mil,1876.0,-0.28389707106969575
3103306,150.0,4.339999999999276,4.0,on_track,MG,Sudeste,<5 mil,1639.0,0.622735520848499
3103405,97.44381705251268,-0.02269904009034812,22.0,at_risk,MG,Sudeste,20-50 mil,23892.0,-0.12055721326434976
3103504,101.54666666666672,0.08000000000000156,24.0,on_track,MG,Sudeste,100-500 mil,110580.0,-0.026656115316283223
3103603,35.232608695650015,-3.102173913043467,10.0,will_not_meet,MG,Sudeste,<5 mil,2592.0,1.23851464380382
3103702,104.54313725490113,0.312745098039175,17.0,on_track,MG,Sudeste,<5 mil,3159.0,-0.19047335846453106
3103751,101.6400000000001,0.12363636363637455,10.0,on_track,MG,Sudeste,5-20 mil,6712.0,0.07798407403619455
3103801,100.66000000000155,0.11000000000011116,5.0,on_track,MG,Sudeste,<5 mil,2134.0,0.38523804900703496
3103900,122.28142857142802,1.6771428571426779,6.0,on_track,MG,Sudeste,5-20 mil,8229.0,0.18483697481098976
3104007,91.08641210870337,-0.3545923632610933,18.0,at_risk,MG,Sudeste,100-500 mil,106797.0,-0.16552084455449415
3104106,93.42843137254874,-0.26593137254902927,17.0,at_risk,MG,Sudeste,5-20 mil,9453.0,-0.015319713311743838
3104205,95.93247334021333,-0.15830753353973212,18.0,at_risk,MG,Sudeste,20-50 mil,37729.0,-0.2535788081242953
3104304,96.99697282421752,-0.11857585139318812,18.0,at_risk,MG,Sudeste,5-20 mil,12832.0,-0.2075030032832948
3104403,103.26373626373612,0.23516483516483233,13.0,on_track,MG,Sudeste,<5 mil,2026.0,0.09112520626445506
3104452,97.9037839697283,-0.07678018575851273,18.0,at_risk,MG,Sudeste,<5 mil,1885.0,-0.24970824750968626
3104502,82.92005503956011,-0.626934984520124,18.0,will_not_meet,MG,Sudeste,5-20 mil,10962.0,-0.1862358028297989
3104601,82.69705882352923,-0.6625000000000326,17.0,will_not_meet,MG,Sudeste,5-20 mil,13074.0,-0.3218647826319989
3104700,74.97117303061509,-0.8018575851393649,18.0,will_not_meet,MG,Sudeste,5-20 mil,6223.0,-0.23281285273788596
3104809,89.73431372548998,-0.40416666666668255,17.0,at_risk,MG,Sudeste,<5 mil,2849.0,-0.21666611475329728
3104908,95.51140598531907,-0.15787690570299392,22.0,at_risk,MG,Sudeste,5-20 mil,13929.0,-0.19200197949615574
3105004,105.26758893280635,0.8102766798419017,22.0,on_track,MG,Sudeste,<5 mil,4982.0,-0.21693971490970296
3105103,95.80773574251845,-0.1479390175042367,22.0,at_risk,MG,Sudeste,20-50 mil,20371.0,-0.13596348649760587
3105202,100.04313725490194,0.011274509803921983,17.0,on_track,MG,Sudeste,<5 mil,2258.0,-0.20412292800555523
3105301,98.83751283279723,-0.03775922250359096,20.0,at_risk,MG,Sudeste,5-20 mil,5299.0,-0.07961782792627388
3105400,62.38235294117567,-1.5102941176471134,17.0,will_not_meet,MG,Sudeste,20-50 mil,30129.0,-0.1728864282944166
3105509,136.87714285714264,2.234025974025998,21.0,on_track,MG,Sudeste,<5 mil,3823.0,-0.2038897664343397
3105608,71.94052631578916,-0.9507017543860049,19.0,will_not_meet,MG,Sudeste,100-500 mil,127261.0,-0.050429864373821014
3105707,100.00000000000001,5.1517568272295865e-17,18.0,on_track,MG,Sudeste,<5 mil,1847.0,-0.12981014641094216
3105905,76.99565217391341,-0.8276679841897299,22.0,will_not_meet,MG,Sudeste,20-50 mil,20317.0,-0.09850257085460339
3106002,65.01764705882306,-1.3985294117647638,17.0,will_not_meet,MG,Sudeste,5-20 mil,9626.0,-0.20853409419999508
3106101,55.38080495356098,-1.7480908152734769,18.0,will_not_meet,MG,Sudeste,<5 mil,1105.0,-0.23206385064259874
3106200,91.37323076923064,-0.3156923076923134,26.0,at_risk,MG,Sudeste,500 mil+,2530701.0,-0.5978016941059877
3106309,123.55982099661333,1.7003144654087157,13.0,on_track,MG,Sudeste,20-50 mil,22946.0,0.07538573876947938
3106408,97.33897058823524,-0.10441176470588594,16.0,at_risk,MG,Sudeste,<5 mil,3377.0,-0.08292010854800684
3106507,81.57843137254804,-0.6622549019608474,17.0,will_not_meet,MG,Sudeste,<5 mil,3734.0,-0.31082798303467735
3106606,74.95648434812597,-0.983694530443754,18.0,will_not_meet,MG,Sudeste,<5 mil,2798.0,-0.24580871048560107
3106655,98.85588235294112,-0.049264705882356125,17.0,at_risk,MG,Sudeste,<5 mil,2725.0,-0.20732419669272528
3106705,88.90341880341839,-0.2521367521367686,26.0,will_not_meet,MG,Sudeste,100-500 mil,446741.0,-0.7021226572032234
3106804,100.22941176470587,0.017647058823529245,6.0,on_track,MG,Sudeste,<5 mil,1297.0,
3106903,79.91904761904743,-0.7376623376623552,21.0,will_not_meet,MG,Sudeste,5-20 mil,13867.0,-0.19281691047986965
3107000,99.99999999999997,-7.756248278775066e-16,17.0,on_track,MG,Sudeste,<5 mil,1547.0,-0.17720008205871252
3107109,100.00000000000001,5.1517568272295865e-17,18.0,on_track,MG,Sudeste,20-50 mil,33689.0,-0.05146082554988144
3107208,,,2.0,,MG,Sudeste,<5 mil,2435.0,0.4706885575977887
3107307,99.55812030075192,-0.012180451127817031,20.0,on_track,MG,Sudeste,20-50 mil,39634.0,-0.12069842417891948
3107406,94.43555555555531,-0.1745299145299232,26.0,at_risk,MG,Sudeste,20-50 mil,48436.0,-0.17731312114245978
3107505,79.71372549019611,-0.815196078431402,17.0,will_not_meet,MG,Sudeste,5-20 mil,5527.0,-0.11805779775340239
3107604,99.14285714285707,-0.033116883116884134,21.0,on_track,MG,Sudeste,<5 mil,3103.0,-0.08657981922888035
3107703,95.40980392156848,-0.18480392156863504,17.0,at_risk,MG,Sudeste,<5 mil,2833.0,-0.23994998648558055
3107802,112.5117647058812,0.9264705882352542,17.0,on_track,MG,Sudeste,5-20 mil,9651.0,-0.20269047414697255
3107901,100.67942896456827,0.15861713106295316,18.0,on_track,MG,Sudeste,5-20 mil,5717.0,-0.20327824566483224
3108008,97.22428571428577,-0.09142857142856275,10.0,at_risk,MG,Sudeste,5-20 mil,14498.0,0.01495196000421792
3108107,88.48259373925032,-0.44014447884417046,18.0,will_not_meet,MG,Sudeste,<5 mil,3349.0,-0.1424401620708889
3108206,95.78725490196075,-0.15269607843137728,17.0,at_risk,MG,Sudeste,<5 mil,3807.0,-0.20762291633590224
3108255,94.69514705882352,-0.23294117647059412,16.0,at_risk,MG,Sudeste,<5 mil,2627.0,-0.18151735152272927
3108305,81.12958780350095,-0.5487859966120916,22.0,will_not_meet,MG,Sudeste,5-20 mil,15875.0,-0.15091807705970978
3108404,99.16380952380939,0.07714285714285263,21.0,on_track,MG,Sudeste,5-20 mil,11371.0,-0.10018407267548869
3108503,89.68823529411765,-0.15098039215686299,18.0,at_risk,MG,Sudeste,<5 mil,3343.0,-0.20641037269038184
3108552,80.99455882352936,-0.773676470588257,16.0,will_not_meet,MG,Sudeste,5-20 mil,14741.0,-0.08829596623543211
3108602,87.8671372106154,-0.25115753811406605,22.0,will_not_meet,MG,Sudeste,20-50 mil,21501.0,-0.179794999487788
3108701,99.79942528735569,0.09396551724133134,9.0,on_track,MG,Sudeste,<5 mil,2040.0,0.0
3108800,100.0,-5.584774207323182e-16,16.0,on_track,MG,Sudeste,<5 mil,1500.0,-0.18721626896454607
3108909,99.99999999999997,-7.756248278775066e-16,17.0,on_track,MG,Sudeste,5-20 mil,7731.0,-0.23879535750215397
3109006,68.57059420289829,-0.7744782608695567,24.0,will_not_meet,MG,Sudeste,20-50 mil,34742.0,-0.14399915582325593
3109105,96.65878035008473,-0.11496329757199389,22.0,at_risk,MG,Sudeste,5-20 mil,5721.0,-0.26349140635682333
3109204,74.69986240110097,-0.7826625386996888,18.0,will_not_meet,MG,Sudeste,5-20 mil,7805.0,-0.014901822974015709
3109253,75.01375988992118,-0.8004127966976292,18.0,will_not_meet,MG,Sudeste,<5 mil,1528.0,-0.1551579107623803
3109303,86.98955392433663,-0.3479390175042388,22.0,will_not_meet,MG,Sudeste,5-20 mil,17829.0,-0.12403494431632932
3109402,98.61822016874248,-0.030293290478103363,18.0,at_risk,MG,Sudeste,20-50 mil,24738.0,-0.023049982604738076
3109451,101.62389610389597,0.11142857142856455,11.0,on_track,MG,Sudeste,5-20 mil,5767.0,0.10180232098976544
3109501,97.67100103199184,-0.07946336429308543,18.0,at_risk,MG,Sudeste,5-20 mil,7765.0,-0.05629650806036504
3109600,95.60040485829991,-0.03299595141698379,12.0,at_risk,MG,Sudeste,<5 mil,3457.0,0.027943566418484198
3109709,96.70294117647052,-0.12426470588235786,17.0,at_risk,MG,Sudeste,5-20 mil,7432.0,-0.17691688144861525
3109808,100.4985029940122,0.04700598802396585,10.0,on_track,MG,Sudeste,<5 mil,2416.0,-0.06492388859239201
3109907,76.58627450980339,-0.9480392156863107,17.0,will_not_meet,MG,Sudeste,5-20 mil,9744.0,-0.15926072816890796
3110004,98.40583414213299,0.03571659657068237,21.0,at_risk,MG,Sudeste,20-50 mil,39448.0,-0.223198070955927
3110103,92.13333333333321,-0.2084415584415637,21.0,at_risk,MG,Sudeste,<5 mil,2943.0,-0.2092898915746312
3110202,113.61078431372471,0.8090686274509471,17.0,on_track,MG,Sudeste,<5 mil,2051.0,-0.15913353433045382
3110301,72.24952380952345,-1.0183116883117123,21.0,will_not_meet,MG,Sudeste,5-20 mil,8288.0,-0.12727987524162662
3110400,100.00000000000001,5.1517568272295865e-17,18.0,on_track,MG,Sudeste,<5 mil,1312.0,-0.1589113221202721
3110509,109.24200206398336,0.7077399380804931,18.0,on_track,MG,Sudeste,5-20 mil,16020.0,-0.018364104796155873
3110608,100.1928571428571,0.018571428571425432,15.0,on_track,MG,Sudeste,20-50 mil,25381.0,-0.07792562509536484
3110707,81.91037296037302,-0.8332167832167238,12.0,will_not_meet,MG,Sudeste,5-20 mil,10630.0,0.07674984307024053
3110806,86.29047619047594,-0.500000000000011,21.0,will_not_meet,MG,Sudeste,<5 mil,2781.0,-0.292355505177565
3110905,77.78367647058826,-0.9085294117647308,16.0,will_not_meet,MG,Sudeste,5-20 mil,14554.0,-0.3088826520970584
3111002,99.99999999999994,-3.2329156420407523e-16,21.0,on_track,MG,Sudeste,5-20 mil,11153.0,-0.18053472460828512
3111101,81.6104919160648,-0.7219814241486056,18.0,will_not_meet,MG,Sudeste,5-20 mil,14758.0,-0.025407583481972074
3111150,94.83431372549012,-0.19534313725491007,17.0,at_risk,MG,Sudeste,<5 mil,1612.0,-0.16411638391899658
3111200,100.17557619539045,0.010732714138286177,18.0,on_track,MG,Sudeste,50-100 mil,51262.0,-0.05086165324512484
3111309,99.82841417268662,0.019814241486068203,18.0,on_track,MG,Sudeste,5-20 mil,10210.0,-0.11438721918089466
3111408,93.44,-0.24623376623377177,21.0,at_risk,MG,Sudeste,5-20 mil,6355.0,-0.21993879720331033
3111507,75.17450980392141,-0.9921568627451409,17.0,will_not_meet,MG,Sudeste,5-20 mil,14236.0,-0.16053055836268612
3111606,92.96979704162374,-0.16109391124871011,18.0,at_risk,MG,Sudeste,20-50 mil,20064.0,-0.1601439062263339
3111705,99.99999999999997,-7.756248278775066e-16,17.0,on_track,MG,Sudeste,<5 mil,1821.0,-0.16665223725890596
3111804,79.23047619047611,-0.7644155844156029,21.0,will_not_meet,MG,Sudeste,5-20 mil,10974.0,-0.18643314786292717
3111903,84.43047815617501,-0.6069143446852431,18.0,will_not_meet,MG,Sudeste,<5 mil,4065.0,-0.12121848075046891
3112000,97.32167182662545,-0.09731682146542739,18.0,at_risk,MG,Sudeste,5-20 mil,10412.0,-0.1851869895731185
3112059,111.86666666667179,1.3800000000002282,15.0,on_track,MG,Sudeste,<5 mil,2704.0,-0.028753147565014986
3112109,85.09862401100804,-0.2599587203302363,18.0,will_not_meet,MG,Sudeste,<5 mil,2104.0,-0.2021118144654012
3112208,89.23333333333312,-0.42598039215687816,17.0,at_risk,MG,Sudeste,<5 mil,2070.0,-0.1581840710962483
3112307,103.6291282051277,0.18533333333331553,26.0,on_track,MG,Sudeste,20-50 mil,27255.0,-0.12286430653707235
3112406,88.77904761904745,-0.3907792207792336,21.0,will_not_meet,MG,Sudeste,5-20 mil,5728.0,-0.12993957100677003
3112505,96.03043478260872,-0.14268774703557494,22.0,at_risk,MG,Sudeste,5-20 mil,9015.0,-0.13212184635898896
3112604,74.01047619047631,-0.9536363636363862,21.0,will_not_meet,MG,Sudeste,5-20 mil,15241.0,-0.2460150424756246
3112653,102.50127118644042,0.2852754237288051,11.0,on_track,MG,Sudeste,<5 mil,4033.0,-0.20635551531832264
3112703,59.99509803921501,-1.3311274509804496,17.0,will_not_meet,MG,Sudeste,5-20 mil,12479.0,-0.050926604505131104
3112802,99.96666666666664,-0.0012987012987008269,21.0,on_track,MG,Sudeste,5-20 mil,6907.0,-0.09916520561741135
3112901,80.21274509803902,-0.807598039215717,17.0,will_not_meet,MG,Sudeste,<5 mil,3900.0,-0.21053745312103453
3113008,69.68190574475386,-0.45345717234262845,18.0,will_not_meet,MG,Sudeste,5-20 mil,7683.0,-0.1490626865265478
3113107,100.67047619047618,0.054285714285713785,6.0,on_track,MG,Sudeste,<5 mil,1127.0,-0.004962964374651306
3113206,98.95196078431334,-0.007107843137274567,17.0,at_risk,MG,Sudeste,20-50 mil,20143.0,-0.19793662891568234
3113305,87.18059523809507,-0.5382142857142651,15.0,will_not_meet,MG,Sudeste,20-50 mil,26645.0,-0.09198802140120481
3113404,90.73252399774134,-0.13128176171654854,22.0,at_risk,MG,Sudeste,50-100 mil,76993.0,-0.2586752351672325
3113503,97.99999999999997,-0.07205882352941377,17.0,at_risk,MG,Sudeste,5-20 mil,6941.0,-0.13825766304664486
3113602,80.6754901960785,-0.7791666666666962,17.0,will_not_meet,MG,Sudeste,5-20 mil,5096.0,-0.1588907533875219
3113701,89.63190287972895,-0.1702992659514458,22.0,at_risk,MG,Sudeste,5-20 mil,11961.0,-0.297089206223009
3113800,102.78458333333361,0.26708333333335826,9.0,on_track,MG,Sudeste,<5 mil,1426.0,0.19127450348278366
3113909,83.54411764705833,-0.6595588235294371,17.0,will_not_meet,MG,Sudeste,5-20 mil,9236.0,-0.08946274636767304
3114006,106.87111286503523,0.46606156274663735,13.0,on_track,MG,Sudeste,5-20 mil,9098.0,-0.05589345441560383
3114105,108.65208791208818,0.5421978021978098,14.0,on_track,MG,Sudeste,5-20 mil,11138.0,0.26281342316785083
3114204,106.70684210526281,0.5047368421052352,20.0,on_track,MG,Sudeste,5-20 mil,19842.0,0.17257061960098938
3114303,78.83333333333303,-0.7612745098039541,17.0,will_not_meet,MG,Sudeste,20-50 mil,25712.0,0.12209648276100395
3114402,88.51148950808408,-0.4476780185758519,18.0,will_not_meet,MG,Sudeste,5-20 mil,14984.0,-0.053317144526361326
3114501,100.06087912087912,0.004835164835161941,14.0,on_track,MG,Sudeste,5-20 mil,13699.0,-0.13922723767215586
3114550,117.54184076792717,1.353980801806883,22.0,on_track,MG,Sudeste,5-20 mil,7440.0,-0.2574850946762547
3114600,99.75842424242424,-0.009454545454547271,6.0,on_track,MG,Sudeste,<5 mil,2681.0,-0.042146092902788417
3114709,97.28191176470582,-0.10573529411765252,16.0,at_risk,MG,Sudeste,<5 mil,2660.0,-0.13932474602315278
3114808,65.81276229790137,-1.3413828689370473,18.0,will_not_meet,MG,Sudeste,<5 mil,2378.0,-0.2385019618628013
3114907,100.00000000000003,1.3810752253171136e-15,3.0,on_track,MG,Sudeste,<5 mil,1126.0,
3115003,98.85238095238094,-0.0194805194805182,21.0,at_risk,MG,Sudeste,<5 mil,1954.0,-0.23586517869554693
3115102,90.05999999999983,-0.363506493506502,21.0,at_risk,MG,Sudeste,5-20 mil,14490.0,-0.18207601060998632
3115201,85.048039215686,-0.5958333333333543,17.0,will_not_meet,MG,Sudeste,<5 mil,2782.0,-0.0967633419653813
3115300,81.8420666290233,-0.651665725578775,22.0,will_not_meet,MG,Sudeste,50-100 mil,72701.0,-0.16465949022262644
3115359,86.1516317016326,-0.4265734265733436,12.0,will_not_meet,MG,Sudeste,<5 mil,4782.0,-0.012898712787095104
3115409,101.30851063829772,0.10638297872339374,6.0,on_track,MG,Sudeste,<5 mil,1513.0,0.0
3115458,83.88431372549007,-0.6710784313725784,17.0,will_not_meet,MG,Sudeste,<5 mil,1565.0,-0.17067717514393693
3115474,51.53632352941122,-1.706470588235343,16.0,will_not_meet,MG,Sudeste,<5 mil,2886.0,-0.07754706920750593
3115508,80.62704686617758,-0.6943534726143483,22.0,will_not_meet,MG,Sudeste,20-50 mil,21116.0,-0.4108153144891833
3115607,57.599558823528696,-1.7711764705882813,16.0,will_not_meet,MG,Sudeste,<5 mil,982.0,-0.1390894564130577
3115706,102.86378555798666,0.2340262582056753,9.0,on_track,MG,Sudeste,5-20 mil,5831.0,-0.30306516279722817
3115805,71.69904761904763,-1.0431168831169073,21.0,will_not_meet,MG,Sudeste,5-20 mil,9384.0,-0.12339272950638126
3115904,75.83892857142882,-1.0232142857142446,15.0,will_not_meet,MG,Sudeste,<5 mil,2192.0,-0.1272083477709736
3116001,84.38545454545442,-0.7890909090909293,11.0,will_not_meet,MG,Sudeste,<5 mil,2809.0,0.0
3116100,21.822058823529915,-3.153676470588293,16.0,will_not_meet,MG,Sudeste,5-20 mil,5748.0,-0.2643530764254368
3116159,100.59558823529466,0.27573529411767267,16.0,on_track,MG,Sudeste,5-20 mil,7580.0,-0.12580551274423854
3116209,102.41428571429196,0.3678571428575446,7.0,on_track,MG,Sudeste,<5 mil,1425.0,-0.013511919045028221
3116308,99.97029411764707,-0.0008823529411772066,16.0,on_track,MG,Sudeste,<5 mil,3136.0,-0.07647646193559372
3116407,98.93876811594205,-0.04456521739130171,9.0,at_risk,MG,Sudeste,<5 mil,2714.0,0.023728733310725364
3116506,106.03525971792214,0.45727554179566426,18.0,on_track,MG,Sudeste,5-20 mil,5050.0,-0.12214358923859057
3116605,97.47581699346411,-0.019607843137253795,18.0,at_risk,MG,Sudeste,20-50 mil,23881.0,-0.08777158241627356
3116704,76.60519435844526,-0.9211558307533526,18.0,will_not_meet,MG,Sudeste,5-20 mil,5578.0,-0.16409273715675501
3116803,99.89602941176469,-0.0030882352941182774,16.0,on_track,MG,Sudeste,<5 mil,3724.0,-0.2131238533517059
3116902,85.18602941176437,-0.6080882352941351,16.0,will_not_meet,MG,Sudeste,<5 mil,1587.0,-0.13812357951269782
3117009,103.10735294117609,0.19044117647057307,16.0,on_track,MG,Sudeste,<5 mil,2831.0,-0.2539978608111865
3117108,88.67626418988652,-0.44262125902992744,18.0,will_not_meet,MG,Sudeste,5-20 mil,6534.0,-0.17316060141550277
3117207,91.4028571428571,-0.4014285714285493,11.0,at_risk,MG,Sudeste,<5 mil,1545.0,-0.0928747771078846
3117306,97.48241758241764,-0.08901098901098878,13.0,at_risk,MG,Sudeste,20-50 mil,26080.0,-0.02630197852881947
3117405,99.92747252747253,-0.002747252747255096,13.0,on_track,MG,Sudeste,<5 mil,1566.0,-0.005496875927470137
3117504,137.31219903691817,2.7950508293204344,17.0,on_track,MG,Sudeste,5-20 mil,11947.0,0.06936381330040615
3117603,99.47529411764705,-0.02338235294117699,16.0,on_track,MG,Sudeste,<5 mil,2171.0,-0.07422480164204742
3117702,76.38039215686194,-0.9362745098039607,17.0,will_not_meet,MG,Sudeste,5-20 mil,12144.0,-0.18526857006763525
3117801,96.91078431372546,-0.13210784313726182,17.0,at_risk,MG,Sudeste,5-20 mil,9268.0,-0.2590722280508452
3117836,101.01105263158036,0.42859649122814303,19.0,on_track,MG,Sudeste,<5 mil,2085.0,-0.19073141045903186
3117876,88.34618840579674,-0.5189565217391321,24.0,will_not_meet,MG,Sudeste,5-20 mil,6867.0,-0.07273527745672877
3117900,93.63003095975256,-0.2505675954592364,18.0,at_risk,MG,Sudeste,5-20 mil,9045.0,-0.21960537554093698
3118007,56.40083333333314,-1.837499999999927,15.0,will_not_meet,MG,Sudeste,50-100 mil,54360.0,0.03285669401108757
3118106,121.76777837546979,1.3332436793974414,12.0,on_track,MG,Sudeste,<5 mil,2652.0,-0.6366977106946208
3118205,83.9885714285715,-0.5907792207792347,21.0,will_not_meet,MG,Sudeste,5-20 mil,6080.0,-0.0815492974687025
3118304,82.95968379446663,-0.601185770750994,22.0,will_not_meet,MG,Sudeste,100-500 mil,124704.0,-0.286234714838317
3118403,117.98751879699375,1.21150375939851,11.0,on_track,MG,Sudeste,5-20 mil,18181.0,-0.08547327593277744
3118502,109.31636363636335,0.6309090909090767,11.0,on_track,MG,Sudeste,<5 mil,982.0,-0.05166206068176818
3118601,80.80577777777762,-0.6824957264957379,26.0,will_not_meet,MG,Sudeste,500 mil+,671569.0,-0.47593273807265946
3118700,100.31096837944663,0.06966403162055454,23.0,on_track,MG,Sudeste,5-20 mil,6453.0,-0.1791261513168505
3118809,48.31664946680485,-1.7978328173374587,18.0,will_not_meet,MG,Sudeste,5-20 mil,15099.0,-0.12076729756540198
3118908,88.85784313725435,-0.4085784313725785,17.0,will_not_meet,MG,Sudeste,5-20 mil,6123.0,-0.11726513013009017
3119005,76.98725490196034,-0.9335784313725846,17.0,will_not_meet,MG,Sudeste,<5 mil,2846.0,-0.20080379332598472
3119104,80.47859966120836,-0.664991530208928,22.0,will_not_meet,MG,Sudeste,20-50 mil,20922.0,-0.29214559175730903
3119203,117.74952380952391,1.0979220779220866,21.0,on_track,MG,Sudeste,<5 mil,4993.0,-0.16614771568168119
3119302,77.21527347781239,-0.8911248710010321,18.0,will_not_meet,MG,Sudeste,20-50 mil,21988.0,-0.19718915773360038
3119401,70.32766798419016,-1.055335968379456,22.0,will_not_meet,MG,Sudeste,100-500 mil,109322.0,-0.485691828484606
3119500,70.94014705882364,-1.1104411764706204,16.0,will_not_meet,MG,Sudeste,5-20 mil,6761.0,-0.06827411084420199
3119609,128.46213592232925,2.0543689320388014,7.0,on_track,MG,Sudeste,<5 mil,2226.0,0.0682875613005346
3119708,97.41568627450977,-0.0936274509803944,17.0,at_risk,MG,Sudeste,<5 mil,1880.0,-0.22982467956913924
3119807,89.92033023735837,-0.39494324045407575,18.0,at_risk,MG,Sudeste,<5 mil,1951.0,-0.12391650562682081
3119906,76.71666666666624,-1.2600000000000602,6.0,will_not_meet,MG,Sudeste,<5 mil,2024.0,-0.11536378406147924
3119955,98.94215686274507,-0.03406862745098079,17.0,at_risk,MG,Sudeste,<5 mil,4916.0,0.05490139362460706
3120003,100.0,-5.584774207323182e-16,16.0,on_track,MG,Sudeste,<5 mil,1752.0,-0.15371521096505522
3120102,82.76761406133141,-0.757292445774055,13.0,will_not_meet,MG,Sudeste,<5 mil,4047.0,0.42213021746606233
3120151,47.33191176470655,-1.705735294117641,16.0,will_not_meet,MG,Sudeste,<5 mil,3932.0,-0.018350127048792807
3120201,95.13856209150339,-0.1921568627450971,18.0,at_risk,MG,Sudeste,5-20 mil,10235.0,-0.16156070219151986
3120300,59.500980392156634,-1.6340686274510399,17.0,will_not_meet,MG,Sudeste,<5 mil,3176.0,-0.17630542256091972
3120409,85.86372549019563,-0.4835784313725808,17.0,will_not_meet,MG,Sudeste,<5 mil,4284.0,-0.12154619990128827
3120508,101.47032967032968,0.10989010989011119,13.0,on_track,MG,Sudeste,5-20 mil,5956.0,0.010384608301540955
3120607,97.19779411764705,-0.10588235294118181,16.0,at_risk,MG,Sudeste,<5 mil,3176.0,-0.15913425282537622
3120706,104.6049019607824,0.501715686274415,17.0,on_track,MG,Sudeste,<5 mil,3119.0,-0.12605171938120943
3120805,90.60050818746481,-0.31270468661773354,22.0,at_risk,MG,Sudeste,5-20 mil,14140.0,-0.08750302023097647
3120839,10.96367647058787,-0.5310294117647213,16.0,will_not_meet,MG,Sudeste,<5 mil,4172.0,-0.16455577304429084
3120870,109.86705882352862,1.2813235294117686,16.0,on_track,MG,Sudeste,5-20 mil,6643.0,-0.1273233764160512
3120904,95.22907961603616,-0.09062676453980954,22.0,at_risk,MG,Sudeste,50-100 mil,73616.0,-0.012788216662615213
3121001,100.23333333333335,0.033333333333331355,8.0,on_track,MG,Sudeste,<5 mil,3218.0,0.2157092638129438
3121100,98.13571428571453,-0.09421768707480972,11.0,at_risk,MG,Sudeste,<5 mil,3039.0,
3121209,70.80666666666639,-0.7722077922078145,21.0,will_not_meet,MG,Sudeste,5-20 mil,5070.0,-0.018066730465408343
3121258,97.44245660881123,0.01982643524696827,11.0,at_risk,MG,Sudeste,5-20 mil,10308.0,-0.11403216903708088
3121308,86.96444444444421,-0.3966666666666908,9.0,will_not_meet,MG,Sudeste,<5 mil,4305.0,0.43032950981203344
3121407,106.33956043955993,0.5137362637362579,13.0,on_track,MG,Sudeste,<5 mil,3732.0,0.07070798265337436
3121506,99.99999999999997,-7.756248278775066e-16,17.0,on_track,MG,Sudeste,<5 mil,1322.0,-0.07893371385926057
3121605,104.13896103896082,0.5714285714285725,22.0,on_track,MG,Sudeste,20-50 mil,41849.0,-0.394491271161846
3121704,77.41891304347814,-0.5345652173913036,7.0,will_not_meet,MG,Sudeste,<5 mil,1079.0,-0.0004185202965426773
3121803,26.934313725490938,-2.0982843137255247,17.0,will_not_meet,MG,Sudeste,5-20 mil,6143.0,-0.14806895782481283
3121902,140.0240476190529,2.472142857143045,15.0,on_track,MG,Sudeste,<5 mil,2265.0,-0.1305612294770053
3122009,85.350476190476,-0.392077922077936,21.0,will_not_meet,MG,Sudeste,5-20 mil,11296.0,-0.11702344905217492
3122108,85.09238095238061,-0.26766233766236086,21.0,will_not_meet,MG,Sudeste,<5 mil,4135.0,-0.18990849587790315
3122207,88.48364485981415,-0.3584112149531856,10.0,will_not_meet,MG,Sudeste,5-20 mil,6277.0,-0.05841515655258981
3122306,94.71733333333327,-0.20902564102564655,26.0,at_risk,MG,Sudeste,100-500 mil,236244.0,-0.1607587521121945
3122355,71.0558823529409,-1.1727941176471028,17.0,will_not_meet,MG,Sudeste,5-20 mil,6721.0,-0.2391431601454291
3122405,83.7783281733748,-0.6360165118679043,18.0,will_not_meet,MG,Sudeste,<5 mil,4882.0,-0.15758465667061364
3122454,91.10588235294097,-0.3764705882353104,17.0,at_risk,MG,Sudeste,5-20 mil,8131.0,-0.08912643335013186
3122470,,,2.0,,MG,Sudeste,<5 mil,1956.0,
3122504,76.94262125903015,-0.9036119711042301,18.0,will_not_meet,MG,Sudeste,<5 mil,4444.0,-0.18578272844964605
3122603,72.66160990712115,-1.0628482972136202,18.0,will_not_meet,MG,Sudeste,<5 mil,2858.0,-0.12265674830633216
3122702,99.52647058823526,-0.016911764705883753,17.0,on_track,MG,Sudeste,<5 mil,4082.0,-0.15081617781358772
3122801,98.789010989011,-0.0027472527472537974,13.0,at_risk,MG,Sudeste,<5 mil,997.0,0.05060858919590411
3122900,92.71274509803845,-0.06789215686278396,17.0,at_risk,MG,Sudeste,5-20 mil,5700.0,-0.17410605659478925
3123007,91.92000000000075,-0.3151515151514923,10.0,at_risk,MG,Sudeste,5-20 mil,9359.0,
3123106,105.82061328790496,0.4068143100511189,10.0,on_track,MG,Sudeste,<5 mil,1596.0,-0.09117047314155019
3123205,77.7238734090131,-0.874716202270382,18.0,will_not_meet,MG,Sudeste,5-20 mil,12243.0,-0.17058498790082713
3123304,109.04607843137296,0.6458333333333569,17.0,on_track,MG,Sudeste,<5 mil,1912.0,-0.14490722810941503
3123403,70.78750000000082,-1.2649999999999126,8.0,will_not_meet,MG,Sudeste,<5 mil,1205.0,0.0
3123502,99.66666666666674,-0.016666666666661938,8.0,on_track,MG,Sudeste,<5 mil,1283.0,0.0
3123528,73.92927416580648,0.2781217750257982,18.0,will_not_meet,MG,Sudeste,<5 mil,3774.0,-0.16317826095381902
3123601,97.81764705882347,-0.09117647058823952,17.0,at_risk,MG,Sudeste,20-50 mil,23069.0,-0.1666978712616044
3123700,71.94666666666603,-0.5327272727272988,21.0,will_not_meet,MG,Sudeste,5-20 mil,9125.0,-0.16818687708315053
3123809,81.13506493506543,-0.6675324675324723,22.0,will_not_meet,MG,Sudeste,<5 mil,4829.0,-0.07309892985397183
3123858,78.05686274509821,-0.8774509803921895,17.0,will_not_meet,MG,Sudeste,<5 mil,4045.0,-0.19139687247502593
3123908,98.70980392156852,-0.05392156862745341,17.0,at_risk,MG,Sudeste,5-20 mil,10721.0,-0.21541937341762957
3124005,99.64771241830066,-0.011764705882353519,18.0,on_track,MG,Sudeste,5-20 mil,10036.0,-0.19862563299273986
3124104,82.6165217391302,0.14804347826085876,24.0,will_not_meet,MG,Sudeste,50-100 mil,67632.0,-0.12662103872496372
3124203,95.95428571428556,-0.1397402597402645,21.0,at_risk,MG,Sudeste,5-20 mil,15682.0,-0.18643612511063115
3124302,100.00000000000001,5.1517568272295865e-17,18.0,on_track,MG,Sudeste,5-20 mil,18307.0,-0.2165665149777382
3124401,99.79737263697534,0.009708426786288329,10.0,on_track,MG,Sudeste,<5 mil,1797.0,0.0
3124500,99.30495356037156,-0.024148606811145158,18.0,on_track,MG,Sudeste,5-20 mil,5157.0,-0.20733662077941317
3124609,86.84313725490165,-0.5181372549019793,17.0,will_not_meet,MG,Sudeste,<5 mil,1664.0,-0.24784459554547533
3124708,75.84509803921492,-0.9730392156863104,17.0,will_not_meet,MG,Sudeste,<5 mil,2751.0,-0.08816555916385338
3124807,72.26470588235179,-1.0382352941177178,17.0,will_not_meet,MG,Sudeste,5-20 mil,6554.0,-0.15437539882520263
3124906,73.15809523809503,-0.9815584415584636,21.0,will_not_meet,MG,Sudeste,5-20 mil,7997.0,-0.19146713713688732
3125002,74.09148936170436,-0.9106382978722143,7.0,will_not_meet,MG,Sudeste,<5 mil,3624.0,
3125101,81.63329893360856,-0.7289989680082548,18.0,will_not_meet,MG,Sudeste,20-50 mil,34258.0,-0.08782477061420038
3125200,93.0617647058823,-0.27279411764706796,16.0,at_risk,MG,Sudeste,<5 mil,1530.0,-0.038248311447793185
3125309,91.52050223598212,-0.3166150670794643,18.0,at_risk,MG,Sudeste,<5 mil,2212.0,-0.15377548405248162
3125408,100.0,3.342635630393148e-16,3.0,on_track,MG,Sudeste,<5 mil,2082.0,
3125507,95.95431235431226,-0.15594405594404964,12.0,at_risk,MG,Sudeste,<5 mil,2032.0,0.1133493030361275
3125606,82.73999999999955,-0.8854545454546124,10.0,will_not_meet,MG,Sudeste,5-20 mil,5584.0,0.2683203604922525
3125705,87.21692466460286,-0.4991744066047469,18.0,will_not_meet,MG,Sudeste,5-20 mil,12010.0,-0.19888925243106925
3125804,49.636274509803116,-2.013480392156934,17.0,will_not_meet,MG,Sudeste,<5 mil,2329.0,-0.17597047623215786
3125903,64.345063639491,-0.24468524251806098,18.0,will_not_meet,MG,Sudeste,<5 mil,4499.0,-0.31251281651351004
3125952,102.08818181818197,0.15545454545455306,11.0,on_track,MG,Sudeste,5-20 mil,5110.0,0.10789579028727656
3126000,97.66132128740824,-0.08757763975155435,22.0,at_risk,MG,Sudeste,5-20 mil,6340.0,-0.2510654496419832
3126109,100.44788441692465,0.03323013415892679,18.0,on_track,MG,Sudeste,50-100 mil,62070.0,-0.04766970487775082
3126208,86.52875816993492,-0.523529411764705,18.0,will_not_meet,MG,Sudeste,5-20 mil,6206.0,-0.16202516131750724
3126307,87.80857142857133,-0.4496103896104005,21.0,will_not_meet,MG,Sudeste,<5 mil,3211.0,-0.24417004822130564
3126406,97.30239774330053,-0.03878702397742763,14.0,at_risk,MG,Sudeste,<5 mil,2046.0,-0.02684852190503673
3126505,100.62647058823534,0.06985294117647498,17.0,on_track,MG,Sudeste,<5 mil,3211.0,-0.2025935412315009
3126604,109.52766917293252,0.9184962406014873,20.0,on_track,MG,Sudeste,<5 mil,3463.0,-0.1458609907454442
3126703,98.8796414852756,-0.0010755441741190188,14.0,at_risk,MG,Sudeste,5-20 mil,15822.0,0.017031850294820232
3126752,107.07702380952423,0.5910714285714097,15.0,on_track,MG,Sudeste,<5 mil,2186.0,0.04060300917217201
3126802,87.43725490196061,-0.5137254901961004,17.0,will_not_meet,MG,Sudeste,<5 mil,1909.0,-0.2077712746902865
3126901,78.5590476190473,-0.7702597402597626,21.0,will_not_meet,MG,Sudeste,5-20 mil,7368.0,-0.2449180098845047
3126950,98.18538461538466,-0.08384615384615739,6.0,at_risk,MG,Sudeste,<5 mil,647.0,
3127008,64.39313725490138,-1.4247549019608352,17.0,will_not_meet,MG,Sudeste,5-20 mil,17595.0,-0.33841621987977927
3127057,97.70784313725491,-0.08137254901961122,17.0,at_risk,MG,Sudeste,<5 mil,2944.0,-0.1035663607844632
3127073,107.57319347319117,0.7437062937061054,12.0,on_track,MG,Sudeste,<5 mil,1793.0,0.09062202650520085
3127107,84.29589743589713,-0.44051282051283464,26.0,will_not_meet,MG,Sudeste,50-100 mil,52157.0,-0.25601528376470495
3127206,96.54901960784309,-0.1475490196078502,17.0,at_risk,MG,Sudeste,<5 mil,2334.0,-0.013988006259502892
3127339,98.65999999999913,0.07999999999995357,6.0,at_risk,MG,Sudeste,<5 mil,1398.0,0.0
3127354,102.99356725146191,0.21052631578947423,18.0,on_track,MG,Sudeste,<5 mil,1124.0,-0.15213029080488163
3127370,98.95740987983984,-0.02036048064084927,11.0,at_risk,MG,Sudeste,<5 mil,2756.0,0.2993509461272627
3127388,79.67692307692369,-0.8807692307692199,13.0,will_not_meet,MG,Sudeste,<5 mil,3257.0,0.21423010243504334
3127404,99.10784313725485,-0.035784313725492456,17.0,on_track,MG,Sudeste,<5 mil,1203.0,-0.05919623534732301
3127503,108.75046620046692,0.7709790209790216,12.0,on_track,MG,Sudeste,<5 mil,3381.0,-0.09094401781468595
3127602,100.00000000000001,5.1517568272295865e-17,18.0,on_track,MG,Sudeste,5-20 mil,8321.0,-0.22202374100613853
3127701,102.70410256410247,0.17897435897435732,26.0,on_track,MG,Sudeste,100-500 mil,271047.0,-0.25438416946767506
3127800,78.38752117447802,-0.5789384528515,22.0,will_not_meet,MG,Sudeste,5-20 mil,5721.0,-0.12503102000676278
3127909,72.49450549450557,-1.2225274725274609,13.0,will_not_meet,MG,Sudeste,<5 mil,1184.0,0.14833553163181998
3128006,97.97058823529399,0.08235294117646513,17.0,at_risk,MG,Sudeste,20-50 mil,28313.0,-0.20123165933986145
3128105,98.82854505169877,-0.018845396356471526,17.0,at_risk,MG,Sudeste,5-20 mil,7379.0,-0.004006957504275137
3128204,105.00588235294151,0.3441176470588469,17.0,on_track,MG,Sudeste,<5 mil,3244.0,-0.20204013352045627
3128253,86.4492925604743,-0.5397991784573526,8.0,will_not_meet,MG,Sudeste,<5 mil,3209.0,0.13554995044521254
3128303,93.0352941176464,-0.20882352941179766,17.0,at_risk,MG,Sudeste,5-20 mil,17106.0,-0.15625716172890472
3128402,96.74261146496804,-0.07114649681528341,11.0,at_risk,MG,Sudeste,5-20 mil,7073.0,-0.10333780450868363
3128501,81.32571428571396,-0.6650649350649511,21.0,will_not_meet,MG,Sudeste,<5 mil,3333.0,-0.16017878372297667
3128600,88.09036807705547,-0.4530443756449956,18.0,will_not_meet,MG,Sudeste,<5 mil,3684.0,-0.06039999202965848
3128709,86.2651186790506,-0.5382868937048502,18.0,will_not_meet,MG,Sudeste,20-50 mil,49117.0,-0.07042489982959142
3128808,113.04857142857736,1.3257142857145197,15.0,on_track,MG,Sudeste,5-20 mil,5069.0,0.00952790826239766
3128907,87.980909090909,-0.46636363636364087,11.0,will_not_meet,MG,Sudeste,5-20 mil,6660.0,0.7631074075201604
3129004,50.66274509803816,-1.9348039215686936,17.0,will_not_meet,MG,Sudeste,<5 mil,4026.0,-0.22776702960504447
3129103,95.05904761904759,-0.17350649350649852,21.0,at_risk,MG,Sudeste,<5 mil,2420.0,-0.18309289532828288
3129202,98.87550739594084,-0.04726522187822555,18.0,at_risk,MG,Sudeste,<5 mil,4793.0,-0.1500847567141823
3129301,83.02927416580678,-0.6218782249742019,18.0,will_not_meet,MG,Sudeste,5-20 mil,7699.0,-0.2410446040195757
3129400,90.58529411764698,-0.36985294117648426,17.0,at_risk,MG,Sudeste,<5 mil,3432.0,-0.20459564457798474
3129509,96.55698166431586,-0.08928067700987628,14.0,at_risk,MG,Sudeste,20-50 mil,21586.0,-0.03743881407449221
3129608,66.20959752322051,-1.3092879256965944,18.0,will_not_meet,MG,Sudeste,5-20 mil,6493.0,-0.0980739779913034
3129657,113.26666666666438,0.7803921568626683,17.0,on_track,MG,Sudeste,<5 mil,2709.0,-0.1757310963863599
3129707,98.37904761904755,0.10597402597402601,21.0,at_risk,MG,Sudeste,5-20 mil,9524.0,-0.05153859676103055
3129806,87.34761983198769,-0.1423818151869725,23.0,will_not_meet,MG,Sudeste,100-500 mil,183609.0,-0.05320507229283596
3129905,92.68197802197778,-0.3048351648351598,14.0,at_risk,MG,Sudeste,<5 mil,2451.0,-0.0308053783469974
3130002,100.78729508196707,0.1389344262294909,7.0,on_track,MG,Sudeste,<5 mil,2604.0,0.30080694752452275
3130051,85.84999999999991,-0.5375000000000151,17.0,will_not_meet,MG,Sudeste,<5 mil,3390.0,-0.1497019255747145
3130101,79.21339130434762,-0.7542173913043428,24.0,will_not_meet,MG,Sudeste,20-50 mil,41761.0,-0.1818007711096447
3130200,68.53921568627453,0.03872549019608018,17.0,will_not_meet,MG,Sudeste,5-20 mil,9237.0,-0.2485110376739292
3130309,99.71666666666668,-0.016666666666663957,8.0,on_track,MG,Sudeste,5-20 mil,6608.0,0.4901317164243535
3130408,99.99999999999994,1.7572756439800528e-15,12.0,on_track,MG,Sudeste,5-20 mil,6378.0,0.06015406161369654
3130507,93.82139662882707,-0.19597523219814095,18.0,at_risk,MG,Sudeste,5-20 mil,9906.0,-0.14103091096242681
3130556,119.36470588235215,1.6088235294117355,17.0,on_track,MG,Sudeste,<5 mil,2222.0,-0.17351888700469012
3130606,99.8666666666666,-0.005194805194806475,21.0,on_track,MG,Sudeste,<5 mil,3933.0,-0.2643904392544204
3130655,100.81470588235247,0.09926470588233086,17.0,on_track,MG,Sudeste,<5 mil,2741.0,-0.14343313449485678
3130705,95.5514285714284,-0.16129870129870597,21.0,at_risk,MG,Sudeste,<5 mil,4593.0,-0.17740157894982414
3130804,85.38333333333321,-0.589950980392179,17.0,will_not_meet,MG,Sudeste,<5 mil,1727.0,-0.09897709553595885
3130903,62.4549019607839,-1.0696078431372935,17.0,will_not_meet,MG,Sudeste,5-20 mil,13835.0,-0.2384511357533685
3131000,98.4704245973646,-0.04724255734504643,10.0,at_risk,MG,Sudeste,<5 mil,4638.0,-0.0984696663569852
3131109,92.07588235294122,-0.3201470588235392,16.0,at_risk,MG,Sudeste,5-20 mil,5364.0,-0.1505075520820954
3131158,61.383382352941226,-1.5851470588235772,16.0,will_not_meet,MG,Sudeste,5-20 mil,17023.0,-0.15735551665813316
3131208,107.49501732907197,0.5099608407975824,22.0,on_track,MG,Sudeste,5-20 mil,15734.0,-0.002109405699527248
3131307,78.36826651609294,-0.7248447204969014,22.0,will_not_meet,MG,Sudeste,100-500 mil,264542.0,-0.44229573484290996
3131406,100.06825396825397,0.021869488536154336,8.0,on_track,MG,Sudeste,<5 mil,3848.0,-0.18026137577728818
3131505,82.78575851393202,-0.6722394220846225,18.0,will_not_meet,MG,Sudeste,5-20 mil,7945.0,-0.1396186946102983
3131604,84.64829721362275,-0.5521155830753348,18.0,will_not_meet,MG,Sudeste,5-20 mil,5637.0,-0.2075452410879757
3131703,101.18061538461544,0.0796923076923089,25.0,on_track,MG,Sudeste,100-500 mil,113438.0,-0.28537886161836573
3131802,77.28240601503842,-0.4936090225563304,20.0,will_not_meet,MG,Sudeste,5-20 mil,9110.0,-0.22884530688336086
3131901,96.69607843137226,-0.1004901960784492,17.0,at_risk,MG,Sudeste,50-100 mil,50800.0,0.19399637496085803
3132008,95.75294117647059,-0.16617647058824214,17.0,at_risk,MG,Sudeste,<5 mil,1099.0,-0.30741605174897413
3132107,72.43882352941137,-1.1239705882353297,16.0,will_not_meet,MG,Sudeste,5-20 mil,14153.0,-0.04736421050038907
3132206,93.41142857142847,-0.2241558441558486,21.0,at_risk,MG,Sudeste,5-20 mil,10402.0,-0.03178551227868717
3132305,84.42549019607827,-0.6504901960784634,17.0,will_not_meet,MG,Sudeste,5-20 mil,5409.0,-0.21317256747800495
3132404,88.91281761716562,-0.40225861095426707,22.0,will_not_meet,MG,Sudeste,50-100 mil,89268.0,-0.24528301118425455
3132503,85.96401788785704,-0.499587203302375,18.0,will_not_meet,MG,Sudeste,20-50 mil,24007.0,-0.14416463146950023
3132602,121.47499999999809,2.067857142856993,7.0,on_track,MG,Sudeste,<5 mil,3459.0,0.7308446073857588
3132701,42.38151125402055,-2.658520900321446,10.0,will_not_meet,MG,Sudeste,5-20 mil,15384.0,-0.1196765466139031
3132800,92.77250000000004,-0.36500000000000515,8.0,at_risk,MG,Sudeste,<5 mil,808.0,0.0
3132909,93.83499999999981,-0.24500000000000863,16.0,at_risk,MG,Sudeste,5-20 mil,7589.0,-0.15869085273918063
3133006,96.91372549019593,-0.12843137254902492,17.0,at_risk,MG,Sudeste,5-20 mil,10876.0,-0.3741434560293136
3133105,99.7901615271659,-0.006387665198236919,12.0,on_track,MG,Sudeste,5-20 mil,13049.0,0.09061165487452313
3133204,86.68476190476122,-0.4606493506493695,21.0,will_not_meet,MG,Sudeste,5-20 mil,8861.0,-0.19606106988408514
3133303,86.75352941176561,-0.5422058823529073,16.0,will_not_meet,MG,Sudeste,5-20 mil,15776.0,-0.06973823110386422
3133402,94.6214998280015,-0.20897832817337447,18.0,at_risk,MG,Sudeste,5-20 mil,10856.0,-0.31000568195832545
3133501,97.56702428006768,0.042574816487856534,22.0,at_risk,MG,Sudeste,5-20 mil,16799.0,-0.12460066001878276
3133600,96.2163235294118,-0.166470588235298,16.0,at_risk,MG,Sudeste,5-20 mil,5194.0,-0.08215573167239296
3133709,103.44571428571419,0.23584415584415153,21.0,on_track,MG,Sudeste,5-20 mil,7115.0,-0.22844177574831778
3133758,95.98857142857136,-0.11480519480519627,21.0,at_risk,MG,Sudeste,5-20 mil,15869.0,-0.20504407637062302
3133808,99.92658102766796,0.0026679841897226876,23.0,on_track,MG,Sudeste,50-100 mil,88916.0,-0.08248818762808738
3133907,55.76666666666597,-0.9696078431373166,17.0,will_not_meet,MG,Sudeste,<5 mil,2354.0,-0.19134907101631032
3134004,98.02717280683882,0.0014247913698252539,14.0,at_risk,MG,Sudeste,5-20 mil,6848.0,0.3036855301094227
3134103,146.43428571428558,2.804155844155874,21.0,on_track,MG,Sudeste,<5 mil,3437.0,-0.2866207237412574
3134202,101.43107692307689,0.07546153846153772,25.0,on_track,MG,Sudeste,100-500 mil,101412.0,-0.2160469838087087
3134301,119.52614379084935,1.1392156862745078,18.0,on_track,MG,Sudeste,<5 mil,4581.0,-0.17756575294121443
3134400,84.85264957264894,-0.5044444444444672,26.0,will_not_meet,MG,Sudeste,20-50 mil,37939.0,-0.3682828541409684
3134509,91.325882352941,-0.34514705882354074,16.0,at_risk,MG,Sudeste,<5 mil,2640.0,-0.0485316028779061
3134608,103.35031055900572,0.6785996612083595,22.0,on_track,MG,Sudeste,5-20 mil,12965.0,-0.05305266236612434
3134707,58.698571428572905,-1.2610714285712892,15.0,will_not_meet,MG,Sudeste,5-20 mil,9338.0,-0.0945441536982541
3134806,99.59084967320264,-0.013725490196078868,18.0,on_track,MG,Sudeste,<5 mil,4688.0,-0.1764968144809078
3134905,100.0,-4.4267493307430464e-16,3.0,on_track,MG,Sudeste,20-50 mil,22001.0,
3135001,119.09698025551688,1.2705574912891509,12.0,on_track,MG,Sudeste,<5 mil,2253.0,-0.004720204924937289
3135050,91.91971104231186,-0.2502579979360151,18.0,at_risk,MG,Sudeste,20-50 mil,20923.0,-0.0662744879953434
3135076,,,2.0,,MG,Sudeste,<5 mil,3461.0,
3135100,102.80107284020312,0.2913608130999421,22.0,on_track,MG,Sudeste,50-100 mil,65621.0,-0.13177060906233395
3135209,85.66679841897269,-0.37905138339921246,22.0,will_not_meet,MG,Sudeste,20-50 mil,42897.0,-0.2901277012442256
3135308,100.21608391608383,0.023776223776221548,12.0,on_track,MG,Sudeste,<5 mil,2860.0,0.05671082311342476
3135357,63.614264705881396,-1.4277941176471118,16.0,will_not_meet,MG,Sudeste,<5 mil,2937.0,-0.2004187574851458
3135407,110.13811188811064,0.7150349650348562,12.0,on_track,MG,Sudeste,<5 mil,2656.0,0.12708909012781774
3135456,91.17514705882354,-0.3429411764705991,16.0,at_risk,MG,Sudeste,<5 mil,3152.0,0.004067656330769552
3135506,136.93406593406507,2.7027472527472467,13.0,on_track,MG,Sudeste,5-20 mil,6951.0,-0.14208771703084228
3135605,68.46617647058792,-1.2860294117647433,16.0,will_not_meet,MG,Sudeste,5-20 mil,5093.0,-0.19698038075076302
3135704,79.10294117647004,-0.8338235294117933,16.0,will_not_meet,MG,Sudeste,<5 mil,1981.0,-0.12274262987489194
3135803,75.66176470588175,-0.9362745098039683,17.0,will_not_meet,MG,Sudeste,5-20 mil,18068.0,-0.09432433266517444
3135902,87.64307692307557,-0.7384615384616598,5.0,will_not_meet,MG,Sudeste,<5 mil,3098.0,0.11462597580095663
3136009,64.79571428571626,-1.4632142857141408,15.0,will_not_meet,MG,Sudeste,5-20 mil,10641.0,-0.08191451050740782
3136108,102.51388646288228,0.1845414847161669,11.0,on_track,MG,Sudeste,<5 mil,1666.0,-7.075328882631048e-20
3136207,103.25684210526333,0.2182456140350989,19.0,on_track,MG,Sudeste,50-100 mil,80537.0,-0.16175669272680387
3136306,88.79451127819658,-0.1567669172931777,20.0,will_not_meet,MG,Sudeste,20-50 mil,38978.0,-0.19250883242839667
3136405,64.98882352941109,-1.448970588235332,16.0,will_not_meet,MG,Sudeste,<5 mil,2791.0,-0.17123408478748914
3136504,75.93073529411731,-0.9372058823529635,16.0,will_not_meet,MG,Sudeste,5-20 mil,7604.0,-0.16409355815667073
3136520,100.77661764705888,0.07764705882353375,16.0,on_track,MG,Sudeste,<5 mil,1118.0,-0.058987524416244996
3136553,95.9558823529411,-0.17279411764706654,17.0,at_risk,MG,Sudeste,<5 mil,1829.0,-0.20985641921108217
3136579,89.74117647058802,-0.4029411764706045,17.0,at_risk,MG,Sudeste,<5 mil,2629.0,-0.17434384674071945
3136603,100.29390175042347,0.01609260304912283,22.0,on_track,MG,Sudeste,<5 mil,2967.0,-0.18955365664447998
3136652,92.3552463768115,-0.08417391304348325,24.0,at_risk,MG,Sudeste,20-50 mil,27353.0,-0.33607947093715695
3136702,94.21874236874226,-0.1663614163614165,27.0,at_risk,MG,Sudeste,500 mil+,570966.0,-0.2437765639511428
3136801,96.53191176470591,-0.13073529411765203,16.0,at_risk,MG,Sudeste,<5 mil,2408.0,-0.25860856389534265
3136900,95.87900055370989,-0.17465393133996834,17.0,at_risk,MG,Sudeste,5-20 mil,5275.0,0.08037044979670421
3136959,68.93544117646934,-0.8113235294118375,16.0,will_not_meet,MG,Sudeste,<5 mil,4390.0,-0.07434487850455648
3137007,87.45686274509796,-0.4112745098039344,17.0,will_not_meet,MG,Sudeste,<5 mil,4634.0,-0.19570527432229412
3137106,69.7524999999996,-1.242500000000036,16.0,will_not_meet,MG,Sudeste,5-20 mil,5120.0,-0.1447999536062956
3137205,92.60882352941178,-0.3264705882353051,16.0,at_risk,MG,Sudeste,50-100 mil,52025.0,-0.015867695643887035
3137304,74.1016176470589,-1.059852941176501,16.0,will_not_meet,MG,Sudeste,<5 mil,2960.0,-0.05930779964732855
3137403,99.80294117647058,-0.008823529411765594,16.0,on_track,MG,Sudeste,5-20 mil,7372.0,-0.01303325706145882
3137502,100.55641025641013,0.03846153846153305,12.0,on_track,MG,Sudeste,5-20 mil,13728.0,0.04722584942254041
3137536,84.98758169934672,-0.5686274509803915,18.0,will_not_meet,MG,Sudeste,5-20 mil,7188.0,-0.14255032336214338
3137601,87.89411594202863,-0.46443478260869353,24.0,will_not_meet,MG,Sudeste,50-100 mil,62206.0,-0.22633258587738955
3137700,100.47566710700139,0.029960369881113523,14.0,on_track,MG,Sudeste,5-20 mil,12441.0,-0.14597549914144303
3137809,99.89411764705879,-0.001470588235294134,17.0,on_track,MG,Sudeste,5-20 mil,15070.0,-0.18770734012523796
3137908,100.42727272727268,0.04363636363635708,9.0,on_track,MG,Sudeste,<5 mil,1473.0,
3138005,78.10794117647015,-0.8938235294117912,16.0,will_not_meet,MG,Sudeste,5-20 mil,5025.0,-0.21678879217984645
3138104,99.99999999999994,-8.164413031271184e-16,9.0,on_track,MG,Sudeste,<5 mil,3888.0,0.05698436956987608
3138203,89.55313382269924,-0.37380011293055143,22.0,at_risk,MG,Sudeste,100-500 mil,100773.0,-0.10490030113823483
3138302,87.05176470588253,-0.5277941176470728,16.0,will_not_meet,MG,Sudeste,<5 mil,2163.0,-0.0701864247041158
3138351,28.797272727272684,-3.644545454545494,11.0,will_not_meet,MG,Sudeste,<5 mil,1805.0,0.1525289154297466
3138401,65.08627450980384,-1.4083333333333854,17.0,will_not_meet,MG,Sudeste,20-50 mil,47098.0,-0.23912998012021125
3138500,99.99999999999997,-7.756248278775066e-16,17.0,on_track,MG,Sudeste,<5 mil,3614.0,-0.16442526606307578
3138609,100.82923076923082,0.09076923076922808,14.0,on_track,MG,Sudeste,5-20 mil,12822.0,-0.0246284446440389
3138625,94.55338235294113,-0.22514705882353483,16.0,at_risk,MG,Sudeste,5-20 mil,5563.0,-0.22096742195064037
3138658,54.8622058823521,-1.6266176470589027,16.0,will_not_meet,MG,Sudeste,5-20 mil,6548.0,0.030970920391967447
3138674,99.99999999999997,-4.843903803114236e-15,10.0,on_track,MG,Sudeste,<5 mil,1840.0,-0.09921221972042044
3138682,99.60235294117646,-0.012058823529414313,16.0,on_track,MG,Sudeste,<5 mil,3145.0,-0.1830591725608124
3138708,88.74843750000014,-0.36953125000001,8.0,will_not_meet,MG,Sudeste,<5 mil,4173.0,-0.016850857539907237
3138807,90.77526315789407,-0.3422807017544088,19.0,at_risk,MG,Sudeste,5-20 mil,16438.0,-0.0977230449721641
3138906,85.57911764705864,-0.5898529411764866,16.0,will_not_meet,MG,Sudeste,5-20 mil,5861.0,-0.15557053902832185
3139003,99.75087719298249,-0.010526315789473367,18.0,on_track,MG,Sudeste,20-50 mil,35379.0,-0.030817580622042876
3139102,86.99019607843115,-0.5196078431372743,17.0,will_not_meet,MG,Sudeste,<5 mil,3896.0,-0.14844647679748302
3139201,82.85146198830444,-0.5842105263157922,18.0,will_not_meet,MG,Sudeste,5-20 mil,11680.0,-0.11354514486797077
3139250,114.11714285714288,1.085714285714244,5.0,on_track,MG,Sudeste,<5 mil,2921.0,-0.4059226917034023
3139300,78.61485294117597,-0.849558823529442,16.0,will_not_meet,MG,Sudeste,5-20 mil,12616.0,-0.12222511135978392
3139409,102.16617647058808,0.1514705882352855,16.0,on_track,MG,Sudeste,50-100 mil,75024.0,-0.0032003784444816575
3139508,92.9055952380952,-0.26321428571427424,15.0,at_risk,MG,Sudeste,5-20 mil,18248.0,0.19653432351650604
3139607,96.78425460636521,-0.13762562814070703,15.0,at_risk,MG,Sudeste,20-50 mil,21681.0,-0.15460009024301027
3139706,96.36372549019609,-0.14828431372549805,17.0,at_risk,MG,Sudeste,5-20 mil,5545.0,-0.29753512423024153
3139805,81.87142857142817,-0.6629870129870279,21.0,will_not_meet,MG,Sudeste,5-20 mil,11881.0,-0.10289403831593137
3139904,87.73431372548976,-0.4762254901960993,17.0,will_not_meet,MG,Sudeste,5-20 mil,8267.0,-0.2319049587054623
3140001,104.14340000000016,0.3119000000000202,15.0,on_track,MG,Sudeste,50-100 mil,54330.0,0.04953583135586444
3140100,78.58666666666636,-0.7575324675324903,21.0,will_not_meet,MG,Sudeste,<5 mil,3309.0,-0.15358715097502038
3140159,99.97476811594214,0.06186956521739499,24.0,on_track,MG,Sudeste,5-20 mil,14934.0,-0.1449039701770667
3140209,92.90476190476181,-0.2571428571428639,21.0,at_risk,MG,Sudeste,<5 mil,2438.0,-0.17507323731792548
3140308,95.31460875807807,1.1548097631012633,13.0,at_risk,MG,Sudeste,<5 mil,2857.0,-0.026269886303932326
3140407,102.11999999999972,0.14666666666665323,10.0,on_track,MG,Sudeste,<5 mil,1417.0,-0.0026339408004003757
3140506,98.20687994496043,0.16646026831785493,18.0,at_risk,MG,Sudeste,5-20 mil,11784.0,-0.21745846890842713
3140530,30.328723770210672,-2.2858617131062924,18.0,will_not_meet,MG,Sudeste,<5 mil,3526.0,-0.1442397596770113
3140555,98.56529067767464,-0.059958720330235735,18.0,at_risk,MG,Sudeste,5-20 mil,7058.0,-0.04977703074745604
3140605,99.16274509803918,-0.027450980392158715,17.0,on_track,MG,Sudeste,<5 mil,1932.0,-0.24027160624001004
3140704,92.83430434782628,0.2956086956521746,24.0,at_risk,MG,Sudeste,20-50 mil,28023.0,-0.2568878488707882
3140803,108.05333333333351,0.6333766233766275,21.0,on_track,MG,Sudeste,5-20 mil,14091.0,-0.11362824036829862
3140852,90.40801513587905,-0.34324045407636783,18.0,at_risk,MG,Sudeste,5-20 mil,5847.0,-0.14831458191576377
3140902,92.32872377020993,-0.18586171310629498,18.0,at_risk,MG,Sudeste,5-20 mil,14976.0,-0.1889546939889224
3141009,100.0,-5.584774207323182e-16,16.0,on_track,MG,Sudeste,5-20 mil,9223.0,-0.197894860990164
3141108,91.17476002258616,-0.18718238283456168,22.0,at_risk,MG,Sudeste,20-50 mil,34982.0,-0.26073684654381113
3141207,93.85517902813274,-0.24910485933505241,16.0,at_risk,MG,Sudeste,<5 mil,2673.0,-0.14755883030046643
3141306,97.43205882352942,-0.1111764705882393,16.0,at_risk,MG,Sudeste,<5 mil,2184.0,-0.12305128552763424
3141405,81.66985294117762,-0.7389705882352454,16.0,will_not_meet,MG,Sudeste,5-20 mil,14859.0,-0.18510977417616792
3141504,99.55757575757576,-0.009090909090909175,21.0,on_track,MG,Sudeste,<5 mil,3518.0,-0.3394819242770151
3141603,92.32562779497766,-0.2957688338493289,18.0,at_risk,MG,Sudeste,5-20 mil,7541.0,-0.18786251002095597
3141702,82.73362175525335,-0.7411619283065436,12.0,will_not_meet,MG,Sudeste,<5 mil,3454.0,0.0
3141801,86.00263157894756,-0.31315789473682576,19.0,will_not_meet,MG,Sudeste,5-20 mil,12876.0,-0.22722068249597835
3141900,78.43627450980352,-0.863480392156895,17.0,will_not_meet,MG,Sudeste,<5 mil,3441.0,-0.22013273142727968
3142007,55.41426470588112,-1.8277941176471115,16.0,will_not_meet,MG,Sudeste,5-20 mil,10496.0,-0.019821639504320584
3142106,93.28095238095239,-0.2415584415584471,21.0,at_risk,MG,Sudeste,5-20 mil,5985.0,-0.22700726915718172
3142205,81.62761904761851,-0.6567532467532671,21.0,will_not_meet,MG,Sudeste,5-20 mil,11456.0,-0.24683480472700778
3142254,99.19691176470586,-0.03573529411764854,16.0,on_track,MG,Sudeste,<5 mil,1172.0,-0.15885687274149185
3142304,98.27220588235289,-0.05911764705882892,16.0,at_risk,MG,Sudeste,<5 mil,1888.0,-0.19278597591237956
3142403,112.76190476190322,0.9571428571427723,6.0,on_track,MG,Sudeste,5-20 mil,6522.0,0.23430419205447323
3142502,78.80985294117681,0.7229411764706044,16.0,will_not_meet,MG,Sudeste,<5 mil,1298.0,-0.14661862195038491
3142601,99.00647058823529,-0.03941176470588386,16.0,on_track,MG,Sudeste,5-20 mil,6586.0,-0.15657540073814769
3142700,104.70264877880936,0.7662538699690351,18.0,on_track,MG,Sudeste,5-20 mil,9438.0,-0.17937164876263662
3142809,95.89999999999895,-0.2700000000000794,5.0,at_risk,MG,Sudeste,5-20 mil,15785.0,0.29050481216462704
3142908,100.0,-5.584774207323182e-16,16.0,on_track,MG,Sudeste,5-20 mil,11599.0,-0.16761086234259606
3143005,75.78132094943294,-0.9464396284829711,18.0,will_not_meet,MG,Sudeste,5-20 mil,9112.0,-0.20104889424877592
3143104,99.02911764705888,-0.014852941176470503,16.0,on_track,MG,Sudeste,20-50 mil,42095.0,-0.07628690893647205
3143153,96.09029411764715,-0.16588235294117684,16.0,at_risk,MG,Sudeste,<5 mil,1803.0,-0.19695640388619945
3143203,94.61052631578917,-0.20175438596492268,19.0,at_risk,MG,Sudeste,5-20 mil,16632.0,-0.20695753583135598
3143302,85.46225641025592,-0.42194871794873134,26.0,will_not_meet,MG,Sudeste,100-500 mil,397305.0,-0.4023134924350391
3143401,97.33142857142849,-0.10116883116883336,21.0,at_risk,MG,Sudeste,5-20 mil,18604.0,-0.3614376024606392
3143450,92.03137254901947,-0.3078431372549136,17.0,at_risk,MG,Sudeste,<5 mil,3456.0,-0.13173059693837194
3143500,86.96143790849692,-0.5078431372549014,18.0,will_not_meet,MG,Sudeste,5-20 mil,7005.0,0.04806442451947172
3143609,87.25470588235271,-0.52411764705884,16.0,will_not_meet,MG,Sudeste,<5 mil,1381.0,-0.1734545574363891
3143708,120.66833333333398,1.6183333333333434,8.0,on_track,MG,Sudeste,<5 mil,2374.0,0.0
3143807,99.51779411764687,0.016617647058813727,16.0,on_track,MG,Sudeste,<5 mil,3161.0,-0.17723584745585574
3143906,93.48707692307698,-0.334538461538463,25.0,at_risk,MG,Sudeste,100-500 mil,101766.0,-0.2655918436281588
3144003,83.60095238095192,-0.23415584415586588,21.0,will_not_meet,MG,Sudeste,5-20 mil,13937.0,-0.187623334856825
3144102,96.16886824905401,-0.1440660474716204,18.0,at_risk,MG,Sudeste,5-20 mil,15800.0,-0.19130225339520412
3144201,75.81047619047581,-0.8861038961039186,21.0,will_not_meet,MG,Sudeste,<5 mil,2021.0,-0.11051073827517909
3144300,84.50383963862237,-0.5141727837380078,22.0,will_not_meet,MG,Sudeste,20-50 mil,36563.0,-0.18570201387142118
3144359,79.24573529411737,-0.8547058823529644,16.0,will_not_meet,MG,Sudeste,5-20 mil,6678.0,-0.1619739045000997
3144375,,,2.0,,MG,Sudeste,<5 mil,2543.0,
3144409,96.05196078431368,-0.16299019607843918,17.0,at_risk,MG,Sudeste,<5 mil,2801.0,-0.1187648189074766
3144508,68.94650842793271,-1.2267285861713098,18.0,will_not_meet,MG,Sudeste,5-20 mil,6621.0,-0.11462458331720404
3144607,100.10780873753009,0.016099071207429577,18.0,on_track,MG,Sudeste,20-50 mil,20826.0,-0.0564490223046407
3144656,99.99999999999997,-7.756248278775066e-16,17.0,on_track,MG,Sudeste,<5 mil,2767.0,-0.027006081303459058
3144672,92.88461538461559,-0.346153846153839,13.0,at_risk,MG,Sudeste,<5 mil,1108.0,0.11936704891826753
3144706,92.07674418604972,-0.3988372093020942,5.0,at_risk,MG,Sudeste,5-20 mil,15416.0,-0.14436877683917004
3144805,90.70566666666662,-0.35099999999999865,24.0,at_risk,MG,Sudeste,50-100 mil,95255.0,-0.05730502778364303
3144904,97.95558823529402,-0.06926470588235843,16.0,at_risk,MG,Sudeste,<5 mil,2179.0,-0.17803391630290702
3145000,101.07843822843806,0.07972027972026763,12.0,on_track,MG,Sudeste,5-20 mil,13765.0,-0.08074640751760206
3145059,100.0,-5.584774207323182e-16,16.0,on_track,MG,Sudeste,<5 mil,4121.0,-0.12540388722255094
3145109,89.09191606467164,-0.3814241486068074,18.0,at_risk,MG,Sudeste,5-20 mil,9759.0,-0.13994620099101085
3145208,77.12857142857183,-0.8233766233766309,22.0,will_not_meet,MG,Sudeste,100-500 mil,102360.0,-0.14577382277599088
3145307,80.03192294461678,-0.6889576883384935,18.0,will_not_meet,MG,Sudeste,5-20 mil,10732.0,-0.19213696599959643
3145356,95.66862745098041,-0.16274509803922027,17.0,at_risk,MG,Sudeste,<5 mil,4618.0,-0.19716247706614914
3145372,150.0,6.240000000000066,11.0,on_track,MG,Sudeste,<5 mil,1850.0,0.2454499062065358
3145406,100.00000000000003,6.419699832541802e-15,7.0,on_track,MG,Sudeste,<5 mil,786.0,-0.025010709318970467
3145455,111.45801104972429,0.8458563535912051,6.0,on_track,MG,Sudeste,<5 mil,3397.0,0.17058563989022107
3145505,117.59890109890148,1.1670329670329713,13.0,on_track,MG,Sudeste,<5 mil,2512.0,0.018316828404156594
3145604,99.64421052631576,-0.01368421052631715,19.0,on_track,MG,Sudeste,20-50 mil,37433.0,0.21666673919845977
3145703,99.98386652906778,-0.0005159958720330984,18.0,on_track,MG,Sudeste,<5 mil,1180.0,-0.13375292843773956
3145802,89.4796037296037,-0.4178321678321532,12.0,at_risk,MG,Sudeste,<5 mil,1569.0,0.07080617905197356
3145851,101.90350877192972,0.16315789473683698,3.0,on_track,MG,Sudeste,<5 mil,3364.0,0.024426255999972554
3145877,120.7466666666669,1.2809090909091054,21.0,on_track,MG,Sudeste,<5 mil,2481.0,-0.11194194035175087
3145901,94.77238372093029,-0.21017441860463856,17.0,at_risk,MG,Sudeste,20-50 mil,36047.0,-0.47488137800024616
3146008,99.63373765867414,-0.003554301833570864,14.0,on_track,MG,Sudeste,20-50 mil,25547.0,-0.09947049305989045
3146107,88.48231913455072,-0.27724814063554915,16.0,will_not_meet,MG,Sudeste,50-100 mil,65071.0,0.1706174995063779
3146206,93.29411764705884,-0.17500000000000052,17.0,at_risk,MG,Sudeste,<5 mil,3556.0,-0.10715619021592133
3146255,98.45777777777684,0.11333333333327901,9.0,at_risk,MG,Sudeste,<5 mil,3837.0,0.28634052392432136
3146305,71.79499999999962,-1.1650000000000311,16.0,will_not_meet,MG,Sudeste,5-20 mil,12435.0,-0.1809321866381047
3146404,89.122631578947,-0.41421052631580985,19.0,at_risk,MG,Sudeste,<5 mil,3450.0,-0.1812344073474428
3146503,86.63846153846157,-0.5538461538461601,13.0,will_not_meet,MG,Sudeste,5-20 mil,6850.0,-0.004093611240384483
3146552,78.33999999999901,-0.8091228070176002,19.0,will_not_meet,MG,Sudeste,<5 mil,1797.0,-0.1333120205025008
3146602,99.99999999999996,4.925709433472819e-16,4.0,on_track,MG,Sudeste,<5 mil,1187.0,-0.14820580891882604
3146701,86.17745098039109,-0.4693627450980936,17.0,will_not_meet,MG,Sudeste,5-20 mil,5171.0,-0.23269099970057994
3146750,100.0,-5.584774207323182e-16,16.0,on_track,MG,Sudeste,<5 mil,3365.0,-0.10539261311354335
3146909,100.4956043956044,0.03351648351648395,13.0,on_track,MG,Sudeste,5-20 mil,13389.0,-0.07975911092449804
3147006,89.28044444444436,-0.3420854700854707,26.0,at_risk,MG,Sudeste,50-100 mil,82324.0,-0.23259664284899625
3147105,101.20096319229442,0.11197110423116598,18.0,on_track,MG,Sudeste,50-100 mil,90375.0,-0.538817921787913
3147204,99.93969728242178,-0.0018575851393179165,18.0,on_track,MG,Sudeste,5-20 mil,17872.0,-0.05382982515527163
3147303,108.15882352941264,0.5529411764706252,17.0,on_track,MG,Sudeste,5-20 mil,17694.0,-0.09528971407739173
3147402,85.1990712074305,-0.5829721362229109,18.0,will_not_meet,MG,Sudeste,20-50 mil,21660.0,-0.23896856710819056
3147501,104.00595238095116,0.3261904761903992,8.0,on_track,MG,Sudeste,<5 mil,928.0,-0.01983868566331797
3147600,91.80514429109333,-0.026348808030016758,11.0,at_risk,MG,Sudeste,5-20 mil,12644.0,-0.04440130916611048
3147709,92.62842105263178,-0.27263157894734796,20.0,at_risk,MG,Sudeste,5-20 mil,6256.0,-0.14265681397269758
3147808,99.32256902761097,-0.03133253301320584,6.0,on_track,MG,Sudeste,<5 mil,1270.0,0.23079859238475622
3147907,100.25015384615386,0.01592307692307739,25.0,on_track,MG,Sudeste,100-500 mil,110026.0,-0.14937354936169234
3147956,77.1120588235292,-0.933676470588263,16.0,will_not_meet,MG,Sudeste,<5 mil,2487.0,-0.07766215658055775
3148004,92.95166572557878,-0.25527950310559355,22.0,at_risk,MG,Sudeste,100-500 mil,142393.0,-0.06562511540328135
3148103,100.50470588235291,0.038382352941174314,16.0,on_track,MG,Sudeste,50-100 mil,81267.0,-0.05634397270162782
3148202,99.42285714285711,-0.02233766233766214,21.0,on_track,MG,Sudeste,<5 mil,4680.0,-0.22230443468651137
3148301,99.99999999999997,-7.756248278775066e-16,17.0,on_track,MG,Sudeste,5-20 mil,5110.0,-0.15141202558315542
3148400,99.99999999999997,-7.756248278775066e-16,17.0,on_track,MG,Sudeste,<5 mil,2245.0,-0.21534422505904646
3148509,92.47156862745089,-0.2987745098039368,17.0,at_risk,MG,Sudeste,5-20 mil,5083.0,-0.16527500539758708
3148608,87.16702428006772,-0.43924336533032593,22.0,will_not_meet,MG,Sudeste,5-20 mil,9241.0,-0.22328382259842544
3148707,78.40931677018648,-0.6601919819311228,22.0,will_not_meet,MG,Sudeste,20-50 mil,21441.0,-0.07233466764542816
3148756,99.62545454545455,-0.017272727272729337,11.0,on_track,MG,Sudeste,<5 mil,1930.0,0.0
3148806,98.33921568627454,-0.03333333333333362,17.0,at_risk,MG,Sudeste,<5 mil,1928.0,-0.15749974417967189
3148905,97.49441176470586,-0.09323529411765251,16.0,at_risk,MG,Sudeste,<5 mil,2107.0,-0.09525438266228131
3149002,103.1763532763535,0.2770655270655163,10.0,on_track,MG,Sudeste,<5 mil,1520.0,-0.1251658559569407
3149101,95.3249054007569,-0.17141382868937088,18.0,at_risk,MG,Sudeste,5-20 mil,5384.0,-0.20223863993152974
3149150,63.92395604395506,-1.4782417582417298,14.0,will_not_meet,MG,Sudeste,5-20 mil,7554.0,0.25904151341908876
3149200,81.3367588932806,-0.6328063241106815,23.0,will_not_meet,MG,Sudeste,<5 mil,3062.0,-0.1791895085151951
3149309,98.81959345002821,-0.044381705251272115,22.0,at_risk,MG,Sudeste,50-100 mil,55403.0,-0.14739276534582663
3149408,,,2.0,,MG,Sudeste,<5 mil,975.0,0.0
3149507,79.3803921568624,-0.8333333333333649,17.0,will_not_meet,MG,Sudeste,<5 mil,3077.0,-0.19430544106016898
3149606,97.95999999999981,-0.12000000000001308,6.0,at_risk,MG,Sudeste,<5 mil,3229.0,0.004694175476259193
3149705,87.60894392844898,-0.4936016511867887,18.0,will_not_meet,MG,Sudeste,5-20 mil,10581.0,-0.27737037440264145
3149804,93.82117647058811,-0.24602941176471463,16.0,at_risk,MG,Sudeste,5-20 mil,11359.0,-0.1950536153327069
3149903,91.02348955392426,-0.2690570299265988,22.0,at_risk,MG,Sudeste,5-20 mil,19095.0,-0.07582806842324066
3149952,72.12735294117556,-1.1620588235294387,16.0,will_not_meet,MG,Sudeste,5-20 mil,5065.0,-0.24375184030702385
3150000,81.4014285714295,-0.7589285714285047,15.0,will_not_meet,MG,Sudeste,<5 mil,3364.0,-0.3490319831749241
3150109,102.02717622080718,0.14246284501064338,8.0,on_track,MG,Sudeste,<5 mil,1607.0,-0.23208229337418154
3150158,95.03102941176493,0.07691176470589461,16.0,at_risk,MG,Sudeste,5-20 mil,5717.0,-0.1904163295393075
3150208,87.32549019607791,-0.5137254901960988,17.0,will_not_meet,MG,Sudeste,<5 mil,3240.0,-0.2303646853211789
3150307,81.87058823529378,-0.725000000000026,17.0,will_not_meet,MG,Sudeste,<5 mil,3275.0,-0.10781427815170835
3150406,99.24617647058822,-0.033529411764707716,16.0,on_track,MG,Sudeste,<5 mil,2302.0,-0.17454971296848368
3150505,100.71265909872719,0.1049535603715165,18.0,on_track,MG,Sudeste,5-20 mil,7349.0,-0.12362608372782899
3150539,81.76985294117617,-0.7470588235294331,16.0,will_not_meet,MG,Sudeste,<5 mil,4591.0,-0.17170877348950062
3150570,96.6968421052627,-0.015438596491250239,19.0,at_risk,MG,Sudeste,<5 mil,2648.0,-0.14757822152352124
3150604,99.6701298701299,-0.000649350649348653,11.0,on_track,MG,Sudeste,<5 mil,3025.0,0.14888699650620857
3150703,61.022500000000036,-1.6325000000000416,16.0,will_not_meet,MG,Sudeste,5-20 mil,5759.0,0.02053962472608114
3150802,94.55725578769048,0.06860530773573802,22.0,at_risk,MG,Sudeste,5-20 mil,6099.0,-0.1769509169749757
3150901,100.0,-5.584774207323182e-16,16.0,on_track,MG,Sudeste,<5 mil,1869.0,-0.05778336949611271
3151008,107.04803921568521,0.4247549019607392,17.0,on_track,MG,Sudeste,5-20 mil,5365.0,-0.6596415300552925
3151107,64.75382352941142,-1.4414705882353378,16.0,will_not_meet,MG,Sudeste,5-20 mil,9477.0,-0.23439621991676673
3151206,98.6368421052631,-0.05438596491228277,19.0,at_risk,MG,Sudeste,50-100 mil,55798.0,0.0035217812647551435
3151305,80.02843137254854,-0.7747549019608188,17.0,will_not_meet,MG,Sudeste,5-20 mil,8709.0,-0.13135151057010985
3151404,81.00955882352923,-0.7786764705882581,16.0,will_not_meet,MG,Sudeste,20-50 mil,25415.0,-0.19952631702836618
3151503,101.09306666666683,0.0786039215686367,16.0,on_track,MG,Sudeste,20-50 mil,31479.0,-0.18568284052965878
3151602,89.93235294117642,-0.42205882352942153,16.0,at_risk,MG,Sudeste,5-20 mil,12094.0,-0.2300793014175745
3151701,80.08421052631616,-0.7771929824561403,18.0,will_not_meet,MG,Sudeste,5-20 mil,9828.0,-0.17645841254859598
3151800,95.69987789987744,-0.20622710622711452,27.0,at_risk,MG,Sudeste,100-500 mil,165701.0,-0.37471354829565967
3151909,88.720262216925,-0.28522050059593146,11.0,will_not_meet,MG,Sudeste,<5 mil,4980.0,0.24715559037617746
3152006,87.6158290598288,-0.328239316239332,26.0,will_not_meet,MG,Sudeste,20-50 mil,28520.0,-0.20196234582629663
3152105,95.8161904761904,-0.14688311688312009,21.0,at_risk,MG,Sudeste,50-100 mil,53515.0,-0.17423004225959082
3152131,72.90661764705828,-1.094852941176502,16.0,will_not_meet,MG,Sudeste,<5 mil,2802.0,-0.15036337205248282
3152170,105.84529411764697,0.6241176470588318,16.0,on_track,MG,Sudeste,<5 mil,4347.0,-0.185616319630444
3152204,100.0,-5.584774207323182e-16,16.0,on_track,MG,Sudeste,5-20 mil,19439.0,-0.14457847204280372
3152303,101.30980392156874,0.11225490196079255,17.0,on_track,MG,Sudeste,5-20 mil,5293.0,-0.19267636926092419
3152402,74.5564835164837,-0.8336263736263338,14.0,will_not_meet,MG,Sudeste,5-20 mil,9938.0,-0.06041271201182968
3152501,93.36115189158681,-0.23788819875776632,22.0,at_risk,MG,Sudeste,100-500 mil,141269.0,-0.20186783301640585
3152709,99.10985294117648,-0.039558823529412736,16.0,on_track,MG,Sudeste,5-20 mil,6457.0,0.14504044044573963
3152808,82.45428571428533,-0.6455844155844299,21.0,will_not_meet,MG,Sudeste,20-50 mil,21162.0,-0.293878731772705
3152907,107.46000000000095,1.030303030303121,10.0,on_track,MG,Sudeste,5-20 mil,7548.0,-0.21189206319803083
3153004,8.399999999997817,-4.627272727272807,11.0,will_not_meet,MG,Sudeste,<5 mil,1971.0,-0.04374427994729057
3153103,107.23858477970703,0.5043391188251444,11.0,on_track,MG,Sudeste,<5 mil,1576.0,0.5938154250542885
3153202,100.0,-5.584774207323182e-16,16.0,on_track,MG,Sudeste,<5 mil,1687.0,-0.21644325065787154
3153301,99.61785714285716,-0.01785714285713982,7.0,on_track,MG,Sudeste,<5 mil,2045.0,0.025612818962369343
3153400,99.19652562779501,-0.028895768833850803,18.0,on_track,MG,Sudeste,5-20 mil,13931.0,-0.18445817708512988
3153509,79.75392156862722,-0.8090686274510095,17.0,will_not_meet,MG,Sudeste,<5 mil,4283.0,-0.20509884384557164
3153608,74.14787928221858,-1.0767536704730207,15.0,will_not_meet,MG,Sudeste,5-20 mil,10504.0,0.43446505458509854
3153707,78.76738906088758,-0.8243550051599577,18.0,will_not_meet,MG,Sudeste,<5 mil,3017.0,-0.1857088370243054
3153806,100.63836996337,0.06648351648351668,12.0,on_track,MG,Sudeste,<5 mil,887.0,0.02367047318880281
3153905,85.06363768115943,-0.4933913043478205,24.0,will_not_meet,MG,Sudeste,5-20 mil,15651.0,-0.22312307503651788
3154002,102.89529411764715,0.19911764705883483,16.0,on_track,MG,Sudeste,5-20 mil,15383.0,-0.17337145130028156
3154101,102.08021978021975,0.22967032967032935,13.0,on_track,MG,Sudeste,5-20 mil,9269.0,-0.1790286680996221
3154150,102.8537794299881,0.21140024783149738,8.0,on_track,MG,Sudeste,<5 mil,4025.0,0.33545150653767575
3154200,81.66893704850395,-0.7194014447884408,18.0,will_not_meet,MG,Sudeste,5-20 mil,9311.0,-0.0628955892541735
3154309,67.90095238095137,-1.1250649350649675,21.0,will_not_meet,MG,Sudeste,5-20 mil,13063.0,-0.18350798813426458
3154408,102.0460784313727,0.13406862745098883,17.0,on_track,MG,Sudeste,<5 mil,3097.0,-0.1498800161968245
3154457,103.77499999999986,0.48750000000000077,16.0,on_track,MG,Sudeste,<5 mil,4504.0,-0.12212158298407666
3154507,72.63421052631475,-1.0096491228070696,19.0,will_not_meet,MG,Sudeste,<5 mil,4552.0,-0.06308265740365389
3154606,79.26550724637684,-0.4656521739130355,24.0,will_not_meet,MG,Sudeste,100-500 mil,338922.0,-0.3817287268690963
3154705,91.1009287925699,-0.35036119711042335,18.0,at_risk,MG,Sudeste,<5 mil,3761.0,-0.2707390821394666
3154804,97.72025974025978,-0.03532467532467492,9.0,at_risk,MG,Sudeste,5-20 mil,9197.0,0.0
3154903,82.89802371541532,-0.5596837944664095,22.0,will_not_meet,MG,Sudeste,5-20 mil,10682.0,-0.08886839261626087
3155009,95.32637362637382,-0.21263736263736344,13.0,at_risk,MG,Sudeste,<5 mil,1764.0,-0.01783888258444403
3155108,84.64105263157853,-0.6010526315789765,19.0,will_not_meet,MG,Sudeste,<5 mil,2678.0,-0.28837217864794956
3155207,52.16808823529391,-1.8817647058824052,16.0,will_not_meet,MG,Sudeste,<5 mil,2111.0,-0.07985608102210599
3155306,126.5029926595139,1.5070016939582107,22.0,on_track,MG,Sudeste,<5 mil,3155.0,-0.20349537351888558
3155405,106.07214285714804,1.0364285714288175,15.0,on_track,MG,Sudeste,5-20 mil,7757.0,-0.014500054046365065
3155504,100.4901960784313,0.02892156862744842,17.0,on_track,MG,Sudeste,5-20 mil,7577.0,-0.22534339528347563
3155603,73.6475748194016,-1.0277605779153753,18.0,will_not_meet,MG,Sudeste,5-20 mil,12525.0,-0.11936216886077197
3155702,87.08235294117571,-0.4323529411765226,17.0,will_not_meet,MG,Sudeste,5-20 mil,11412.0,-0.26535318547854647
3155801,87.69088407292759,-0.4847265221878199,18.0,will_not_meet,MG,Sudeste,5-20 mil,15212.0,-0.24619599750037838
3155900,98.1946587537091,-0.0538575667655805,12.0,at_risk,MG,Sudeste,<5 mil,4620.0,-0.00040514935044110327
3156007,92.98627450980396,-0.09509803921568483,17.0,at_risk,MG,Sudeste,5-20 mil,5075.0,-0.2532060167724945
3156106,98.93137254901958,-0.037254901960786596,17.0,at_risk,MG,Sudeste,<5 mil,3128.0,-0.09904760846266322
3156205,99.16339285714307,0.013988095238107796,10.0,on_track,MG,Sudeste,<5 mil,2112.0,-0.004038498051792776
3156304,93.51647058823539,-0.28441176470588864,16.0,at_risk,MG,Sudeste,5-20 mil,6742.0,-0.12039408966555942
3156452,98.75588235294119,-0.05514705882353099,16.0,at_risk,MG,Sudeste,<5 mil,2513.0,-0.0994188237618863
3156502,91.78235294117644,-0.3044117647058952,17.0,at_risk,MG,Sudeste,<5 mil,1816.0,-0.12331652949760905
3156601,73.84826281389746,-0.981217750258041,18.0,will_not_meet,MG,Sudeste,5-20 mil,7975.0,-0.2409099837048527
3156700,72.42747826086907,-0.9690434782608625,24.0,will_not_meet,MG,Sudeste,100-500 mil,134399.0,-0.13796801860834956
3156809,98.82307692307688,-0.015384615384619538,13.0,at_risk,MG,Sudeste,5-20 mil,9917.0,0.0026609950128108732
3156908,87.23489288774545,-0.6443804627249515,24.0,will_not_meet,MG,Sudeste,20-50 mil,21421.0,-0.17761341250952573
3157005,94.09474872953132,-0.13235460191982362,22.0,at_risk,MG,Sudeste,20-50 mil,32822.0,-0.12511450533099744
3157104,82.07254901960778,-0.7078431372549013,18.0,will_not_meet,MG,Sudeste,5-20 mil,5879.0,-0.20533375678284713
3157203,61.3058823529409,-1.5301470588235773,16.0,will_not_meet,MG,Sudeste,20-50 mil,28349.0,0.0630384567332211
3157252,105.25500000000022,0.427500000000019,16.0,on_track,MG,Sudeste,<5 mil,4248.0,-0.1680221581396732
3157278,,,1.0,,MG,Sudeste,<5 mil,1647.0,
3157302,133.38345238095735,2.2103571428573408,15.0,on_track,MG,Sudeste,<5 mil,2098.0,0.0018252940975960583
3157336,99.99999999999994,-2.6803720262323745e-15,4.0,on_track,MG,Sudeste,5-20 mil,8723.0,-0.015665596657754972
3157377,96.89176470588231,-0.1202941176470625,16.0,at_risk,MG,Sudeste,<5 mil,1066.0,-0.08310847937193609
3157401,74.19999999999993,-0.452941176470603,17.0,will_not_meet,MG,Sudeste,<5 mil,1626.0,-0.269687277377551
3157500,68.84607843137292,-1.236519607843181,17.0,will_not_meet,MG,Sudeste,<5 mil,2890.0,-0.23477404476851985
3157609,67.8218438252502,-1.252321981424147,18.0,will_not_meet,MG,Sudeste,<5 mil,2197.0,-0.16563973359882814
3157658,67.95970588235286,-1.2966176470588406,16.0,will_not_meet,MG,Sudeste,<5 mil,3987.0,-0.12930725918221309
3157708,86.20209838321284,-0.4977296181630544,18.0,will_not_meet,MG,Sudeste,5-20 mil,12525.0,-0.1985170946561008
3157807,70.1524637681157,-0.9667391304347712,24.0,will_not_meet,MG,Sudeste,100-500 mil,221089.0,-0.30981563765889913
3157906,98.67647058823434,0.05882352941171936,17.0,at_risk,MG,Sudeste,5-20 mil,8328.0,-0.16887096959495482
3158003,73.97058823529414,-1.0514705882353326,17.0,will_not_meet,MG,Sudeste,5-20 mil,6525.0,-0.287283406018775
3158102,95.61088235294108,-0.19014705882353547,16.0,at_risk,MG,Sudeste,<5 mil,3685.0,-0.17598273190593108
3158201,63.97745098039195,-1.4075980392157554,17.0,will_not_meet,MG,Sudeste,5-20 mil,10880.0,-0.1455044338717702
3158300,99.98386652906778,-0.0005159958720330984,18.0,on_track,MG,Sudeste,5-20 mil,5144.0,-0.14517869797625826
3158409,85.29323529411772,-0.5997058823529587,16.0,will_not_meet,MG,Sudeste,<5 mil,3148.0,-0.15745310429996986
3158508,100.39516129032263,0.029354838709680062,9.0,on_track,MG,Sudeste,<5 mil,3135.0,0.5447322507389439
3158607,99.94000000000003,0.003030303030300634,10.0,on_track,MG,Sudeste,<5 mil,1449.0,0.6449814191290052
3158706,150.0,4.106306306306131,8.0,on_track,MG,Sudeste,<5 mil,1844.0,-0.018397234155078195
3158805,81.72896456828403,-0.7162022703818366,18.0,will_not_meet,MG,Sudeste,<5 mil,4659.0,-0.14968070164474834
3158904,60.450980392156,-1.500980392156934,17.0,will_not_meet,MG,Sudeste,<5 mil,4180.0,-0.15499185483680925
3158953,120.75573529411531,1.42529411764694,16.0,on_track,MG,Sudeste,20-50 mil,33385.0,-0.6343848009964016
3159001,100.00000000000003,2.803233372745077e-16,15.0,on_track,MG,Sudeste,<5 mil,2455.0,-0.6842783119593581
3159100,99.99999999999996,-1.971814113513637e-15,5.0,on_track,MG,Sudeste,<5 mil,2251.0,0.0
3159209,98.64476190476176,0.1648051948051909,21.0,at_risk,MG,Sudeste,5-20 mil,5575.0,-0.11716576228328843
3159308,99.99999999999999,-1.7361485993399252e-15,9.0,on_track,MG,Sudeste,<5 mil,3656.0,0.01710860283122504
3159357,86.49602941176454,-0.5530882352941335,16.0,will_not_meet,MG,Sudeste,5-20 mil,5339.0,-0.135796047981847
3159407,68.14190476190424,-0.809350649350678,21.0,will_not_meet,MG,Sudeste,<5 mil,2106.0,-0.18940118349678514
3159506,116.36000000000013,1.460519480519505,21.0,on_track,MG,Sudeste,<5 mil,2200.0,-0.20635925827004634
3159605,93.8778656126484,-0.21936758893280872,22.0,at_risk,MG,Sudeste,20-50 mil,38022.0,-0.11783479721346962
3159704,99.99999999999997,-7.756248278775066e-16,17.0,on_track,MG,Sudeste,<5 mil,2059.0,-0.05744711069411567
3159803,99.3999999999999,-0.015584415584417682,21.0,on_track,MG,Sudeste,5-20 mil,16456.0,-0.1813301376617033
3159902,105.17872180451172,0.5069172932330825,20.0,on_track,MG,Sudeste,5-20 mil,16371.0,-0.23399993637979535
3160009,143.15999999999258,3.3193939393937315,10.0,on_track,MG,Sudeste,<5 mil,2420.0,0.5463047562294916
3160108,98.48529411764707,-0.05514705882353097,17.0,at_risk,MG,Sudeste,<5 mil,3180.0,-0.16087357393486837
3160207,95.7558659217878,-0.15614525139664195,9.0,at_risk,MG,Sudeste,<5 mil,1119.0,0.4578959885164802
3160306,87.44455882352906,-0.4986764705882519,16.0,will_not_meet,MG,Sudeste,5-20 mil,6247.0,-0.12421609046956258
3160405,93.9951470588233,-0.23294117647059756,16.0,at_risk,MG,Sudeste,20-50 mil,24438.0,-0.2114903751691187
3160454,97.41960784313724,-0.0901960784313757,17.0,at_risk,MG,Sudeste,<5 mil,1673.0,-0.12664787192163915
3160504,105.94000000000915,0.5400000000004886,5.0,on_track,MG,Sudeste,<5 mil,907.0,
3160603,76.58691176470552,-0.953235294117673,16.0,will_not_meet,MG,Sudeste,<5 mil,2114.0,-0.17092834376202312
3160702,77.551428571428,-0.7567532467532709,21.0,will_not_meet,MG,Sudeste,20-50 mil,41385.0,-0.11560697059595995
3160801,90.74881320949447,-0.2504643962848275,18.0,at_risk,MG,Sudeste,5-20 mil,5010.0,-0.16798948253850243
3160900,95.78529411764697,-0.16691176470588936,17.0,at_risk,MG,Sudeste,<5 mil,3358.0,-0.19575527599821546
3160959,108.37147058823484,1.4680882352941202,16.0,on_track,MG,Sudeste,<5 mil,2704.0,-0.18711975828679997
3161007,85.84019607843118,-0.30416666666668035,17.0,will_not_meet,MG,Sudeste,5-20 mil,10468.0,-0.29119592049474646
3161056,94.82593984962571,-0.07390977443600728,20.0,at_risk,MG,Sudeste,<5 mil,2072.0,-0.227943145300764
3161106,75.26794117646978,-1.0138235294117937,16.0,will_not_meet,MG,Sudeste,20-50 mil,35981.0,-0.14989020399004915
3161205,97.71278195488725,-0.07917293233082086,20.0,at_risk,MG,Sudeste,<5 mil,4672.0,-0.1721624340596627
3161304,74.51558823529331,-1.0517647058823811,16.0,will_not_meet,MG,Sudeste,<5 mil,4732.0,-0.25353792668127445
3161403,100.03345323740999,0.0048561151079097396,7.0,on_track,MG,Sudeste,<5 mil,2878.0,0.012959406170579446
3161502,62.11779411764746,-1.4583823529412123,16.0,will_not_meet,MG,Sudeste,5-20 mil,9032.0,-0.1269015620126431
3161601,103.6170063694235,0.8693630573246022,11.0,on_track,MG,Sudeste,<5 mil,927.0,0.040437390453933
3161650,105.10555555555516,0.3611111111111071,9.0,on_track,MG,Sudeste,<5 mil,2873.0,-0.04143740320123953
3161700,39.41058823529329,-2.566764705882413,16.0,will_not_meet,MG,Sudeste,5-20 mil,5674.0,0.053779783831858136
3161809,68.34499999999889,-1.3150000000000344,16.0,will_not_meet,MG,Sudeste,5-20 mil,9780.0,-0.2597513354746143
3161908,101.09090909090915,0.14545454545455017,11.0,on_track,MG,Sudeste,5-20 mil,5285.0,0.0
3162005,75.7362745098037,-0.9737745098039577,17.0,will_not_meet,MG,Sudeste,20-50 mil,21199.0,-0.14510932983679906
3162104,102.19705882352855,0.30367647058820163,17.0,on_track,MG,Sudeste,20-50 mil,34090.0,-0.0594705037070932
3162203,99.29887724550895,-0.01309880239520988,17.0,on_track,MG,Sudeste,5-20 mil,6139.0,-0.08713566011331027
3162252,99.43815789473683,-0.013596491228070738,8.0,on_track,MG,Sudeste,<5 mil,2588.0,
3162302,54.08461538461597,-2.084615384615394,13.0,will_not_meet,MG,Sudeste,<5 mil,1760.0,-0.03949133156760335
3162401,84.99368421052583,0.23929824561401153,19.0,will_not_meet,MG,Sudeste,5-20 mil,8545.0,-0.17350826704402295
3162450,72.90014705882254,-0.9679411764706648,16.0,will_not_meet,MG,Sudeste,<5 mil,2763.0,-0.17137804181175145
3162500,150.0,5.990877192982749,19.0,on_track,MG,Sudeste,50-100 mil,85934.0,-0.17150866645542032
3162559,94.35782593739249,0.04726522187822486,18.0,at_risk,MG,Sudeste,5-20 mil,5528.0,-0.1908981906105875
3162575,10.10329670329702,-1.893406593406627,13.0,will_not_meet,MG,Sudeste,<5 mil,3346.0,-0.06836508979819546
3162609,79.26632352941101,-0.7664705882353371,16.0,will_not_meet,MG,Sudeste,5-20 mil,5939.0,-0.27087844204041833
3162658,120.59551192145636,1.7023842917248948,11.0,on_track,MG,Sudeste,<5 mil,2118.0,0.0
3162708,99.87543859649125,-0.0052631578947366555,18.0,on_track,MG,Sudeste,5-20 mil,10913.0,-0.08646212805729146
3162807,108.13314511575368,0.45319028797289496,22.0,on_track,MG,Sudeste,5-20 mil,10243.0,-0.25921400030428826
3162906,73.36571428571392,-0.9742857142857371,21.0,will_not_meet,MG,Sudeste,20-50 mil,25236.0,-0.1850081452167315
3162922,86.29466666666644,-0.5019999999999957,24.0,will_not_meet,MG,Sudeste,20-50 mil,23813.0,-0.0038275790538953463
3162948,136.9413140694869,2.7277605779153746,18.0,on_track,MG,Sudeste,5-20 mil,5438.0,-0.24974875639621255
3162955,75.31897435897417,-1.194358974358978,26.0,will_not_meet,MG,Sudeste,5-20 mil,14101.0,-0.24450653230820152
3163003,67.9361904761904,-1.173896103896131,21.0,will_not_meet,MG,Sudeste,<5 mil,3101.0,-0.1393196920139822
3163102,104.60161764705902,0.32764705882353984,16.0,on_track,MG,Sudeste,<5 mil,2910.0,0.0
3163201,99.99999999999997,-7.756248278775066e-16,17.0,on_track,MG,Sudeste,<5 mil,3065.0,-0.16435433845098452
3163300,61.32761904761901,-1.4171428571428746,21.0,will_not_meet,MG,Sudeste,<5 mil,2737.0,-0.3217519756622414
3163409,97.54999999999998,-0.08897058823529629,17.0,at_risk,MG,Sudeste,<5 mil,3506.0,-0.20178012303716072
3163508,96.79215686274497,-0.11421568627451552,17.0,at_risk,MG,Sudeste,<5 mil,1962.0,-0.19651257901688185
3163607,92.2568627450978,-0.31127450980393456,17.0,at_risk,MG,Sudeste,<5 mil,1577.0,-0.17129839513509423
3163706,100.63352941176475,0.04691176470588362,16.0,on_track,MG,Sudeste,20-50 mil,46539.0,0.12793409966764271
3163805,92.59705882352932,-0.29044117647059964,17.0,at_risk,MG,Sudeste,<5 mil,3851.0,-0.1819728742717826
3163904,99.37455882352938,-0.02117647058823688,16.0,on_track,MG,Sudeste,<5 mil,2518.0,-0.13718052136195605
3164001,62.86274509803934,-1.3950980392157344,17.0,will_not_meet,MG,Sudeste,5-20 mil,6197.0,-0.19808810012426079
3164100,99.99999999999997,-7.756248278775066e-16,17.0,on_track,MG,Sudeste,<5 mil,2133.0,-0.2181339437420869
3164209,35.16073529411733,-2.659705882353011,16.0,will_not_meet,MG,Sudeste,5-20 mil,8003.0,-0.10294465225422257
3164308,83.37894736842054,-0.6368421052631923,19.0,will_not_meet,MG,Sudeste,<5 mil,4483.0,0.08167846347794001
3164407,98.57819148936184,-0.07420212765956385,7.0,at_risk,MG,Sudeste,<5 mil,3242.0,0.06769478380205592
3164431,99.15911764705882,-0.03735294117647158,16.0,on_track,MG,Sudeste,<5 mil,1741.0,-0.13305456824935388
3164472,64.38191176470536,-1.1932352941176847,16.0,will_not_meet,MG,Sudeste,<5 mil,4913.0,-0.08089572060074701
3164506,81.21274509803919,-0.23995098039216456,17.0,will_not_meet,MG,Sudeste,<5 mil,3017.0,-0.20113766020137877
3164605,94.27705882352939,-0.2511764705882408,16.0,at_risk,MG,Sudeste,<5 mil,3886.0,-0.24103100131001218
3164704,91.41518915866743,-0.3070016939582188,22.0,at_risk,MG,Sudeste,50-100 mil,66351.0,0.008999391661296048
3164803,100.5916666666667,0.05833333333333519,8.0,on_track,MG,Sudeste,<5 mil,803.0,-0.03251020372014956
3164902,100.61351947097704,0.04702424687728301,10.0,on_track,MG,Sudeste,<5 mil,1414.0,-0.05657252953670373
3165008,99.39892715979659,0.19045736871823327,22.0,on_track,MG,Sudeste,5-20 mil,8806.0,-0.17048169583908135
3165107,87.47735294117638,-0.512058823529427,16.0,will_not_meet,MG,Sudeste,5-20 mil,5434.0,-0.170537200693361
3165206,99.61735294117646,-0.0170588235294125,16.0,on_track,MG,Sudeste,<5 mil,4144.0,-0.13554935902409762
3165305,81.37058823529424,-0.7544117647059099,17.0,will_not_meet,MG,Sudeste,5-20 mil,6676.0,-0.29746599770013493
3165404,94.37712418300669,-0.21764705882352836,18.0,at_risk,MG,Sudeste,<5 mil,4270.0,-0.25763049742911337
3165503,96.23176470588231,-0.1627941176470642,16.0,at_risk,MG,Sudeste,<5 mil,2292.0,-0.25635882608652
3165537,88.29682608695668,-0.3953478260869518,24.0,will_not_meet,MG,Sudeste,20-50 mil,33678.0,-0.06789459622518192
3165552,113.27549019607977,1.1634803921569683,17.0,on_track,MG,Sudeste,<5 mil,3216.0,-0.21865823415660746
3165560,80.90999999999553,-0.9100000000002834,5.0,will_not_meet,MG,Sudeste,<5 mil,1479.0,-0.19188399689395969
3165578,92.93720588235266,-0.2516176470588432,16.0,at_risk,MG,Sudeste,<5 mil,3188.0,-0.08480245175629587
3165602,110.99120879120869,0.8285714285714244,13.0,on_track,MG,Sudeste,<5 mil,1522.0,0.003768148359675026
3165701,93.1208791208793,-0.2890109890109836,13.0,at_risk,MG,Sudeste,5-20 mil,5118.0,-0.04550737976606673
3165800,100.31714285714281,0.025714285714279892,5.0,on_track,MG,Sudeste,<5 mil,520.0,-0.08177440937413262
3165909,99.99999999999997,-7.756248278775066e-16,17.0,on_track,MG,Sudeste,<5 mil,1599.0,-0.2853414462389944
3166006,100.01098901098902,0.0027472527472516112,13.0,on_track,MG,Sudeste,<5 mil,3315.0,0.009172061046123139
3166105,148.64035714286274,3.001071428571578,15.0,on_track,MG,Sudeste,<5 mil,1293.0,-0.05726776165939047
3166204,89.12877697841543,-0.13453237410082647,7.0,at_risk,MG,Sudeste,<5 mil,3524.0,0.06792256180732856
3166303,99.93823529411748,0.07720588235293636,17.0,on_track,MG,Sudeste,<5 mil,3829.0,-0.13892658585036483
3166402,100.05384615384614,0.0038461538461515977,13.0,on_track,MG,Sudeste,<5 mil,1539.0,-0.007718757735865588
3166501,69.70980392156844,-1.221568627451026,17.0,will_not_meet,MG,Sudeste,<5 mil,1739.0,-0.1878725408249609
3166600,99.18897058823526,-0.029411764705884483,16.0,on_track,MG,Sudeste,<5 mil,499.0,0.01225832956098471
3166709,67.2220588235291,-1.3536764705882676,16.0,will_not_meet,MG,Sudeste,5-20 mil,7026.0,-0.09378929042920384
3166808,94.49508752117447,0.013721061547148007,22.0,at_risk,MG,Sudeste,5-20 mil,8638.0,-0.09236272474215364
3166907,87.44045407636747,-0.4638802889576871,18.0,will_not_meet,MG,Sudeste,5-20 mil,6685.0,-0.21256189658825475
3166956,98.84867647058825,-0.05102941176470738,16.0,at_risk,MG,Sudeste,<5 mil,1888.0,-0.13607326668981692
3167004,99.9999999999999,-5.301641655855688e-15,4.0,on_track,MG,Sudeste,<5 mil,1518.0,
3167103,93.1918125352907,0.18650479954827337,22.0,at_risk,MG,Sudeste,5-20 mil,12945.0,-0.02445570463965296
3167202,99.50608821170815,-0.01707778668805021,24.0,on_track,MG,Sudeste,100-500 mil,238031.0,-0.042749100226049726
3167301,101.51862745098046,0.10857843137255517,17.0,on_track,MG,Sudeste,<5 mil,1478.0,-0.19921137893180263
3167400,98.36748633879765,-0.06584699453553149,8.0,at_risk,MG,Sudeste,<5 mil,3785.0,0.1191631405606408
3167509,82.80000000000041,-0.6095238095237916,10.0,will_not_meet,MG,Sudeste,<5 mil,1546.0,-0.02883256996334591
3167608,87.20011293054753,0.16081309994352908,22.0,will_not_meet,MG,Sudeste,5-20 mil,7692.0,-0.24065063452815888
3167707,73.17047619047571,-0.7229870129870462,21.0,will_not_meet,MG,Sudeste,<5 mil,3878.0,-0.2182586683622108
3167806,118.25363363363795,1.2219219219220954,10.0,on_track,MG,Sudeste,<5 mil,4125.0,0.2509098798804451
3167905,96.58011904761904,-0.11964285714285341,15.0,at_risk,MG,Sudeste,<5 mil,2430.0,-0.07577884126172736
3168002,73.26960784313655,-0.9894607843137883,17.0,will_not_meet,MG,Sudeste,20-50 mil,28088.0,-0.09166767090418677
3168051,100.19535603715168,0.034571723426208394,11.0,on_track,MG,Sudeste,<5 mil,1385.0,0.13165659807985944
3168101,76.57779411764682,-0.9783823529412025,16.0,will_not_meet,MG,Sudeste,<5 mil,3263.0,-0.2601158778249676
3168200,73.9573529411764,-1.0845588235294412,16.0,will_not_meet,MG,Sudeste,<5 mil,1083.0,-0.10965674303348827
3168309,100.14844720496893,0.016092603049123685,22.0,on_track,MG,Sudeste,<5 mil,1906.0,-0.12571490340204117
3168408,83.80230478156204,-0.6237358101135192,18.0,will_not_meet,MG,Sudeste,5-20 mil,8012.0,-0.24981851813525435
3168507,91.38039215686263,-0.33921568627452214,17.0,at_risk,MG,Sudeste,5-20 mil,7841.0,-0.18145574875517068
3168606,79.426425748165,-0.7242800677583349,22.0,will_not_meet,MG,Sudeste,100-500 mil,115406.0,-0.3185801022285756
3168705,80.90479954827788,-0.6199887069452367,22.0,will_not_meet,MG,Sudeste,50-100 mil,91134.0,-0.11413136994293512
3168804,68.27798417612667,-1.2593395252837953,18.0,will_not_meet,MG,Sudeste,5-20 mil,6302.0,-0.12242537307887343
3168903,96.87788097695218,-0.11300309597523345,18.0,at_risk,MG,Sudeste,<5 mil,4441.0,-0.10236513683290267
3169000,99.60659340659342,-0.017582417582418564,13.0,on_track,MG,Sudeste,5-20 mil,13681.0,-0.015464751382516472
3169059,107.03750000000002,0.5262499999999675,9.0,on_track,MG,Sudeste,<5 mil,1061.0,0.07506114663682288
3169109,98.62529411764707,-0.06088235294117861,16.0,at_risk,MG,Sudeste,<5 mil,2407.0,-0.1656476826185443
3169208,98.7444055944053,-0.0017482517482656586,12.0,at_risk,MG,Sudeste,5-20 mil,6124.0,-0.04534638959399809
3169307,80.69999999999914,-0.7438596491228471,19.0,will_not_meet,MG,Sudeste,50-100 mil,72879.0,-0.1274824009750845
3169356,83.1304912478829,-0.5895539243365395,22.0,will_not_meet,MG,Sudeste,20-50 mil,31336.0,-0.26211162094788865
3169406,99.99999999999997,-7.756248278775066e-16,17.0,on_track,MG,Sudeste,20-50 mil,49087.0,-0.13180709004017932
3169505,78.57238095238063,-0.7776623376623576,21.0,will_not_meet,MG,Sudeste,<5 mil,4669.0,-0.17354019394921108
3169604,101.43142857142857,0.09428571428570715,15.0,on_track,MG,Sudeste,20-50 mil,23207.0,0.07707554899001884
3169703,97.50784313725492,-0.05490196078431361,18.0,at_risk,MG,Sudeste,5-20 mil,14519.0,-0.10251414076526191
3169802,100.34842105263112,0.13368421052628252,11.0,on_track,MG,Sudeste,<5 mil,3186.0,0.427564584228542
3169901,79.66984754376062,-0.6552795031055977,22.0,will_not_meet,MG,Sudeste,100-500 mil,113482.0,-0.1968100421108279
3170008,60.27034743722129,-0.9971104231166145,18.0,will_not_meet,MG,Sudeste,5-20 mil,6140.0,-0.19323456852969986
3170057,75.25294117647013,-0.6838235294118049,16.0,will_not_meet,MG,Sudeste,5-20 mil,6687.0,-0.19193484867463362
3170107,96.28896479741911,-0.17861751589334685,26.0,at_risk,MG,Sudeste,100-500 mil,332676.0,-0.2509635298796254
3170206,98.47728937728922,-0.06935286935287373,27.0,at_risk,MG,Sudeste,500 mil+,687006.0,-0.05048969134801003
3170305,70.44397058823688,-1.0144117647058013,16.0,will_not_meet,MG,Sudeste,<5 mil,1487.0,-0.2459628151491405
3170404,99.88791643139467,0.029361942405419682,22.0,on_track,MG,Sudeste,50-100 mil,68674.0,-0.05137285729891319
3170438,72.17894736841959,-0.9771929824562254,19.0,will_not_meet,MG,Sudeste,<5 mil,2632.0,-0.3147820387235595
3170479,74.99130434782705,-0.7126293995858738,10.0,will_not_meet,MG,Sudeste,<5 mil,1830.0,0.045102769137072826
3170503,91.16372549019502,-0.23357843137260895,17.0,at_risk,MG,Sudeste,5-20 mil,7978.0,-0.1521337436819859
3170529,79.9263845889235,-0.42445820433436465,18.0,will_not_meet,MG,Sudeste,5-20 mil,7917.0,-0.1574534041637436
3170578,87.3062951496388,-0.4931888544891649,18.0,will_not_meet,MG,Sudeste,<5 mil,4770.0,-0.19750313454097917
3170602,100.00000000000001,5.1517568272295865e-17,18.0,on_track,MG,Sudeste,<5 mil,1131.0,-0.10923332532879904
3170651,102.16500000000025,0.1350000000000089,15.0,on_track,MG,Sudeste,<5 mil,2581.0,-0.03149472587072086
3170701,91.09094017094003,-0.3160683760683818,26.0,at_risk,MG,Sudeste,100-500 mil,133114.0,-0.2753391351219215
3170750,95.82588235294111,-0.1826470588235345,16.0,at_risk,MG,Sudeste,5-20 mil,6000.0,-0.08334184006087621
3170800,83.45584415584449,-0.5051948051948117,22.0,will_not_meet,MG,Sudeste,20-50 mil,35066.0,-0.16573020681778725
3170909,106.57309941520452,0.38947368421052525,18.0,on_track,MG,Sudeste,5-20 mil,8985.0,-0.20114691572350343
3171006,91.21386308909541,-0.34674922600619085,18.0,at_risk,MG,Sudeste,5-20 mil,16701.0,-0.005914643390918164
3171030,82.28970588235325,-0.7441176470588385,16.0,will_not_meet,MG,Sudeste,5-20 mil,5436.0,-0.09470188711095318
3171071,49.34044289044323,-2.3800699300697317,12.0,will_not_meet,MG,Sudeste,<5 mil,3894.0,0.023137818896507678
3171105,90.24380952380932,-0.35558441558442416,21.0,at_risk,MG,Sudeste,<5 mil,2392.0,-0.2009492095450352
3171154,100.33076923076916,0.0538461538461497,13.0,on_track,MG,Sudeste,<5 mil,1916.0,-0.1139636545015773
3171204,82.49163768115932,-0.5453913043478179,24.0,will_not_meet,MG,Sudeste,100-500 mil,131849.0,-0.32576872543628244
3171303,96.78473684210527,-0.09070175438596435,19.0,at_risk,MG,Sudeste,50-100 mil,74472.0,-0.18708699517964616
3171402,122.80476190476202,1.3785714285714437,21.0,on_track,MG,Sudeste,<5 mil,1773.0,-0.21238480537866208
3171501,59.468823529411566,-1.671470588235339,16.0,will_not_meet,MG,Sudeste,<5 mil,2867.0,-0.17178454279993782
3171600,97.29176470588226,-0.09529411764706573,16.0,at_risk,MG,Sudeste,5-20 mil,6895.0,-0.20687475029310037
3171709,73.95999999999867,-1.1600000000000465,4.0,will_not_meet,MG,Sudeste,<5 mil,4046.0,0.03995835321441362
3171808,99.9508083935329,-0.001857585139317956,18.0,on_track,MG,Sudeste,5-20 mil,6142.0,-0.2762329092624111
3171907,107.58761904761889,0.44857142857142723,21.0,on_track,MG,Sudeste,<5 mil,3189.0,-0.15323777214431197
3172004,82.56960784313719,-0.7071078431372813,17.0,will_not_meet,MG,Sudeste,20-50 mil,35854.0,-0.14520748785507054
3172103,61.73176470588214,-1.5752941176471034,16.0,will_not_meet,MG,Sudeste,<5 mil,3952.0,-0.3220976081608845
3172202,68.46909090909048,-1.4200000000000164,11.0,will_not_meet,MG,Sudeste,<5 mil,1265.0,0.1498999220821905
3200102,85.25527950310556,0.008921513269336658,22.0,will_not_meet,ES,Sudeste,5-20 mil,15465.0,-0.07615157573508259
3200136,81.25926470588229,-0.6052941176470598,16.0,will_not_meet,ES,Sudeste,<5 mil,3084.0,-0.03739073949475905
3200169,104.67997936016491,1.6559339525283792,18.0,on_track,ES,Sudeste,5-20 mil,6147.0,-0.04315590606909264
3200201,99.31070151306731,-0.01452544704264279,12.0,on_track,ES,Sudeste,20-50 mil,20883.0,-0.14835334703731165
3200300,99.23842917251051,-0.01416549789621271,11.0,on_track,ES,Sudeste,5-20 mil,6880.0,0.23068258687972312
3200359,60.114285714285415,-1.1753246753247104,21.0,will_not_meet,ES,Sudeste,<5 mil,4602.0,-0.22279003406040912
3200409,66.0295149638805,-1.0855521155830758,18.0,will_not_meet,ES,Sudeste,20-50 mil,23011.0,-0.06713763406592274
3200508,85.54426470588243,-0.13779411764705873,16.0,will_not_meet,ES,Sudeste,5-20 mil,5232.0,-0.07125620723691405
3200607,99.16666987302806,-0.022556752597152334,22.0,on_track,ES,Sudeste,50-100 mil,91629.0,-0.1582664451280263
3200706,92.17691176470606,-0.18323529411764258,16.0,at_risk,ES,Sudeste,5-20 mil,7619.0,-0.04971109128083353
3200805,98.97880952380955,-0.04357142857142699,15.0,at_risk,ES,Sudeste,20-50 mil,24201.0,-0.055767991713912064
3200904,78.82369230769177,-0.5012307692307966,26.0,will_not_meet,ES,Sudeste,20-50 mil,29373.0,-0.24367408577660568
3201001,68.20588235294122,-0.46764705882353175,16.0,will_not_meet,ES,Sudeste,5-20 mil,10922.0,-0.051476301429365455
3201100,95.16099071207438,-0.08482972136222756,18.0,at_risk,ES,Sudeste,5-20 mil,9169.0,-0.10147022189449599
3201159,68.41823529411818,0.6627941176470885,16.0,will_not_meet,ES,Sudeste,<5 mil,3569.0,-0.08158724982480506
3201209,99.71141880341887,0.0010940170940190045,26.0,on_track,ES,Sudeste,100-500 mil,193959.0,-0.11324780413296048
3201308,86.34006837606864,-0.2399658119658002,26.0,will_not_meet,ES,Sudeste,100-500 mil,374199.0,-0.24366018006746976
3201407,83.6840554156172,-0.7258438287153356,24.0,will_not_meet,ES,Sudeste,20-50 mil,23832.0,-0.34543460242708746
3201506,91.20897101449248,-0.45139130434782926,24.0,at_risk,ES,Sudeste,100-500 mil,109393.0,-0.2517125738488954
3201605,74.74808823529429,-0.7917647058823604,16.0,will_not_meet,ES,Sudeste,20-50 mil,24979.0,-0.0037214312402426976
3201704,99.42867647058864,0.2639705882353181,16.0,on_track,ES,Sudeste,5-20 mil,6507.0,0.07081613528386309
3201803,105.24044117647054,0.46617647058824097,16.0,on_track,ES,Sudeste,<5 mil,1634.0,0.07067513212615717
3201902,98.98263157894743,0.00017543859649550673,19.0,at_risk,ES,Sudeste,5-20 mil,8293.0,-0.02294246486646459
3202009,84.34148606811141,1.1060887512899922,18.0,will_not_meet,ES,Sudeste,<5 mil,3767.0,-0.10472052893725015
3202108,76.80736842105239,-0.5557894736842256,19.0,will_not_meet,ES,Sudeste,5-20 mil,14484.0,-0.0730463486946346
3202207,116.28761904761905,1.5238961038961272,21.0,on_track,ES,Sudeste,5-20 mil,18900.0,-0.10384192572525607
3202256,99.43555555555486,0.04666666666662475,9.0,on_track,ES,Sudeste,5-20 mil,5073.0,-0.006023976899952398
3202306,92.91224241857844,-0.30747628615485867,22.0,at_risk,ES,Sudeste,20-50 mil,25233.0,-0.1777933804003433
3202405,83.70943589743536,-0.4983589743589932,26.0,will_not_meet,ES,Sudeste,100-500 mil,122697.0,-0.19242517442430493
3202454,70.2197058823532,-0.4416176470588253,16.0,will_not_meet,ES,Sudeste,5-20 mil,16007.0,-0.04555085651027131
3202504,102.35934065934049,0.23406593406593015,13.0,on_track,ES,Sudeste,5-20 mil,9619.0,0.01763713373808165
3202553,76.89999999999782,-1.1454545454547256,10.0,will_not_meet,ES,Sudeste,<5 mil,3132.0,-0.0274442934167346
3202603,100.43186813186813,0.032967032967032524,13.0,on_track,ES,Sudeste,5-20 mil,8184.0,-0.030870770035328756
3202652,64.1870588235297,-0.858676470588241,16.0,will_not_meet,ES,Sudeste,5-20 mil,5175.0,-0.0321882090091246
3202702,95.36373626373614,-0.1302197802197894,13.0,at_risk,ES,Sudeste,5-20 mil,7967.0,0.052377293937443815
3202801,99.31789473684208,-0.02421052631578964,19.0,on_track,ES,Sudeste,20-50 mil,21806.0,-0.2987128958639698
3202900,99.99999999999999,1.8066792900268206e-15,8.0,on_track,ES,Sudeste,<5 mil,3926.0,0.06517468296627739
3203007,87.9003418803417,-0.04598290598291346,26.0,will_not_meet,ES,Sudeste,5-20 mil,16814.0,-0.23054969192847402
3203056,88.04788732394377,-0.5163380281689798,14.0,will_not_meet,ES,Sudeste,5-20 mil,19243.0,-0.06802592279670776
3203106,98.33725296442687,-0.05622529644268901,23.0,at_risk,ES,Sudeste,5-20 mil,9678.0,-0.10898520770136874
3203130,93.30552398045666,-0.278522285372424,21.0,at_risk,ES,Sudeste,5-20 mil,13530.0,-0.21723204662866202
3203163,49.34705882352955,-1.2786764705882463,16.0,will_not_meet,ES,Sudeste,<5 mil,3558.0,0.1250284227117318
3203205,85.74369230769253,-0.6878461538461574,25.0,will_not_meet,ES,Sudeste,100-500 mil,154645.0,-0.187539390325147
3203304,70.87891296869657,-0.5763673890608906,18.0,will_not_meet,ES,Sudeste,5-20 mil,9944.0,-0.06653698238506561
3203320,102.33609175688704,0.16590202594061376,18.0,on_track,ES,Sudeste,20-50 mil,31754.0,0.182453815457211
3203346,76.67573529411789,-0.7397058823529458,16.0,will_not_meet,ES,Sudeste,5-20 mil,8919.0,0.020555812193967783
3203353,99.80989010989012,0.01593406593406453,13.0,on_track,ES,Sudeste,5-20 mil,6657.0,-0.06422569819777661
3203403,82.80964285714276,-0.6110714285714146,15.0,will_not_meet,ES,Sudeste,5-20 mil,16343.0,0.07627951122751996
3203502,98.39210526315738,0.09035087719296207,19.0,at_risk,ES,Sudeste,5-20 mil,14359.0,-0.07756099102199651
3203601,85.02920536635708,-0.04654282765737996,18.0,will_not_meet,ES,Sudeste,<5 mil,3471.0,-0.0444773907425471
3203700,79.61947368421028,-0.16122807017544608,19.0,will_not_meet,ES,Sudeste,5-20 mil,8095.0,-0.06080545127550106
3203809,88.07894736842121,-0.16315789473683232,19.0,will_not_meet,ES,Sudeste,5-20 mil,10089.0,-0.17564838513814182
3203908,93.54372649572633,-0.08659829059829555,26.0,at_risk,ES,Sudeste,20-50 mil,33992.0,-0.284009267618988
3204005,68.57714285714235,-0.4445454545454691,21.0,will_not_meet,ES,Sudeste,5-20 mil,10979.0,-0.13138358751952597
3204054,69.47774358974357,-0.6503589743589724,26.0,will_not_meet,ES,Sudeste,20-50 mil,24631.0,-0.08680293870748394
3204104,77.56098249576507,-0.7154714850367077,22.0,will_not_meet,ES,Sudeste,20-50 mil,21621.0,-0.10438944816855511
3204203,60.315588235293944,-1.414264705882382,16.0,will_not_meet,ES,Sudeste,20-50 mil,21555.0,-0.011269498860322238
3204252,73.28352941176445,-1.003088235294131,16.0,will_not_meet,ES,Sudeste,5-20 mil,6418.0,0.04724750534200665
3204302,63.43913043478284,-0.13280632411066595,22.0,will_not_meet,ES,Sudeste,<5 mil,3916.0,-0.10740488979966561
3204351,96.85982456140346,-0.03842105263158003,18.0,at_risk,ES,Sudeste,5-20 mil,7511.0,-0.15407087924536075
3204401,89.4417647058824,-0.39529411764706385,16.0,at_risk,ES,Sudeste,5-20 mil,6106.0,-0.07361520112187087
3204500,95.50720588235282,0.20838235294117508,16.0,at_risk,ES,Sudeste,<5 mil,2600.0,-0.10288368990480377
3204559,64.97334839074051,-1.006437041219651,22.0,will_not_meet,ES,Sudeste,5-20 mil,14356.0,-0.20479340252942146
3204609,78.34736842105212,-0.6736842105263323,19.0,will_not_meet,ES,Sudeste,5-20 mil,12863.0,0.06363656158723621
3204658,82.92967032967067,-0.6829670329670152,13.0,will_not_meet,ES,Sudeste,<5 mil,3752.0,-0.059418276881698505
3204708,60.751255589956145,-1.3582043343653232,18.0,will_not_meet,ES,Sudeste,20-50 mil,29842.0,-0.02964984812713762
3204807,72.05250000000092,-0.5799999999999826,16.0,will_not_meet,ES,Sudeste,5-20 mil,8453.0,-0.08570021030016088
3204906,84.47241379310367,-0.48758620689652993,24.0,will_not_meet,ES,Sudeste,100-500 mil,104392.0,-0.3741216407307106
3204955,88.47441176470579,-0.45323529411765406,16.0,will_not_meet,ES,Sudeste,5-20 mil,6242.0,-0.04297252048727834
3205002,85.40957264957251,-0.4029059829059899,26.0,will_not_meet,ES,Sudeste,500 mil+,533070.0,-0.4891884781973778
3205010,123.59212624584552,1.9412956810630793,11.0,on_track,ES,Sudeste,20-50 mil,22135.0,-0.028687891475684322
3205036,37.565934065934016,-2.9065934065934242,13.0,will_not_meet,ES,Sudeste,5-20 mil,7652.0,-0.02515321201044124
3205069,60.224458204334724,-0.7817337461300308,18.0,will_not_meet,ES,Sudeste,5-20 mil,18979.0,-0.06163413992151017
3205101,79.12314529914579,-0.35227350427348453,26.0,will_not_meet,ES,Sudeste,50-100 mil,74066.0,-0.04651121011561483
3205150,83.51102941176487,-0.5830882352941211,16.0,will_not_meet,ES,Sudeste,<5 mil,3208.0,0.06599013957718484
3205176,78.6968421052631,-0.2470175438596504,19.0,will_not_meet,ES,Sudeste,5-20 mil,5128.0,0.11102900770067313
3205200,96.23046376811595,-0.06873913043478079,24.0,at_risk,ES,Sudeste,500 mil+,506188.0,-0.27441789339606115
3205309,89.69480341880342,-0.3579829059829055,26.0,at_risk,ES,Sudeste,100-500 mil,369534.0,-0.8427896523512012
3300100,81.1355111236224,-0.07537916884600247,22.0,will_not_meet,RJ,Sudeste,100-500 mil,202458.0,-0.444666539567821
3300159,39.94910144927417,-2.982130434782639,24.0,will_not_meet,RJ,Sudeste,5-20 mil,10463.0,0.017513556131699137
3300209,96.98380952380921,0.10987012987011749,21.0,at_risk,RJ,Sudeste,100-500 mil,129399.0,-0.20108721192673343
3300225,110.00659601680877,0.6078019367805108,14.0,on_track,RJ,Sudeste,5-20 mil,11005.0,-0.2938825069838289
3300233,112.1415140678182,0.9611702356844221,22.0,on_track,RJ,Sudeste,20-50 mil,35060.0,0.7965192955067486
3300258,109.93798957300987,0.7791632556335747,22.0,on_track,RJ,Sudeste,20-50 mil,30827.0,0.16744733372458115
3300308,143.4198012775023,2.8744263070735987,18.0,on_track,RJ,Sudeste,50-100 mil,98129.0,-0.3542374131876134
3300407,102.55225885225889,0.18742368742368243,27.0,on_track,RJ,Sudeste,100-500 mil,183549.0,-0.29609450268008364
3300456,81.78782905982956,0.19699145299147258,26.0,will_not_meet,RJ,Sudeste,500 mil+,515239.0,-0.30119296410171265
3300506,75.44543589743603,-0.3242051282051242,26.0,will_not_meet,RJ,Sudeste,5-20 mil,16740.0,-0.06341264821657172
3300605,91.40323188405802,0.06113043478260969,24.0,at_risk,RJ,Sudeste,20-50 mil,31529.0,-0.0826334173848858
3300704,98.41703218578994,0.09324400017234499,22.0,at_risk,RJ,Sudeste,100-500 mil,176583.0,0.17934880482364923
3300803,137.16559420290014,3.645521739130432,24.0,on_track,RJ,Sudeste,50-100 mil,51597.0,-0.429174562982433
3300902,74.85306324110707,-0.7143280632411073,23.0,will_not_meet,RJ,Sudeste,5-20 mil,11821.0,-0.22163912858049392
3300936,17.038449275361927,-0.888434782608698,24.0,will_not_meet,RJ,Sudeste,5-20 mil,13304.0,0.03182182431481723
3300951,100.04586330935248,0.013489208633092081,7.0,on_track,RJ,Sudeste,5-20 mil,8256.0,-1.0145535136152342
3301009,108.92069400100831,0.5156150226852656,23.0,on_track,RJ,Sudeste,100-500 mil,464696.0,0.1688395795812383
3301108,79.1985652173912,-0.4468695652174026,24.0,will_not_meet,RJ,Sudeste,5-20 mil,14257.0,-0.10284221501913403
3301157,70.01540579710104,-0.5995217391304444,24.0,will_not_meet,RJ,Sudeste,5-20 mil,8909.0,-0.1217003133438907
3301207,,,1.0,,RJ,Sudeste,5-20 mil,13720.0,
3301306,150.0,3.1845304975921125,20.0,on_track,RJ,Sudeste,20-50 mil,37007.0,0.12383723505847521
3301405,,,2.0,,RJ,Sudeste,20-50 mil,20369.0,
3301504,98.54423188405795,-0.00786956521739134,24.0,at_risk,RJ,Sudeste,20-50 mil,21536.0,0.13676728803301264
3301603,108.56268115942021,1.7086956521738885,24.0,on_track,RJ,Sudeste,5-20 mil,8184.0,-0.1395457808508137
3301702,97.31738532110057,0.7914678899082629,24.0,at_risk,RJ,Sudeste,500 mil+,926286.0,-0.38470180883862326
3301801,46.54071014492661,-0.9479130434782695,24.0,will_not_meet,RJ,Sudeste,5-20 mil,10171.0,0.015556445885740717
3301850,103.38745421245221,2.059768009767846,16.0,on_track,RJ,Sudeste,50-100 mil,60126.0,-0.36337402865833107
3301876,108.33216424662828,0.6455771467964949,22.0,on_track,RJ,Sudeste,20-50 mil,29344.0,0.2274365190835713
3301900,84.89287524640804,1.4347226133483035,22.0,will_not_meet,RJ,Sudeste,100-500 mil,241506.0,-0.2529364625081325
3302007,84.63930434782611,0.17560869565217213,24.0,will_not_meet,RJ,Sudeste,100-500 mil,130436.0,-0.18151079629986244
3302056,85.15601449275357,-0.056304347826088376,24.0,will_not_meet,RJ,Sudeste,5-20 mil,11206.0,-0.17096630113059522
3302106,91.73036231884049,-0.152608695652178,24.0,at_risk,RJ,Sudeste,5-20 mil,17562.0,-0.08951953580242858
3302205,93.6194927536232,0.17565217391304253,24.0,at_risk,RJ,Sudeste,50-100 mil,96217.0,-0.36093095041533363
3302254,90.13304701627499,-0.38630198915007435,15.0,at_risk,RJ,Sudeste,20-50 mil,31223.0,0.0
3302270,99.88801449275434,1.6056956521739119,24.0,on_track,RJ,Sudeste,100-500 mil,106296.0,-0.41828892134063417
3302304,100.00459420289837,0.3195217391304261,24.0,on_track,RJ,Sudeste,5-20 mil,5495.0,-0.07791839740121054
3302403,90.15277386651621,0.3345616928832811,22.0,at_risk,RJ,Sudeste,100-500 mil,261155.0,-0.2359165721161073
3302452,102.12273913043481,0.1844782608695664,24.0,on_track,RJ,Sudeste,<5 mil,4922.0,-0.0630783723988014
3302502,72.27047826087028,0.9439565217391416,24.0,will_not_meet,RJ,Sudeste,100-500 mil,234569.0,-0.38976985587826346
3302601,79.22727536231855,-0.7117826086956527,24.0,will_not_meet,RJ,Sudeste,20-50 mil,40477.0,-0.050664375892799964
3302700,57.04162844036682,0.5121559633027544,24.0,will_not_meet,RJ,Sudeste,100-500 mil,165077.0,-0.3521052297794708
3302809,49.46554054054059,-1.8871621621621306,9.0,will_not_meet,RJ,Sudeste,5-20 mil,18437.0,
3302858,150.0,5.1428921568628185,17.0,on_track,RJ,Sudeste,100-500 mil,177016.0,-0.520892103769451
3302908,126.85336231884048,1.7903913043478172,24.0,on_track,RJ,Sudeste,20-50 mil,22356.0,-0.10608839736246799
3303005,100.55566666666668,0.09899999999999791,24.0,on_track,RJ,Sudeste,20-50 mil,25009.0,0.001810269770577625
3303104,77.21572649572613,-0.676752136752147,26.0,will_not_meet,RJ,Sudeste,5-20 mil,12224.0,-0.07797952150042992
3303203,105.8795555555555,0.3682393162393145,26.0,on_track,RJ,Sudeste,100-500 mil,162893.0,-0.12277698770373494
3303302,111.26895726495741,0.5937094017094031,26.0,on_track,RJ,Sudeste,500 mil+,516981.0,-0.1580511946223024
3303401,100.07154150197627,0.16284584980237252,23.0,on_track,RJ,Sudeste,100-500 mil,167759.0,-0.08717197197950456
3303500,113.02288990825673,1.4160091743119396,24.0,on_track,RJ,Sudeste,500 mil+,816376.0,-0.25457756648164886
3303609,81.17079710144958,0.5932608695652155,24.0,will_not_meet,RJ,Sudeste,20-50 mil,47007.0,-0.12571184614132477
3303708,97.44975362318829,0.06417391304347302,24.0,at_risk,RJ,Sudeste,20-50 mil,39372.0,-0.1964230354808587
3303807,150.0,5.747631133671964,10.0,on_track,RJ,Sudeste,20-50 mil,32589.0,1.4206377230599345
3303856,84.48572463768068,-0.005217391304368859,24.0,will_not_meet,RJ,Sudeste,5-20 mil,19701.0,-0.3075051905812644
3303906,121.26607290803713,1.4904515327257455,25.0,on_track,RJ,Sudeste,100-500 mil,291958.0,-0.19146600272748346
3303955,104.88782608695647,0.7356521739130355,24.0,on_track,RJ,Sudeste,20-50 mil,22966.0,-0.031992480899374315
3304003,106.28639130434783,0.4137826086956495,24.0,on_track,RJ,Sudeste,20-50 mil,23598.0,-0.02958422729342343
3304102,88.9254700854699,-0.39880341880342546,26.0,will_not_meet,RJ,Sudeste,5-20 mil,14913.0,-0.047499722378433806
3304110,83.7030154277702,-0.7469144460027681,11.0,will_not_meet,RJ,Sudeste,20-50 mil,20138.0,-0.06109041123970943
3304128,108.89393939393926,0.5636363636363719,12.0,on_track,RJ,Sudeste,5-20 mil,13692.0,0.07903122139806756
3304144,98.42928985507251,0.7679130434782432,24.0,at_risk,RJ,Sudeste,100-500 mil,152311.0,-0.15515291387447794
3304151,78.9493675213671,-0.7260854700854865,26.0,will_not_meet,RJ,Sudeste,5-20 mil,16394.0,0.02629639237348307
3304201,93.63531171517207,-0.3208339488846438,23.0,at_risk,RJ,Sudeste,100-500 mil,124969.0,-0.5291271154073715
3304300,83.56728205128115,0.21671794871791245,26.0,will_not_meet,RJ,Sudeste,20-50 mil,45254.0,-0.5537672518622828
3304409,73.41797101449262,-0.08239130434783155,24.0,will_not_meet,RJ,Sudeste,5-20 mil,14758.0,-0.14842653805098582
3304508,98.31376838928712,-0.05220671444737531,12.0,at_risk,RJ,Sudeste,5-20 mil,6544.0,-0.028926237900377624
3304524,143.8795832159949,3.2691797079293163,22.0,on_track,RJ,Sudeste,100-500 mil,150817.0,1.0931439315068554
3304557,99.29623931623925,0.14427350427350244,26.0,on_track,RJ,Sudeste,500 mil+,6775561.0,-0.6933244859106792
3304607,63.14534782608672,0.18969565217389925,24.0,will_not_meet,RJ,Sudeste,5-20 mil,5966.0,-0.03763666719995338
3304706,101.17586189258313,0.17405115089514003,19.0,on_track,RJ,Sudeste,20-50 mil,32721.0,-0.20868255558113163
3304755,61.51126482213465,-0.42786561264821127,23.0,will_not_meet,RJ,Sudeste,20-50 mil,21531.0,-0.30575159448805256
3304805,79.36813675213659,-0.3097777777777879,26.0,will_not_meet,RJ,Sudeste,20-50 mil,30632.0,-0.12751078511757186
3304904,97.2063761467889,0.7423853211009264,24.0,at_risk,RJ,Sudeste,500 mil+,1097556.0,-0.15587134928840105
3305000,74.62098000563037,-1.203206340266368,22.0,will_not_meet,RJ,Sudeste,20-50 mil,28819.0,0.014722960158849083
3305109,99.71275213675221,0.4163760683760735,26.0,on_track,RJ,Sudeste,100-500 mil,473385.0,-0.09082195380319504
3305133,61.21982608695566,-0.8773478260869704,24.0,will_not_meet,RJ,Sudeste,<5 mil,3203.0,-0.4172639267801238
3305158,99.622206095791,-0.0005805515239485075,12.0,on_track,RJ,Sudeste,5-20 mil,9799.0,0.18398290965961248
3305208,102.84707656512523,0.3339954328062325,22.0,on_track,RJ,Sudeste,100-500 mil,100546.0,0.18214699140436186
3305307,56.099086956521205,-1.0798260869565335,24.0,will_not_meet,RJ,Sudeste,<5 mil,4882.0,-0.28698226220171763
3305406,94.99439130434773,0.01678260869564897,24.0,at_risk,RJ,Sudeste,5-20 mil,13837.0,-0.24207815419631323
3305505,123.54552102376647,1.526051188299833,20.0,on_track,RJ,Sudeste,50-100 mil,87259.0,0.4886852211296037
3305554,73.86608695652171,0.3671739130434717,24.0,will_not_meet,RJ,Sudeste,50-100 mil,68935.0,-0.5456046865576564
3305604,138.1933333333336,2.2072727272727573,21.0,on_track,RJ,Sudeste,5-20 mil,16443.0,0.43773177018782405
3305703,9.447565217390547,-2.6878695652174036,24.0,will_not_meet,RJ,Sudeste,5-20 mil,5735.0,-0.25149682428529857
3305752,65.2745217391307,0.9510434782608719,24.0,will_not_meet,RJ,Sudeste,20-50 mil,31146.0,-0.41133185798979727
3305802,74.87500854700852,-0.9286495726495698,26.0,will_not_meet,RJ,Sudeste,100-500 mil,165917.0,-0.10405464251758216
3305901,53.41047619047754,0.5723376623377253,21.0,will_not_meet,RJ,Sudeste,<5 mil,4949.0,-0.10570464726349763
3306008,98.23602941176449,0.016911764705870476,16.0,at_risk,RJ,Sudeste,50-100 mil,80054.0,-0.002410633723661447
3306107,90.14614384748648,-0.1864384748700345,15.0,at_risk,RJ,Sudeste,50-100 mil,66865.0,0.07119804992484395
3306156,36.22307246376795,-1.0935217391304257,24.0,will_not_meet,RJ,Sudeste,5-20 mil,6849.0,-0.029393717450005706
3306206,93.34331884057946,-0.13769565217391916,24.0,at_risk,RJ,Sudeste,20-50 mil,25122.0,-0.07867188527077065
3306305,94.6969230769231,-0.27046153846154086,25.0,at_risk,RJ,Sudeste,100-500 mil,274800.0,-0.2974945961605924
3500105,100.02213438735178,0.001185770750987107,22.0,on_track,SP,Sudeste,20-50 mil,33230.0,-0.35018079192130774
3500204,104.27134502923974,0.2771929824561405,18.0,on_track,SP,Sudeste,<5 mil,3189.0,-0.2540569684630984
3500303,99.7483333333333,-0.010000000000000899,12.0,on_track,SP,Sudeste,20-50 mil,33361.0,0.13422310878935304
3500402,100.38647058823533,0.025588235294118744,16.0,on_track,SP,Sudeste,5-20 mil,7376.0,-0.11455288248301329
3500501,102.36263736263734,0.1560439560439578,13.0,on_track,SP,Sudeste,5-20 mil,18738.0,-0.03630811426021445
3500550,102.23647058823468,0.23808823529408643,16.0,on_track,SP,Sudeste,<5 mil,4670.0,-0.23522172679846876
3500600,95.99002898550746,0.010391304347836765,24.0,at_risk,SP,Sudeste,<5 mil,3588.0,-1.5383603324264379
3500709,103.41338345864608,0.23992481203004512,20.0,on_track,SP,Sudeste,20-50 mil,35915.0,-0.09978061575936208
3500758,100.49411764705899,0.09264705882353673,16.0,on_track,SP,Sudeste,<5 mil,4685.0,-0.13117320287375614
3500808,100.0,-5.584774207323182e-16,16.0,on_track,SP,Sudeste,<5 mil,3514.0,-0.10570584468390325
3500907,99.97619539043691,-0.0006191950464388125,18.0,on_track,SP,Sudeste,<5 mil,3336.0,-0.2573250772593976
3501004,99.99557109557105,0.0006993006992997715,12.0,on_track,SP,Sudeste,5-20 mil,14172.0,-0.3858148352368797
3501103,100.06571428571422,0.004935064935063268,21.0,on_track,SP,Sudeste,<5 mil,3215.0,-0.32789212350286734
3501152,84.71238095238101,-0.17324675324674854,21.0,will_not_meet,SP,Sudeste,5-20 mil,15854.0,-0.2197163581306604
3501202,105.26602941176384,0.6319117647058456,16.0,on_track,SP,Sudeste,<5 mil,2457.0,-0.20716281143208312
3501301,108.76029411764682,0.5441176470588185,16.0,on_track,SP,Sudeste,20-50 mil,22593.0,-0.11800402661453122
3501400,99.5733333333333,-0.01506493506493585,21.0,on_track,SP,Sudeste,<5 mil,3377.0,-0.23682718820490584
3501509,101.01503759398514,0.05744360902256421,20.0,on_track,SP,Sudeste,<5 mil,2918.0,-0.1710582374371728
3501608,100.7587692307692,0.04561538461538398,25.0,on_track,SP,Sudeste,100-500 mil,243228.0,-0.27687630221616866
3501707,97.7558823529412,-0.09338235294117972,17.0,at_risk,SP,Sudeste,20-50 mil,41231.0,-0.05139936247697069
3501806,103.5047244094493,0.2410761154855936,10.0,on_track,SP,Sudeste,5-20 mil,5029.0,0.009776067554052838
3501905,99.29212730318274,0.012437185929654872,15.0,on_track,SP,Sudeste,50-100 mil,57569.0,-0.18500845948915592
3502002,93.93087818696824,-0.2015580736544122,7.0,at_risk,SP,Sudeste,<5 mil,4061.0,0.08582223039667215
3502101,99.57450980392156,-0.01715686274509902,17.0,on_track,SP,Sudeste,50-100 mil,53433.0,0.41800473208905065
3502200,99.99999999999997,-7.756248278775066e-16,17.0,on_track,SP,Sudeste,5-20 mil,18477.0,-0.11873936991571404
3502309,106.28088235294092,0.3823529411764612,16.0,on_track,SP,Sudeste,5-20 mil,5221.0,-0.22325336255988856
3502408,100.0,-5.584774207323182e-16,16.0,on_track,SP,Sudeste,<5 mil,3414.0,-0.1161891405945585
3502507,102.88879363135351,0.2506429883649728,13.0,on_track,SP,Sudeste,20-50 mil,35684.0,0.2808113655083534
3502606,99.99999999999997,-7.756248278775066e-16,17.0,on_track,SP,Sudeste,<5 mil,3376.0,-0.08729278013055562
3502705,99.99999999999997,1.1330190698357442e-16,19.0,on_track,SP,Sudeste,5-20 mil,17415.0,-0.09746616806244174
3502754,18.487619047617954,-2.5624675324675947,21.0,will_not_meet,SP,Sudeste,20-50 mil,23343.0,-0.5128154668494649
3502804,97.76523076923075,-0.11061538461538753,25.0,at_risk,SP,Sudeste,100-500 mil,195368.0,-0.37433001599816756
3502903,99.46749547290719,-0.002221757904995154,19.0,on_track,SP,Sudeste,20-50 mil,24325.0,-0.3189116651698428
3503000,,,2.0,,SP,Sudeste,5-20 mil,5318.0,
3503109,105.01073529411815,0.9902941176470896,16.0,on_track,SP,Sudeste,<5 mil,4802.0,-0.14512189445005236
3503158,99.38235294117642,-0.019117647058826993,17.0,on_track,SP,Sudeste,<5 mil,1844.0,-0.1170153131656799
3503208,92.18158323158252,-0.372588522588531,27.0,at_risk,SP,Sudeste,100-500 mil,233704.0,-0.43610794085953025
3503307,98.32962124510243,-0.08300827165868212,21.0,at_risk,SP,Sudeste,100-500 mil,129376.0,-0.4451249503751261
3503356,100.1923529411765,0.020441176470589094,16.0,on_track,SP,Sudeste,<5 mil,1000.0,-0.10333939713557999
3503406,84.94857142857109,-0.46857142857144507,21.0,will_not_meet,SP,Sudeste,5-20 mil,6825.0,-0.31971023958024136
3503505,109.06621621621503,0.7229729729728895,5.0,on_track,SP,Sudeste,<5 mil,2619.0,0.0
3503604,100.72571428571435,0.07909090909091472,21.0,on_track,SP,Sudeste,5-20 mil,9940.0,-0.31105827639832023
3503703,98.46999999999989,-0.06428571428571692,5.0,at_risk,SP,Sudeste,5-20 mil,8950.0,-0.061092467485906646
3503802,99.47106983144135,-0.02146542827657345,18.0,on_track,SP,Sudeste,50-100 mil,50926.0,0.07990568433239681
3503901,101.3272028985507,0.12473913043478127,24.0,on_track,SP,Sudeste,50-100 mil,88764.0,-0.41413017856536416
3503950,100.0,-5.584774207323182e-16,16.0,on_track,SP,Sudeste,<5 mil,1261.0,-0.164308851125369
3504008,101.19226425748158,0.10248447204968851,22.0,on_track,SP,Sudeste,100-500 mil,101151.0,-0.4082907130169827
3504107,98.60157894736906,0.15070175438599628,19.0,at_risk,SP,Sudeste,100-500 mil,132317.0,-0.046389559702851295
3504206,99.99999999999997,-7.756248278775066e-16,17.0,on_track,SP,Sudeste,5-20 mil,13964.0,-0.2020672774336673
3504305,97.63904761904763,0.24961038961039317,21.0,at_risk,SP,Sudeste,<5 mil,3671.0,-0.31992826500953486
3504404,99.06153846153855,-0.046153846153844984,13.0,on_track,SP,Sudeste,5-20 mil,11891.0,0.06107837801291394
3504503,111.51789473684266,0.712631578947399,19.0,on_track,SP,Sudeste,50-100 mil,87871.0,-0.3177078307966986
3504602,100.51141421392667,0.04282124910264969,13.0,on_track,SP,Sudeste,5-20 mil,16849.0,0.056470228051885056
3504701,106.40338235294143,0.4248529411764912,16.0,on_track,SP,Sudeste,<5 mil,1971.0,-0.46841889490634514
3504800,100.0,7.306945734082111e-16,10.0,on_track,SP,Sudeste,5-20 mil,8435.0,0.07548227285728193
3504909,96.41908526256361,-0.12258610954263267,22.0,at_risk,SP,Sudeste,5-20 mil,8808.0,-0.36624526578463173
3505005,100.0,-5.584774207323182e-16,16.0,on_track,SP,Sudeste,<5 mil,2164.0,-0.05318270670476926
3505104,99.90659340659342,-0.002197802197804048,13.0,on_track,SP,Sudeste,5-20 mil,6369.0,-0.07531387244606819
3505203,101.0482333146382,0.06814357823892561,13.0,on_track,SP,Sudeste,20-50 mil,34008.0,-0.7933981274705186
3505302,100.00416666666669,0.012499999999999206,15.0,on_track,SP,Sudeste,20-50 mil,35368.0,-0.16436129530659882
3505351,100.0,-5.584774207323182e-16,16.0,on_track,SP,Sudeste,<5 mil,1706.0,-0.036619166439678906
3505401,100.13823529411766,0.010294117647058768,16.0,on_track,SP,Sudeste,<5 mil,3123.0,-0.2479635800996186
3505500,98.89538461538467,-0.027692307692306923,25.0,at_risk,SP,Sudeste,100-500 mil,119782.0,-0.2209089363075082
3505609,100.06788990825711,0.04266055045873147,12.0,on_track,SP,Sudeste,20-50 mil,33165.0,0.10869069084783671
3505708,104.51220289855087,0.38473913043478336,24.0,on_track,SP,Sudeste,100-500 mil,279704.0,-1.2303112490438775
3505807,101.43235294117642,0.09044117647059044,17.0,on_track,SP,Sudeste,5-20 mil,18045.0,-0.11105628564716545
3505906,100.39888475836443,0.044795539033465226,14.0,on_track,SP,Sudeste,50-100 mil,56102.0,-0.1251293307403262
3506003,99.09193162393174,-0.039418803418800136,26.0,on_track,SP,Sudeste,100-500 mil,375321.0,-0.3767633639027398
3506102,99.98736842105261,-0.0003508771929820708,19.0,on_track,SP,Sudeste,50-100 mil,73959.0,0.08539281612942629
3506201,100.80000000000007,0.09675324675325354,21.0,on_track,SP,Sudeste,<5 mil,2768.0,-0.3046531195626335
3506300,100.02285714285712,0.014025974025974771,21.0,on_track,SP,Sudeste,5-20 mil,10010.0,-0.2547237049850182
3506359,63.81027667984199,-1.1841897233201635,22.0,will_not_meet,SP,Sudeste,50-100 mil,65074.0,-0.17489254633115145
3506409,99.28000000000017,0.012121212121220032,10.0,on_track,SP,Sudeste,5-20 mil,7538.0,0.23118874254935873
3506508,100.64276923076926,0.032615384615386274,25.0,on_track,SP,Sudeste,100-500 mil,122335.0,-0.17462907981420733
3506607,63.0723913043478,-0.08521739130434808,24.0,will_not_meet,SP,Sudeste,20-50 mil,28550.0,-0.3751485743843818
3506706,100.0,2.0622475737297497e-15,3.0,on_track,SP,Sudeste,5-20 mil,13071.0,0.09127251751701658
3506805,102.6463708290334,0.15727554179566672,18.0,on_track,SP,Sudeste,5-20 mil,11584.0,-0.3226663232923106
3506904,91.83544117647068,-0.22382352941177147,16.0,at_risk,SP,Sudeste,5-20 mil,7719.0,-0.23180736470141444
3507001,101.93632352941154,0.7810294117647099,16.0,on_track,SP,Sudeste,50-100 mil,59554.0,-0.3575370081669461
3507100,98.70000000000067,0.22363636363640915,10.0,at_risk,SP,Sudeste,20-50 mil,23370.0,-0.15169268216722234
3507159,90.15970588235291,0.0033823529411731246,16.0,at_risk,SP,Sudeste,<5 mil,2731.0,-0.05250312787183313
3507209,105.53573529411767,0.35279411764706764,16.0,on_track,SP,Sudeste,<5 mil,653.0,-0.34189920653480066
3507308,101.18147058823533,0.09808823529411986,16.0,on_track,SP,Sudeste,<5 mil,4405.0,-0.21760559573392563
3507407,99.95560571858537,0.0021068472535730543,10.0,on_track,SP,Sudeste,5-20 mil,14671.0,-0.03514690527546359
3507456,99.18000000000005,-0.004999999999998809,8.0,on_track,SP,Sudeste,<5 mil,2366.0,-0.0752824802633124
3507506,99.26331623931635,-0.005264957264953049,26.0,on_track,SP,Sudeste,100-500 mil,144250.0,-0.6717303324720001
3507605,95.89328063241118,-0.09565217391304195,22.0,at_risk,SP,Sudeste,100-500 mil,167074.0,-0.5775288411621144
3507704,98.0250575771534,-0.08604329801933916,12.0,at_risk,SP,Sudeste,5-20 mil,5067.0,-0.102983988732358
3507753,100.1658823529412,0.012352941176471064,16.0,on_track,SP,Sudeste,<5 mil,2387.0,-0.18688212401656057
3507803,100.87937062937007,0.12167832167828752,12.0,on_track,SP,Sudeste,20-50 mil,24986.0,0.40783776259845533
3507902,100.32254901960785,0.035539215686276625,17.0,on_track,SP,Sudeste,20-50 mil,21428.0,0.043083053529821565
3508009,102.5282352941174,0.15529411764704687,16.0,on_track,SP,Sudeste,5-20 mil,16193.0,-0.10674741369788049
3508108,98.81538461538472,-0.04999999999999831,13.0,at_risk,SP,Sudeste,5-20 mil,16407.0,-0.06209050957252283
3508207,99.52666666666667,0.029350649350651556,21.0,on_track,SP,Sudeste,<5 mil,3709.0,-0.30407530527826243
3508306,104.97272727272718,0.34545454545454296,11.0,on_track,SP,Sudeste,<5 mil,3653.0,0.1802275531821223
3508405,95.36857142857173,0.3661038961039085,21.0,at_risk,SP,Sudeste,20-50 mil,43335.0,-0.26151535374547885
3508504,100.0,-5.584774207323182e-16,16.0,on_track,SP,Sudeste,50-100 mil,81929.0,-0.3421543993840788
3508603,99.99999999999994,-3.2329156420407523e-16,21.0,on_track,SP,Sudeste,20-50 mil,27623.0,-0.29495779373347986
3508702,107.25054945054922,0.6280219780219705,13.0,on_track,SP,Sudeste,5-20 mil,12975.0,-0.05930708449367796
3508801,100.17426520847567,0.029562542720432124,13.0,on_track,SP,Sudeste,5-20 mil,15564.0,0.055779182364193804
3508900,100.0,-5.584774207323182e-16,16.0,on_track,SP,Sudeste,<5 mil,3415.0,-0.050125995959619384
3509007,98.48750724637682,-0.013652173913042083,24.0,at_risk,SP,Sudeste,100-500 mil,101467.0,-0.5858305747488918
3509106,99.22820512820508,-0.030769230769228256,12.0,on_track,SP,Sudeste,<5 mil,2305.0,-0.009077508711213675
3509205,106.9822028985509,0.4547391304347781,24.0,on_track,SP,Sudeste,50-100 mil,77443.0,-0.7269281955436622
3509254,102.90441176470557,0.17426470588234072,16.0,on_track,SP,Sudeste,20-50 mil,20770.0,-0.13038607801221755
3509304,98.28894371345024,-0.04230628654970815,17.0,at_risk,SP,Sudeste,5-20 mil,9957.0,-0.5065184938919087
3509403,99.96470920383965,0.0004517221908512889,22.0,on_track,SP,Sudeste,20-50 mil,23680.0,-0.43792192794674933
3509452,103.91279411764663,0.23911764705880556,16.0,on_track,SP,Sudeste,5-20 mil,5151.0,-0.05696045039782331
3509502,100.02921845574386,0.037208097928434464,26.0,on_track,SP,Sudeste,500 mil+,1202203.0,-0.5445562892795567
3509601,78.16248120300736,-0.15872180451128035,20.0,will_not_meet,SP,Sudeste,50-100 mil,86407.0,-0.2219925672119833
3509700,57.336758893280944,-0.39169960474308113,22.0,will_not_meet,SP,Sudeste,50-100 mil,52384.0,-0.5613755964585713
3509809,95.21428571428578,-0.1821428571428488,8.0,at_risk,SP,Sudeste,<5 mil,3908.0,-0.0524626280420666
3509908,105.8729618163054,0.5401444788441685,18.0,on_track,SP,Sudeste,5-20 mil,10706.0,-0.17232964865367795
3509957,102.80476190476168,0.24480519480518947,21.0,on_track,SP,Sudeste,<5 mil,4890.0,-0.1486706345922198
3510005,100.3335714285713,0.08071428571427552,15.0,on_track,SP,Sudeste,20-50 mil,29531.0,0.0024058634437611253
3510104,100.0,-5.584774207323182e-16,16.0,on_track,SP,Sudeste,<5 mil,2264.0,-0.1306785603411195
3510153,96.85000000000025,-0.14999999999999183,4.0,at_risk,SP,Sudeste,<5 mil,4694.0,-0.4008960550258579
3510203,101.54940711462444,0.0830039525691669,22.0,on_track,SP,Sudeste,20-50 mil,38578.0,-0.3625063872042704
3510302,100.0133333333333,0.0036363636363645245,21.0,on_track,SP,Sudeste,5-20 mil,17607.0,-0.18597861031382942
3510401,100.07595238095237,0.007857142857140538,15.0,on_track,SP,Sudeste,50-100 mil,53839.0,-0.10779928842764845
3510500,81.30988142292506,-0.4743083003952614,22.0,will_not_meet,SP,Sudeste,100-500 mil,120021.0,-0.045594542052544706
3510609,104.89400000000023,0.3790000000000005,24.0,on_track,SP,Sudeste,100-500 mil,405375.0,-0.5733907704891141
3510708,100.08091473743644,0.004404291360811056,22.0,on_track,SP,Sudeste,5-20 mil,11244.0,-0.28974561657556464
3510807,99.27413474240433,-0.012126816380446388,14.0,on_track,SP,Sudeste,20-50 mil,25075.0,0.1390071025407044
3510906,101.14509803921558,0.06813725490195859,17.0,on_track,SP,Sudeste,<5 mil,1696.0,-0.24081218436426793
3511003,98.92731514716439,-0.017910983488870148,13.0,at_risk,SP,Sudeste,5-20 mil,16241.0,0.6573260018128668
3511102,98.26338461538462,-0.053692307692307324,25.0,at_risk,SP,Sudeste,100-500 mil,122125.0,-0.006728257000794517
3511201,102.53809523809531,0.18766233766234447,21.0,on_track,SP,Sudeste,5-20 mil,7286.0,-0.3025666754344754
3511300,99.84400330851895,0.14276261373031787,10.0,on_track,SP,Sudeste,5-20 mil,7478.0,0.42342082269060277
3511409,101.85303030302975,0.18636363636359374,12.0,on_track,SP,Sudeste,5-20 mil,18279.0,0.15945786328648626
3511508,94.9317857142857,-0.2246428571428483,15.0,at_risk,SP,Sudeste,20-50 mil,48011.0,-0.4067477192502946
3511607,99.99999999999997,-7.756248278775066e-16,17.0,on_track,SP,Sudeste,5-20 mil,12555.0,-0.24782776192522235
3511706,100.0,-5.584774207323182e-16,16.0,on_track,SP,Sudeste,5-20 mil,15912.0,-0.2566975203739572
3511904,103.3597475455818,0.2495091164095076,11.0,on_track,SP,Sudeste,5-20 mil,8477.0,-0.016979839245783234
3512001,90.39560439560466,-0.45109890109890194,13.0,at_risk,SP,Sudeste,5-20 mil,17372.0,-0.06664124897900983
3512100,99.99999999999994,-3.2329156420407523e-16,21.0,on_track,SP,Sudeste,<5 mil,4498.0,-0.4772105327273114
3512209,99.7738586956522,-0.0063586956521748785,14.0,on_track,SP,Sudeste,20-50 mil,26921.0,-0.12731383941230762
3512308,83.55044117647026,-0.6288235294117894,16.0,will_not_meet,SP,Sudeste,5-20 mil,14696.0,-0.200276390918819
3512407,99.9614421123899,0.03733920108327404,13.0,on_track,SP,Sudeste,20-50 mil,22559.0,0.18770922759570186
3512506,99.99999999999994,-3.2329156420407523e-16,21.0,on_track,SP,Sudeste,5-20 mil,5019.0,-0.26289214433996866
3512605,100.09779411764707,0.006617647058822977,16.0,on_track,SP,Sudeste,<5 mil,3548.0,-0.08733497149392573
3512704,98.29780219780224,-0.0736263736263765,13.0,at_risk,SP,Sudeste,<5 mil,2200.0,-0.010889588717239142
3512803,96.05059288537552,-0.11027667984189872,22.0,at_risk,SP,Sudeste,50-100 mil,69340.0,-0.22713216157941807
3512902,100.48244274809164,0.0340239912759021,11.0,on_track,SP,Sudeste,<5 mil,4996.0,
3513009,103.53055072463775,0.21743478260869403,24.0,on_track,SP,Sudeste,100-500 mil,257882.0,-0.8119674033820248
3513108,100.21904761904761,0.01714285714285554,15.0,on_track,SP,Sudeste,20-50 mil,34965.0,-0.029007948831447767
3513207,97.82,-0.10969696969697654,10.0,at_risk,SP,Sudeste,5-20 mil,6413.0,
3513306,100.0,-5.584774207323182e-16,16.0,on_track,SP,Sudeste,<5 mil,1342.0,-0.053315355178189215
3513405,100.18873483535529,0.012651646447140962,15.0,on_track,SP,Sudeste,50-100 mil,80783.0,-0.020489182826194365
3513504,96.23416149068316,0.7732354601919893,22.0,at_risk,SP,Sudeste,100-500 mil,132521.0,-0.7259207917855167
3513603,99.99999999999997,2.891020503073223e-16,6.0,on_track,SP,Sudeste,5-20 mil,11893.0,0.16513222920049636
3513702,100.12249999999997,0.029999999999998844,16.0,on_track,SP,Sudeste,20-50 mil,30426.0,-0.09735510242446155
3513801,100.41907692307691,0.043461538461538614,25.0,on_track,SP,Sudeste,100-500 mil,429550.0,-0.5220595230711225
3513850,100.0,-5.584774207323182e-16,16.0,on_track,SP,Sudeste,<5 mil,1367.0,-0.11838633356450456
3513900,100.0,-5.584774207323182e-16,16.0,on_track,SP,Sudeste,5-20 mil,7379.0,-0.1530409422492466
3514007,99.99999999999994,1.7572756439800528e-15,12.0,on_track,SP,Sudeste,5-20 mil,8885.0,-0.019669738645185255
3514106,98.7315476190475,0.014642857142849484,15.0,at_risk,SP,Sudeste,20-50 mil,26233.0,-0.0662235530931979
3514205,100.0,-5.584774207323182e-16,16.0,on_track,SP,Sudeste,<5 mil,1960.0,-0.09859124801342516
3514304,100.48095238095239,0.03506493506493713,21.0,on_track,SP,Sudeste,5-20 mil,8119.0,-0.3026664841296066
3514403,100.047619047619,0.0025974025974020124,21.0,on_track,SP,Sudeste,20-50 mil,43667.0,-0.26605958349249387
3514502,102.57684210526298,0.16473684210525158,20.0,on_track,SP,Sudeste,5-20 mil,11150.0,0.0340661206672618
3514601,86.61785714285656,-0.6202380952381475,8.0,will_not_meet,SP,Sudeste,5-20 mil,9132.0,0.08430187885767865
3514700,101.53047619047621,0.09597402597402947,21.0,on_track,SP,Sudeste,<5 mil,4799.0,-0.31059875687897626
3514809,97.26894736842095,-0.09947368421052964,19.0,at_risk,SP,Sudeste,5-20 mil,7673.0,-0.2524106316670221
3514908,115.04205882352971,1.0188235294117882,16.0,on_track,SP,Sudeste,5-20 mil,14405.0,-0.16748674334768204
3514924,99.99999999999991,-6.88031884454445e-15,8.0,on_track,SP,Sudeste,<5 mil,3428.0,0.07930949654719426
3514957,101.30284760408492,0.09836999214454129,18.0,on_track,SP,Sudeste,<5 mil,2082.0,-0.6471359782838547
3515004,108.57982608695693,0.6326521739130428,24.0,on_track,SP,Sudeste,100-500 mil,279264.0,-0.3853793961575648
3515103,104.78178260869572,1.5215652173912921,24.0,on_track,SP,Sudeste,50-100 mil,68524.0,-0.4433939732319681
3515129,104.22735294117666,0.27544117647060096,16.0,on_track,SP,Sudeste,<5 mil,2677.0,-0.15423844545309653
3515152,100.373235460192,0.023658949745905593,22.0,on_track,SP,Sudeste,5-20 mil,15880.0,0.05229769428308461
3515186,100.49996581196578,0.04536752136751964,26.0,on_track,SP,Sudeste,20-50 mil,39645.0,-0.5638792736902585
3515194,102.92088235294085,0.2273529411764539,16.0,on_track,SP,Sudeste,<5 mil,4213.0,-0.10810566652533785
3515202,100.20588235294117,0.01470588235294248,17.0,on_track,SP,Sudeste,5-20 mil,7007.0,-0.24624988025286834
3515301,100.48661764705884,0.03264705882353075,16.0,on_track,SP,Sudeste,<5 mil,2191.0,-0.24713585544243755
3515350,102.27941176470566,0.13676470588234274,16.0,on_track,SP,Sudeste,5-20 mil,5917.0,-0.0456365465455328
3515400,100.64857142857139,0.03857142857142923,21.0,on_track,SP,Sudeste,5-20 mil,12863.0,-0.29584595512376544
3515509,100.24297007340486,0.01665725578768979,22.0,on_track,SP,Sudeste,50-100 mil,67545.0,-0.377470820363963
3515608,100.0,-5.584774207323182e-16,16.0,on_track,SP,Sudeste,<5 mil,4928.0,-0.1948907548152031
3515657,99.70294117647063,-0.00882352941176437,16.0,on_track,SP,Sudeste,<5 mil,946.0,-0.11760879835165691
3515707,104.75798550724653,0.4053043478260894,24.0,on_track,SP,Sudeste,100-500 mil,189747.0,-0.5252964212031923
3515806,102.52191176470592,0.17676470588235904,16.0,on_track,SP,Sudeste,<5 mil,1131.0,-0.049110392488707265
3515905,100.0,-5.584774207323182e-16,16.0,on_track,SP,Sudeste,<5 mil,2342.0,-0.18721957762768188
3516002,81.2057352941174,-0.77470588235296,16.0,will_not_meet,SP,Sudeste,5-20 mil,11784.0,-0.10916167540195397
3516101,114.86000000000013,1.2175000000000107,16.0,on_track,SP,Sudeste,<5 mil,2336.0,1.2484494288042438
3516200,99.65760683760703,0.03264957264958119,26.0,on_track,SP,Sudeste,100-500 mil,352245.0,-0.5668914948551212
3516309,101.69985507246383,0.7230434782608633,24.0,on_track,SP,Sudeste,100-500 mil,179007.0,-0.2770549784816858
3516408,102.20999999999998,0.20999999999999658,24.0,on_track,SP,Sudeste,100-500 mil,145966.0,-0.6214087722505589
3516507,99.99999999999994,-3.2329156420407523e-16,21.0,on_track,SP,Sudeste,<5 mil,2314.0,-0.28950058688148506
3516606,100.0,1.6557240265070411e-15,20.0,on_track,SP,Sudeste,<5 mil,4784.0,-0.29193695649931933
3516705,100.16642964071849,0.02501247504989609,17.0,on_track,SP,Sudeste,20-50 mil,40386.0,-0.04906568112224073
3516804,95.1742647058827,0.13970588235296155,16.0,at_risk,SP,Sudeste,<5 mil,4399.0,-0.2801164123548979
3516853,104.65561694290795,0.4018416206260234,8.0,on_track,SP,Sudeste,<5 mil,3916.0,0.6461570077664609
3516903,100.93579898362502,0.05047995482777947,22.0,on_track,SP,Sudeste,5-20 mil,9242.0,-0.2645133290046735
3517000,102.449552703228,0.18308051341888054,12.0,on_track,SP,Sudeste,5-20 mil,8891.0,0.07527786651016823
3517109,81.79219308700794,-0.5627532777115616,11.0,will_not_meet,SP,Sudeste,<5 mil,3566.0,0.5345231431254159
3517208,99.72182340272792,-0.006819813352475319,13.0,on_track,SP,Sudeste,5-20 mil,11280.0,0.08261713121150285
3517307,101.37363636363642,0.1663636363636428,11.0,on_track,SP,Sudeste,5-20 mil,5073.0,0.006413316926537212
3517406,104.0841666666671,0.2525000000000144,15.0,on_track,SP,Sudeste,20-50 mil,39799.0,-0.11823410916039688
3517505,99.0657142857142,-0.02000000000000559,14.0,on_track,SP,Sudeste,5-20 mil,19536.0,0.05909513342729019
3517604,100.0,-5.584774207323182e-16,16.0,on_track,SP,Sudeste,5-20 mil,6790.0,-0.07301208598687335
3517703,101.31065154292713,0.08400931866789339,23.0,on_track,SP,Sudeste,20-50 mil,20710.0,-0.0555452859098927
3517802,101.64131868131875,0.12153846153845868,14.0,on_track,SP,Sudeste,5-20 mil,6514.0,0.05642202840638132
3517901,90.95394632991315,-0.3114838200473547,13.0,at_risk,SP,Sudeste,5-20 mil,10185.0,0.10053301661947817
3518008,100.0735294117647,0.004411764705880965,16.0,on_track,SP,Sudeste,<5 mil,1758.0,-0.2283576078312063
3518107,104.05218102508024,0.29416575790611027,11.0,on_track,SP,Sudeste,5-20 mil,5702.0,0.009933636416007642
3518206,100.19345238095246,0.020357142857146147,15.0,on_track,SP,Sudeste,20-50 mil,30780.0,-0.05658879612899919
3518305,94.60353623188394,0.7127391304347775,24.0,at_risk,SP,Sudeste,20-50 mil,26217.0,-0.7914288112626885
3518404,99.04615384615389,-0.0030769230769228605,25.0,on_track,SP,Sudeste,100-500 mil,117355.0,-0.31897671834775476
3518503,99.99999999999997,-7.756248278775066e-16,17.0,on_track,SP,Sudeste,5-20 mil,11116.0,0.18141685417078174
3518602,102.48249275362326,0.20865217391304397,24.0,on_track,SP,Sudeste,20-50 mil,40007.0,-0.43690913542953763
3518701,75.73110144927534,-0.32013043478260084,24.0,will_not_meet,SP,Sudeste,100-500 mil,324914.0,-0.19947556287500423
3518800,103.60762287163396,0.2988195870063953,25.0,on_track,SP,Sudeste,500 mil+,1404694.0,-0.5674694795973545
3518859,100.67252747252738,0.12197802197801813,13.0,on_track,SP,Sudeste,5-20 mil,5699.0,-0.024680771488414112
3518909,100.0,-5.584774207323182e-16,16.0,on_track,SP,Sudeste,<5 mil,4522.0,-0.1250547789671174
3519006,102.00898089171886,0.2119108280254138,11.0,on_track,SP,Sudeste,5-20 mil,8789.0,0.07872602436739869
3519055,114.61190354027667,1.0773473576192272,14.0,on_track,SP,Sudeste,5-20 mil,11303.0,0.27774514910116493
3519071,114.70756634669601,1.038114059853195,22.0,on_track,SP,Sudeste,100-500 mil,237570.0,0.09994778005091716
3519105,97.48131868131856,-0.025824175824184222,13.0,at_risk,SP,Sudeste,5-20 mil,10459.0,0.0876903388308826
3519204,102.13725490196092,0.1436274509804013,17.0,on_track,SP,Sudeste,<5 mil,4932.0,-0.1258271137526195
3519253,53.58720588235337,-1.5891176470588508,16.0,will_not_meet,SP,Sudeste,<5 mil,4354.0,-0.19949226231390668
3519303,100.0,3.4981731773400945e-16,8.0,on_track,SP,Sudeste,20-50 mil,34401.0,-0.07702687763815999
3519402,98.0433504273502,0.0355213675213584,26.0,at_risk,SP,Sudeste,5-20 mil,11652.0,-0.4486675484191335
3519501,100.69607315761176,0.07939752555138294,12.0,on_track,SP,Sudeste,5-20 mil,7321.0,0.006991231726407634
3519600,101.32759638080238,0.08589693154995785,15.0,on_track,SP,Sudeste,50-100 mil,58733.0,-0.14806611497776276
3519709,106.41897233201564,0.3438735177865517,22.0,on_track,SP,Sudeste,20-50 mil,28030.0,-0.5000633200689273
3519808,100.0,-5.584774207323182e-16,16.0,on_track,SP,Sudeste,5-20 mil,7177.0,-0.29016468292408704
3519907,99.09334698055268,-0.038638689866941245,11.0,on_track,SP,Sudeste,5-20 mil,7306.0,-0.0909935993786437
3520004,96.05407503234159,-0.14023285899094312,11.0,at_risk,SP,Sudeste,20-50 mil,24679.0,-0.06536563796340439
3520103,100.90476190476195,0.10389610389610808,21.0,on_track,SP,Sudeste,20-50 mil,29040.0,-0.40407574606878327
3520202,92.33823529411757,1.4352941176470784,16.0,at_risk,SP,Sudeste,5-20 mil,7640.0,-0.29372974576189553
3520301,63.38526315789386,-0.9112280701754665,19.0,will_not_meet,SP,Sudeste,20-50 mil,26635.0,-0.2573873602204819
3520400,54.85117647058814,-1.0435294117647484,16.0,will_not_meet,SP,Sudeste,20-50 mil,35945.0,0.10507226279624018
3520426,84.3448529411761,-0.247058823529435,16.0,will_not_meet,SP,Sudeste,5-20 mil,11552.0,-0.08296174177679465
3520442,100.00000000000003,2.803233372745077e-16,15.0,on_track,SP,Sudeste,20-50 mil,25230.0,0.04826185920679649
3520509,99.09922582770551,0.030851589523968714,23.0,on_track,SP,Sudeste,100-500 mil,258069.0,-0.25640735722110597
3520608,100.0,-2.613960957985269e-16,6.0,on_track,SP,Sudeste,<5 mil,4168.0,
3520707,97.03647058823523,-0.11191176470588683,16.0,at_risk,SP,Sudeste,<5 mil,3356.0,-0.23737997814549675
3520806,102.51308823529422,0.19073529411765322,16.0,on_track,SP,Sudeste,<5 mil,3540.0,-0.05697260896162699
3520905,101.3809090909092,0.16090909090909783,11.0,on_track,SP,Sudeste,5-20 mil,13972.0,0.018056420773460417
3521002,107.55523809523856,0.5735064935065151,21.0,on_track,SP,Sudeste,20-50 mil,23924.0,-0.268217210657748
3521101,100.81054945054944,0.05230769230768643,14.0,on_track,SP,Sudeste,5-20 mil,6734.0,-0.21947694701458786
3521150,100.0000000000001,4.915280696018327e-15,4.0,on_track,SP,Sudeste,<5 mil,3358.0,0.7469219811436764
3521200,90.72518059855543,-0.33942208462332263,18.0,at_risk,SP,Sudeste,<5 mil,2335.0,-0.19050279928796218
3521309,94.0824175824178,-0.24670329670329252,13.0,at_risk,SP,Sudeste,5-20 mil,16098.0,-0.027424617793599847
3521408,99.26768292682925,-0.029878048780488005,9.0,on_track,SP,Sudeste,20-50 mil,24467.0,-0.209879421936576
3521507,101.6803921568627,0.1769607843137253,17.0,on_track,SP,Sudeste,5-20 mil,7226.0,-0.2602039277953764
3521606,99.24888888888879,-0.03166666666667326,9.0,on_track,SP,Sudeste,5-20 mil,5908.0,0.31218771127190414
3521705,99.9544117647059,-0.0007352941176469431,16.0,on_track,SP,Sudeste,5-20 mil,11831.0,-0.15046493042597603
3521804,73.64249572649624,-0.6456752136752077,26.0,will_not_meet,SP,Sudeste,20-50 mil,21698.0,-0.38968300965906005
3521903,99.66250000000001,-0.012500000000001038,16.0,on_track,SP,Sudeste,5-20 mil,12788.0,0.08481263808774732
3522000,123.00181818181454,1.887272727272545,11.0,on_track,SP,Sudeste,<5 mil,2864.0,-2.608901582697886
3522109,98.80367024280054,0.3082439299830645,22.0,at_risk,SP,Sudeste,100-500 mil,103374.0,-0.09573690887170395
3522158,100.0,-5.584774207323182e-16,16.0,on_track,SP,Sudeste,<5 mil,1817.0,-0.0749892382019668
3522208,105.88811594202912,0.9395652173912975,24.0,on_track,SP,Sudeste,100-500 mil,178086.0,-0.3612024054779406
3522307,100.23029059829057,0.012068376068375712,26.0,on_track,SP,Sudeste,100-500 mil,151681.0,-0.536734119344656
3522406,100.00000000000001,-1.508613329084273e-15,22.0,on_track,SP,Sudeste,50-100 mil,80267.0,-0.33799866135667095
3522505,107.17172463768156,0.7957826086956478,24.0,on_track,SP,Sudeste,100-500 mil,244131.0,-0.40587900298612806
3522604,100.19071428571445,0.052142857142862334,15.0,on_track,SP,Sudeste,50-100 mil,70205.0,-0.22070601005891444
3522653,99.99999999999997,1.1330190698357442e-16,19.0,on_track,SP,Sudeste,<5 mil,2094.0,-0.06588451991558947
3522703,94.59583333333336,-0.17249999999999543,15.0,at_risk,SP,Sudeste,20-50 mil,39486.0,-0.0313777504628263
3522802,99.99999999999997,1.1330190698357442e-16,19.0,on_track,SP,Sudeste,5-20 mil,11524.0,-0.20889823647978556
3522901,101.15579649708096,0.0969140950792375,8.0,on_track,SP,Sudeste,5-20 mil,13659.0,0.08035113981253303
3523008,95.42888888888893,-0.15999999999999984,9.0,at_risk,SP,Sudeste,<5 mil,3991.0,-0.18933427743906608
3523107,109.79153623188427,0.7957391304347832,24.0,on_track,SP,Sudeste,100-500 mil,379082.0,-0.46975078790500274
3523206,100.19421052631603,0.14508771929825912,19.0,on_track,SP,Sudeste,20-50 mil,46897.0,-0.13912526375308334
3523305,63.0551470588247,0.10955882352947262,16.0,will_not_meet,SP,Sudeste,5-20 mil,11337.0,-0.17606179081107903
3523404,103.25375494071125,0.17430830039525116,22.0,on_track,SP,Sudeste,100-500 mil,104900.0,-0.5263622585972428
3523503,89.90470588235306,-0.12411764705881861,16.0,at_risk,SP,Sudeste,5-20 mil,19228.0,-0.23638423213693552
3523602,108.63076923076915,1.326373626373603,14.0,on_track,SP,Sudeste,5-20 mil,16784.0,0.132826766995423
3523701,103.55661764705906,0.23014705882354072,16.0,on_track,SP,Sudeste,5-20 mil,5490.0,-0.12249609914475629
3523800,108.70352941176498,0.6944117647058989,16.0,on_track,SP,Sudeste,5-20 mil,7085.0,-0.19891816562282819
3523909,99.14092307692309,0.0055384615384616994,25.0,on_track,SP,Sudeste,100-500 mil,165798.0,-0.38710117374366276
3524006,99.06666666666649,0.44285714285714173,21.0,on_track,SP,Sudeste,50-100 mil,55863.0,-0.3016751760207005
3524105,100.6413095238095,0.04392857142856718,15.0,on_track,SP,Sudeste,20-50 mil,39785.0,-0.031560021233384604
3524204,90.12102941176465,0.05941176470588009,16.0,at_risk,SP,Sudeste,5-20 mil,6513.0,-0.21387959525317823
3524303,91.51941176470586,-0.34323529411765386,16.0,at_risk,SP,Sudeste,50-100 mil,75704.0,-0.09556187043814068
3524402,99.0729751729752,-0.011599511599510646,27.0,on_track,SP,Sudeste,100-500 mil,233844.0,-0.2997622125667544
3524501,119.06805555555775,1.4097222222222863,8.0,on_track,SP,Sudeste,5-20 mil,6305.0,-0.09558510644947696
3524600,100.0,-5.584774207323182e-16,16.0,on_track,SP,Sudeste,5-20 mil,9752.0,-0.2433413746748132
3524709,99.05748164878602,-0.018859401468096927,22.0,on_track,SP,Sudeste,50-100 mil,58193.0,-0.32217564279564637
3524808,99.87675213675212,0.003760683760683028,26.0,on_track,SP,Sudeste,20-50 mil,46384.0,-0.44978591735654927
3524907,100.0,-5.584774207323182e-16,16.0,on_track,SP,Sudeste,<5 mil,3269.0,-0.3360994222320969
3525003,104.36888405797106,0.32243478260869346,24.0,on_track,SP,Sudeste,100-500 mil,127734.0,-0.5015220660804157
3525102,100.23733695652166,0.040163043478257256,14.0,on_track,SP,Sudeste,20-50 mil,43706.0,0.007511170558768964
3525201,145.0748529411767,3.9304411764706657,16.0,on_track,SP,Sudeste,20-50 mil,24091.0,-0.3491966744447103
3525300,100.01247194890384,0.006326601070257213,19.0,on_track,SP,Sudeste,100-500 mil,148665.0,-0.22551324460015656
3525409,100.0,-5.584774207323182e-16,16.0,on_track,SP,Sudeste,<5 mil,2592.0,-0.09652805126650837
3525508,74.70426470588211,0.3047058823529325,16.0,will_not_meet,SP,Sudeste,5-20 mil,13453.0,0.02664016854391386
3525607,92.95885780885783,-0.3013986013985707,12.0,at_risk,SP,Sudeste,<5 mil,3908.0,0.012532215012481989
3525706,102.38178199632588,0.17578077158604932,13.0,on_track,SP,Sudeste,20-50 mil,34163.0,-0.048755248561942965
3525805,,,2.0,,SP,Sudeste,<5 mil,4589.0,
3525854,97.89120879120884,-0.09835164835164889,13.0,at_risk,SP,Sudeste,<5 mil,2011.0,0.07374309208838165
3525904,99.12369511184755,-0.0353947212687864,25.0,on_track,SP,Sudeste,100-500 mil,408569.0,-0.2402702206468071
3526001,100.49834133566125,0.037581841990397324,12.0,on_track,SP,Sudeste,5-20 mil,17251.0,0.08568201856391844
3526100,104.4747368421053,0.26596491228070923,19.0,on_track,SP,Sudeste,5-20 mil,11749.0,-0.29588948877179744
3526209,61.35334782608709,0.19269565217391568,24.0,will_not_meet,SP,Sudeste,20-50 mil,24645.0,-0.3723204365208355
3526308,98.28627450980395,-0.053921568627451864,17.0,at_risk,SP,Sudeste,<5 mil,3165.0,-0.060104440399241614
3526407,101.94509803921582,0.15343137254903116,17.0,on_track,SP,Sudeste,20-50 mil,26011.0,-0.1993163815430723
3526506,101.06823204419896,0.15994475138122116,13.0,on_track,SP,Sudeste,5-20 mil,6141.0,0.09666782578833903
3526605,104.13619047619068,0.26831168831170144,21.0,on_track,SP,Sudeste,5-20 mil,6757.0,-0.12862826489448867
3526704,101.03507692307697,0.08446153846154146,25.0,on_track,SP,Sudeste,100-500 mil,103100.0,-0.22242932898545606
3526803,100.95588235294107,0.05735294117646527,16.0,on_track,SP,Sudeste,50-100 mil,67974.0,-0.13956618803368312
3526902,97.79408547008583,-0.10526495726494159,26.0,at_risk,SP,Sudeste,100-500 mil,301509.0,-0.26876060129590845
3527009,112.07912087912064,0.8620879120879134,13.0,on_track,SP,Sudeste,5-20 mil,8201.0,-0.13008802855758866
3527108,100.9353162393163,0.07381196581196901,26.0,on_track,SP,Sudeste,50-100 mil,78055.0,-0.6229693522483097
3527207,100.71904761904761,0.046753246753248955,21.0,on_track,SP,Sudeste,50-100 mil,86968.0,-0.26316734812024123
3527256,103.39428571428573,0.20493506493506655,21.0,on_track,SP,Sudeste,<5 mil,1894.0,-0.3569923520619028
3527306,102.31786853860956,0.24741544352269726,13.0,on_track,SP,Sudeste,20-50 mil,49042.0,-0.01896433611523172
3527405,100.01955882352944,0.0013235294117648975,16.0,on_track,SP,Sudeste,5-20 mil,19072.0,-0.11128301951925332
3527504,107.32235294117686,0.5229411764706118,16.0,on_track,SP,Sudeste,<5 mil,1909.0,-0.2424680497194571
3527603,93.8336363636364,-0.15363636363636307,11.0,at_risk,SP,Sudeste,5-20 mil,15095.0,0.3334495961692144
3527702,90.27904761904745,-0.3472727272727328,21.0,at_risk,SP,Sudeste,5-20 mil,5425.0,-0.3141108820560345
3527801,99.71548872180448,0.0067669172932318025,20.0,on_track,SP,Sudeste,<5 mil,4091.0,-0.24526968263154467
3527900,101.7647058823528,0.10588235294116907,16.0,on_track,SP,Sudeste,<5 mil,2086.0,-0.23280006880147766
3528007,94.86259315589315,0.08092015209124152,23.0,at_risk,SP,Sudeste,5-20 mil,16750.0,-0.6753905932605582
3528106,101.15344352617099,0.09724517906337755,10.0,on_track,SP,Sudeste,5-20 mil,7225.0,0.14666617344636165
3528205,100.5682352941176,0.03779411764705638,16.0,on_track,SP,Sudeste,<5 mil,2794.0,-0.1254474095810273
3528304,99.99999999999994,1.7572756439800528e-15,12.0,on_track,SP,Sudeste,<5 mil,2560.0,0.11315667604712625
3528403,101.92234527687305,0.1809822099724472,20.0,on_track,SP,Sudeste,20-50 mil,38302.0,-0.4192573582652212
3528502,62.77452173913048,-0.7989565217391136,24.0,will_not_meet,SP,Sudeste,50-100 mil,90579.0,-0.6325070277868784
3528601,99.24498834498831,-0.025524475524473435,12.0,on_track,SP,Sudeste,5-20 mil,8626.0,-0.005046797542522553
3528700,74.03514705882344,-0.8504411764705933,16.0,will_not_meet,SP,Sudeste,<5 mil,2688.0,-0.0961091600720887
3528809,102.9009803921569,0.20563725490196552,17.0,on_track,SP,Sudeste,5-20 mil,12753.0,-0.15492668077507563
3528858,97.1930983847283,-0.11343612334800739,12.0,at_risk,SP,Sudeste,<5 mil,2587.0,0.0718785149140316
3528908,100.0,-5.584774207323182e-16,16.0,on_track,SP,Sudeste,<5 mil,3283.0,-0.09708900414691989
3529005,102.62287338501307,0.1398036175710592,26.0,on_track,SP,Sudeste,100-500 mil,231381.0,-0.34909362564705065
3529104,100.0,-5.584774207323182e-16,16.0,on_track,SP,Sudeste,<5 mil,1662.0,-0.1257856130044948
3529203,102.03452380952373,0.1435714285714181,15.0,on_track,SP,Sudeste,20-50 mil,22501.0,-0.13802047938175716
3529302,99.81368421052629,-0.007368421052631134,19.0,on_track,SP,Sudeste,50-100 mil,82526.0,0.27831073263811634
3529401,96.06330589184813,0.022895883777234404,24.0,at_risk,SP,Sudeste,100-500 mil,481725.0,-0.5646365039487995
3529500,101.04499999999976,0.13499999999998122,6.0,on_track,SP,Sudeste,<5 mil,4609.0,-0.33515789178985267
3529609,100.0,-5.584774207323182e-16,16.0,on_track,SP,Sudeste,<5 mil,2645.0,-0.2169507757840987
3529658,100.0,-5.584774207323182e-16,16.0,on_track,SP,Sudeste,<5 mil,1481.0,-0.14701647758291478
3529708,89.54613212874088,0.02851496329757441,22.0,at_risk,SP,Sudeste,20-50 mil,21176.0,-0.27006394242036486
3529807,99.99999999999999,-6.782439193547243e-16,11.0,on_track,SP,Sudeste,5-20 mil,12441.0,0.287934093582048
3529906,102.35294117647035,0.14117647058822524,16.0,on_track,SP,Sudeste,5-20 mil,10030.0,-0.15075220553604535
3530003,88.40205882352927,-0.35117647058824747,16.0,will_not_meet,SP,Sudeste,<5 mil,2084.0,-0.11699373899599051
3530102,99.70249487354745,-0.0015379357484632617,13.0,on_track,SP,Sudeste,20-50 mil,26556.0,0.18368707540976115
3530201,103.69210526315794,0.269298245614037,19.0,on_track,SP,Sudeste,5-20 mil,10843.0,-0.11733689543984167
3530300,99.73911764705883,0.015147058823528802,16.0,on_track,SP,Sudeste,50-100 mil,59233.0,0.20366833872516327
3530409,130.22285714285772,2.525714285714372,6.0,on_track,SP,Sudeste,<5 mil,4038.0,-0.04043926349125562
3530508,101.8955624355005,0.12579979360165128,18.0,on_track,SP,Sudeste,50-100 mil,63715.0,-0.3504003084480145
3530607,96.47768981895746,-0.13605355544848136,23.0,at_risk,SP,Sudeste,100-500 mil,419794.0,-0.21445835134251337
3530706,95.54645909645865,-0.21947496947497966,27.0,at_risk,SP,Sudeste,100-500 mil,146340.0,-0.26570779721059345
3530805,100.65538461538465,0.04530769230769379,25.0,on_track,SP,Sudeste,50-100 mil,88050.0,-0.23581518484580202
3530904,108.486029411765,0.5419117647059023,16.0,on_track,SP,Sudeste,<5 mil,2896.0,-0.24684528580714443
3531001,100.43485294117647,0.035441176470588406,16.0,on_track,SP,Sudeste,<5 mil,1958.0,-0.15645046183587002
3531100,94.78825522303782,0.011801242236023017,22.0,at_risk,SP,Sudeste,50-100 mil,58311.0,-0.04204779589923011
3531209,99.93846153846152,0.01923076923076826,13.0,on_track,SP,Sudeste,<5 mil,4680.0,-0.10893357429781124
3531308,100.04389404884762,0.0026831785345712133,18.0,on_track,SP,Sudeste,20-50 mil,48742.0,-0.24239398464145567
3531407,100.03918690005646,0.0021456804065485653,22.0,on_track,SP,Sudeste,20-50 mil,23359.0,-0.40922393868477097
3531506,93.92636363636365,-0.22999999999999965,11.0,at_risk,SP,Sudeste,5-20 mil,17710.0,0.21645542561050576
3531605,100.92928571428565,0.06214285714285286,15.0,on_track,SP,Sudeste,<5 mil,3311.0,-0.09750657902427554
3531704,100.42490118577075,0.022924901185770126,22.0,on_track,SP,Sudeste,<5 mil,2045.0,-0.3857232121852886
3531803,102.4512704686617,0.1546019198193099,22.0,on_track,SP,Sudeste,50-100 mil,57962.0,-0.27244990433308425
3531902,96.14455882352934,-0.16117647058823797,16.0,at_risk,SP,Sudeste,20-50 mil,32203.0,-0.028905295891487638
3532009,109.92264705882394,0.6370588235294399,16.0,on_track,SP,Sudeste,5-20 mil,11902.0,-0.11684646708387451
3532058,99.9934065934066,0.009890109890110148,13.0,on_track,SP,Sudeste,<5 mil,3500.0,-0.07447955457952785
3532108,96.96219780219758,-0.12791208791209283,14.0,at_risk,SP,Sudeste,<5 mil,2781.0,-0.01625316412586555
3532157,100.96769067796589,0.08103813559320931,9.0,on_track,SP,Sudeste,<5 mil,2855.0,-0.0012922108846590893
3532207,102.28058823529423,0.1557352941176526,16.0,on_track,SP,Sudeste,<5 mil,3584.0,-0.17645761346236558
3532306,100.34697926059519,0.023083859332736358,11.0,on_track,SP,Sudeste,<5 mil,2765.0,0.010460847013475702
3532405,19.226617647061175,-1.6473529411764107,16.0,will_not_meet,SP,Sudeste,5-20 mil,15989.0,-0.19133986418771184
3532504,93.9099999999999,0.05999999999999327,4.0,at_risk,SP,Sudeste,5-20 mil,8047.0,0.1517032276812389
3532603,100.07450980392157,0.004901960784314732,17.0,on_track,SP,Sudeste,5-20 mil,9377.0,-0.19250760980467213
3532702,96.75382352941182,-0.06647058823529478,16.0,at_risk,SP,Sudeste,<5 mil,4780.0,-0.1485801062848358
3532801,102.86000000000007,0.22000000000000808,5.0,on_track,SP,Sudeste,5-20 mil,5933.0,-0.0904319891033732
3532827,75.977647058824,-0.6104411764705914,16.0,will_not_meet,SP,Sudeste,5-20 mil,6741.0,-0.07538038912409163
3532843,100.0,-5.584774207323182e-16,16.0,on_track,SP,Sudeste,<5 mil,759.0,-0.07862459396311941
3532868,,,1.0,,SP,Sudeste,<5 mil,746.0,
3532900,100.28078770413083,0.12699327569645974,10.0,on_track,SP,Sudeste,5-20 mil,10683.0,0.045636242224775046
3533007,100.0,-5.584774207323182e-16,16.0,on_track,SP,Sudeste,20-50 mil,20269.0,-0.21510692066671214
3533106,99.99999999999994,-3.2329156420407523e-16,21.0,on_track,SP,Sudeste,<5 mil,2025.0,-0.22414853864864068
3533205,102.32000000000016,0.17418918918920376,9.0,on_track,SP,Sudeste,<5 mil,3297.0,0.02464304769967261
3533254,106.64835164835142,0.4543956043955943,13.0,on_track,SP,Sudeste,5-20 mil,5515.0,0.15038035422270565
3533304,77.19117647058806,-0.7786764705882527,17.0,will_not_meet,SP,Sudeste,<5 mil,3783.0,-0.15031541032011697
3533403,99.38035008469792,-0.00875211744776959,22.0,on_track,SP,Sudeste,50-100 mil,60710.0,-0.27590011371851986
3533502,100.00000000000001,-1.508613329084273e-15,22.0,on_track,SP,Sudeste,20-50 mil,38860.0,-0.3689000529900067
3533601,98.24023668639073,-0.0313609467455509,12.0,at_risk,SP,Sudeste,5-20 mil,6825.0,0.027198084909021713
3533700,100.84289044289014,0.08006993006991334,12.0,on_track,SP,Sudeste,<5 mil,3429.0,-0.19310947549499788
3533809,100.02380952380948,0.0012987012987020585,21.0,on_track,SP,Sudeste,<5 mil,1614.0,-0.2838318606914095
3533908,100.79940761636097,0.04939351198871165,14.0,on_track,SP,Sudeste,50-100 mil,52394.0,0.09921873216621163
3534005,103.10529411764719,0.20411764705883317,16.0,on_track,SP,Sudeste,<5 mil,3496.0,-0.17559242108749937
3534104,100.10761904761901,0.018311688311688817,21.0,on_track,SP,Sudeste,5-20 mil,6136.0,-0.19658997998331118
3534203,92.29705882352954,-0.2286764705882355,16.0,at_risk,SP,Sudeste,5-20 mil,6735.0,-0.2288792184000289
3534302,99.02345238095236,-0.029642857142858237,15.0,on_track,SP,Sudeste,20-50 mil,43531.0,-0.0269278197334624
3534401,93.52985490348487,-0.32804119704624807,24.0,at_risk,SP,Sudeste,500 mil+,701428.0,-0.20432572196782633
3534500,99.76476190476185,-0.007012987012987547,21.0,on_track,SP,Sudeste,<5 mil,2154.0,-0.20729822529163633
3534609,100.0,-5.584774207323182e-16,16.0,on_track,SP,Sudeste,20-50 mil,29760.0,-0.09622380531629178
3534708,99.72953846153854,-0.014769230769227999,25.0,on_track,SP,Sudeste,100-500 mil,112165.0,-0.23997016625059223
3534757,99.99999999999997,-7.756248278775066e-16,17.0,on_track,SP,Sudeste,5-20 mil,9617.0,-0.1640043111572599
3534807,95.80706932052172,-0.12223747426218483,18.0,at_risk,SP,Sudeste,5-20 mil,7982.0,-0.06662369663120449
3534906,90.77608024691403,-0.31651234567898334,10.0,at_risk,SP,Sudeste,5-20 mil,10555.0,0.02526437067037728
3535002,96.28241758241762,-0.16208791208791215,13.0,at_risk,SP,Sudeste,5-20 mil,11045.0,0.16045187770899244
3535101,87.45774436090176,-0.026616541353403692,20.0,will_not_meet,SP,Sudeste,5-20 mil,13297.0,-0.344850429634074
3535200,99.99999999999997,-7.756248278775066e-16,17.0,on_track,SP,Sudeste,5-20 mil,6956.0,-0.16810550152315054
3535309,103.1078947368423,0.19561403508772804,19.0,on_track,SP,Sudeste,20-50 mil,20469.0,-0.1647403653054732
3535408,100.50750407830286,0.09247553017941897,15.0,on_track,SP,Sudeste,5-20 mil,15407.0,0.08105319043263502
3535507,105.62735294117635,0.35044117647058254,16.0,on_track,SP,Sudeste,20-50 mil,41850.0,-0.12282801459513237
3535606,137.41689234935438,2.791367637102175,13.0,on_track,SP,Sudeste,5-20 mil,5518.0,0.286635374193829
3535705,98.55581395348847,-0.09069767441858675,5.0,at_risk,SP,Sudeste,5-20 mil,5749.0,-0.04805158475519274
3535804,78.54871014492733,-0.46991304347825813,24.0,will_not_meet,SP,Sudeste,5-20 mil,16737.0,-0.4101732431592381
3535903,100.0,-5.584774207323182e-16,16.0,on_track,SP,Sudeste,<5 mil,3658.0,-0.10498858440584767
3536000,100.11052631578946,0.008771929824562012,19.0,on_track,SP,Sudeste,5-20 mil,8970.0,-0.19452632913901477
3536109,97.30485294117682,0.32044117647061243,16.0,at_risk,SP,Sudeste,5-20 mil,5173.0,-0.15251878236929706
3536208,100.73529411764697,0.044117647058819695,16.0,on_track,SP,Sudeste,5-20 mil,13588.0,-0.28730016416670195
3536257,100.21098901098901,0.01813186813186794,13.0,on_track,SP,Sudeste,<5 mil,1760.0,-0.1379076510920067
3536307,99.63529411764706,0.004411764705883885,17.0,on_track,SP,Sudeste,5-20 mil,12067.0,-0.16522017304786898
3536406,108.70582934384743,0.609377640101417,13.0,on_track,SP,Sudeste,5-20 mil,6268.0,0.060480249304597375
3536505,100.67797854319588,0.12326369282891074,22.0,on_track,SP,Sudeste,100-500 mil,114402.0,-0.6233715557479844
3536570,100.7812781954882,0.20308270676688325,20.0,on_track,SP,Sudeste,<5 mil,1250.0,-0.13392874410315586
3536604,98.83000000000013,0.015964912280709145,19.0,at_risk,SP,Sudeste,5-20 mil,8096.0,-0.2103995176341931
3536703,101.81029411764715,0.1191176470588293,16.0,on_track,SP,Sudeste,20-50 mil,44196.0,-0.1784826052442641
3536802,99.41470588235318,0.09632352941177953,17.0,on_track,SP,Sudeste,<5 mil,1526.0,-0.3189358839537895
3536901,100.0,-5.584774207323182e-16,16.0,on_track,SP,Sudeste,<5 mil,1535.0,-0.12692809066770883
3537008,101.47745098039205,0.08799019607842873,17.0,on_track,SP,Sudeste,5-20 mil,12451.0,-0.29883081833412733
3537107,98.86956521739131,-0.039130434782610204,22.0,at_risk,SP,Sudeste,20-50 mil,48581.0,-0.10054587961322327
3537156,102.3760294117647,0.18691176470588386,16.0,on_track,SP,Sudeste,<5 mil,2623.0,-0.13100978895773363
3537206,82.40220588235275,-0.3566176470588357,16.0,will_not_meet,SP,Sudeste,5-20 mil,7931.0,-0.1836265825743442
3537305,99.95578947368419,-0.0003508771929832428,19.0,on_track,SP,Sudeste,50-100 mil,61219.0,-0.18872897384297332
3537404,99.9834523809524,0.010357142857143483,15.0,on_track,SP,Sudeste,20-50 mil,23908.0,0.0692706769459264
3537503,100.00000000000001,1.7282279104217062e-15,10.0,on_track,SP,Sudeste,5-20 mil,5927.0,0.23474349998735083
3537602,102.20005646527375,0.24404291360813116,22.0,on_track,SP,Sudeste,50-100 mil,68918.0,-0.11722569292988498
3537701,100.04095238095233,0.006623376623376902,21.0,on_track,SP,Sudeste,5-20 mil,5374.0,-0.2508633765796988
3537800,99.99999999999997,-7.756248278775066e-16,17.0,on_track,SP,Sudeste,20-50 mil,25395.0,-0.1983391291965896
3537909,104.88431372549041,0.3186274509804094,17.0,on_track,SP,Sudeste,20-50 mil,23267.0,-0.1881874235200827
3538006,99.93366666666667,-0.002999999999999781,24.0,on_track,SP,Sudeste,100-500 mil,165703.0,-0.4634259500320325
3538105,101.11758241758245,0.08241758241757914,14.0,on_track,SP,Sudeste,5-20 mil,16449.0,0.008101807817107431
3538204,99.99999999999997,-7.756248278775066e-16,17.0,on_track,SP,Sudeste,5-20 mil,7666.0,-0.22165280036922574
3538303,106.61941176470589,0.41926470588236214,16.0,on_track,SP,Sudeste,<5 mil,2797.0,-0.16750105542002175
3538501,100.71468531468511,0.06083916083914931,12.0,on_track,SP,Sudeste,5-20 mil,12639.0,0.08015789791403383
3538600,74.80488476092182,0.3845201238390091,18.0,will_not_meet,SP,Sudeste,20-50 mil,27617.0,-0.26700860985086333
3538709,99.48656410256402,-0.016717948717952846,26.0,on_track,SP,Sudeste,100-500 mil,401466.0,-0.3531244518074843
3538808,100.29142857142857,0.02753246753246983,21.0,on_track,SP,Sudeste,20-50 mil,26912.0,-0.37213370206517765
3538907,99.82869300911852,-0.005896656534956319,13.0,on_track,SP,Sudeste,20-50 mil,21137.0,-0.09515142711377386
3539004,99.74285714285715,-0.006593406593407733,13.0,on_track,SP,Sudeste,5-20 mil,10336.0,-0.0625695502381915
3539103,98.96631884058024,1.0303043478260823,24.0,at_risk,SP,Sudeste,5-20 mil,19453.0,-0.19062553560122825
3539202,100.3783823529412,0.024852941176471056,16.0,on_track,SP,Sudeste,20-50 mil,26578.0,-0.11011058291922186
3539301,99.99999999999997,0.0032467532467536334,21.0,on_track,SP,Sudeste,50-100 mil,70858.0,-0.14129176950591077
3539400,99.91999999999992,0.030129870129868102,21.0,on_track,SP,Sudeste,5-20 mil,11911.0,-0.38703111125265804
3539509,97.04999999999993,-0.10999999999999627,15.0,at_risk,SP,Sudeste,20-50 mil,38874.0,0.0242093989235759
3539608,96.09323529411773,-0.13720588235294112,16.0,at_risk,SP,Sudeste,<5 mil,4531.0,-0.21363464510541513
3539707,95.64882352941191,-0.09397058823528737,16.0,at_risk,SP,Sudeste,<5 mil,2839.0,-0.14266919527599264
3539806,100.86923188405801,0.09213043478261035,24.0,on_track,SP,Sudeste,100-500 mil,117337.0,-0.6256877649957057
3539905,103.03352941176479,0.23441176470588831,16.0,on_track,SP,Sudeste,5-20 mil,5488.0,-0.2250121285438284
3540002,100.27080291970802,0.01958637469586154,10.0,on_track,SP,Sudeste,20-50 mil,20772.0,-0.4488940663405707
3540101,99.99999999999994,-3.2329156420407523e-16,21.0,on_track,SP,Sudeste,<5 mil,2844.0,-0.326866631222276
3540200,101.89340659340664,0.14945054945054542,14.0,on_track,SP,Sudeste,50-100 mil,50751.0,0.13339866128425182
3540259,96.45279411764699,-0.12838235294118303,16.0,at_risk,SP,Sudeste,<5 mil,3916.0,-0.14168546570665633
3540309,100.0,-5.584774207323182e-16,16.0,on_track,SP,Sudeste,<5 mil,2172.0,-0.18049518423244254
3540408,99.99999999999997,-7.756248278775066e-16,17.0,on_track,SP,Sudeste,<5 mil,3342.0,-0.15057293728311594
3540507,100.0,-5.584774207323182e-16,16.0,on_track,SP,Sudeste,<5 mil,4927.0,-0.32336915548603523
3540606,100.62227805695137,0.03900753768843949,15.0,on_track,SP,Sudeste,20-50 mil,45135.0,-0.26033061493830967
3540705,100.00000000000001,5.1517568272295865e-17,18.0,on_track,SP,Sudeste,50-100 mil,55828.0,0.15100297844949429
3540754,102.20000000000186,0.20000000000014156,4.0,on_track,SP,Sudeste,5-20 mil,19415.0,-0.23967984685293658
3540804,98.92769230769225,-0.04483516483516663,14.0,at_risk,SP,Sudeste,5-20 mil,15878.0,-0.1590795817117125
3540853,103.30441176470595,0.31176470588235805,16.0,on_track,SP,Sudeste,<5 mil,2073.0,1.4060008346994555
3540903,102.12000000000023,0.18424242424244316,10.0,on_track,SP,Sudeste,20-50 mil,20605.0,-0.055239541467210586
3541000,91.0215697346132,-0.17560700169396137,22.0,at_risk,SP,Sudeste,100-500 mil,336454.0,-0.16439376793969443
3541059,100.22764705882354,0.014558823529412422,16.0,on_track,SP,Sudeste,<5 mil,4070.0,-0.14982761630916488
3541109,100.07142857142854,0.003896103896104394,21.0,on_track,SP,Sudeste,<5 mil,3384.0,-0.28212202428584937
3541208,100.62750000000004,0.04500000000000166,16.0,on_track,SP,Sudeste,5-20 mil,10015.0,-0.1874370848216784
3541307,106.82578947368472,0.4433333333333504,19.0,on_track,SP,Sudeste,20-50 mil,41581.0,-0.3079205587303611
3541406,99.33723188405796,-0.01986956521739135,24.0,on_track,SP,Sudeste,100-500 mil,227221.0,-0.5036667470274463
3541505,99.93976190476194,-0.000714285714285921,15.0,on_track,SP,Sudeste,20-50 mil,37935.0,-0.032029265994295335
3541604,100.51372549019598,0.06862745098038851,17.0,on_track,SP,Sudeste,20-50 mil,34737.0,-0.13530071091467982
3541653,101.97588235294123,0.1673529411764731,16.0,on_track,SP,Sudeste,<5 mil,998.0,-0.23136197413013543
3541703,99.35784313725489,0.03553921568627393,17.0,on_track,SP,Sudeste,5-20 mil,13428.0,-0.19097240219757608
3541802,100.4819117647059,0.03176470588235498,16.0,on_track,SP,Sudeste,<5 mil,2984.0,-0.16713228018728976
3541901,89.5980952380952,-0.2706493506493521,21.0,at_risk,SP,Sudeste,5-20 mil,11308.0,-0.2892143036898281
3542008,100.0,-5.584774207323182e-16,16.0,on_track,SP,Sudeste,5-20 mil,6164.0,-0.05424578762589185
3542107,105.45885792913646,0.38390092879256826,18.0,on_track,SP,Sudeste,5-20 mil,8044.0,-0.13185736756529726
3542206,100.55014771048752,0.062001477104877516,17.0,on_track,SP,Sudeste,20-50 mil,26670.0,-0.12767876352649962
3542305,70.6892647058828,-0.6527941176470466,16.0,will_not_meet,SP,Sudeste,<5 mil,2187.0,-0.08069362145341302
3542404,100.91911764705874,0.05514705882352552,16.0,on_track,SP,Sudeste,5-20 mil,18919.0,-0.11020462216464993
3542503,98.43764568764531,-0.005944055944073778,12.0,at_risk,SP,Sudeste,5-20 mil,5985.0,0.14134971552659856
3542602,101.4895539243365,0.10660643704121915,22.0,on_track,SP,Sudeste,50-100 mil,50124.0,-0.42586319630542935
3542701,104.95088235294133,0.3173529411764794,16.0,on_track,SP,Sudeste,5-20 mil,6103.0,-0.1899473021847187
3542800,100.0,-5.584774207323182e-16,16.0,on_track,SP,Sudeste,<5 mil,1222.0,-0.1411518487063753
3542909,99.66095238095234,0.0047619047619004845,10.0,on_track,SP,Sudeste,5-20 mil,12367.0,
3543006,100.0,-5.584774207323182e-16,16.0,on_track,SP,Sudeste,5-20 mil,8131.0,-0.05391878366522387
3543105,106.46617647058815,0.5889705882352905,16.0,on_track,SP,Sudeste,<5 mil,3805.0,-0.15309342321519662
3543204,97.91045112781924,0.0193233082706627,20.0,at_risk,SP,Sudeste,<5 mil,3362.0,-0.21339047799460298
3543238,101.09117647058824,0.07647058823529564,16.0,on_track,SP,Sudeste,<5 mil,1880.0,-0.11193364048655245
3543253,100.0,-5.584774207323182e-16,16.0,on_track,SP,Sudeste,<5 mil,2427.0,-0.10628672861041465
3543303,91.16743478260872,0.15286956521739123,24.0,at_risk,SP,Sudeste,100-500 mil,125238.0,-0.541993488709214
3543402,101.83480620155039,0.10643410852712779,26.0,on_track,SP,Sudeste,500 mil+,718072.0,-0.9110970353687361
3543501,100.0,-5.584774207323182e-16,16.0,on_track,SP,Sudeste,<5 mil,3910.0,-0.014367298637276446
3543600,109.21838235294081,0.7823529411764706,16.0,on_track,SP,Sudeste,<5 mil,3196.0,0.21147490958916437
3543709,97.14759511844949,-0.11672648959080259,13.0,at_risk,SP,Sudeste,5-20 mil,8793.0,-0.1914814709496699
3543808,49.530000000000655,-3.089999999999971,5.0,will_not_meet,SP,Sudeste,5-20 mil,8659.0,-0.2814175247431893
3543907,96.98861538461557,-0.15030769230768576,25.0,at_risk,SP,Sudeste,100-500 mil,204448.0,-0.20903582412822255
3544004,92.84130952380951,-0.29607142857141916,15.0,at_risk,SP,Sudeste,20-50 mil,35080.0,-0.5519453352994166
3544103,85.16830434782602,0.16460869565217204,24.0,will_not_meet,SP,Sudeste,50-100 mil,52009.0,-0.1516811672375746
3544202,92.4027863777091,-0.18441692466460224,18.0,at_risk,SP,Sudeste,5-20 mil,10171.0,-0.834043988118649
3544251,99.93684210526312,-0.001754385964912423,19.0,on_track,SP,Sudeste,5-20 mil,12828.0,-0.3175839882389956
3544301,103.50571428571448,0.30870129870130775,21.0,on_track,SP,Sudeste,5-20 mil,10340.0,-0.28115061193125596
3544400,99.99999999999994,-3.2329156420407523e-16,21.0,on_track,SP,Sudeste,<5 mil,1830.0,-0.19177604762913203
3544509,100.02764705882353,0.002058823529410718,16.0,on_track,SP,Sudeste,<5 mil,2626.0,-0.17410375080454338
3544608,99.99999999999996,-1.163720534220925e-15,10.0,on_track,SP,Sudeste,<5 mil,4944.0,-0.1452656952286441
3544707,100.0,-5.584774207323182e-16,16.0,on_track,SP,Sudeste,<5 mil,1843.0,-0.07585117170353142
3544806,98.97707317073163,-0.03738675958188599,13.0,at_risk,SP,Sudeste,5-20 mil,5834.0,0.05516230766325786
3544905,98.59458874458869,-0.01839826839827015,10.0,at_risk,SP,Sudeste,5-20 mil,10959.0,0.037433286209123014
3545001,95.42907246376802,-0.17252173913043556,24.0,at_risk,SP,Sudeste,5-20 mil,11054.0,-0.5884091168231593
3545100,95.58602941176474,-0.1455882352941205,16.0,at_risk,SP,Sudeste,<5 mil,4818.0,-0.03518240205810363
3545159,99.99690721649476,0.0003436426116797198,11.0,on_track,SP,Sudeste,5-20 mil,7092.0,0.13229323209887792
3545209,95.31386803770363,-0.16114138817480406,24.0,at_risk,SP,Sudeste,100-500 mil,119930.0,-0.02077852792716827
3545308,99.99999999999994,-3.2329156420407523e-16,21.0,on_track,SP,Sudeste,20-50 mil,36287.0,-0.21225550602304044
3545407,100.22747252747253,0.016483516483515342,13.0,on_track,SP,Sudeste,5-20 mil,8483.0,0.12648426692112863
3545506,100.0,-5.584774207323182e-16,16.0,on_track,SP,Sudeste,<5 mil,3074.0,-0.05265468969786724
3545605,97.06285714285718,-0.06571428571428507,14.0,at_risk,SP,Sudeste,5-20 mil,14796.0,-0.019463458817085267
3545704,99.99999999999997,1.1330190698357442e-16,19.0,on_track,SP,Sudeste,5-20 mil,5158.0,-0.2155428684671711
3545803,99.07792764857874,-0.040397932816539674,26.0,on_track,SP,Sudeste,100-500 mil,193745.0,-0.26589208946032244
3546009,46.51045601106125,-2.254721326577096,12.0,will_not_meet,SP,Sudeste,5-20 mil,13165.0,0.3680854483485209
3546108,100.22764705882354,0.014558823529412422,16.0,on_track,SP,Sudeste,<5 mil,1591.0,-0.23181068966501026
3546207,96.56043956043956,-0.07142857142857237,13.0,at_risk,SP,Sudeste,<5 mil,3102.0,0.12003052698779047
3546256,99.99999999999997,-7.756248278775066e-16,17.0,on_track,SP,Sudeste,<5 mil,1467.0,-0.19307541741504103
3546306,100.4264705882353,0.02573529411764853,17.0,on_track,SP,Sudeste,20-50 mil,34009.0,0.06718943710726888
3546405,100.0,-5.584774207323182e-16,16.0,on_track,SP,Sudeste,20-50 mil,44072.0,-0.17676961040195852
3546504,101.58205882352948,0.10132352941176903,16.0,on_track,SP,Sudeste,5-20 mil,5153.0,-0.23838820034509628
3546603,101.99705882352933,0.13308823529411762,17.0,on_track,SP,Sudeste,20-50 mil,31505.0,-0.27965785047536595
3546702,99.2681318681318,-0.02527472527472913,14.0,on_track,SP,Sudeste,20-50 mil,27554.0,0.4333217988343101
3546801,71.45116197183324,-1.011725352112517,18.0,will_not_meet,SP,Sudeste,20-50 mil,45928.0,0.2809102242203778
3546900,97.68791208791205,-0.05109890109890418,13.0,at_risk,SP,Sudeste,5-20 mil,8357.0,-0.05299049563156443
3547007,91.9069117647062,-0.09323529411763241,16.0,at_risk,SP,Sudeste,5-20 mil,5552.0,-0.15832021841457478
3547106,100.09523809523803,0.00519480519480434,21.0,on_track,SP,Sudeste,<5 mil,2559.0,-0.20506044055151587
3547205,100.0,-5.584774207323182e-16,16.0,on_track,SP,Sudeste,<5 mil,968.0,-0.16457448613139466
3547304,115.21246376811632,1.093260869565213,24.0,on_track,SP,Sudeste,100-500 mil,145073.0,-1.0173592006566308
3547403,103.44395604395595,0.2417582417582411,13.0,on_track,SP,Sudeste,<5 mil,1726.0,0.029093970539193728
3547502,99.76458386683738,0.011626120358516822,14.0,on_track,SP,Sudeste,20-50 mil,24742.0,0.2533383804945747
3547601,100.10952380952381,0.01558441558441717,21.0,on_track,SP,Sudeste,20-50 mil,25700.0,-0.46099882935207787
3547650,100.0,-5.584774207323182e-16,16.0,on_track,SP,Sudeste,<5 mil,882.0,-0.21237309787052164
3547700,98.6726495726494,0.0017094017093949477,26.0,at_risk,SP,Sudeste,5-20 mil,19434.0,-0.1936834959614621
3547809,102.44761904761924,0.13968253968253913,27.0,on_track,SP,Sudeste,500 mil+,723889.0,-0.5057715431767998
3547908,100.42331002330988,0.048951048951040646,12.0,on_track,SP,Sudeste,5-20 mil,5202.0,0.017337846838477958
3548005,94.663304364808,-0.0929987305927158,18.0,at_risk,SP,Sudeste,20-50 mil,21654.0,0.13029008217692095
3548054,101.29870782483832,0.13790380473796224,13.0,on_track,SP,Sudeste,5-20 mil,6687.0,0.5873935199958664
3548104,101.9814705882352,0.16058823529411492,16.0,on_track,SP,Sudeste,<5 mil,3522.0,-0.22421199224223562
3548203,111.64117647058856,1.063970588235322,16.0,on_track,SP,Sudeste,<5 mil,4067.0,-0.22810935521936823
3548302,100.0,-5.584774207323182e-16,16.0,on_track,SP,Sudeste,<5 mil,2793.0,-0.056686817333503906
3548401,88.04666666666651,-0.42558441558442417,21.0,will_not_meet,SP,Sudeste,<5 mil,4693.0,-0.31895268028460544
3548500,99.63733333333337,-0.018256410256408794,26.0,on_track,SP,Sudeste,100-500 mil,433666.0,-1.0171461951562992
3548609,100.0,-5.584774207323182e-16,16.0,on_track,SP,Sudeste,5-20 mil,5251.0,-0.17880190361360987
3548708,98.79623505833518,0.03643738219645676,26.0,at_risk,SP,Sudeste,500 mil+,835657.0,-0.7702278307001182
3548807,96.67037037037016,-0.16666666666667065,27.0,at_risk,SP,Sudeste,100-500 mil,162763.0,-0.8013012651807442
3548906,96.1037037037035,-0.17777777777778336,27.0,at_risk,SP,Sudeste,100-500 mil,246626.0,-0.48027075239782413
3549003,100.0,-5.584774207323182e-16,16.0,on_track,SP,Sudeste,<5 mil,2183.0,-0.14459686251755696
3549102,100.0,-5.584774207323182e-16,16.0,on_track,SP,Sudeste,50-100 mil,88632.0,-0.2625877686464107
3549201,99.99999999999997,-7.756248278775066e-16,17.0,on_track,SP,Sudeste,<5 mil,1953.0,-0.1538436435350222
3549250,105.8173913043471,0.43002070393372277,10.0,on_track,SP,Sudeste,<5 mil,1584.0,-0.11898396221462865
3549300,98.17482172818802,-0.06708263422818367,15.0,at_risk,SP,Sudeste,<5 mil,1699.0,-0.10210020602968059
3549409,102.41952380952358,0.17857142857141264,15.0,on_track,SP,Sudeste,50-100 mil,51791.0,-0.04881001250986015
3549508,96.83431174089071,-0.058906882591092474,12.0,at_risk,SP,Sudeste,5-20 mil,8006.0,-0.04387194342872816
3549607,99.16666666666661,-0.041666666666669364,7.0,on_track,SP,Sudeste,<5 mil,2914.0,-0.08563500661669893
3549706,99.97350813743218,-0.0010397830018089747,15.0,on_track,SP,Sudeste,20-50 mil,48968.0,0.18660102033396445
3549805,96.90080620155015,-0.1115658914728748,26.0,at_risk,SP,Sudeste,100-500 mil,440709.0,-0.4525666716567062
3549904,99.90967521367538,0.06099145299146015,26.0,on_track,SP,Sudeste,500 mil+,722310.0,-0.4752590415410765
3549953,64.67148503670228,0.8128740824393085,22.0,will_not_meet,SP,Sudeste,5-20 mil,14680.0,-0.34727657876237195
3550001,98.30564652738563,0.013382269904006807,22.0,at_risk,SP,Sudeste,5-20 mil,6356.0,-0.34373053639776446
3550100,99.75082608695655,0.018652173913044138,24.0,on_track,SP,Sudeste,20-50 mil,40287.0,-0.5055797520358085
3550209,99.98176470588237,-0.00029411764705812273,16.0,on_track,SP,Sudeste,20-50 mil,22610.0,-0.14648441090869752
3550308,99.39699145299141,-0.030735042735043714,26.0,on_track,SP,Sudeste,500 mil+,12284940.0,-1.3459806520160487
3550407,99.78773809523805,0.0032142857142835324,15.0,on_track,SP,Sudeste,20-50 mil,30503.0,0.17728508747103766
3550506,96.58972565895647,-0.09774072081764437,12.0,at_risk,SP,Sudeste,5-20 mil,5526.0,0.05003019986794352
3550605,50.552380952380645,-1.4649350649350983,21.0,will_not_meet,SP,Sudeste,50-100 mil,84417.0,-0.3632879954864539
3550704,74.33137254901976,-0.2862745098039189,18.0,will_not_meet,SP,Sudeste,50-100 mil,90605.0,-0.4475116126695412
3550803,99.99999999999994,1.7572756439800528e-15,12.0,on_track,SP,Sudeste,5-20 mil,7996.0,0.5488365150978576
3550902,95.57999999999987,-0.21818181818183502,10.0,at_risk,SP,Sudeste,5-20 mil,13919.0,0.01970078116778642
3551009,91.76792772444949,-0.04364765669113522,22.0,at_risk,SP,Sudeste,100-500 mil,370138.0,-0.2996766326640373
3551108,100.0,-5.584774207323182e-16,16.0,on_track,SP,Sudeste,5-20 mil,7725.0,-0.1141964147791832
3551207,101.85619047619042,0.10688311688311902,21.0,on_track,SP,Sudeste,<5 mil,2958.0,-0.2331038273934215
3551306,103.26720588235315,0.21338235294118735,16.0,on_track,SP,Sudeste,<5 mil,2784.0,-0.15219019414051219
3551405,63.97238095238026,-1.0990909090909322,21.0,will_not_meet,SP,Sudeste,5-20 mil,10892.0,-0.24384020987837876
3551504,96.55119047619041,-0.12642857142857034,15.0,at_risk,SP,Sudeste,20-50 mil,45677.0,-0.00250671636660311
3551603,86.34308823529398,-0.3067647058823688,16.0,will_not_meet,SP,Sudeste,20-50 mil,25740.0,-0.194173993156987
3551702,99.65220588235297,0.0058823529411759345,16.0,on_track,SP,Sudeste,100-500 mil,126913.0,-0.3024986384165549
3551801,100.0,-5.584774207323182e-16,16.0,on_track,SP,Sudeste,5-20 mil,7039.0,-0.16573118140054072
3551900,100.4226507713883,0.08015427769984491,11.0,on_track,SP,Sudeste,5-20 mil,16984.0,0.05747674297775847
3552007,99.99999999999997,-7.756248278775066e-16,17.0,on_track,SP,Sudeste,<5 mil,3169.0,-0.21618713747482068
3552106,82.30886504799571,-0.4488989271597988,22.0,will_not_meet,SP,Sudeste,20-50 mil,28346.0,-0.4151791287740809
3552205,98.90956450956449,-0.0010989010989025834,27.0,at_risk,SP,Sudeste,500 mil+,688252.0,-0.24908457968480407
3552304,100.3542066629023,0.06301524562394163,22.0,on_track,SP,Sudeste,5-20 mil,6649.0,-0.28984233948823357
3552403,100.40177878536872,0.17761259101016783,22.0,on_track,SP,Sudeste,100-500 mil,286462.0,-0.18887279820162656
3552502,107.4590289855073,0.5643913043478265,24.0,on_track,SP,Sudeste,100-500 mil,292717.0,-0.6791622641433662
3552551,99.57399486740803,-0.015739948674078075,10.0,on_track,SP,Sudeste,<5 mil,2712.0,0.05483594137442549
3552601,100.14505494505492,0.012087912087908501,14.0,on_track,SP,Sudeste,5-20 mil,11628.0,-0.0363942559600963
3552700,99.6697516930022,0.010045146726857468,9.0,on_track,SP,Sudeste,5-20 mil,14377.0,-0.04065977016758405
3552809,100.55814492753623,0.02995652173913089,24.0,on_track,SP,Sudeste,100-500 mil,297528.0,-0.74660390895317
3552908,101.84663247863224,0.11870085470084445,26.0,on_track,SP,Sudeste,5-20 mil,5410.0,-0.21153325796614647
3553005,99.99999999999994,-3.2329156420407523e-16,21.0,on_track,SP,Sudeste,5-20 mil,10327.0,-0.289702214583533
3553104,100.55999999999997,0.040606060606057294,10.0,on_track,SP,Sudeste,5-20 mil,5748.0,0.048973201736839986
3553203,100.09777327935221,0.006477732793522481,12.0,on_track,SP,Sudeste,5-20 mil,5072.0,-0.1251302409224164
3553302,99.85488095238097,0.004642857142856325,15.0,on_track,SP,Sudeste,20-50 mil,20663.0,-0.07828346765047967
3553401,98.45928571428571,-0.06214285714285604,15.0,at_risk,SP,Sudeste,20-50 mil,23701.0,-0.16933419955415288
3553500,111.68558823529361,1.0582352941176278,16.0,on_track,SP,Sudeste,5-20 mil,5523.0,-0.22210161813219062
3553609,100.0,-2.613960957985269e-16,6.0,on_track,SP,Sudeste,5-20 mil,10671.0,0.5897158778680807
3553658,99.82571428571427,-0.008571428571428959,6.0,on_track,SP,Sudeste,<5 mil,2698.0,
3553708,100.0,-5.584774207323182e-16,16.0,on_track,SP,Sudeste,50-100 mil,54541.0,-0.23427942726047798
3553807,112.83132352941152,0.8160294117647083,16.0,on_track,SP,Sudeste,20-50 mil,20458.0,0.00465997529163862
3553856,100.0,-5.584774207323182e-16,16.0,on_track,SP,Sudeste,<5 mil,3257.0,-0.08900391625298401
3553906,90.99999999999955,-0.3280701754386137,19.0,at_risk,SP,Sudeste,5-20 mil,7035.0,-0.1554394727717624
3553955,104.58930196078438,0.30923921568628876,16.0,on_track,SP,Sudeste,5-20 mil,14456.0,-0.18651762853243348
3554003,101.80327498588368,0.10903444381705052,22.0,on_track,SP,Sudeste,100-500 mil,118270.0,-0.409091618546386
3554102,100.17744927536233,0.010565217391305663,24.0,on_track,SP,Sudeste,100-500 mil,313898.0,-0.7749845237967287
3554201,103.77363796133574,0.27803163444639123,6.0,on_track,SP,Sudeste,<5 mil,2888.0,0.350442900327721
3554300,102.04613003095977,0.12094943240454162,18.0,on_track,SP,Sudeste,5-20 mil,18996.0,-0.1970526376242647
3554409,77.64764705882317,-0.6879411764706105,16.0,will_not_meet,SP,Sudeste,5-20 mil,9057.0,-0.18667789356048206
3554508,98.51783741120762,-0.05390686661404669,13.0,at_risk,SP,Sudeste,20-50 mil,39045.0,-0.029150189043014113
3554607,94.27142857142837,-0.19675324675325162,21.0,at_risk,SP,Sudeste,<5 mil,1925.0,-0.3042208537330589
3554656,100.0,-5.584774207323182e-16,16.0,on_track,SP,Sudeste,<5 mil,1585.0,-0.11462081836003112
3554706,104.71553398058245,0.32864077669902686,12.0,on_track,SP,Sudeste,5-20 mil,8594.0,0.3321391784373305
3554755,99.21627056672759,-0.02260816575258849,10.0,on_track,SP,Sudeste,<5 mil,1609.0,-0.04292919051130212
3554805,100.95588235294107,0.05735294117646527,16.0,on_track,SP,Sudeste,20-50 mil,43465.0,-0.17474580853832178
3554904,99.99999999999997,-7.756248278775066e-16,17.0,on_track,SP,Sudeste,<5 mil,4961.0,-0.18949577702378634
3554953,96.03783783783774,-0.1698198198198318,8.0,at_risk,SP,Sudeste,<5 mil,3534.0,0.439513064256107
3555000,100.76199887069448,0.05002823263692631,22.0,on_track,SP,Sudeste,50-100 mil,62983.0,-0.32119040686199807
3555109,101.05523809523793,0.06311688311687781,21.0,on_track,SP,Sudeste,5-20 mil,12306.0,-0.25848415691493914
3555208,97.16441176470585,-0.1082352941176506,16.0,at_risk,SP,Sudeste,<5 mil,1657.0,-0.22640560806841872
3555307,100.0,-5.584774207323182e-16,16.0,on_track,SP,Sudeste,<5 mil,1186.0,-0.15015408188925594
3555356,102.3733333333343,0.22000000000006603,6.0,on_track,SP,Sudeste,5-20 mil,5943.0,
3555406,66.5192647058816,-0.8252941176471128,16.0,will_not_meet,SP,Sudeste,50-100 mil,90588.0,-0.12408400343412321
3555505,98.39338345864627,0.06992481203005634,20.0,at_risk,SP,Sudeste,<5 mil,3521.0,-0.20618624492314674
3555604,99.73828571428571,-0.007428571428571476,9.0,on_track,SP,Sudeste,5-20 mil,9470.0,0.0051276690776678
3555703,99.75941176470589,-0.010735294117647044,16.0,on_track,SP,Sudeste,<5 mil,1444.0,-0.19682269162414512
3555802,99.99999999999997,-7.756248278775066e-16,17.0,on_track,SP,Sudeste,5-20 mil,7679.0,-0.17379298926386855
3555901,101.04044117647064,0.06617647058823747,16.0,on_track,SP,Sudeste,<5 mil,987.0,-0.11405450943601254
3556008,99.523519163763,0.012369337979089255,13.0,on_track,SP,Sudeste,5-20 mil,12427.0,0.04108137221927607
3556107,101.580882352941,0.09485294117646323,16.0,on_track,SP,Sudeste,5-20 mil,12534.0,-0.18149254082750155
3556206,100.74030769230765,0.1708461538461563,25.0,on_track,SP,Sudeste,100-500 mil,126726.0,-0.5955584574484329
3556305,100.56373626373626,0.03626373626373289,14.0,on_track,SP,Sudeste,20-50 mil,25823.0,-0.043834548395060645
3556354,97.71117647058826,-0.02602941176470647,16.0,at_risk,SP,Sudeste,5-20 mil,5446.0,-0.2339645738208406
3556404,99.32367647058828,-0.013529411764706036,16.0,on_track,SP,Sudeste,20-50 mil,41168.0,-0.06253784491735753
3556453,115.38392753623293,1.655521739130422,24.0,on_track,SP,Sudeste,50-100 mil,54315.0,-0.4399299874131731
3556503,112.57210526315657,1.2268421052630585,20.0,on_track,SP,Sudeste,100-500 mil,124269.0,-0.11541589575882225
3556602,98.04838709677429,-0.11290322580644412,3.0,at_risk,SP,Sudeste,5-20 mil,9393.0,-0.492482147282194
3556701,93.78152383108801,-0.15104720932865143,21.0,at_risk,SP,Sudeste,50-100 mil,78954.0,-0.1969489380627888
3556800,96.90219780219789,-0.12252747252747019,13.0,at_risk,SP,Sudeste,5-20 mil,18573.0,0.04406493000028388
3556909,86.39714285714308,-0.6657142857142728,6.0,will_not_meet,SP,Sudeste,5-20 mil,8452.0,0.03556382739098894
3556958,100.27588235294117,0.017352941176469974,16.0,on_track,SP,Sudeste,<5 mil,1530.0,-0.053785388051460666
3557006,102.09999999999962,0.12794117647057426,17.0,on_track,SP,Sudeste,100-500 mil,119721.0,-0.056358640685626675
3557105,100.46315789473675,0.026315789473681808,19.0,on_track,SP,Sudeste,50-100 mil,93413.0,0.0380251671633688
3557154,101.01882352941186,0.06602941176470886,16.0,on_track,SP,Sudeste,<5 mil,2189.0,-0.18639945377179964
3557204,100.0,-3.7899690824663487e-16,15.0,on_track,SP,Sudeste,5-20 mil,11419.0,-0.18962460489795288
3557303,93.59685314685316,-0.29160839160837554,12.0,at_risk,SP,Sudeste,5-20 mil,9178.0,0.261575119034114
4100103,100.80659340659338,0.05164835164834999,13.0,on_track,PR,Sul,5-20 mil,5434.0,0.005122576499116848
4100202,96.3653333333333,-0.18800000000000072,24.0,at_risk,PR,Sul,<5 mil,1873.0,-0.37730135426277883
4100301,100.0,4.4193698526147193e-16,23.0,on_track,PR,Sul,<5 mil,3265.0,-0.12290930984559037
4100400,103.10243478260861,0.26286956521738636,24.0,on_track,PR,Sul,100-500 mil,116347.0,-0.08169196476045996
4100459,100.00000000000001,5.1517568272295865e-17,18.0,on_track,PR,Sul,<5 mil,709.0,0.003932953813890528
4100509,100.00000000000001,5.1517568272295865e-17,18.0,on_track,PR,Sul,5-20 mil,16401.0,-0.010184733396022537
4100608,100.00000000000001,5.1517568272295865e-17,18.0,on_track,PR,Sul,5-20 mil,12274.0,-0.056673188185116366
4100707,100.00000000000001,5.1517568272295865e-17,18.0,on_track,PR,Sul,5-20 mil,8000.0,0.05967465299535396
4100806,97.16904761904766,-0.12619047619047116,8.0,at_risk,PR,Sul,5-20 mil,8276.0,0.2579587948728522
4100905,101.86288269693841,0.11011351909184722,18.0,on_track,PR,Sul,5-20 mil,5095.0,0.05076491829919907
4101002,108.85658754729957,0.5699690402476819,18.0,on_track,PR,Sul,5-20 mil,14910.0,0.047274273003353955
4101051,100.00000000000001,5.1517568272295865e-17,18.0,on_track,PR,Sul,<5 mil,2035.0,-0.039570458274932614
4101101,146.05655314757496,2.9417956656347473,12.0,on_track,PR,Sul,5-20 mil,18612.0,-0.08096507112323129
4101150,100.12614342179558,0.037323546019196296,22.0,on_track,PR,Sul,<5 mil,2310.0,-0.1023902564079454
4101200,91.60159140947906,-0.38925412337286464,22.0,at_risk,PR,Sul,5-20 mil,16087.0,-0.13132619927252154
4101309,100.00000000000001,5.1517568272295865e-17,18.0,on_track,PR,Sul,<5 mil,694.0,-0.09696219337270082
4101408,102.0828063241106,0.16541501976284792,23.0,on_track,PR,Sul,100-500 mil,129685.0,-0.22458216668665518
4101507,100.00000000000001,5.1517568272295865e-17,18.0,on_track,PR,Sul,100-500 mil,123752.0,-0.02563444001686248
4101606,102.56504799548267,0.1374364765669061,22.0,on_track,PR,Sul,20-50 mil,23989.0,-0.08892513643644577
4101655,101.50154798761609,0.10495356037151764,18.0,on_track,PR,Sul,<5 mil,1105.0,-0.03345689704039412
4101705,100.00000000000001,5.1517568272295865e-17,18.0,on_track,PR,Sul,5-20 mil,10951.0,0.0358703582960798
4101804,103.09272463768121,0.18178260869565094,24.0,on_track,PR,Sul,100-500 mil,137403.0,-0.3300319733161906
4101853,105.28135534915714,0.3492260061919473,18.0,on_track,PR,Sul,<5 mil,747.0,-0.03293193965082627
4101903,99.99999999999994,-3.2329156420407523e-16,21.0,on_track,PR,Sul,5-20 mil,12289.0,-0.1825605340576921
4102000,100.00000000000001,5.1517568272295865e-17,18.0,on_track,PR,Sul,20-50 mil,29260.0,-0.0568338290991167
4102109,100.00000000000001,5.1517568272295865e-17,18.0,on_track,PR,Sul,20-50 mil,24026.0,-0.06505366446728549
4102208,100.00000000000001,5.1517568272295865e-17,18.0,on_track,PR,Sul,<5 mil,3311.0,-0.07519454086547386
4102307,102.59066666666666,0.13400000000000198,24.0,on_track,PR,Sul,5-20 mil,8048.0,-0.454938364309694
4102406,99.8470588235294,1.777619651428364e-16,17.0,on_track,PR,Sul,20-50 mil,27394.0,0.0023527035103948317
4102505,100.00000000000001,5.1517568272295865e-17,18.0,on_track,PR,Sul,5-20 mil,8545.0,-0.04814246679915333
4102604,100.0,1.254715682861901e-15,19.0,on_track,PR,Sul,5-20 mil,7449.0,-0.1406690872443504
4102703,113.54860681114519,0.8755417956656363,18.0,on_track,PR,Sul,<5 mil,1888.0,-0.05731951671334724
4102752,100.04468524251809,0.002992776057791226,18.0,on_track,PR,Sul,<5 mil,898.0,-0.06348482947031724
4102802,100.1228571428571,0.012727272727272764,21.0,on_track,PR,Sul,5-20 mil,14498.0,-0.25642303307759384
4102901,100.00000000000001,5.1517568272295865e-17,18.0,on_track,PR,Sul,5-20 mil,10230.0,-0.029485894109008228
4103008,100.00000000000001,5.1517568272295865e-17,18.0,on_track,PR,Sul,<5 mil,2307.0,-0.07119922089043507
4103024,109.7607499140006,0.6455108359133069,18.0,on_track,PR,Sul,<5 mil,840.0,-0.00213587324635961
4103040,97.59696969696948,-0.0007575757575886806,10.0,at_risk,PR,Sul,<5 mil,1494.0,0.13946253966956337
4103057,100.00000000000001,5.1517568272295865e-17,18.0,on_track,PR,Sul,<5 mil,4660.0,-0.07348608076972878
4103107,100.79136231884078,0.12339130434783299,24.0,on_track,PR,Sul,5-20 mil,6211.0,-0.15582857697641456
4103156,101.71372549019615,0.11274509803922314,17.0,on_track,PR,Sul,<5 mil,853.0,0.1518522060042014
4103206,102.19772961816298,0.15273477812177488,18.0,on_track,PR,Sul,5-20 mil,5769.0,-0.08110360537551302
4103222,100.65627794977642,0.04231166150670766,18.0,on_track,PR,Sul,<5 mil,1557.0,-0.04464731760224511
4103305,100.00000000000001,5.1517568272295865e-17,18.0,on_track,PR,Sul,<5 mil,4638.0,-0.07023377538693937
4103354,100.00000000000001,5.1517568272295865e-17,18.0,on_track,PR,Sul,<5 mil,3180.0,-0.0823050619591913
4103370,100.00000000000001,5.1517568272295865e-17,18.0,on_track,PR,Sul,<5 mil,1713.0,-0.007878929588148686
4103404,107.75964912280676,0.5175438596491241,18.0,on_track,PR,Sul,<5 mil,2421.0,-0.03655723808646665
4103453,100.37839697282422,0.021981424148606522,18.0,on_track,PR,Sul,5-20 mil,15819.0,-0.07573107628869563
4103479,100.00000000000001,5.1517568272295865e-17,18.0,on_track,PR,Sul,<5 mil,3081.0,-0.03688509559317903
4103503,128.24447884416895,1.7289989680082538,18.0,on_track,PR,Sul,5-20 mil,6455.0,-0.02587809682260487
4103602,100.00000000000001,5.1517568272295865e-17,18.0,on_track,PR,Sul,20-50 mil,23941.0,-0.09021918997823127
4103701,100.03866666666669,0.0020000000000011523,24.0,on_track,PR,Sul,100-500 mil,103900.0,-0.2174546884569926
4103800,100.00000000000001,5.1517568272295865e-17,18.0,on_track,PR,Sul,5-20 mil,6028.0,-0.17923840210639486
4103909,100.04626762985897,0.0036119711042316704,18.0,on_track,PR,Sul,5-20 mil,11329.0,-0.08000548897008783
4103958,100.00000000000001,5.1517568272295865e-17,18.0,on_track,PR,Sul,<5 mil,1305.0,-0.024731993516145186
4104006,149.3077101449271,2.6490869565217245,24.0,on_track,PR,Sul,20-50 mil,36333.0,-0.16633990156277045
4104055,100.0652906776746,0.006707946336429616,18.0,on_track,PR,Sul,<5 mil,2163.0,-0.016666753823358468
4104105,100.00000000000001,5.1517568272295865e-17,18.0,on_track,PR,Sul,<5 mil,4779.0,-0.003968818315402667
4104204,103.63872463768121,0.1927826086956519,24.0,on_track,PR,Sul,100-500 mil,113697.0,-0.2444705081288318
4104253,100.08152173913042,0.009782608695651411,23.0,on_track,PR,Sul,20-50 mil,23723.0,-1.056218892440421
4104303,99.98339920948617,0.0007905138339917964,23.0,on_track,PR,Sul,50-100 mil,91122.0,-0.2446120199934135
4104402,99.99999999999997,1.1330190698357442e-16,19.0,on_track,PR,Sul,<5 mil,4167.0,-0.18028437340270187
4104428,100.00000000000001,5.1517568272295865e-17,18.0,on_track,PR,Sul,5-20 mil,7562.0,0.10673925704301486
4104451,112.1960784313726,0.7607843137254914,18.0,on_track,PR,Sul,5-20 mil,8764.0,-0.05854551407766168
4104501,100.41564088085829,0.06352343308865005,22.0,on_track,PR,Sul,5-20 mil,11539.0,-0.2156919736771102
4104600,100.00000000000001,5.1517568272295865e-17,18.0,on_track,PR,Sul,5-20 mil,12194.0,-0.030615817362218866
4104659,120.81148950808347,1.3189886480908188,18.0,on_track,PR,Sul,5-20 mil,17595.0,-0.01238291156818428
4104709,106.27550739594074,0.3860681114551116,18.0,on_track,PR,Sul,5-20 mil,9820.0,-0.05763120941898129
4104808,98.59846376811585,-0.05573913043478428,24.0,at_risk,PR,Sul,100-500 mil,317102.0,-0.24223284037327386
4104907,100.12401100791195,0.007946336429309121,18.0,on_track,PR,Sul,50-100 mil,52968.0,-0.031101190002665504
4105003,100.00000000000001,5.1517568272295865e-17,18.0,on_track,PR,Sul,5-20 mil,5312.0,-0.07324562664616409
4105102,101.37148262813899,0.09318885448916363,18.0,on_track,PR,Sul,5-20 mil,8929.0,0.025525688854941216
4105201,97.13297101449294,-0.01739130434781594,24.0,at_risk,PR,Sul,5-20 mil,5077.0,-0.28027660107249786
4105300,99.99999999999997,1.1330190698357442e-16,19.0,on_track,PR,Sul,5-20 mil,9026.0,0.1054589209741103
4105409,100.90663914688679,0.06346749226006075,18.0,on_track,PR,Sul,5-20 mil,12129.0,0.07871739128023866
4105508,100.73999999999994,0.04207792207792094,21.0,on_track,PR,Sul,50-100 mil,75656.0,-0.22632135558149769
4105607,100.58476190476182,0.032207792207790846,21.0,on_track,PR,Sul,5-20 mil,10733.0,-0.2039745223083154
4105706,100.00000000000001,5.1517568272295865e-17,18.0,on_track,PR,Sul,5-20 mil,13991.0,0.0501515434480335
4105805,104.7025797101449,0.28982608695651724,24.0,on_track,PR,Sul,100-500 mil,237848.0,-0.13799351404992513
4105904,91.0726934355963,-0.36647304308595174,25.0,at_risk,PR,Sul,20-50 mil,22816.0,-0.2839793169954727
4106001,105.51173030615735,0.35531475748194014,18.0,on_track,PR,Sul,5-20 mil,5194.0,-0.03703225528084915
4106100,106.9066735466115,0.4257997936016531,18.0,on_track,PR,Sul,<5 mil,2691.0,-0.04671360183243199
4106209,118.37576811594295,0.9528695652174017,24.0,on_track,PR,Sul,5-20 mil,11085.0,-0.10803738075431503
4106308,100.00000000000001,5.1517568272295865e-17,18.0,on_track,PR,Sul,5-20 mil,14704.0,-0.05291030060623623
4106407,100.00000000000001,-1.508613329084273e-15,22.0,on_track,PR,Sul,20-50 mil,45169.0,-0.43017930087477885
4106456,100.69594083247333,0.044788441692465694,18.0,on_track,PR,Sul,<5 mil,1826.0,-0.09146777896740392
4106506,100.48035775713791,0.04158926728585994,18.0,on_track,PR,Sul,5-20 mil,14508.0,-0.037383715858062175
4106555,100.00000000000001,5.1517568272295865e-17,18.0,on_track,PR,Sul,<5 mil,1615.0,-0.1710472578777515
4106571,108.17533539731664,0.47440660474715934,18.0,on_track,PR,Sul,<5 mil,2593.0,0.013271537796752884
4106605,100.00000000000001,5.1517568272295865e-17,18.0,on_track,PR,Sul,5-20 mil,18139.0,0.1893287400530589
4106704,100.39036807705536,0.04695562435500375,18.0,on_track,PR,Sul,<5 mil,3305.0,-0.12217090587215425
4106803,100.05228758169918,0.07843137254901371,18.0,on_track,PR,Sul,5-20 mil,6303.0,-0.08887016006201938
4106852,100.00000000000001,5.1517568272295865e-17,18.0,on_track,PR,Sul,<5 mil,1375.0,-0.012873236983084617
4106902,98.9517264957265,-0.04875213675213738,26.0,at_risk,PR,Sul,500 mil+,1963726.0,-0.46062134727568643
4107009,101.0035087719298,0.05789473684210465,18.0,on_track,PR,Sul,5-20 mil,10512.0,-0.06484592917384778
4107108,105.24389404884744,0.33601651186789866,18.0,on_track,PR,Sul,<5 mil,4105.0,0.0023132010163815857
4107124,101.35235638114892,0.13642930856552918,18.0,on_track,PR,Sul,<5 mil,1365.0,-0.024473287593736504
4107157,100.00000000000001,5.1517568272295865e-17,18.0,on_track,PR,Sul,<5 mil,2689.0,-0.04374489165391061
4107207,101.65421052631606,0.12087719298247071,19.0,on_track,PR,Sul,20-50 mil,32168.0,-0.06936592188034797
4107256,100.00000000000001,5.1517568272295865e-17,18.0,on_track,PR,Sul,5-20 mil,6321.0,-0.09609597313679023
4107306,100.00000000000001,-1.508613329084273e-15,22.0,on_track,PR,Sul,5-20 mil,5248.0,-0.1585749141459457
4107405,107.74877880976919,0.5872033023735727,18.0,on_track,PR,Sul,<5 mil,2057.0,-0.0805240784742771
4107504,100.02894736842103,0.0026315789473680476,19.0,on_track,PR,Sul,5-20 mil,12327.0,-0.1880211300459274
4107520,100.00000000000001,5.1517568272295865e-17,18.0,on_track,PR,Sul,<5 mil,623.0,-0.06872770195496104
4107538,98.70197132616482,-0.05286738351254854,8.0,at_risk,PR,Sul,<5 mil,3130.0,0.04033723706213025
4107546,100.03515651874787,0.0036119711042313617,18.0,on_track,PR,Sul,<5 mil,1401.0,-0.08760315164752888
4107553,100.00000000000001,5.1517568272295865e-17,18.0,on_track,PR,Sul,<5 mil,1741.0,-0.04624236200659826
4107603,100.00000000000001,-1.508613329084273e-15,22.0,on_track,PR,Sul,5-20 mil,13571.0,-0.118279271991089
4107652,108.95608695652197,0.5571739130434727,24.0,on_track,PR,Sul,50-100 mil,96450.0,-0.061324285558400166
4107702,101.03040935672516,0.06842105263157863,18.0,on_track,PR,Sul,<5 mil,3938.0,-0.1347972608238308
4107736,100.00000000000001,5.1517568272295865e-17,18.0,on_track,PR,Sul,<5 mil,1963.0,-0.09579082352197649
4107751,100.00000000000001,5.1517568272295865e-17,18.0,on_track,PR,Sul,5-20 mil,6520.0,0.003044053934129115
4107801,101.39883040935673,0.08070175438596403,18.0,on_track,PR,Sul,<5 mil,4324.0,-0.1695395589002944
4107850,102.89525283797724,0.19814241486068088,18.0,on_track,PR,Sul,<5 mil,1594.0,-0.053221646833725926
4107900,100.00000000000001,5.1517568272295865e-17,18.0,on_track,PR,Sul,5-20 mil,6388.0,-0.16745623605056742
4108007,100.37238095238095,0.030129870129871842,21.0,on_track,PR,Sul,5-20 mil,9734.0,-0.047060390035930724
4108106,104.66576019777517,0.3504326328800984,6.0,on_track,PR,Sul,<5 mil,2474.0,0.06389631883089766
4108205,100.00000000000001,5.1517568272295865e-17,18.0,on_track,PR,Sul,<5 mil,4182.0,-0.12092833094142068
4108304,101.81589855072474,0.14713043478261004,24.0,on_track,PR,Sul,100-500 mil,255829.0,-0.2587553565585793
4108320,100.00000000000001,5.1517568272295865e-17,18.0,on_track,PR,Sul,<5 mil,3920.0,0.054534587976098836
4108403,100.54466403162051,0.06521739130434714,22.0,on_track,PR,Sul,50-100 mil,79722.0,-0.16544301964391797
4108452,100.00000000000001,5.1517568272295865e-17,18.0,on_track,PR,Sul,<5 mil,3236.0,-0.03264881868028425
4108502,101.80233918128656,0.10526315789473778,18.0,on_track,PR,Sul,5-20 mil,9563.0,0.04042936832412178
4108551,102.23876848985199,0.14850361197110204,18.0,on_track,PR,Sul,<5 mil,1321.0,-0.06081644124503418
4108601,99.9911914172784,0.0020327498588354415,22.0,on_track,PR,Sul,20-50 mil,24995.0,-0.21289626510066595
4108650,150.0,3.2943240454076417,18.0,on_track,PR,Sul,<5 mil,1638.0,-0.09888856103910079
4108700,100.00000000000001,5.1517568272295865e-17,18.0,on_track,PR,Sul,<5 mil,2890.0,-0.06533494045271414
4108809,100.31338149294801,0.0472652218782229,18.0,on_track,PR,Sul,20-50 mil,30772.0,-0.025392740772533888
4108908,100.00000000000001,5.1517568272295865e-17,18.0,on_track,PR,Sul,5-20 mil,5309.0,-0.05569700457797671
4108957,100.00000000000001,5.1517568272295865e-17,18.0,on_track,PR,Sul,<5 mil,2514.0,-0.11312719913282662
4109005,100.47567939456485,0.031062951496387818,18.0,on_track,PR,Sul,<5 mil,2808.0,0.14572361520488908
4109104,100.00000000000001,5.1517568272295865e-17,18.0,on_track,PR,Sul,<5 mil,1293.0,-0.1945269401360656
4109203,100.00000000000001,5.1517568272295865e-17,18.0,on_track,PR,Sul,<5 mil,4465.0,-0.08941689550740127
4109302,99.99999999999997,1.1330190698357442e-16,19.0,on_track,PR,Sul,5-20 mil,6406.0,-0.12157566723583114
4109401,100.9144782608696,0.04795652173913053,24.0,on_track,PR,Sul,100-500 mil,168013.0,-0.2780185541544936
4109500,115.15714285714307,0.9292207792207928,21.0,on_track,PR,Sul,<5 mil,2575.0,-0.09350310797883506
4109609,101.6295238095237,0.08987012987012741,21.0,on_track,PR,Sul,20-50 mil,34081.0,-0.0746600749907551
4109658,100.00000000000001,5.1517568272295865e-17,18.0,on_track,PR,Sul,<5 mil,1679.0,-0.1245615492195974
4109708,105.838848108413,0.3197063805759373,22.0,on_track,PR,Sul,20-50 mil,25611.0,-0.25748293990999893
4109757,100.00000000000001,5.1517568272295865e-17,18.0,on_track,PR,Sul,5-20 mil,5202.0,-0.03592902716373908
4109807,101.17766798418972,0.0907114624505954,23.0,on_track,PR,Sul,50-100 mil,53027.0,-0.14528591979592628
4109906,100.00000000000001,5.1517568272295865e-17,18.0,on_track,PR,Sul,5-20 mil,5415.0,-0.07749804031554967
4110003,98.8518701790133,0.03785475185562501,16.0,at_risk,PR,Sul,<5 mil,4000.0,-0.17844669791077777
4110052,100.00000000000001,5.1517568272295865e-17,18.0,on_track,PR,Sul,<5 mil,1449.0,-0.1641200354117499
4110078,106.02800137598877,0.4051599587203304,18.0,on_track,PR,Sul,5-20 mil,8422.0,0.10876054575286137
4110102,111.07767457860291,0.6463364293085646,18.0,on_track,PR,Sul,20-50 mil,20938.0,-0.07921401146711411
4110201,107.39226006191927,0.5085655314757482,18.0,on_track,PR,Sul,5-20 mil,6388.0,0.05142897826011228
4110300,100.00000000000001,5.1517568272295865e-17,18.0,on_track,PR,Sul,<5 mil,2885.0,-0.132394957534445
4110409,99.99999999999994,-3.2329156420407523e-16,21.0,on_track,PR,Sul,<5 mil,3274.0,-0.20190978977781981
4110508,100.00000000000001,5.1517568272295865e-17,18.0,on_track,PR,Sul,5-20 mil,5296.0,-0.1316449302621894
4110607,99.99999999999997,1.1330190698357442e-16,19.0,on_track,PR,Sul,5-20 mil,10724.0,-0.08978001067763901
4110656,100.63859649122809,0.03684210526315782,18.0,on_track,PR,Sul,<5 mil,1721.0,-0.010298892905721448
4110706,106.09418407679254,0.37267080745341485,22.0,on_track,PR,Sul,20-50 mil,49114.0,-0.24639195267692887
4110805,100.06477468180256,0.005056759545923693,18.0,on_track,PR,Sul,5-20 mil,5842.0,-0.08340498177832775
4110904,100.9188166494668,0.062435500515995175,18.0,on_track,PR,Sul,<5 mil,3523.0,-0.0726861338052491
4110953,102.98324733402137,0.17750257997936172,18.0,on_track,PR,Sul,5-20 mil,6087.0,-0.08846212974715556
4111001,146.17343976779102,2.9423802612486276,12.0,on_track,PR,Sul,<5 mil,4897.0,0.15811010097307537
4111100,100.04520123839012,0.0046439628482974555,18.0,on_track,PR,Sul,5-20 mil,5798.0,-0.10283029529855806
4111209,101.40880632954931,0.09040247678018294,18.0,on_track,PR,Sul,5-20 mil,8108.0,-0.007924130311142738
4111258,107.26282608695624,0.48565217391303256,24.0,on_track,PR,Sul,20-50 mil,24639.0,-0.09629607988705241
4111308,100.00000000000001,5.1517568272295865e-17,18.0,on_track,PR,Sul,<5 mil,1921.0,-0.04635548751982328
4111407,100.00000000000001,5.1517568272295865e-17,18.0,on_track,PR,Sul,5-20 mil,5075.0,-0.07481092091945943
4111506,100.00000000000001,-1.508613329084273e-15,22.0,on_track,PR,Sul,20-50 mil,27498.0,-0.21869089014822063
4111555,99.99999999999997,1.1330190698357442e-16,19.0,on_track,PR,Sul,5-20 mil,5776.0,0.0003985441249200744
4111605,98.92882696938403,0.06780185758512831,18.0,at_risk,PR,Sul,<5 mil,2514.0,-0.11224944031997675
4111704,102.76240110079112,0.1707946336429305,18.0,on_track,PR,Sul,<5 mil,3293.0,-0.014841245341846145
4111803,109.36945304437563,0.582249742002068,18.0,on_track,PR,Sul,20-50 mil,34905.0,-0.2380615316033236
4111902,99.95384615384619,-5.749243663730176e-16,13.0,on_track,PR,Sul,5-20 mil,11769.0,-0.04198571205498952
4112009,100.2536764705883,0.05147058823529699,16.0,on_track,PR,Sul,20-50 mil,30265.0,0.10678309586478132
4112108,100.00000000000001,5.1517568272295865e-17,18.0,on_track,PR,Sul,5-20 mil,19246.0,-0.18825816564446196
4112207,100.00000000000001,5.1517568272295865e-17,18.0,on_track,PR,Sul,<5 mil,3059.0,-0.03793579574518961
4112306,111.63787409700717,0.7611971104231214,18.0,on_track,PR,Sul,<5 mil,2747.0,-0.024859483380173006
4112405,100.09381443298965,0.017353951890032582,11.0,on_track,PR,Sul,5-20 mil,8532.0,0.19578554027033596
4112504,101.51444788441691,0.11289989680082764,18.0,on_track,PR,Sul,5-20 mil,6440.0,0.019028970274495367
4112603,100.08947368421052,0.007894736842104752,11.0,on_track,PR,Sul,<5 mil,930.0,0.007181677324998569
4112702,98.12896668548845,-0.04234895539243533,22.0,at_risk,PR,Sul,5-20 mil,11809.0,-0.15599080738597418
4112751,100.00000000000001,5.1517568272295865e-17,18.0,on_track,PR,Sul,5-20 mil,5564.0,-0.08512062197066082
4112801,101.30801513587889,0.09009287925696528,18.0,on_track,PR,Sul,5-20 mil,9270.0,-0.05584337586721169
4112900,106.73263157894814,0.437894736842142,19.0,on_track,PR,Sul,<5 mil,1870.0,-0.11221236464338499
4112959,100.00000000000001,5.1517568272295865e-17,18.0,on_track,PR,Sul,5-20 mil,5536.0,-0.0852038803348742
4113007,97.72747252747266,-0.037362637362633074,13.0,at_risk,PR,Sul,5-20 mil,6335.0,0.05830077805447061
4113106,103.31748251748257,0.24895104895104814,10.0,on_track,PR,Sul,<5 mil,2854.0,0.07079582308741264
4113205,103.27323546019193,0.17820440429135825,22.0,on_track,PR,Sul,20-50 mil,29475.0,-0.3419653788985682
4113254,100.00000000000001,5.1517568272295865e-17,18.0,on_track,PR,Sul,<5 mil,1826.0,-0.03512677224766238
4113304,100.00631578947365,0.0010526315789486916,19.0,on_track,PR,Sul,20-50 mil,26161.0,-0.04990778895219053
4113403,100.00000000000001,5.1517568272295865e-17,18.0,on_track,PR,Sul,<5 mil,2257.0,-0.09725721489747444
4113429,100.00000000000001,5.1517568272295865e-17,18.0,on_track,PR,Sul,<5 mil,1625.0,-0.0327932358495302
4113452,100.00000000000001,5.1517568272295865e-17,18.0,on_track,PR,Sul,<5 mil,1996.0,-0.07086210953487977
4113502,99.99999999999997,1.1330190698357442e-16,19.0,on_track,PR,Sul,20-50 mil,21267.0,-0.055568620894121686
4113601,99.74761904761901,0.0028571428571405075,15.0,on_track,PR,Sul,<5 mil,4524.0,0.03793949871533953
4113700,97.87022222222234,-0.1079658119658071,26.0,at_risk,PR,Sul,500 mil+,565760.0,-0.5205951688088923
4113734,100.00000000000001,5.1517568272295865e-17,18.0,on_track,PR,Sul,<5 mil,4692.0,-0.04497069118703884
4113759,104.07330581355342,0.29680082559339427,18.0,on_track,PR,Sul,<5 mil,3270.0,-0.031400755129235146
4113809,100.00000000000001,5.1517568272295865e-17,18.0,on_track,PR,Sul,<5 mil,4414.0,-0.07121800721236063
4113908,100.00000000000001,5.1517568272295865e-17,18.0,on_track,PR,Sul,5-20 mil,7992.0,0.027776907569770755
4114005,100.00000000000001,5.1517568272295865e-17,18.0,on_track,PR,Sul,5-20 mil,8301.0,0.002107763583472237
4114104,99.5523189379936,-0.02282389514367301,23.0,on_track,PR,Sul,20-50 mil,20778.0,-0.27944431449263046
4114203,90.310998151572,-0.5025415896487748,23.0,at_risk,PR,Sul,20-50 mil,32800.0,-0.1816858856707242
4114302,105.58914492753638,0.3009565217391286,24.0,on_track,PR,Sul,5-20 mil,9259.0,-0.3405099845991693
4114351,105.7117647058825,0.3647058823529582,16.0,on_track,PR,Sul,<5 mil,509.0,0.18591650057827322
4114401,99.99999999999997,1.1330190698357442e-16,19.0,on_track,PR,Sul,5-20 mil,8160.0,-0.15620546944956687
4114500,100.00502235982115,0.0005159958720330893,18.0,on_track,PR,Sul,5-20 mil,6985.0,-0.03459068381361683
4114609,102.25049407114619,0.13962450592885614,23.0,on_track,PR,Sul,20-50 mil,45177.0,-0.1099717914230628
4114708,100.00000000000001,5.1517568272295865e-17,18.0,on_track,PR,Sul,<5 mil,3751.0,-0.05648248728014881
4114807,93.11112927985027,-0.3167156110258528,23.0,at_risk,PR,Sul,20-50 mil,29136.0,-0.13956731107101525
4114906,100.00000000000001,5.1517568272295865e-17,18.0,on_track,PR,Sul,5-20 mil,6264.0,0.04274936503537662
4115002,100.00000000000001,5.1517568272295865e-17,18.0,on_track,PR,Sul,5-20 mil,5155.0,-0.01497291597639187
4115101,100.18532388663974,0.03360323886640114,12.0,on_track,PR,Sul,5-20 mil,8552.0,0.036499300417542915
4115200,98.22724786324812,-0.08868376068375174,26.0,at_risk,PR,Sul,100-500 mil,428620.0,-0.3527039144863958
4115309,100.6705194358445,0.047884416924663414,18.0,on_track,PR,Sul,<5 mil,4745.0,-0.037025960945064836
4115358,100.00000000000001,5.1517568272295865e-17,18.0,on_track,PR,Sul,<5 mil,3192.0,-0.11799555392553847
4115408,102.98114895080835,0.20856553147574558,18.0,on_track,PR,Sul,5-20 mil,9146.0,0.0014471776341021278
4115457,100.00000000000001,5.1517568272295865e-17,18.0,on_track,PR,Sul,<5 mil,451.0,-0.055768496281678515
4115507,101.11714285714237,0.12163265306118468,11.0,on_track,PR,Sul,<5 mil,3191.0,0.15676867664526623
4115606,100.00000000000001,5.1517568272295865e-17,18.0,on_track,PR,Sul,5-20 mil,13193.0,-0.0328462272033538
4115705,100.26666666666664,0.015584415584416247,21.0,on_track,PR,Sul,20-50 mil,35524.0,-0.0007470743068225539
4115739,100.00000000000001,5.1517568272295865e-17,18.0,on_track,PR,Sul,<5 mil,788.0,-0.12437525521381033
4115754,106.88730650154798,0.43271413828689503,18.0,on_track,PR,Sul,5-20 mil,9012.0,-0.08896267679219184
4115804,100.0251117991056,0.0025799793601636515,18.0,on_track,PR,Sul,20-50 mil,41971.0,0.02634085617097862
4115853,100.47618577075099,0.056620553359685535,23.0,on_track,PR,Sul,<5 mil,2715.0,-0.24494363523911292
4115903,100.00000000000001,5.1517568272295865e-17,18.0,on_track,PR,Sul,<5 mil,1479.0,-0.11149497991329282
4116000,99.80769230769234,-0.007692307692306372,13.0,on_track,PR,Sul,<5 mil,1372.0,-0.11049907425040259
4116059,100.12053663570691,0.012383900928791516,18.0,on_track,PR,Sul,5-20 mil,5540.0,-0.039959656691542715
4116109,100.04626762985897,0.0036119711042316704,18.0,on_track,PR,Sul,5-20 mil,9429.0,-0.0199154446060755
4116208,100.94857142857137,0.05350649350649447,21.0,on_track,PR,Sul,5-20 mil,7528.0,-0.19515880827449864
4116307,98.98021978021976,-0.028021978021979612,13.0,at_risk,PR,Sul,<5 mil,3267.0,-0.09732362999392208
4116406,100.07038834951459,0.005339805825242665,7.0,on_track,PR,Sul,<5 mil,3326.0,-0.02363546407315237
4116505,100.00000000000001,5.1517568272295865e-17,18.0,on_track,PR,Sul,<5 mil,1135.0,-0.039354796276342495
4116604,100.00000000000001,5.1517568272295865e-17,18.0,on_track,PR,Sul,<5 mil,2485.0,-0.0006689484752610303
4116703,100.00000000000001,5.1517568272295865e-17,18.0,on_track,PR,Sul,5-20 mil,7718.0,0.1266314866674014
4116802,99.99999999999997,1.1330190698357442e-16,19.0,on_track,PR,Sul,<5 mil,2668.0,-0.166318595062335
4116901,100.13797729618165,0.014860681114551072,18.0,on_track,PR,Sul,20-50 mil,25645.0,-0.10369196186761204
4116950,100.0277605779154,0.0021671826625396465,18.0,on_track,PR,Sul,<5 mil,1715.0,0.0011433011054718415
4117008,88.82747252747265,-0.4796703296703304,13.0,will_not_meet,PR,Sul,5-20 mil,6587.0,0.02370370084849235
4117057,116.27839697282297,1.1886480908152584,18.0,on_track,PR,Sul,<5 mil,2419.0,-0.11436483250957127
4117107,100.00000000000001,5.1517568272295865e-17,18.0,on_track,PR,Sul,5-20 mil,12125.0,0.2097520291492435
4117206,100.00000000000001,5.1517568272295865e-17,18.0,on_track,PR,Sul,<5 mil,4977.0,-0.030767504951517616
4117214,100.00000000000001,-2.5059283630485117e-17,13.0,on_track,PR,Sul,<5 mil,3611.0,0.05990097301952855
4117222,100.39518403852763,0.07347781217749934,18.0,on_track,PR,Sul,5-20 mil,5792.0,-0.13032145540824064
4117255,101.8289301685586,0.12146542827657215,18.0,on_track,PR,Sul,5-20 mil,6162.0,-0.06508417099378774
4117271,100.00000000000001,5.1517568272295865e-17,18.0,on_track,PR,Sul,<5 mil,2052.0,-0.0746454115480993
4117297,105.24609563123477,0.35861713106295157,18.0,on_track,PR,Sul,<5 mil,1593.0,-0.08260603978838156
4117305,105.63473684210408,0.31894736842099675,19.0,on_track,PR,Sul,5-20 mil,8932.0,-0.054398670753188424
4117404,100.00000000000001,5.1517568272295865e-17,18.0,on_track,PR,Sul,<5 mil,3083.0,-0.08068606157566272
4117453,100.6295493636051,0.043446852425181426,18.0,on_track,PR,Sul,<5 mil,4283.0,-0.06094439041508657
4117503,104.95842715510003,0.2646109897496172,23.0,on_track,PR,Sul,20-50 mil,41674.0,-0.2557538397895476
4117602,107.51852060982458,0.48243929983059997,22.0,on_track,PR,Sul,20-50 mil,48717.0,-0.18228804277935345
4117701,100.00000000000001,5.1517568272295865e-17,18.0,on_track,PR,Sul,20-50 mil,20573.0,-0.15790764667812746
4117800,100.00000000000001,5.1517568272295865e-17,18.0,on_track,PR,Sul,5-20 mil,6349.0,0.03458882710610006
4117909,100.00000000000001,5.1517568272295865e-17,18.0,on_track,PR,Sul,20-50 mil,27830.0,-0.024823393599960074
4118006,100.16095631234947,0.01950464396284681,18.0,on_track,PR,Sul,5-20 mil,13399.0,0.17591173552033432
4118105,100.00000000000001,5.1517568272295865e-17,18.0,on_track,PR,Sul,5-20 mil,10795.0,-0.07142893506766912
4118204,101.14762318840583,0.10291304347826079,24.0,on_track,PR,Sul,100-500 mil,151683.0,0.14910179766960538
4118303,92.89249999999993,-0.34750000000000736,10.0,at_risk,PR,Sul,<5 mil,2935.0,0.005684291558976722
4118402,100.60009881422924,0.037055335968379656,23.0,on_track,PR,Sul,50-100 mil,85220.0,-0.32450651145839
4118451,97.42214452214446,-0.10349650349649905,12.0,at_risk,PR,Sul,<5 mil,3572.0,-0.23635141075654925
4118501,101.60485601355163,0.08769057029926361,22.0,on_track,PR,Sul,50-100 mil,79766.0,-0.29986966759203154
4118600,100.09910560715514,0.012693498452011596,18.0,on_track,PR,Sul,<5 mil,3005.0,-0.03125176108197358
4118709,100.00000000000001,5.1517568272295865e-17,18.0,on_track,PR,Sul,<5 mil,2332.0,0.026823349488955435
4118808,100.05695652173912,0.004782608695652698,9.0,on_track,PR,Sul,5-20 mil,11327.0,-0.012050601047151823
4118857,99.99999999999997,1.1330190698357442e-16,19.0,on_track,PR,Sul,<5 mil,3375.0,-0.04546475141816518
4118907,100.00000000000001,5.1517568272295865e-17,18.0,on_track,PR,Sul,5-20 mil,9017.0,-0.04433327916401132
4119004,100.64674922600621,0.04293085655314652,18.0,on_track,PR,Sul,<5 mil,2938.0,-0.08673547167942694
4119103,100.00000000000001,5.1517568272295865e-17,18.0,on_track,PR,Sul,5-20 mil,5239.0,-0.056097297789416745
4119152,97.99178260869559,-0.09343478260869537,24.0,at_risk,PR,Sul,100-500 mil,134788.0,-0.10894708040920068
4119202,101.23777089783282,0.07420020639834862,18.0,on_track,PR,Sul,<5 mil,3992.0,-0.05841291451750216
4119251,112.4760233918123,0.9210526315789413,18.0,on_track,PR,Sul,<5 mil,1218.0,-0.01766633022502727
4119301,100.00000000000001,5.1517568272295865e-17,18.0,on_track,PR,Sul,5-20 mil,16592.0,-0.0814106491505818
4119400,105.09800481596142,0.3180598555211563,18.0,on_track,PR,Sul,5-20 mil,17721.0,-0.08483040349371605
4119509,92.05399999999997,-0.41100000000000336,24.0,at_risk,PR,Sul,50-100 mil,57341.0,-0.2931437924171022
4119608,99.9607001693958,0.0006775832862770012,22.0,on_track,PR,Sul,5-20 mil,18728.0,-0.20516123076148973
4119657,100.91098901098894,0.12967032967032602,13.0,on_track,PR,Sul,<5 mil,2391.0,0.31673537634291266
4119707,100.00000000000001,5.1517568272295865e-17,18.0,on_track,PR,Sul,<5 mil,2899.0,-0.12486833295482143
4119806,107.1560027519779,0.47698658410732775,18.0,on_track,PR,Sul,5-20 mil,5948.0,-0.032871222876197835
4119905,100.18760869565217,0.020217391304348704,24.0,on_track,PR,Sul,100-500 mil,350918.0,-0.3144368188175741
4119954,99.99999999999994,-3.2329156420407523e-16,21.0,on_track,PR,Sul,20-50 mil,28288.0,0.01591529238559591
4120002,100.50095238095231,0.027532467532466243,21.0,on_track,PR,Sul,5-20 mil,10150.0,-0.2965852128336003
4120101,99.99999999999994,-3.2329156420407523e-16,21.0,on_track,PR,Sul,<5 mil,3199.0,-0.21454512094044115
4120150,81.188811188812,-0.9034965034964116,12.0,will_not_meet,PR,Sul,<5 mil,591.0,0.09850472622701074
4120200,100.00000000000001,5.1517568272295865e-17,18.0,on_track,PR,Sul,<5 mil,1781.0,0.1614116921232846
4120309,105.1545235638115,0.33003095975232183,18.0,on_track,PR,Sul,<5 mil,2256.0,-0.06703407695732612
4120333,100.33452188006484,0.03306320907617418,6.0,on_track,PR,Sul,<5 mil,3342.0,-0.08538769002661217
4120358,101.66711386308904,0.11031991744065893,18.0,on_track,PR,Sul,<5 mil,3225.0,0.09627344923500708
4120408,96.45494505494509,-0.1285714285714322,13.0,at_risk,PR,Sul,<5 mil,4733.0,-0.04299474768234087
4120507,99.99142857142857,0.027532467532468786,21.0,on_track,PR,Sul,5-20 mil,10368.0,-0.043064679048776984
4120606,100.23901750423488,0.03365330321851972,22.0,on_track,PR,Sul,20-50 mil,24297.0,-0.24027884851222814
4120655,100.00000000000001,5.1517568272295865e-17,18.0,on_track,PR,Sul,<5 mil,2651.0,-0.09184075419154747
4120705,106.97819057447532,0.41465428276573846,18.0,on_track,PR,Sul,5-20 mil,6787.0,-0.024266542009373896
4120804,106.1445362318841,0.34373913043478393,24.0,on_track,PR,Sul,20-50 mil,21919.0,-0.21640454581643528
4120853,104.63516483516457,0.3049450549450461,13.0,on_track,PR,Sul,<5 mil,2591.0,0.10151288692706377
4120903,101.86236670106634,0.10846233230134042,18.0,on_track,PR,Sul,20-50 mil,23800.0,-0.05390160143657617
4121000,100.00000000000001,5.1517568272295865e-17,18.0,on_track,PR,Sul,5-20 mil,7965.0,-0.0019175672608324108
4121109,100.00000000000001,5.1517568272295865e-17,18.0,on_track,PR,Sul,<5 mil,3329.0,-0.08754327558854084
4121208,99.43933333333331,-0.028999999999998763,24.0,on_track,PR,Sul,5-20 mil,5544.0,-0.16026957016360066
4121257,100.00000000000001,5.1517568272295865e-17,18.0,on_track,PR,Sul,<5 mil,2224.0,-0.028693350723605713
4121307,99.99999999999994,-3.2329156420407523e-16,21.0,on_track,PR,Sul,<5 mil,3299.0,-0.19659270676120064
4121356,100.00000000000001,5.1517568272295865e-17,18.0,on_track,PR,Sul,<5 mil,2105.0,-0.09093499565336385
4121406,102.38882008943929,0.17533539731682443,18.0,on_track,PR,Sul,5-20 mil,12257.0,0.18199079834736373
4121505,100.09122807017546,0.005263157894737543,18.0,on_track,PR,Sul,5-20 mil,7936.0,-0.06196758038917266
4121604,101.67499140006876,0.11775025799793574,18.0,on_track,PR,Sul,<5 mil,3465.0,-0.018863480578490778
4121703,110.1919160646712,0.6519091847265227,18.0,on_track,PR,Sul,5-20 mil,13060.0,0.042162004530907835
4121752,101.24678362573098,0.07192982456140311,18.0,on_track,PR,Sul,<5 mil,4343.0,-0.11874551530192044
4121802,98.67692307692305,-0.015384615384618721,13.0,at_risk,PR,Sul,5-20 mil,7048.0,-0.0357965261351482
4121901,100.91228070175438,0.05263157894736876,18.0,on_track,PR,Sul,5-20 mil,10541.0,-0.18432891140071317
4122008,100.0251117991056,0.0025799793601636515,18.0,on_track,PR,Sul,5-20 mil,5489.0,-0.13432889558446692
4122107,100.00000000000001,5.1517568272295865e-17,18.0,on_track,PR,Sul,<5 mil,1903.0,-0.0843698976546898
4122156,103.84330925352594,0.24303405572755274,18.0,on_track,PR,Sul,<5 mil,3220.0,-0.08485579677487491
4122172,109.11214310285482,0.6033023735810057,18.0,on_track,PR,Sul,<5 mil,972.0,-0.055482178184615684
4122206,99.97322862129147,-0.0004886561954626612,19.0,on_track,PR,Sul,20-50 mil,23473.0,0.334962589422765
4122305,100.00000000000001,5.1517568272295865e-17,18.0,on_track,PR,Sul,20-50 mil,28481.0,-0.03802487051565247
4122404,99.93320450344476,-0.002898672492018752,23.0,on_track,PR,Sul,50-100 mil,64498.0,-0.26884263639534617
4122503,100.00000000000001,5.1517568272295865e-17,18.0,on_track,PR,Sul,5-20 mil,5830.0,-0.1044938025283153
4122602,99.96571428571423,0.002337662337662087,21.0,on_track,PR,Sul,5-20 mil,7730.0,-0.23214728302022689
4122651,100.00000000000001,5.1517568272295865e-17,18.0,on_track,PR,Sul,<5 mil,2237.0,-0.10192196938773856
4122701,100.33869969040248,0.02383900928792587,18.0,on_track,PR,Sul,5-20 mil,5814.0,-0.0878313846985325
4122800,100.03515651874787,0.0036119711042313617,18.0,on_track,PR,Sul,<5 mil,1735.0,-0.11811541623532788
4122909,117.01499828001351,1.076883384932927,18.0,on_track,PR,Sul,<5 mil,3496.0,0.0016111260064873073
4123006,100.7234262125903,0.04829721362229024,18.0,on_track,PR,Sul,5-20 mil,8119.0,0.1773807921428344
4123105,100.00000000000001,5.1517568272295865e-17,18.0,on_track,PR,Sul,<5 mil,2434.0,-0.06832710386610383
4123204,91.81926470588223,-0.3627941176470714,16.0,at_risk,PR,Sul,<5 mil,2727.0,0.03231039532358195
4123303,100.00000000000001,5.1517568272295865e-17,18.0,on_track,PR,Sul,5-20 mil,5478.0,-0.0482853123585716
4123402,99.99999999999997,1.1330190698357442e-16,19.0,on_track,PR,Sul,5-20 mil,10912.0,-0.03889941023845486
4123501,98.16631578947384,-0.002105263157884924,19.0,at_risk,PR,Sul,5-20 mil,14534.0,-0.19630528721468052
4123600,101.56752665978668,0.09164086687306493,18.0,on_track,PR,Sul,<5 mil,1028.0,0.06262151824305835
4123709,102.29230769230765,0.18076923076922727,13.0,on_track,PR,Sul,5-20 mil,6839.0,-0.01434618064609309
4123808,102.98541451668376,0.2044375644994821,18.0,on_track,PR,Sul,5-20 mil,8434.0,-0.06375732914734862
4123824,100.00000000000001,5.1517568272295865e-17,18.0,on_track,PR,Sul,<5 mil,2452.0,-0.03756408260076862
4123857,112.5385276917782,0.745510835913312,18.0,on_track,PR,Sul,<5 mil,2572.0,-0.11780290522809167
4123907,100.00000000000001,5.1517568272295865e-17,18.0,on_track,PR,Sul,5-20 mil,7710.0,0.051686673716585835
4123956,95.31098901098915,-0.1857142857142871,13.0,at_risk,PR,Sul,<5 mil,1674.0,-0.12889296890351878
4124004,122.84616443068353,1.5166150670794696,18.0,on_track,PR,Sul,<5 mil,3237.0,0.07651110549597546
4124020,111.58028895768803,0.6835913312693513,18.0,on_track,PR,Sul,5-20 mil,7820.0,-0.053944152104536916
4124053,100.93581011351908,0.05459236326109289,18.0,on_track,PR,Sul,20-50 mil,21626.0,0.1563996413289842
4124103,100.4616036137775,0.05081874647091919,22.0,on_track,PR,Sul,20-50 mil,40228.0,-0.33771415632002555
4124202,100.00000000000001,5.1517568272295865e-17,18.0,on_track,PR,Sul,<5 mil,2033.0,-0.09236046003774949
4124301,106.96000000000038,0.3527272727272939,11.0,on_track,PR,Sul,<5 mil,1746.0,-0.18276503543237638
4124400,104.35665634674916,0.2946336429308558,18.0,on_track,PR,Sul,5-20 mil,14771.0,0.19930639673253586
4124509,100.97963536291708,0.06594427244582067,18.0,on_track,PR,Sul,<5 mil,4322.0,-0.05739272866805461
4124608,102.83147574819398,0.1673890608875129,18.0,on_track,PR,Sul,5-20 mil,6222.0,-0.09632316100738698
4124707,98.89670329670325,0.09340659340659246,13.0,at_risk,PR,Sul,5-20 mil,5537.0,0.0761630909691948
4124806,105.86745786033669,0.46697626418987415,18.0,on_track,PR,Sul,5-20 mil,6432.0,-0.039068686535582625
4124905,100.4561403508772,0.026315789473684396,18.0,on_track,PR,Sul,<5 mil,4961.0,0.005191696201601521
4125001,101.63168214654279,0.10804953560371369,18.0,on_track,PR,Sul,5-20 mil,7620.0,0.1509083647817337
4125100,101.44447884416923,0.09566563467492228,18.0,on_track,PR,Sul,<5 mil,4537.0,-0.015939836165265408
4125209,100.56343309253525,0.04076367389060754,18.0,on_track,PR,Sul,5-20 mil,5168.0,-0.051548232709876886
4125308,91.634603230337,-0.2637816011235887,15.0,at_risk,PR,Sul,<5 mil,4797.0,0.0529816832022084
4125357,100.00000000000001,5.1517568272295865e-17,18.0,on_track,PR,Sul,<5 mil,3241.0,-0.11570078277309101
4125407,101.70072239422078,0.10897832817337205,18.0,on_track,PR,Sul,<5 mil,3629.0,-0.05120486878011481
4125456,100.00000000000001,5.1517568272295865e-17,18.0,on_track,PR,Sul,<5 mil,2267.0,-0.05964380381364052
4125506,109.89992753623187,0.5365217391304307,24.0,on_track,PR,Sul,100-500 mil,300026.0,-0.4305571075753323
4125555,99.99999999999994,-3.2329156420407523e-16,21.0,on_track,PR,Sul,<5 mil,1196.0,-0.1923587532964608
4125605,103.88204404291349,0.21253529079615632,22.0,on_track,PR,Sul,20-50 mil,29370.0,-0.11154226221919353
4125704,100.00000000000001,5.1517568272295865e-17,18.0,on_track,PR,Sul,5-20 mil,17718.0,0.09639407341749304
4125753,100.00000000000001,5.1517568272295865e-17,18.0,on_track,PR,Sul,<5 mil,3589.0,-0.06402013859946871
4125803,100.00000000000001,5.1517568272295865e-17,18.0,on_track,PR,Sul,5-20 mil,8789.0,-0.0813417002159352
4125902,100.00000000000001,5.1517568272295865e-17,18.0,on_track,PR,Sul,<5 mil,1483.0,-0.09049581060318528
4126009,99.99999999999994,-3.2329156420407523e-16,21.0,on_track,PR,Sul,5-20 mil,7803.0,-0.14016838526193523
4126108,99.99999999999994,-3.2329156420407523e-16,21.0,on_track,PR,Sul,<5 mil,4803.0,-0.07794412379222838
4126207,100.00000000000001,5.1517568272295865e-17,18.0,on_track,PR,Sul,<5 mil,3537.0,0.044489561074241124
4126256,99.65033337691199,-0.0016864949666619187,14.0,on_track,PR,Sul,50-100 mil,98051.0,-0.06860472326705687
4126272,100.48335053319573,0.03116615067079437,18.0,on_track,PR,Sul,<5 mil,2777.0,-0.10956226460622011
4126306,100.00000000000001,5.1517568272295865e-17,18.0,on_track,PR,Sul,5-20 mil,15950.0,-0.05954846348337811
4126355,100.00000000000001,5.1517568272295865e-17,18.0,on_track,PR,Sul,<5 mil,2267.0,-0.06354016912221405
4126405,100.41872611464976,0.03388535031847667,11.0,on_track,PR,Sul,<5 mil,4519.0,0.009258268473634375
4126504,98.9031505933479,-0.04625605883335837,22.0,at_risk,PR,Sul,5-20 mil,14428.0,-0.22185610148117985
4126603,106.35335397316817,0.37739938080495544,18.0,on_track,PR,Sul,5-20 mil,15622.0,-0.08668586283824707
4126652,100.00000000000001,5.1517568272295865e-17,18.0,on_track,PR,Sul,<5 mil,1179.0,-0.06511664022589805
4126678,101.72750798185174,0.16892959166526544,23.0,on_track,PR,Sul,5-20 mil,7298.0,-0.21790292237287043
4126702,100.00000000000001,5.1517568272295865e-17,18.0,on_track,PR,Sul,<5 mil,4452.0,-0.06457440787958564
4126801,96.49384057971008,-0.17065217391304455,24.0,at_risk,PR,Sul,5-20 mil,14863.0,-0.14733187318925414
4126900,100.00000000000001,5.1517568272295865e-17,18.0,on_track,PR,Sul,<5 mil,3209.0,-0.09399524147772323
4127007,108.65569315445475,0.5159958720330221,18.0,on_track,PR,Sul,5-20 mil,5952.0,0.05885568776076419
4127106,101.77148503670233,0.13105590062111633,22.0,on_track,PR,Sul,50-100 mil,78936.0,-0.1686663661198409
4127205,100.00000000000001,5.1517568272295865e-17,18.0,on_track,PR,Sul,5-20 mil,14315.0,0.009850317093835805
4127304,93.65211649170311,-0.20758550626481376,22.0,at_risk,PR,Sul,5-20 mil,13860.0,-0.03232768471476217
4127403,101.03210526315766,0.0584210526315687,19.0,on_track,PR,Sul,5-20 mil,13414.0,0.048991996621444316
4127502,113.87631578947207,0.8061403508771221,19.0,on_track,PR,Sul,5-20 mil,12479.0,-0.1204641840483158
4127601,96.90666666666658,-0.16000000000000014,24.0,at_risk,PR,Sul,<5 mil,2719.0,-0.5283817132387674
4127700,100.87707509881425,0.0640316205533609,23.0,on_track,PR,Sul,100-500 mil,131204.0,-0.17644024374686076
4127809,114.15053319573417,0.9328173374613031,18.0,on_track,PR,Sul,<5 mil,3607.0,0.07680670757493922
4127858,100.00000000000001,5.1517568272295865e-17,18.0,on_track,PR,Sul,5-20 mil,6204.0,0.03546615342448777
4127882,104.30073913043509,0.3824782608695805,24.0,on_track,PR,Sul,<5 mil,4137.0,-0.3503870794334806
4127908,98.78761904761927,0.22389610389611855,21.0,at_risk,PR,Sul,5-20 mil,5840.0,-0.023505614479041943
4127957,102.7526315789462,0.2175438596490713,19.0,on_track,PR,Sul,5-20 mil,6371.0,-0.13236280997931618
4127965,100.00000000000001,5.1517568272295865e-17,18.0,on_track,PR,Sul,<5 mil,4743.0,-0.047162493444705036
4128005,99.99999999999997,1.1330190698357442e-16,19.0,on_track,PR,Sul,5-20 mil,17758.0,-0.03226677757184128
4128104,100.0,4.4193698526147193e-16,23.0,on_track,PR,Sul,100-500 mil,105281.0,-0.26489493031880623
4128203,99.47351778656129,-0.001581027667984115,22.0,on_track,PR,Sul,50-100 mil,55256.0,-0.21539636084489802
4128302,100.02008943928452,0.002063983488132243,18.0,on_track,PR,Sul,<5 mil,2114.0,-0.0662308298245368
4128401,99.99999999999994,-3.2329156420407523e-16,21.0,on_track,PR,Sul,5-20 mil,9163.0,-0.27351284184297536
4128500,102.8463015245623,0.1879164313946887,22.0,on_track,PR,Sul,5-20 mil,15557.0,-0.18307854479486604
4128534,115.69115927072494,1.013931888544893,18.0,on_track,PR,Sul,5-20 mil,8022.0,0.0013551877081409923
4128559,100.15569315445475,0.015995872033022798,18.0,on_track,PR,Sul,5-20 mil,6416.0,0.0529937629877255
4128609,100.62005503955967,0.03973168214654215,18.0,on_track,PR,Sul,<5 mil,2954.0,-0.05780178056584577
4128625,100.00000000000001,5.1517568272295865e-17,18.0,on_track,PR,Sul,<5 mil,1454.0,0.02155901386248082
4128633,99.02730347159914,-0.027110221547378667,18.0,on_track,PR,Sul,<5 mil,896.0,0.09635689144466959
4128658,102.64822841417262,0.1565531475748191,18.0,on_track,PR,Sul,<5 mil,1928.0,-0.03408378382872489
4128708,101.17320261437895,0.10980392156862345,18.0,on_track,PR,Sul,<5 mil,4212.0,-0.10426401967664006
4128807,100.00000000000001,5.1517568272295865e-17,18.0,on_track,PR,Sul,<5 mil,1848.0,0.1334117811650678
4200051,100.99027777777799,0.09861111111111497,8.0,on_track,SC,Sul,<5 mil,692.0,0.2655230612926586
4200101,104.84578947368425,0.29315789473685133,19.0,on_track,SC,Sul,5-20 mil,10082.0,-0.14179138254463444
4200200,102.51338235294122,0.1548529411764768,16.0,on_track,SC,Sul,5-20 mil,7133.0,-0.12021870001543941
4200309,120.44852941176532,1.3169117647059472,16.0,on_track,SC,Sul,<5 mil,2110.0,-0.2327957870596592
4200408,100.0,-5.584774207323182e-16,16.0,on_track,SC,Sul,<5 mil,3531.0,-0.07114460696752171
4200507,105.45794117647074,0.3811764705882534,16.0,on_track,SC,Sul,<5 mil,3466.0,-0.19636373885693834
4200556,115.60102941176524,0.9744117647059306,16.0,on_track,SC,Sul,<5 mil,947.0,-0.17471594451003797
4200606,98.33533834586589,0.16699248120305962,20.0,at_risk,SC,Sul,<5 mil,2788.0,-0.16336305500753287
4200705,106.14744360902318,0.3838345864661783,20.0,on_track,SC,Sul,<5 mil,3089.0,-0.23088304815122743
4200754,99.88079710144929,-0.0025362318840590507,9.0,on_track,SC,Sul,<5 mil,578.0,0.06546286224385733
4200804,100.0,1.6557240265070411e-15,20.0,on_track,SC,Sul,<5 mil,2220.0,-0.12230403357280949
4200903,120.20842105263091,1.6273684210525599,20.0,on_track,SC,Sul,<5 mil,1002.0,-0.1938433668006005
4201000,100.09210526315789,0.006140350877194279,19.0,on_track,SC,Sul,<5 mil,3580.0,-0.15166440963897743
4201109,98.6047210300428,-0.04849785407725677,17.0,at_risk,SC,Sul,<5 mil,1319.0,0.11727019094183506
4201208,100.4965413533834,0.03518796992480921,20.0,on_track,SC,Sul,<5 mil,2735.0,-0.2148877294822109
4201257,100.0,1.6557240265070411e-15,20.0,on_track,SC,Sul,<5 mil,4891.0,-0.16126506469382693
4201273,82.43999999999983,-0.8981818181818197,11.0,will_not_meet,SC,Sul,<5 mil,1330.0,0.14705557349002343
4201307,129.4611278195507,3.253308270676596,20.0,on_track,SC,Sul,20-50 mil,38489.0,-0.06315602960618488
4201406,80.65896112831103,-0.22910216718266163,18.0,will_not_meet,SC,Sul,50-100 mil,57270.0,-0.041309482547546426
4201505,67.41102941176518,-0.9705882352941236,16.0,will_not_meet,SC,Sul,5-20 mil,5571.0,-0.15813636842122003
4201604,100.80676470588239,0.04970588235294291,16.0,on_track,SC,Sul,<5 mil,2428.0,-0.0486685020138346
4201653,100.17142857142863,0.014285714285717753,7.0,on_track,SC,Sul,<5 mil,495.0,-0.1654805035767505
4201703,102.38992481203036,0.1351127819548974,20.0,on_track,SC,Sul,5-20 mil,6988.0,-0.19518642281597334
4201802,100.0,-5.584774207323182e-16,16.0,on_track,SC,Sul,<5 mil,1318.0,-0.0780949675838455
4201901,99.95867647058867,1.5164705882353584,16.0,on_track,SC,Sul,<5 mil,1979.0,-0.24917269939723746
4201950,51.8590909090899,-1.395454545454629,11.0,will_not_meet,SC,Sul,5-20 mil,13502.0,-0.9553354233348609
4202008,104.37638795986709,0.384147157190652,16.0,on_track,SC,Sul,100-500 mil,149227.0,-0.2520077035344418
4202057,109.61187969924663,0.7521804511277405,20.0,on_track,SC,Sul,5-20 mil,10743.0,-0.12297372891014187
4202073,115.53525693311303,1.8322797716148,15.0,on_track,SC,Sul,5-20 mil,8915.0,-0.10393239426855391
4202081,109.26278195488828,0.5308270676692101,20.0,on_track,SC,Sul,<5 mil,839.0,-0.13808890892414985
4202099,103.35117647058843,0.20647058823530365,16.0,on_track,SC,Sul,<5 mil,241.0,-0.10597681541903044
4202107,106.849033724896,0.4742516104585183,17.0,on_track,SC,Sul,20-50 mil,29085.0,-0.05658032895353384
4202131,103.57058823529394,0.22573529411764087,16.0,on_track,SC,Sul,<5 mil,901.0,-0.1486361201272515
4202156,111.18726190476264,0.7217857142857119,15.0,on_track,SC,Sul,<5 mil,1310.0,0.0002071657984641318
4202206,81.06067669172955,0.4939849624060144,20.0,will_not_meet,SC,Sul,5-20 mil,6680.0,-0.1827364906874936
4202305,115.42285714285731,0.9581818181818367,21.0,on_track,SC,Sul,50-100 mil,63875.0,-0.21094514493362995
4202404,97.72582417582399,-0.08296703296704,27.0,at_risk,SC,Sul,100-500 mil,349535.0,-0.3066589356020689
4202438,114.36661764705923,0.8851470588235721,16.0,on_track,SC,Sul,<5 mil,1029.0,-0.06199066881269637
4202453,116.99352941176448,1.0644117647058877,16.0,on_track,SC,Sul,20-50 mil,20889.0,-0.20799031753338196
4202503,101.93455882352958,0.19632352941177514,16.0,on_track,SC,Sul,<5 mil,2618.0,-0.10247691027131339
4202537,99.99999999999999,-6.782439193547243e-16,11.0,on_track,SC,Sul,<5 mil,1837.0,0.28203240342094016
4202578,109.2157352941183,0.5677941176470863,16.0,on_track,SC,Sul,<5 mil,648.0,-0.0638294625573539
4202602,99.99999999999997,1.1330190698357442e-16,19.0,on_track,SC,Sul,5-20 mil,7286.0,-0.0651496102042077
4202701,73.35541353383474,-0.8381203007518379,20.0,will_not_meet,SC,Sul,<5 mil,1582.0,-0.22375763252024394
4202800,87.66394333953353,-0.05618829589355091,23.0,will_not_meet,SC,Sul,20-50 mil,27634.0,-0.16382364125383103
4202859,99.99890109890114,0.005494505494505671,13.0,on_track,SC,Sul,<5 mil,2083.0,-0.2359683923210001
4202875,100.16703296703298,0.010989010989010324,13.0,on_track,SC,Sul,<5 mil,573.0,0.08128612587324
4202909,99.525,0.14891304347826198,23.0,on_track,SC,Sul,100-500 mil,135962.0,-0.04227635579562615
4203006,93.50218045112777,0.021729323308269027,20.0,at_risk,SC,Sul,50-100 mil,72887.0,-0.2304374136798456
4203105,100.0,-5.584774207323182e-16,16.0,on_track,SC,Sul,<5 mil,3516.0,-0.07961518130614735
4203154,112.44029411764745,0.7716176470588453,16.0,on_track,SC,Sul,<5 mil,2076.0,-0.08538859014477687
4203204,99.0570238095238,-0.028928571428572167,15.0,on_track,SC,Sul,50-100 mil,82803.0,-0.05941410535587117
4203253,110.61867647058853,0.6589705882353248,16.0,on_track,SC,Sul,<5 mil,862.0,-0.015240229330423377
4203303,108.7505355715432,0.5166506794564362,19.0,on_track,SC,Sul,5-20 mil,7383.0,-0.2875779614531543
4203402,99.99999999999997,1.1330190698357442e-16,19.0,on_track,SC,Sul,<5 mil,4056.0,-0.09266287549327501
4203501,100.0,-5.584774207323182e-16,16.0,on_track,SC,Sul,5-20 mil,5546.0,-0.1362541125233273
4203600,96.45947368421056,-0.09842105263157842,19.0,at_risk,SC,Sul,20-50 mil,30393.0,0.03329817465017202
4203709,101.41052631578931,0.1042105263157799,20.0,on_track,SC,Sul,5-20 mil,7963.0,-0.3826050803188944
4203808,93.32799999999986,-0.34061538461538954,26.0,at_risk,SC,Sul,20-50 mil,40608.0,-0.23421026945509363
4203907,104.30626930052449,0.27271212195480987,22.0,on_track,SC,Sul,5-20 mil,19847.0,-0.2003610455652443
4203956,103.09209302325593,0.30062015503877015,10.0,on_track,SC,Sul,20-50 mil,23293.0,-0.24474174663469928
4204004,106.11654626762981,0.3818369453044346,18.0,on_track,SC,Sul,5-20 mil,9408.0,-0.1711339252469508
4204103,100.0,-5.584774207323182e-16,16.0,on_track,SC,Sul,<5 mil,1691.0,-0.007077389292655815
4204152,103.19602941176481,0.1969117647058913,16.0,on_track,SC,Sul,<5 mil,852.0,-0.14570932758532149
4204178,100.96191176470595,0.059264705882356175,16.0,on_track,SC,Sul,<5 mil,643.0,-0.06194857294020364
4204194,104.88941176470598,1.7792647058823794,16.0,on_track,SC,Sul,<5 mil,562.0,-0.08132457644925288
4204202,103.92205128205114,0.45333333333333514,26.0,on_track,SC,Sul,100-500 mil,208469.0,-0.18764290398583774
4204251,98.7889232886137,-0.03766769865841094,18.0,at_risk,SC,Sul,5-20 mil,14201.0,-0.23822357645416103
4204301,97.55692307692314,-0.11384615384615247,26.0,at_risk,SC,Sul,50-100 mil,60511.0,-0.3777008364771448
4204350,103.68466917697924,0.9086067778377098,12.0,on_track,SC,Sul,<5 mil,1762.0,0.7207489768538793
4204400,101.23779411764707,0.10161764705882546,16.0,on_track,SC,Sul,5-20 mil,5881.0,-0.10829644385381025
4204459,106.70235294117685,0.4129411764706078,16.0,on_track,SC,Sul,<5 mil,713.0,-0.1329255790039599
4204509,107.91293233082752,0.5306015037593814,20.0,on_track,SC,Sul,5-20 mil,12554.0,-0.20963458937129287
4204558,100.0,-5.584774207323182e-16,16.0,on_track,SC,Sul,5-20 mil,10014.0,-0.09214256021780547
4204608,99.84586466165413,0.0012030075187980226,20.0,on_track,SC,Sul,100-500 mil,216338.0,-0.040441695159788425
4204707,101.77647058823538,0.11323529411765236,17.0,on_track,SC,Sul,5-20 mil,6849.0,-0.11053174992364534
4204756,112.02911764705937,0.7476470588235654,16.0,on_track,SC,Sul,<5 mil,596.0,-0.09304521306897512
4204806,108.98624060150382,0.6956390977443291,20.0,on_track,SC,Sul,20-50 mil,36877.0,-0.09998374770911686
4204905,109.28706766917298,0.8593984962405763,20.0,on_track,SC,Sul,<5 mil,4049.0,-0.2057068726619518
4205001,105.3260150375944,0.36097744360902767,20.0,on_track,SC,Sul,5-20 mil,10728.0,0.09117267253530664
4205100,100.52750000000003,0.03250000000000177,16.0,on_track,SC,Sul,<5 mil,2121.0,-0.13902847697804072
4205159,100.0,1.6557240265070411e-15,20.0,on_track,SC,Sul,<5 mil,2333.0,-0.13081425012196207
4205175,100.44886363636374,0.12234848484848297,10.0,on_track,SC,Sul,<5 mil,994.0,0.3638308812009637
4205191,102.87588235294078,0.19235294117645296,16.0,on_track,SC,Sul,<5 mil,622.0,-0.18998569744055008
4205209,100.0,-5.584774207323182e-16,16.0,on_track,SC,Sul,<5 mil,2888.0,0.12803064223701635
4205308,111.61544117647031,0.7161764705882253,16.0,on_track,SC,Sul,5-20 mil,7696.0,-0.05425083828046776
4205357,90.37132867132868,-0.4402097902097589,12.0,at_risk,SC,Sul,<5 mil,325.0,0.15855193604606316
4205407,49.57018803419032,-2.5549059829059555,26.0,will_not_meet,SC,Sul,100-500 mil,496961.0,-0.4056981116849341
4205431,102.13191176470596,0.13176470588235947,16.0,on_track,SC,Sul,<5 mil,1034.0,-0.07567473621387952
4205456,102.89661764705872,0.17514705882352305,16.0,on_track,SC,Sul,20-50 mil,22572.0,-0.024636808160789704
4205506,95.2292647058821,-0.007794117647073196,16.0,at_risk,SC,Sul,20-50 mil,32193.0,-0.02406772727227058
4205555,55.535714285714675,-2.101428571428471,5.0,will_not_meet,SC,Sul,<5 mil,547.0,-0.08348845861849603
4205605,104.02441176470575,0.3092647058823553,16.0,on_track,SC,Sul,<5 mil,1833.0,-0.04801838112103883
4205704,104.1920590053885,0.27983393693136344,18.0,on_track,SC,Sul,20-50 mil,20330.0,-0.12276512846592984
4205803,137.90048076923085,2.9391055878084384,17.0,on_track,SC,Sul,5-20 mil,14597.0,-0.3078108516630058
4205902,103.53853754940707,0.20810276679841713,23.0,on_track,SC,Sul,50-100 mil,58459.0,-0.2755118128860443
4206009,97.93754940711466,-0.06600790513834127,22.0,at_risk,SC,Sul,5-20 mil,13892.0,0.10971138736673039
4206108,97.22539525691704,-0.08982213438735112,23.0,at_risk,SC,Sul,<5 mil,3212.0,-0.1202555489598286
4206207,102.53637178051548,0.15272116461367577,14.0,on_track,SC,Sul,<5 mil,4868.0,-0.27231943992255675
4206306,77.21375939849622,0.3343609022556237,20.0,will_not_meet,SC,Sul,20-50 mil,23078.0,-0.24471140555437337
4206405,102.10180451127869,0.11729323308272707,20.0,on_track,SC,Sul,<5 mil,4674.0,-0.11835192042736424
4206504,115.59671342685397,1.1405611222444783,16.0,on_track,SC,Sul,20-50 mil,37284.0,-0.3292776338527217
4206603,100.0,1.6557240265070411e-15,20.0,on_track,SC,Sul,<5 mil,2811.0,-0.17624599437797603
4206652,116.06573529411844,1.080294117647107,16.0,on_track,SC,Sul,<5 mil,1754.0,-0.164199200905289
4206702,100.48789473684222,0.05105263157895557,19.0,on_track,SC,Sul,20-50 mil,20254.0,0.045004855772661896
4206751,102.94779411764728,0.1816176470588315,16.0,on_track,SC,Sul,<5 mil,698.0,-0.03190460502208976
4206801,103.38220588235305,0.20838235294118596,16.0,on_track,SC,Sul,<5 mil,1456.0,-0.14923421842578252
4206900,116.3572058823529,1.0083823529411708,16.0,on_track,SC,Sul,5-20 mil,16444.0,-0.11530925406768706
4207007,121.99535714285776,1.4060714285714189,15.0,on_track,SC,Sul,50-100 mil,53200.0,0.06493973349582784
4207106,100.0,1.6557240265070411e-15,20.0,on_track,SC,Sul,5-20 mil,9289.0,-0.25464920784952083
4207205,81.8332134292574,-0.33417266187047656,12.0,will_not_meet,SC,Sul,<5 mil,3350.0,-0.006706430303176592
4207304,102.25431711146007,0.16216640502355348,15.0,on_track,SC,Sul,20-50 mil,45711.0,-0.12841081298970355
4207403,87.75098039215709,-0.28921568627450567,17.0,will_not_meet,SC,Sul,<5 mil,2769.0,-0.15939678205852437
4207502,104.06924812030036,0.2511278195488504,20.0,on_track,SC,Sul,50-100 mil,69805.0,-0.12382402047293015
4207577,101.92382352941183,0.11852941176471112,16.0,on_track,SC,Sul,<5 mil,986.0,-0.04995535165950891
4207601,100.47794117647055,0.02867647058823336,16.0,on_track,SC,Sul,<5 mil,2317.0,-0.10797102014281046
4207650,101.07902255639083,0.0764661654135268,20.0,on_track,SC,Sul,<5 mil,4457.0,-0.11861664020732086
4207684,103.07191176470599,0.1892647058823615,16.0,on_track,SC,Sul,<5 mil,1548.0,-0.09304250622121335
4207700,100.82894736842118,0.05526315789474454,19.0,on_track,SC,Sul,<5 mil,3334.0,-0.17423021726579183
4207759,100.0,-5.584774207323182e-16,16.0,on_track,SC,Sul,<5 mil,1347.0,-0.08893553329487287
4207809,100.88602941176474,0.054411764705884026,16.0,on_track,SC,Sul,5-20 mil,7234.0,-0.06152056104274896
4207858,97.83773087071248,-0.10237467018469529,10.0,at_risk,SC,Sul,<5 mil,404.0,0.7538496612401256
4207908,100.0,-5.584774207323182e-16,16.0,on_track,SC,Sul,<5 mil,3824.0,-0.11601427250640287
4208005,100.00000000000001,5.1517568272295865e-17,18.0,on_track,SC,Sul,<5 mil,3846.0,-0.23623277698667436
4208104,104.81834586466209,0.27248120300753226,20.0,on_track,SC,Sul,5-20 mil,11577.0,-0.1375438260248762
4208203,97.31064780342521,-0.0523135836613119,18.0,at_risk,SC,Sul,100-500 mil,214356.0,-0.29325500497751633
4208302,100.0,-5.584774207323182e-16,16.0,on_track,SC,Sul,50-100 mil,67600.0,0.1204862362134244
4208401,99.71377752682102,-0.008074534161491611,22.0,on_track,SC,Sul,5-20 mil,8471.0,0.02411585074329208
4208450,113.36350542461696,0.9393284698840465,17.0,on_track,SC,Sul,20-50 mil,20895.0,-0.15891172299215872
4208500,100.54000000000018,0.0300000000000088,20.0,on_track,SC,Sul,5-20 mil,17078.0,-0.1709569454030685
4208609,100.0,-5.584774207323182e-16,16.0,on_track,SC,Sul,<5 mil,1549.0,-0.1285604093230047
4208708,114.8927125506093,1.2939271255061655,12.0,on_track,SC,Sul,5-20 mil,5001.0,0.07681838927840315
4208807,75.9295588235293,-0.8936764705882606,16.0,will_not_meet,SC,Sul,5-20 mil,15684.0,0.1782492804320304
4208906,95.25046153846176,-0.22323076923076177,25.0,at_risk,SC,Sul,100-500 mil,171266.0,-0.07782481221343147
4208955,100.0,-5.584774207323182e-16,16.0,on_track,SC,Sul,<5 mil,688.0,-0.046056493892563596
4209003,99.99999999999997,1.1330190698357442e-16,19.0,on_track,SC,Sul,20-50 mil,28304.0,-0.20224254934840222
4209102,99.48379487179494,0.011897435897438706,26.0,on_track,SC,Sul,500 mil+,584244.0,-0.47361339550181836
4209151,100.0,-5.584774207323182e-16,16.0,on_track,SC,Sul,<5 mil,1713.0,-0.12492137537456195
4209177,104.00279411764723,0.246617647058836,16.0,on_track,SC,Sul,<5 mil,1012.0,-0.07955547055604319
4209201,100.0,-5.584774207323182e-16,16.0,on_track,SC,Sul,<5 mil,1186.0,-0.14620377843805718
4209300,98.55675979637748,-0.008369835444534514,24.0,at_risk,SC,Sul,100-500 mil,154360.0,-0.3838047217356429
4209409,100.09122807017546,0.005263157894737543,18.0,on_track,SC,Sul,20-50 mil,36604.0,-0.12740447012420242
4209458,99.91208791208791,-0.002747252747253159,13.0,on_track,SC,Sul,<5 mil,612.0,0.24644724288078484
4209508,109.33279411764738,0.5991176470588411,16.0,on_track,SC,Sul,5-20 mil,5212.0,-0.19301156221968147
4209607,87.12573529411759,0.4352941176470673,16.0,will_not_meet,SC,Sul,5-20 mil,11889.0,-0.0028726601525244366
4209706,99.97315789473681,-0.0005263157894734761,19.0,on_track,SC,Sul,5-20 mil,7702.0,-0.09584564428062058
4209805,99.81533834586453,0.026992481203000514,20.0,on_track,SC,Sul,<5 mil,721.0,-0.2283735229320066
4209854,104.49926470588264,0.277205882352954,16.0,on_track,SC,Sul,<5 mil,1883.0,-0.21775547782287874
4209904,100.0,-5.584774207323182e-16,16.0,on_track,SC,Sul,5-20 mil,8557.0,-0.12883779724470007
4210001,111.9477443609037,0.69338345864664,20.0,on_track,SC,Sul,<5 mil,4163.0,-0.3051369751203424
4210035,99.98368421052628,-0.0005263157894735673,19.0,on_track,SC,Sul,<5 mil,4322.0,0.10765173898355607
4210050,107.38500000000033,0.45500000000002144,16.0,on_track,SC,Sul,<5 mil,482.0,-0.18229846103595923
4210100,100.0,1.6557240265070411e-15,20.0,on_track,SC,Sul,20-50 mil,44374.0,-0.16925829373832693
4210209,71.43112781955074,-0.6666917293232062,20.0,will_not_meet,SC,Sul,<5 mil,1320.0,-0.202860529343819
4210308,106.27147058823584,0.6680882352941507,16.0,on_track,SC,Sul,<5 mil,3250.0,-0.07542625830844348
4210407,114.69691176470565,1.0142647058823504,16.0,on_track,SC,Sul,<5 mil,4958.0,-0.025976692332486305
4210506,98.39278151380717,-0.06666547431679791,23.0,at_risk,SC,Sul,20-50 mil,21657.0,-0.1969880901972453
4210555,98.85676470588236,-0.05029411764706005,16.0,at_risk,SC,Sul,<5 mil,588.0,-0.113452606512291
4210605,102.81456253669955,0.366135391326224,18.0,on_track,SC,Sul,5-20 mil,8983.0,-0.2197959347126882
4210704,102.86764705882322,0.17205882352939894,16.0,on_track,SC,Sul,<5 mil,1260.0,-0.08829232762620728
4210803,105.12529313232801,0.35791457286431483,15.0,on_track,SC,Sul,<5 mil,3643.0,-0.29190031730132415
4210852,99.81661764705882,0.09764705882353113,16.0,on_track,SC,Sul,<5 mil,1080.0,-0.07673947866709575
4210902,100.0,-5.584774207323182e-16,16.0,on_track,SC,Sul,<5 mil,2813.0,-0.09779545629946741
4211009,96.86300751879688,-0.0545112781954914,20.0,at_risk,SC,Sul,5-20 mil,7416.0,-0.1700335418945911
4211058,91.1129390018491,-0.35231053604433665,9.0,at_risk,SC,Sul,5-20 mil,8625.0,-0.1800156969639638
4211108,106.77624060150413,0.38563909774435795,20.0,on_track,SC,Sul,<5 mil,4801.0,-0.057081274346183104
4211207,99.56235294117641,-0.007058823529415647,16.0,on_track,SC,Sul,5-20 mil,15556.0,-0.2287679456186313
4211256,0.0,-8.44302325581344,5.0,will_not_meet,SC,Sul,<5 mil,755.0,
4211306,100.84582140812839,0.10197481396680254,13.0,on_track,SC,Sul,50-100 mil,81269.0,-0.10900449776482161
4211405,110.13823529411798,0.6602941176470892,16.0,on_track,SC,Sul,<5 mil,3878.0,-0.02999744466579651
4211454,125.84090909090764,1.7227272727271745,11.0,on_track,SC,Sul,<5 mil,1552.0,-0.142434534110451
4211504,109.33761589404025,0.6109933774834603,21.0,on_track,SC,Sul,5-20 mil,11241.0,-0.14164965438919683
4211603,101.21014705882358,0.07455882352941536,16.0,on_track,SC,Sul,5-20 mil,10407.0,-0.17394382497511846
4211652,108.01161764705898,0.5576470588235528,16.0,on_track,SC,Sul,<5 mil,792.0,-0.11326363260023739
4211702,96.95375494071152,-0.09407114624505937,23.0,at_risk,SC,Sul,5-20 mil,17413.0,-0.2236734350390925
4211751,100.0,-5.584774207323182e-16,16.0,on_track,SC,Sul,5-20 mil,17502.0,-0.03222986538453139
4211801,101.46585951669033,0.09144649772070039,22.0,on_track,SC,Sul,<5 mil,4764.0,0.3966396651429943
4211850,100.0,-5.584774207323182e-16,16.0,on_track,SC,Sul,<5 mil,692.0,-0.11200442755934796
4211876,92.15568862275427,-0.3760479041916225,7.0,at_risk,SC,Sul,<5 mil,293.0,-0.18305176873119075
4211892,100.0,-5.584774207323182e-16,16.0,on_track,SC,Sul,<5 mil,945.0,-0.037875600816605286
4211900,88.9687579753296,-0.31604281865872563,19.0,will_not_meet,SC,Sul,100-500 mil,176047.0,-0.25086411127686614
4212007,101.48962406015019,0.10556390977442554,20.0,on_track,SC,Sul,<5 mil,4213.0,-0.1069313244330598
4212056,100.40338235294121,0.024852941176471674,16.0,on_track,SC,Sul,<5 mil,1042.0,-0.1709399850666882
4212106,107.45578947368301,0.4715789473683715,19.0,on_track,SC,Sul,5-20 mil,9947.0,-0.17076462986463758
4212205,97.65123363544812,-0.039350453172204085,15.0,at_risk,SC,Sul,5-20 mil,10000.0,-0.2663801647640441
4212239,113.39360902255771,0.7645864661654531,20.0,on_track,SC,Sul,<5 mil,1168.0,-0.1537098426713634
4212254,150.0,5.675714285714156,15.0,on_track,SC,Sul,5-20 mil,8214.0,-0.046401771242804785
4212270,103.89705882352888,0.23382352941174728,16.0,on_track,SC,Sul,<5 mil,1011.0,-0.08794242197354664
4212304,150.0,5.389217110572688,19.0,on_track,SC,Sul,5-20 mil,5504.0,-0.06449738239173108
4212403,13.695944285125734,-3.574108971733279,10.0,will_not_meet,SC,Sul,<5 mil,1214.0,0.017190434580102578
4212502,95.06323529411736,-0.1397058823529594,16.0,at_risk,SC,Sul,20-50 mil,31211.0,-0.053185156632615714
4212601,100.0,-5.584774207323182e-16,16.0,on_track,SC,Sul,<5 mil,1355.0,-0.09867967249121463
4212650,2.18214285714339,-1.5535714285713853,7.0,will_not_meet,SC,Sul,5-20 mil,8062.0,-0.22145399812153396
4212700,100.43338235294118,0.03985294117646973,16.0,on_track,SC,Sul,<5 mil,2131.0,-0.12567561120155768
4212809,127.2455882352956,1.7757352941177156,16.0,on_track,SC,Sul,20-50 mil,22132.0,-0.1973160387374725
4212908,103.36568627450993,0.21151960784314658,17.0,on_track,SC,Sul,5-20 mil,17592.0,0.02250821094653033
4213005,105.6783823529413,0.3498529411764865,16.0,on_track,SC,Sul,<5 mil,1964.0,-0.09478277275151968
4213104,100.29411764705878,0.017647058823527538,16.0,on_track,SC,Sul,<5 mil,2170.0,-0.10650939786386615
4213153,96.91132075471683,-0.13261455525606725,4.0,at_risk,SC,Sul,<5 mil,1169.0,
4213203,113.34259813253607,0.8137748164264369,21.0,on_track,SC,Sul,20-50 mil,29661.0,-0.14437650898836651
4213302,99.86941176470589,-0.005735294117647867,16.0,on_track,SC,Sul,<5 mil,3377.0,-0.05957192825739552
4213351,103.10808823529413,0.25073529411765133,16.0,on_track,SC,Sul,<5 mil,3119.0,-0.06563678074832426
4213401,106.77789473684265,0.48666666666669184,19.0,on_track,SC,Sul,5-20 mil,8068.0,-0.11274849316928139
4213500,113.04073908174746,0.9418365061590283,14.0,on_track,SC,Sul,20-50 mil,21186.0,-0.3032022165728319
4213609,150.0,3.7435794542535827,17.0,on_track,SC,Sul,20-50 mil,30116.0,0.03709601950106802
4213708,98.60220588235347,0.41838235294121023,16.0,at_risk,SC,Sul,5-20 mil,10946.0,-0.14825242773855304
4213807,98.83191176470591,-0.018235294117646753,16.0,at_risk,SC,Sul,<5 mil,4319.0,0.09698648230549113
4213906,100.52750000000003,0.03250000000000177,16.0,on_track,SC,Sul,<5 mil,489.0,-0.0389087790738327
4214003,100.46052631578954,0.030701754385969407,19.0,on_track,SC,Sul,5-20 mil,12719.0,-0.2617054015700892
4214102,100.0,-5.584774207323182e-16,16.0,on_track,SC,Sul,<5 mil,806.0,-0.06215006758990143
4214151,100.95279411764719,0.1216176470588318,16.0,on_track,SC,Sul,<5 mil,1074.0,-0.10219413044304332
4214201,101.38823529411768,0.08676470588235742,17.0,on_track,SC,Sul,5-20 mil,5480.0,-0.1356045991584936
4214300,125.82345864661647,1.684812030075119,20.0,on_track,SC,Sul,<5 mil,1360.0,0.11232347260040568
4214409,100.0,-5.584774207323182e-16,16.0,on_track,SC,Sul,<5 mil,2765.0,-0.13011089229583547
4214508,100.0,-5.584774207323182e-16,16.0,on_track,SC,Sul,<5 mil,2493.0,-0.1452386843157644
4214607,101.02397058823536,0.06308823529411973,16.0,on_track,SC,Sul,<5 mil,3611.0,-0.12631337603832216
4214706,102.79609022556443,0.1658646616541524,20.0,on_track,SC,Sul,5-20 mil,5931.0,-0.24642536223757835
4214805,100.0821052631579,0.006842105263158334,20.0,on_track,SC,Sul,50-100 mil,67672.0,-0.2780816917940243
4214904,102.9788235294119,0.18352941176471363,16.0,on_track,SC,Sul,<5 mil,1586.0,-0.14169557234379737
4215000,99.51530208921514,-0.009824957651046335,22.0,on_track,SC,Sul,20-50 mil,38937.0,-0.055715879741749186
4215059,99.80388059701494,-0.004477611940296123,10.0,on_track,SC,Sul,<5 mil,702.0,0.3966301539164384
4215075,102.32992481202987,0.16511278195486956,20.0,on_track,SC,Sul,<5 mil,2015.0,-0.12793419996773556
4215109,110.1930827067672,1.4603759398496103,20.0,on_track,SC,Sul,5-20 mil,10050.0,-0.16260030309583895
4215208,101.4078195488726,0.0782706766917481,20.0,on_track,SC,Sul,<5 mil,1658.0,-0.13922191371686338
4215307,100.0,-5.584774207323182e-16,16.0,on_track,SC,Sul,5-20 mil,5193.0,-0.07453219110000522
4215356,101.3652941176471,0.08411764705882761,16.0,on_track,SC,Sul,<5 mil,1181.0,-0.10298373511218853
4215406,100.10526315789475,0.0070175438596511725,19.0,on_track,SC,Sul,<5 mil,3790.0,-0.11474953587286531
4215455,62.521187175046634,-1.5579939341419788,15.0,will_not_meet,SC,Sul,5-20 mil,6130.0,0.06011037085320085
4215505,99.67421052631565,0.13035087719297733,19.0,on_track,SC,Sul,5-20 mil,14744.0,-0.10760710536498969
4215554,103.40769230769246,0.2384615384615483,13.0,on_track,SC,Sul,<5 mil,806.0,0.15932163241034128
4215604,101.02264705882348,0.06205882352940926,16.0,on_track,SC,Sul,<5 mil,540.0,-0.20958702135098706
4215653,107.77582417582425,0.497802197802203,13.0,on_track,SC,Sul,<5 mil,3906.0,-0.0214580368962375
4215679,115.52073529411769,0.9577941176470781,16.0,on_track,SC,Sul,<5 mil,1512.0,-0.022871441646053196
4215687,101.05054945054945,0.15494505494505492,13.0,on_track,SC,Sul,<5 mil,431.0,0.46086067935280706
4215695,105.2124798278652,0.37369553523405225,12.0,on_track,SC,Sul,<5 mil,537.0,0.1778392481779709
4215703,101.3504761904762,0.08649350649350951,21.0,on_track,SC,Sul,5-20 mil,18054.0,-0.48239438906909643
4215752,129.6514285714302,1.9142857142857121,15.0,on_track,SC,Sul,<5 mil,601.0,-0.08960773900215772
4215802,96.19233333333324,-0.1309999999999994,24.0,at_risk,SC,Sul,50-100 mil,82201.0,-0.09731146986937511
4215901,100.0,1.6557240265070411e-15,20.0,on_track,SC,Sul,<5 mil,636.0,-0.2345129348207752
4216008,103.92014705882366,0.2420588235294225,16.0,on_track,SC,Sul,5-20 mil,7683.0,-0.16446915290554992
4216057,105.28985294117683,0.33794117647060656,16.0,on_track,SC,Sul,<5 mil,4281.0,0.12217820187288464
4216107,100.00000000000001,5.1517568272295865e-17,18.0,on_track,SC,Sul,5-20 mil,6267.0,-0.005979867229593441
4216206,107.57309368627216,0.6280858890799277,22.0,on_track,SC,Sul,50-100 mil,50849.0,-0.001240085237720995
4216255,105.43605015673904,0.4882445141065475,10.0,on_track,SC,Sul,<5 mil,2255.0,0.09029323351587218
4216305,100.30995327102805,0.01808411214953327,16.0,on_track,SC,Sul,20-50 mil,35622.0,-0.29217317167948825
4216354,125.62744360902252,2.413834586466056,20.0,on_track,SC,Sul,<5 mil,2121.0,-0.10998960583081806
4216404,60.907941176470786,-0.3438235294117594,16.0,will_not_meet,SC,Sul,<5 mil,1646.0,-0.15417554132248082
4216503,103.15238231506638,0.16246244097867554,23.0,on_track,SC,Sul,5-20 mil,19351.0,-0.11637968518278731
4216602,102.76857142857145,0.16220779220779943,21.0,on_track,SC,Sul,100-500 mil,250692.0,-0.20563711055001482
4216701,99.79654135338345,0.00518796992481072,20.0,on_track,SC,Sul,5-20 mil,8525.0,-0.2127476316924191
4216800,107.4470588235298,0.5213235294117862,16.0,on_track,SC,Sul,<5 mil,2164.0,-0.06648455256655281
4216909,101.07894736842124,0.07192982456141461,19.0,on_track,SC,Sul,5-20 mil,18978.0,-0.07704672207661517
4217006,102.09882352941182,0.15602941176471152,16.0,on_track,SC,Sul,5-20 mil,12459.0,-0.1006413583281273
4217105,76.06764705882446,-0.09044117647054371,16.0,will_not_meet,SC,Sul,<5 mil,1213.0,-0.16778345523178076
4217154,99.59777632439523,0.137998691955542,10.0,on_track,SC,Sul,<5 mil,414.0,0.397658177959357
4217204,107.29082706766894,1.0437593984961886,20.0,on_track,SC,Sul,20-50 mil,36428.0,-0.1702887450556238
4217253,99.99999999999997,-2.913897335501044e-15,11.0,on_track,SC,Sul,<5 mil,4793.0,-0.0973167189980846
4217303,100.69440559440544,0.0482517482517415,12.0,on_track,SC,Sul,5-20 mil,5611.0,0.06365437490087249
4217402,117.60215528663593,1.274772546594814,18.0,on_track,SC,Sul,20-50 mil,20224.0,-0.26255445479229966
4217501,105.10808823529464,0.575735294117665,16.0,on_track,SC,Sul,5-20 mil,12047.0,-0.11466029620678722
4217550,99.52527472527457,0.05824175824175048,13.0,on_track,SC,Sul,<5 mil,1815.0,0.009526276776318236
4217600,116.49823529411742,1.0152941176470567,16.0,on_track,SC,Sul,5-20 mil,10962.0,-0.11120661496198142
4217709,149.407308276388,3.9186598329536473,17.0,on_track,SC,Sul,20-50 mil,22937.0,-0.10510867555308655
4217758,100.22433380084149,0.016760168302942205,11.0,on_track,SC,Sul,<5 mil,872.0,0.14800366217646926
4217808,100.60808823529416,0.03823529411764819,16.0,on_track,SC,Sul,5-20 mil,10724.0,-0.1385939644131137
4217907,100.0,-5.584774207323182e-16,16.0,on_track,SC,Sul,<5 mil,4969.0,-0.141240365276862
4217956,100.22363636363636,0.01636363636363706,11.0,on_track,SC,Sul,<5 mil,314.0,0.43077474591587844
4218004,95.14157971014487,-0.2111739130434781,24.0,at_risk,SC,Sul,20-50 mil,33501.0,0.03021545302721767
4218103,96.63526315789454,-0.13491228070176037,19.0,at_risk,SC,Sul,<5 mil,1855.0,-0.11779250278241453
4218202,103.51227414068416,0.2301832086729901,21.0,on_track,SC,Sul,20-50 mil,42623.0,-0.44266000594701493
4218251,103.87573529411753,0.23529411764705332,16.0,on_track,SC,Sul,<5 mil,4559.0,-0.11766713211070484
4218301,150.0,3.677478660538414,16.0,on_track,SC,Sul,5-20 mil,16489.0,-0.14509048400872998
4218350,89.1206047032473,-0.4154535274355991,14.0,at_risk,SC,Sul,<5 mil,2080.0,0.0768000487762471
4218400,82.91808823529445,-0.11926470588233637,16.0,will_not_meet,SC,Sul,<5 mil,3514.0,-0.1607497075842524
4218509,105.60352941176495,0.3444117647058947,16.0,on_track,SC,Sul,5-20 mil,6051.0,-0.11536508066257123
4218608,102.3272058823531,0.14338235294118337,16.0,on_track,SC,Sul,<5 mil,4697.0,-0.21463382789235938
4218707,102.762857142857,0.22857142857141047,15.0,on_track,SC,Sul,50-100 mil,97071.0,-0.08001094385297026
4218756,15.932232346241108,-3.6152619589976362,10.0,will_not_meet,SC,Sul,<5 mil,1379.0,0.10006764120314746
4218806,113.01735294117702,0.9079411764706311,16.0,on_track,SC,Sul,5-20 mil,8734.0,-0.060135392344300743
4218855,99.99999999999999,-6.782439193547243e-16,11.0,on_track,SC,Sul,<5 mil,899.0,0.18714292596367754
4218905,112.75088235294083,1.0548529411764873,16.0,on_track,SC,Sul,5-20 mil,7470.0,-0.04010960361958678
4218954,103.8576470588236,0.24205882352941735,16.0,on_track,SC,Sul,<5 mil,1218.0,-0.11424615974934696
4219002,88.88248229287046,-0.5210961950254293,23.0,will_not_meet,SC,Sul,5-20 mil,12079.0,-0.2572841320259342
4219101,103.32014705882375,0.20455882352942042,16.0,on_track,SC,Sul,<5 mil,1839.0,-0.10676519021937976
4219150,100.23085553997166,0.0711079943898836,11.0,on_track,SC,Sul,<5 mil,762.0,-0.2707482854555122
4219176,99.99999999999997,1.1330190698357442e-16,19.0,on_track,SC,Sul,<5 mil,2464.0,-0.44327302641936805
4219200,100.0,-5.584774207323182e-16,16.0,on_track,SC,Sul,<5 mil,1801.0,-0.12481886841393779
4219309,101.98526315789485,0.11859649122807911,19.0,on_track,SC,Sul,20-50 mil,49174.0,-0.24226179267076092
4219358,102.44894736842105,0.15070175438596567,19.0,on_track,SC,Sul,<5 mil,1362.0,-0.15104072367380614
4219408,101.45838235294121,0.08985294117647431,16.0,on_track,SC,Sul,<5 mil,946.0,-0.1447623575313365
4219507,83.5654887218036,0.7967669172931703,20.0,will_not_meet,SC,Sul,20-50 mil,46383.0,-0.17444335391018279
4219606,98.42544117647105,0.4086764705882662,16.0,at_risk,SC,Sul,<5 mil,1045.0,-0.10473288306569645
4219705,100.84558823529417,0.08823529411764842,16.0,on_track,SC,Sul,20-50 mil,23854.0,-0.10522887413232702
4219853,98.37833037300169,-0.06749555950267284,10.0,at_risk,SC,Sul,<5 mil,2680.0,-0.1542169628772129
4220000,101.3600000000003,0.13272727272729581,10.0,on_track,SC,Sul,5-20 mil,12031.0,
4300034,136.3278516057644,2.107253599114283,17.0,on_track,RS,Sul,<5 mil,1200.0,-0.17825136126263025
4300059,108.10617647058871,0.583970588235303,16.0,on_track,RS,Sul,<5 mil,1453.0,-0.16689804641587
4300109,100.00400903444385,0.008865047995482028,22.0,on_track,RS,Sul,5-20 mil,6733.0,-0.2982388704721014
4300208,100.19352941176473,0.014411764705883337,16.0,on_track,RS,Sul,<5 mil,3936.0,-0.09266500834867256
4300307,99.99999999999997,1.1330190698357442e-16,19.0,on_track,RS,Sul,<5 mil,1755.0,-0.28428652997678205
4300406,103.45624060150305,0.40563909774431645,20.0,on_track,RS,Sul,50-100 mil,64970.0,-0.29389670788974936
4300455,100.32069608452457,0.03132380360472436,10.0,on_track,RS,Sul,<5 mil,1211.0,0.05884205710714428
4300471,126.44000000000142,2.240000000000196,5.0,on_track,RS,Sul,<5 mil,791.0,0.0
4300505,99.99999999999997,1.1330190698357442e-16,19.0,on_track,RS,Sul,<5 mil,1621.0,-0.240893619954972
4300554,110.43102941176494,0.7394117647058946,16.0,on_track,RS,Sul,<5 mil,639.0,-0.19237678888790208
4300570,100.6143459915612,0.038818565400844524,11.0,on_track,RS,Sul,<5 mil,851.0,0.13877073421661487
4300604,95.51699145299143,-0.02458119658119818,26.0,at_risk,RS,Sul,100-500 mil,212352.0,-0.14444062989026307
4300638,70.95779411764738,-0.8383823529411806,16.0,will_not_meet,RS,Sul,<5 mil,2096.0,-0.06027865507525186
4300646,102.70720588235304,0.19588235294118286,16.0,on_track,RS,Sul,<5 mil,3849.0,-0.06069111463003907
4300661,100.0,-2.613960957985269e-16,6.0,on_track,RS,Sul,<5 mil,551.0,0.2189382375251173
4300703,93.86201963716718,-0.1875479550035847,20.0,at_risk,RS,Sul,<5 mil,2288.0,-0.18954544331716436
4300802,101.74911764705891,0.12014705882353356,16.0,on_track,RS,Sul,5-20 mil,9385.0,-0.26264521770088994
4300851,108.15941176470562,0.5392647058823344,16.0,on_track,RS,Sul,<5 mil,2795.0,-0.14836234120176256
4300877,,,0.0,,RS,Sul,<5 mil,4268.0,
4300901,99.74132059800638,0.17537375415280157,17.0,on_track,RS,Sul,<5 mil,3104.0,-0.2509355364899895
4301008,112.7308221534222,1.2497420020639805,18.0,on_track,RS,Sul,5-20 mil,16488.0,-0.4149487935105157
4301057,93.7382352941163,1.0227941176470097,16.0,at_risk,RS,Sul,5-20 mil,10170.0,-0.17149333108823703
4301073,108.40549450549429,0.7032967032966911,13.0,on_track,RS,Sul,<5 mil,493.0,
4301107,103.26426470588228,0.2097058823529419,16.0,on_track,RS,Sul,5-20 mil,13523.0,0.038998470184730294
4301206,100.57691176470591,0.041764705882354446,16.0,on_track,RS,Sul,5-20 mil,6341.0,-0.15569634738213503
4301305,103.2715555555555,0.20731623931623694,26.0,on_track,RS,Sul,5-20 mil,15837.0,-0.24587259627452498
4301404,99.99999999999994,-3.2329156420407523e-16,21.0,on_track,RS,Sul,5-20 mil,6394.0,-0.22451423001469853
4301503,99.80447482908646,0.001367308887512599,10.0,on_track,RS,Sul,<5 mil,3373.0,0.03003464960711782
4301552,103.68699248120265,0.5745112781954486,20.0,on_track,RS,Sul,<5 mil,1475.0,-0.2720631092908365
4301602,95.27555254427347,-0.24155880566329702,22.0,at_risk,RS,Sul,100-500 mil,101719.0,0.08634170937664923
4301636,58.250588235293264,0.07823529411760573,16.0,will_not_meet,RS,Sul,5-20 mil,14493.0,-0.15321004640175126
4301651,102.47411764705885,1.2076470588235726,16.0,on_track,RS,Sul,<5 mil,3224.0,-0.1883534551034007
4301701,101.09250000000009,0.07750000000000416,16.0,on_track,RS,Sul,<5 mil,4019.0,-0.1650701589184104
4301750,103.22205882352955,0.23382352941177237,16.0,on_track,RS,Sul,<5 mil,750.0,-0.2454393049153973
4301800,100.3135294117647,0.02441176470588324,16.0,on_track,RS,Sul,<5 mil,2969.0,-0.2159447062517571
4301859,100.0,-5.584774207323182e-16,16.0,on_track,RS,Sul,<5 mil,1450.0,0.148058651674502
4301875,104.33021871539222,0.5366971207086849,17.0,on_track,RS,Sul,<5 mil,3000.0,-0.01724130094693338
4301909,108.17999999999984,0.5525000000000054,16.0,on_track,RS,Sul,5-20 mil,10064.0,-0.22164094788291905
4301925,100.60393772893738,0.12197802197799842,12.0,on_track,RS,Sul,<5 mil,326.0,0.21317401646387424
4301958,102.10307443365673,0.1936893203883472,12.0,on_track,RS,Sul,<5 mil,1648.0,-0.025065321241808207
4302006,102.20781954887212,0.1982706766917183,20.0,on_track,RS,Sul,<5 mil,3542.0,-0.338974740119888
4302055,,,0.0,,RS,Sul,<5 mil,249.0,
4302105,0.0,-8.079897435896616,26.0,will_not_meet,RS,Sul,100-500 mil,113671.0,-0.39220796098009
4302154,98.97234042553195,-0.045744680851060766,6.0,at_risk,RS,Sul,<5 mil,875.0,0.03118346447871752
4302204,100.0,-5.584774207323182e-16,16.0,on_track,RS,Sul,<5 mil,4458.0,-0.16802901931903236
4302220,99.69498834498813,0.024475524475515365,12.0,on_track,RS,Sul,<5 mil,477.0,0.021225125994567346
4302238,99.8488888888889,-0.00666666666666672,9.0,on_track,RS,Sul,<5 mil,785.0,-0.10395815556960304
4302253,100.0,-2.613960957985269e-16,6.0,on_track,RS,Sul,<5 mil,391.0,
4302303,100.76157894736858,0.07912280701755404,19.0,on_track,RS,Sul,5-20 mil,8407.0,-0.18912228908293344
4302352,119.07514705882659,2.4195588235295458,16.0,on_track,RS,Sul,5-20 mil,11271.0,-0.21022455926110356
4302378,100.14725274725274,0.00989010989010751,14.0,on_track,RS,Sul,<5 mil,915.0,-0.12610193754504148
4302402,100.67254901960789,0.05098039215686678,17.0,on_track,RS,Sul,5-20 mil,9941.0,-0.1799909418116937
4302451,100.64926470588236,0.05220588235294173,16.0,on_track,RS,Sul,<5 mil,1676.0,-0.18944766731002022
4302501,104.97485294117666,0.38044117647060777,16.0,on_track,RS,Sul,<5 mil,3281.0,-0.13173215552883244
4302584,99.98131868131867,0.03186813186812978,13.0,on_track,RS,Sul,<5 mil,600.0,-0.048076250129496956
4302600,111.08985294117701,0.8254411764706138,16.0,on_track,RS,Sul,<5 mil,2016.0,-0.06646352121480337
4302659,98.06423550087871,-0.056678383128297594,12.0,at_risk,RS,Sul,<5 mil,2520.0,-0.48796825097617097
4302709,102.10239479512711,0.1467469545957765,17.0,on_track,RS,Sul,5-20 mil,19858.0,-0.16102903263397472
4302808,98.95567476002263,-0.010050818746469972,22.0,at_risk,RS,Sul,20-50 mil,25249.0,-0.219143850690161
4302907,82.6786666666668,-0.35220512820512695,26.0,will_not_meet,RS,Sul,5-20 mil,10742.0,-0.24926273516003425
4303004,100.45563909774417,0.08654135338344571,20.0,on_track,RS,Sul,50-100 mil,69754.0,-0.2860151586081065
4303103,77.37894481307399,-0.9349328370287355,23.0,will_not_meet,RS,Sul,100-500 mil,132144.0,-0.253982345397267
4303202,100.24647058823533,0.018088235294118477,16.0,on_track,RS,Sul,<5 mil,1700.0,-0.1655169236999483
4303301,99.99999999999994,-3.2329156420407523e-16,21.0,on_track,RS,Sul,<5 mil,2661.0,-0.15261773340229012
4303400,106.71602941176502,0.44441176470590144,16.0,on_track,RS,Sul,<5 mil,1464.0,-0.18067458842163708
4303509,99.26278938452852,0.05753811405985332,22.0,on_track,RS,Sul,50-100 mil,52440.0,-0.2287421826855895
4303558,83.18351648351677,-0.7752747252747165,13.0,will_not_meet,RS,Sul,<5 mil,1162.0,-0.08763748264135206
4303608,116.44970588235356,1.285882352941232,16.0,on_track,RS,Sul,<5 mil,2967.0,-0.17545682087381306
4303673,60.520735294117685,0.2452941176470636,16.0,will_not_meet,RS,Sul,<5 mil,1290.0,-0.17564969696415475
4303707,99.96952380952376,0.0020779220779217045,21.0,on_track,RS,Sul,<5 mil,1905.0,-0.24389854180285192
4303806,101.37000000000002,0.11000000000000186,16.0,on_track,RS,Sul,<5 mil,4153.0,-0.15614195329759362
4303905,63.814202898550775,-1.1082608695652107,24.0,will_not_meet,RS,Sul,50-100 mil,66794.0,-0.420538270609716
4304002,102.57441176470579,0.17176470588234904,16.0,on_track,RS,Sul,<5 mil,3216.0,-0.13264194835643606
4304101,100.37794117647061,0.028676470588236493,16.0,on_track,RS,Sul,<5 mil,1879.0,-0.10940910355452826
4304200,98.38704318936851,0.10199335548171065,17.0,at_risk,RS,Sul,5-20 mil,16394.0,-0.24292809179339606
4304309,100.0,-5.584774207323182e-16,16.0,on_track,RS,Sul,<5 mil,1725.0,-0.18139588803115547
4304358,49.30738993710747,-2.1092767295598414,7.0,will_not_meet,RS,Sul,<5 mil,2875.0,
4304408,100.33088235294115,0.019852941176469303,16.0,on_track,RS,Sul,20-50 mil,41976.0,-0.13720651860786937
4304507,99.80095238095234,0.0723376623376654,21.0,on_track,RS,Sul,20-50 mil,20844.0,-0.18521268677116873
4304606,102.99596581196573,0.22259829059828787,26.0,on_track,RS,Sul,100-500 mil,349728.0,-0.2823272500425023
4304614,115.97857142857356,2.595748299319745,10.0,on_track,RS,Sul,<5 mil,385.0,0.34480961415980893
4304622,100.17142857142852,0.01428571428571266,8.0,on_track,RS,Sul,<5 mil,463.0,0.20280693381485534
4304630,108.42800137598874,0.738493292053672,18.0,on_track,RS,Sul,50-100 mil,54678.0,-0.28650849552390184
4304655,100.90000000000012,0.058064516129036604,3.0,on_track,RS,Sul,<5 mil,572.0,-0.2513228626976185
4304663,111.69428571428625,0.9438961038961241,21.0,on_track,RS,Sul,20-50 mil,23454.0,0.0073602656741785935
4304671,107.52323529411728,1.0152941176470593,16.0,on_track,RS,Sul,<5 mil,3980.0,-0.24369568838149522
4304689,39.70088235294105,0.19235294117646784,16.0,will_not_meet,RS,Sul,5-20 mil,7255.0,-0.07761577906603287
4304697,103.25494505494493,0.2214285714285636,13.0,on_track,RS,Sul,<5 mil,1205.0,-0.016950051996560734
4304705,99.8919819311124,0.08226990400903526,22.0,on_track,RS,Sul,50-100 mil,61293.0,-0.176637131969915
4304713,120.39737335835662,1.4106003752348804,12.0,on_track,RS,Sul,<5 mil,1219.0,0.0612685370878593
4304804,103.18338235294124,0.23985294117647984,16.0,on_track,RS,Sul,20-50 mil,24308.0,-0.26391945783143045
4304853,,,0.0,,RS,Sul,,,
4304903,100.82450980392176,0.11593137254903056,17.0,on_track,RS,Sul,5-20 mil,5337.0,-0.3922336991244589
4304952,100.71941176470591,0.05676470588235377,16.0,on_track,RS,Sul,<5 mil,1597.0,-0.14703978197561912
4305009,100.88441176470587,0.06426470588235259,16.0,on_track,RS,Sul,5-20 mil,5553.0,-0.17639574654829646
4305108,100.76725709151638,0.07300731613401842,24.0,on_track,RS,Sul,500 mil+,504288.0,0.026201261974409595
4305116,99.99999999999997,1.0868555370787022e-15,6.0,on_track,RS,Sul,<5 mil,917.0,0.2671694119381438
4305124,100.53233082706737,0.23150375939847584,20.0,on_track,RS,Sul,<5 mil,3515.0,-0.08880932679702627
4305132,94.69670329670333,-0.1950549450549474,13.0,at_risk,RS,Sul,<5 mil,1350.0,0.22289403067410232
4305157,100.00000000000026,2.294358549970857e-14,3.0,on_track,RS,Sul,<5 mil,783.0,0.983226149396034
4305173,49.3257352941182,-1.014705882352921,16.0,will_not_meet,RS,Sul,<5 mil,3043.0,-0.07052103891868192
4305207,99.8085714285714,0.012077922077922592,21.0,on_track,RS,Sul,5-20 mil,11330.0,-0.2274791820347946
4305306,103.72176470588283,0.44470588235296354,16.0,on_track,RS,Sul,5-20 mil,5474.0,-0.16745955589803138
4305355,104.27514492753642,0.37695652173913063,24.0,on_track,RS,Sul,20-50 mil,40725.0,-0.4508376107144161
4305371,99.7212121212124,0.025874125874144147,12.0,on_track,RS,Sul,<5 mil,552.0,0.1719519679001537
4305405,100.17894736842103,0.011578947368421954,20.0,on_track,RS,Sul,<5 mil,2250.0,-0.24436409168319953
4305439,103.1660902255635,0.22586466165410962,20.0,on_track,RS,Sul,5-20 mil,6578.0,-0.29476247507174314
4305447,150.0,4.125340768277575,18.0,on_track,RS,Sul,<5 mil,305.0,0.16329139596904507
4305454,102.4017887856898,0.27461300309598174,18.0,on_track,RS,Sul,5-20 mil,16353.0,-0.2582905427192693
4305504,101.69500000000008,0.1475000000000037,16.0,on_track,RS,Sul,<5 mil,2378.0,-0.21147545059710593
4305587,98.561111111111,0.01111111111110512,8.0,at_risk,RS,Sul,<5 mil,1126.0,
4305603,105.95500000000027,0.402500000000012,16.0,on_track,RS,Sul,<5 mil,1604.0,-0.18797418140304073
4305702,100.0,-5.584774207323182e-16,16.0,on_track,RS,Sul,<5 mil,4166.0,-0.06838690092433602
4305801,100.0,-5.584774207323182e-16,16.0,on_track,RS,Sul,5-20 mil,6611.0,-0.13135274121086896
4305835,100.00000000000001,-2.5059283630485117e-17,13.0,on_track,RS,Sul,<5 mil,275.0,0.0
4305850,112.00246305418659,0.872906403940797,11.0,on_track,RS,Sul,<5 mil,834.0,-0.2839453566343402
4305871,99.82048192771089,-0.010843373493972078,4.0,on_track,RS,Sul,<5 mil,1121.0,
4305900,100.6157894736843,0.050877192982463786,19.0,on_track,RS,Sul,<5 mil,4718.0,-0.1677434856979919
4305934,100.0,-5.408682759582809e-16,9.0,on_track,RS,Sul,<5 mil,162.0,
4305959,104.24470588235363,0.6958823529412205,16.0,on_track,RS,Sul,<5 mil,1999.0,-0.20465377565753698
4305975,96.55010989010998,-0.13010989010988208,14.0,at_risk,RS,Sul,<5 mil,1681.0,0.07312935444567656
4306007,99.99999999999997,1.1330190698357442e-16,19.0,on_track,RS,Sul,5-20 mil,5770.0,-0.2929208517235346
4306056,99.77999999999994,-0.002857142857142959,21.0,on_track,RS,Sul,<5 mil,4548.0,-0.15368384123405657
4306072,,,2.0,,RS,Sul,<5 mil,937.0,
4306106,99.91355166572559,0.006662902315075709,22.0,on_track,RS,Sul,50-100 mil,57450.0,-0.229211711094217
4306130,99.99999999999994,1.7572756439800528e-15,12.0,on_track,RS,Sul,<5 mil,403.0,0.24511584194903416
4306205,101.49901960784428,0.6031862745098683,17.0,on_track,RS,Sul,5-20 mil,7559.0,-0.11971826797201862
4306304,103.31705882352963,0.21882352941177535,16.0,on_track,RS,Sul,<5 mil,1932.0,-0.2870158702474999
4306320,100.0,-5.584774207323182e-16,16.0,on_track,RS,Sul,<5 mil,768.0,-0.05905740332759541
4306353,100.00000000000004,2.9967573847751517e-15,8.0,on_track,RS,Sul,<5 mil,542.0,-0.002821290941499769
4306379,112.84666666666544,1.0633333333332922,9.0,on_track,RS,Sul,<5 mil,967.0,0.5223644401968942
4306403,96.17353623188399,0.10773913043477691,24.0,at_risk,RS,Sul,20-50 mil,33187.0,-0.36909809703186974
4306429,104.05087336244537,0.31724890829694424,7.0,on_track,RS,Sul,<5 mil,1010.0,0.194087005437141
4306452,99.12263157894738,-0.045263157894733286,6.0,on_track,RS,Sul,<5 mil,1627.0,
4306502,91.73367647058859,0.016470588235311192,16.0,at_risk,RS,Sul,<5 mil,3607.0,-0.15909749427281986
4306551,59.43428571429149,-1.5114285714281883,6.0,will_not_meet,RS,Sul,<5 mil,732.0,1.1791250292998734
4306601,97.87238095238104,0.050259740259746964,21.0,at_risk,RS,Sul,20-50 mil,34642.0,-0.1835528856044377
4306700,110.13823529411707,0.7227941176470501,16.0,on_track,RS,Sul,<5 mil,1866.0,-0.1529863110874231
4306734,114.47235294117627,1.3854411764706187,16.0,on_track,RS,Sul,<5 mil,2159.0,-0.13660840718677927
4306759,98.91130952380948,0.013928571428566665,15.0,at_risk,RS,Sul,<5 mil,671.0,0.12117166818856479
4306767,68.9844347826081,-0.8501304347826107,24.0,will_not_meet,RS,Sul,20-50 mil,38107.0,-0.3446895343842888
4306809,101.57156862745109,0.12769607843138198,17.0,on_track,RS,Sul,20-50 mil,20091.0,-0.30594305984857123
4306908,99.15864661654112,0.0420300751879588,20.0,on_track,RS,Sul,5-20 mil,18169.0,-0.19531073136885563
4306924,106.48136645962643,0.4591442374050432,10.0,on_track,RS,Sul,<5 mil,366.0,0.21857563985149714
4306932,101.94823529411775,0.14029411764706357,16.0,on_track,RS,Sul,<5 mil,4571.0,-0.07531193692699896
4306957,100.2764705882353,0.0205882352941191,16.0,on_track,RS,Sul,<5 mil,1884.0,-0.06870450549652737
4306973,100.0,1.6557240265070411e-15,20.0,on_track,RS,Sul,<5 mil,1963.0,-0.24445338164783734
4307005,100.2798418972332,0.022134387351777453,22.0,on_track,RS,Sul,100-500 mil,101183.0,-0.33701661380911196
4307054,57.64891891891875,-1.9462162162162782,6.0,will_not_meet,RS,Sul,<5 mil,1716.0,
4307104,99.8366917293233,0.004962406015037243,20.0,on_track,RS,Sul,<5 mil,4555.0,-0.16397773677537572
4307203,107.76985294117662,0.5154411764706113,16.0,on_track,RS,Sul,<5 mil,2490.0,-0.1635145475301695
4307302,119.94117647058829,1.6889705882353265,16.0,on_track,RS,Sul,<5 mil,2922.0,-0.18197704972074996
4307401,102.96911764705908,0.35514705882354786,16.0,on_track,RS,Sul,<5 mil,2211.0,-0.17459555124094792
4307450,100.16337687469763,0.01436865021770699,12.0,on_track,RS,Sul,<5 mil,734.0,0.055717470148774484
4307500,99.15037593984914,0.12443609022553578,20.0,on_track,RS,Sul,5-20 mil,11390.0,-0.24398546009993208
4307559,106.09676470588192,0.3822058823529267,16.0,on_track,RS,Sul,5-20 mil,5045.0,-0.16225293855006206
4307609,86.97472463768122,0.4437826086956526,24.0,will_not_meet,RS,Sul,20-50 mil,49979.0,-0.33850742862488736
4307708,99.61584057971015,0.03134782608695726,24.0,on_track,RS,Sul,50-100 mil,83236.0,-0.34097903489800796
4307807,97.76774436090203,0.0033834586466059873,20.0,at_risk,RS,Sul,20-50 mil,29341.0,-0.3362356134619239
4307815,99.80989010989009,0.05439560439560311,13.0,on_track,RS,Sul,<5 mil,1173.0,0.08260715109384213
4307864,100.0,-5.584774207323182e-16,16.0,on_track,RS,Sul,<5 mil,1379.0,-0.21974393164838327
4307906,100.05894736842109,0.016842105263160993,19.0,on_track,RS,Sul,50-100 mil,63811.0,-0.45057296147393355
4308003,100.0,-5.584774207323182e-16,16.0,on_track,RS,Sul,<5 mil,4162.0,-0.18501909844921388
4308052,100.0,-5.584774207323182e-16,16.0,on_track,RS,Sul,<5 mil,1119.0,-0.07902300296976673
4308078,136.65602409638632,3.2614457831325403,6.0,on_track,RS,Sul,<5 mil,2548.0,-0.013568664212591883
4308102,117.58725490196184,1.3811274509804554,17.0,on_track,RS,Sul,5-20 mil,10459.0,-0.372420769238166
4308201,81.05596581196596,-0.966632478632473,26.0,will_not_meet,RS,Sul,20-50 mil,24104.0,-0.41948832271898545
4308250,100.00000000000001,-2.5059283630485117e-17,13.0,on_track,RS,Sul,<5 mil,247.0,0.04003282685755325
4308300,100.00000000000001,-1.508613329084273e-15,22.0,on_track,RS,Sul,<5 mil,3894.0,-0.2086101805541617
4308409,100.17970588235295,0.013382352941176153,16.0,on_track,RS,Sul,<5 mil,2593.0,-0.17455836494297758
4308433,100.00000000000004,3.2957675486154347e-15,9.0,on_track,RS,Sul,<5 mil,451.0,
4308458,109.25426470588263,0.7547058823529549,16.0,on_track,RS,Sul,<5 mil,2782.0,-0.12692135462724585
4308508,99.91485036702429,0.0014680971202700992,22.0,on_track,RS,Sul,20-50 mil,25624.0,-0.22233001474136593
4308607,103.60191176470602,0.24176470588236362,16.0,on_track,RS,Sul,20-50 mil,31737.0,-0.3012896710462931
4308656,99.16400966183573,-0.030676328502416937,8.0,on_track,RS,Sul,<5 mil,932.0,-0.06866800107888056
4308706,100.0,-5.584774207323182e-16,16.0,on_track,RS,Sul,<5 mil,3148.0,-0.20722775700878873
4308805,108.5419117647059,0.5867647058823728,16.0,on_track,RS,Sul,<5 mil,4903.0,-0.20350629680529467
4308854,109.02600258732173,0.6313712807244355,11.0,on_track,RS,Sul,<5 mil,698.0,-0.06884224023027838
4308904,99.99353383458642,0.009699248120299545,20.0,on_track,RS,Sul,5-20 mil,13865.0,-0.2811968169574513
4309001,100.12801771871538,0.011074197120707998,17.0,on_track,RS,Sul,5-20 mil,11890.0,-0.21752208702052367
4309050,98.74333333333331,-0.06499999999999966,24.0,at_risk,RS,Sul,<5 mil,2491.0,-0.3138611907652645
4309100,100.0,-5.584774207323182e-16,16.0,on_track,RS,Sul,20-50 mil,33140.0,-0.06222100258457375
4309126,104.94641909814277,0.37135278514583503,6.0,on_track,RS,Sul,<5 mil,472.0,0.0
4309159,122.14861821903605,1.5246673490275222,11.0,on_track,RS,Sul,<5 mil,583.0,0.16658330203903418
4309209,130.94711594203,2.3085652173912865,24.0,on_track,RS,Sul,100-500 mil,271978.0,-0.37893110910455635
4309258,101.48681318681315,0.10439560439560175,13.0,on_track,RS,Sul,<5 mil,683.0,0.04578692925945293
4309308,96.9698803418804,0.061094017094019425,26.0,at_risk,RS,Sul,50-100 mil,96121.0,-0.3104315765550099
4309407,100.21238095238095,0.05012987012987259,21.0,on_track,RS,Sul,20-50 mil,23909.0,-0.28296052173444103
4309506,99.99999999999994,-3.2329156420407523e-16,21.0,on_track,RS,Sul,<5 mil,4582.0,-0.22804645474616453
4309555,123.32033351264045,1.4499731038191686,12.0,on_track,RS,Sul,<5 mil,2839.0,-0.1833325608456686
4309571,109.48785046728517,0.7668224299062578,9.0,on_track,RS,Sul,<5 mil,392.0,-0.04719538011373019
4309605,100.0,1.6557240265070411e-15,20.0,on_track,RS,Sul,5-20 mil,15441.0,-0.44037046007176106
4309654,0.0,-5.240436590436404,9.0,will_not_meet,RS,Sul,<5 mil,3319.0,-0.1591869629214308
4309704,100.0,-5.584774207323182e-16,16.0,on_track,RS,Sul,<5 mil,2789.0,-0.12889396227575997
4309753,99.32000000000018,0.05272727272728518,10.0,on_track,RS,Sul,<5 mil,1058.0,0.0
4309803,99.99864661654135,0.0020300751879700307,20.0,on_track,RS,Sul,<5 mil,2837.0,-0.31182504368225694
4309902,100.9719117647059,0.07676470588235457,16.0,on_track,RS,Sul,<5 mil,3868.0,-0.2231769667700821
4309951,100.01886792452825,0.0037735849056568615,5.0,on_track,RS,Sul,<5 mil,2348.0,
4310009,100.39120300751863,0.08819548872179375,20.0,on_track,RS,Sul,5-20 mil,16267.0,-0.2722826886994573
4310108,89.61606467148272,0.5091847265221889,18.0,at_risk,RS,Sul,20-50 mil,36001.0,-0.30531175718150455
4310207,99.9312252964427,0.0011857707509875732,22.0,on_track,RS,Sul,50-100 mil,76198.0,-0.21894204930808905
4310306,99.94857142857138,0.0035064935064939022,21.0,on_track,RS,Sul,<5 mil,2181.0,-0.206569837950927
4310330,97.84764705882345,-0.037941176470591885,16.0,at_risk,RS,Sul,20-50 mil,23709.0,-0.1701316483555927
4310363,100.02183868762812,0.001606288448392982,13.0,on_track,RS,Sul,<5 mil,1539.0,-0.14007299315451846
4310405,107.77485294117639,0.5554411764705939,16.0,on_track,RS,Sul,<5 mil,3803.0,-0.17395591383822656
4310413,102.13170731707274,0.16707317073167713,8.0,on_track,RS,Sul,<5 mil,1310.0,0.8141891879629239
4310439,102.13421052631679,0.6552631578947927,19.0,on_track,RS,Sul,<5 mil,3262.0,-0.34667335378804304
4310462,106.72971428571441,0.655428571428606,9.0,on_track,RS,Sul,<5 mil,654.0,0.16243537302373193
4310504,100.00000000000001,5.1517568272295865e-17,18.0,on_track,RS,Sul,<5 mil,3888.0,-0.27400545451507335
4310538,113.17661764705826,0.8401470588235018,16.0,on_track,RS,Sul,<5 mil,4414.0,0.0034423958522177547
4310553,94.8386435786436,-0.20331890331889582,10.0,at_risk,RS,Sul,<5 mil,1189.0,-0.04860654638696356
4310579,100.60104895104884,0.0472027972027917,12.0,on_track,RS,Sul,<5 mil,485.0,0.5466277357640749
4310603,105.9839097744358,0.454135338345836,20.0,on_track,RS,Sul,20-50 mil,32616.0,-0.23571396100958952
4310652,100.00000000000003,-1.6589990140921437e-15,3.0,on_track,RS,Sul,<5 mil,195.0,
4310702,99.99999999999997,1.1330190698357442e-16,19.0,on_track,RS,Sul,<5 mil,1303.0,-0.24508518689975117
4310751,100.0,-5.584774207323182e-16,16.0,on_track,RS,Sul,<5 mil,606.0,-0.2439755855714279
4310801,95.83536231884045,-0.1476086956521767,24.0,at_risk,RS,Sul,20-50 mil,22782.0,-0.41668221301912756
4310850,101.07044117647067,0.0811764705882393,16.0,on_track,RS,Sul,<5 mil,1356.0,-0.12744068520483473
4310876,98.55337711069414,-0.041557223264540706,12.0,at_risk,RS,Sul,<5 mil,609.0,-0.09806851471600965
4310900,101.50279411764734,0.3091176470588385,16.0,on_track,RS,Sul,<5 mil,2501.0,-0.21039244090691267
4311007,100.71443609022552,0.04834586466165104,20.0,on_track,RS,Sul,20-50 mil,24606.0,-0.27831944343459114
4311106,100.2764705882353,0.0205882352941191,16.0,on_track,RS,Sul,5-20 mil,6082.0,-0.1455505536208174
4311122,104.9114705882348,0.3130882352941015,16.0,on_track,RS,Sul,<5 mil,2101.0,-0.13992046679350084
4311130,96.88148667601683,-0.0026647966339404523,11.0,at_risk,RS,Sul,<5 mil,595.0,
4311155,116.66891891892556,1.839189189189629,5.0,on_track,RS,Sul,<5 mil,2148.0,-0.2756011789187242
4311205,100.9143609022554,0.11345864661652742,20.0,on_track,RS,Sul,5-20 mil,15761.0,-0.20626100417657695
4311239,150.0,5.325443786982273,14.0,on_track,RS,Sul,<5 mil,424.0,-0.11200269403712738
4311254,100.00132352941178,0.0010294117647063168,16.0,on_track,RS,Sul,<5 mil,1731.0,-0.15082918779578827
4311270,99.0381818181818,-0.04909090909091001,11.0,on_track,RS,Sul,<5 mil,810.0,-0.02360499647992752
4311304,0.0,-7.721162393161603,26.0,will_not_meet,RS,Sul,20-50 mil,24334.0,-0.2780596483583156
4311403,106.95889328063231,0.7094861660079076,22.0,on_track,RS,Sul,50-100 mil,85686.0,-0.36909224189634665
4311429,150.0,6.728076923076878,6.0,on_track,RS,Sul,<5 mil,728.0,-0.03682740067279771
4311502,99.99999999999994,-3.2329156420407523e-16,21.0,on_track,RS,Sul,<5 mil,4591.0,-0.1505080830213113
4311601,100.0,-5.584774207323182e-16,16.0,on_track,RS,Sul,<5 mil,1141.0,-0.1332728971524246
4311627,150.0,6.07999999999956,4.0,on_track,RS,Sul,5-20 mil,5024.0,-0.08011050476513712
4311643,100.10989010989013,0.008241758241757692,13.0,on_track,RS,Sul,<5 mil,442.0,-0.024822409232946745
4311700,101.94500000000008,0.17250000000000493,16.0,on_track,RS,Sul,<5 mil,3324.0,-0.17081741632539024
4311718,100.0,-5.584774207323182e-16,16.0,on_track,RS,Sul,<5 mil,1255.0,-0.13939917735545052
4311734,101.046551724138,0.1857758620689749,11.0,on_track,RS,Sul,<5 mil,561.0,0.3604821077870989
4311759,102.78808823529391,0.24073529411764247,16.0,on_track,RS,Sul,5-20 mil,5546.0,-0.03865993042715959
4311775,99.20955710955624,0.13006993006987705,12.0,on_track,RS,Sul,<5 mil,2017.0,-0.1770210931323729
4311791,97.26666666666722,-0.1999999999999598,3.0,at_risk,RS,Sul,<5 mil,808.0,-0.01739827428209427
4311809,97.76827067669069,0.447593984962339,20.0,at_risk,RS,Sul,20-50 mil,39507.0,-0.3233143001478762
4311908,100.40088235294121,0.02985294117647134,16.0,on_track,RS,Sul,<5 mil,2247.0,-0.20259261050214503
4311981,114.10220588235279,0.9433823529411719,16.0,on_track,RS,Sul,<5 mil,659.0,-0.16289818065239883
4312005,100.26264705882355,0.01955882352941201,16.0,on_track,RS,Sul,<5 mil,1037.0,-0.1897460631834955
4312054,113.87044117647065,1.6936764705882594,16.0,on_track,RS,Sul,<5 mil,1512.0,-0.1703884426947855
4312104,120.46735294117707,1.582941176470623,16.0,on_track,RS,Sul,<5 mil,2438.0,-0.15355273116323617
4312138,150.0,15.148837209299735,5.0,on_track,RS,Sul,<5 mil,536.0,0.044310214113835664
4312153,100.00000000000001,-2.5059283630485117e-17,13.0,on_track,RS,Sul,<5 mil,1941.0,-0.09998450320950868
4312179,100.09670329670331,0.008791208791208547,13.0,on_track,RS,Sul,<5 mil,429.0,-0.016551552931467994
4312203,102.22911764705887,0.16014705882353422,16.0,on_track,RS,Sul,<5 mil,2576.0,-0.1410224005362868
4312252,100.0,-5.584774207323182e-16,16.0,on_track,RS,Sul,5-20 mil,7820.0,-0.13374048196039923
4312302,100.0,-5.584774207323182e-16,16.0,on_track,RS,Sul,<5 mil,2088.0,-0.06684184551624527
4312351,99.99999999999994,1.7572756439800528e-15,12.0,on_track,RS,Sul,<5 mil,597.0,0.022490220015922067
4312377,96.91100628930855,-0.06855345911947822,8.0,at_risk,RS,Sul,<5 mil,673.0,0.13207093863744926
4312385,100.16297709923685,0.03789531079608693,11.0,on_track,RS,Sul,<5 mil,725.0,-0.015239741868772928
4312401,99.2600000000001,0.24923076923077486,26.0,on_track,RS,Sul,50-100 mil,59714.0,-0.25376109715026063
4312427,100.05549132947965,0.02947976878612012,8.0,on_track,RS,Sul,<5 mil,685.0,
4312443,95.86338582676981,0.10249343832010398,10.0,at_risk,RS,Sul,<5 mil,1181.0,0.29376155172257934
4312450,110.84476190476107,1.555064935064932,21.0,on_track,RS,Sul,<5 mil,2810.0,-0.020548490598003715
4312476,81.97455882352892,0.8163235294117641,16.0,will_not_meet,RS,Sul,5-20 mil,5603.0,-0.17523031254664848
4312500,0.0,-1.7514035087719542,19.0,will_not_meet,RS,Sul,5-20 mil,8656.0,-0.2633029211654225
4312609,101.20889509373747,0.1004786597526854,12.0,on_track,RS,Sul,<5 mil,4193.0,-0.24274545658909932
4312617,100.54395604395577,0.1686813186813076,13.0,on_track,RS,Sul,<5 mil,1034.0,0.6249901637979329
4312625,99.63926619828246,0.017876658860257546,10.0,on_track,RS,Sul,<5 mil,533.0,
4312658,99.8865047995483,0.010107284020327022,22.0,on_track,RS,Sul,5-20 mil,15675.0,-0.18410224128039657
4312674,100.35604395604389,0.04285714285713885,13.0,on_track,RS,Sul,<5 mil,616.0,0.19190733261630952
4312708,100.76586466165408,0.05120300751879314,20.0,on_track,RS,Sul,5-20 mil,8690.0,-0.25014200543181014
4312757,99.99999999999994,1.7572756439800528e-15,12.0,on_track,RS,Sul,<5 mil,1548.0,0.19886706025354434
4312807,100.02764705882353,0.002058823529410718,16.0,on_track,RS,Sul,<5 mil,3520.0,-0.33281970403149347
4312906,99.54666666666668,0.03220779220779432,21.0,on_track,RS,Sul,5-20 mil,6293.0,-0.27452195802087836
4312955,107.19670329670294,0.4934065934065883,13.0,on_track,RS,Sul,<5 mil,510.0,0.05168211701934278
4313003,102.19029411764708,0.1466176470588294,16.0,on_track,RS,Sul,<5 mil,1587.0,-0.3034388583533989
4313011,100.00000000000001,-2.5059283630485117e-17,13.0,on_track,RS,Sul,<5 mil,690.0,-0.2094380902110638
4313037,100.26970588235297,0.020882352941177594,16.0,on_track,RS,Sul,<5 mil,4211.0,-0.12931522421187386
4313060,58.456923076924795,2.1723076923078537,6.0,will_not_meet,RS,Sul,5-20 mil,18432.0,0.13229399717725215
4313086,113.30711082638891,0.8900064061497023,10.0,on_track,RS,Sul,<5 mil,766.0,-1.7532381260587748
4313102,101.08823529411767,0.08529411764706013,16.0,on_track,RS,Sul,<5 mil,3169.0,-0.224146482020535
4313201,108.23009413067507,0.6088316722037267,17.0,on_track,RS,Sul,5-20 mil,16117.0,-0.30621981338825327
4313300,100.0990476190476,0.010129870129870653,21.0,on_track,RS,Sul,20-50 mil,22902.0,-0.2874664459632477
4313334,99.99999999999999,1.5398713498126144e-15,10.0,on_track,RS,Sul,<5 mil,603.0,0.15384280557152694
4313359,107.729264705883,0.5922058823529737,16.0,on_track,RS,Sul,<5 mil,1775.0,-0.22787492833767176
4313375,89.91676691729344,2.0098496240600854,20.0,at_risk,RS,Sul,20-50 mil,26133.0,-0.0008758926757871978
4313391,103.45961952620263,0.23449389806173934,13.0,on_track,RS,Sul,<5 mil,600.0,0.012231824459703895
4313409,100.441075996694,0.29349836672045354,22.0,on_track,RS,Sul,100-500 mil,243016.0,-0.4060070309226497
4313425,91.10727272727127,1.8736363636362894,11.0,at_risk,RS,Sul,<5 mil,1288.0,0.07282202884921816
4313441,100.04705882352941,0.003781512605039354,8.0,on_track,RS,Sul,<5 mil,629.0,
4313466,99.99999999999999,-6.782439193547243e-16,11.0,on_track,RS,Sul,<5 mil,538.0,0.0
4313490,100.2669676448459,0.0646350639578703,10.0,on_track,RS,Sul,<5 mil,1374.0,-0.05256215643687004
4313508,73.41597967250198,-0.46312817617164576,22.0,will_not_meet,RS,Sul,20-50 mil,43394.0,-0.3374682921143757
4313607,100.06593406593407,0.004945054945054285,13.0,on_track,RS,Sul,<5 mil,1981.0,0.513001354808744
4313656,16.522352941176223,-0.8395588235294461,16.0,will_not_meet,RS,Sul,5-20 mil,10136.0,-0.2712340657683798
4313706,100.32263157894728,0.041052631578942005,20.0,on_track,RS,Sul,20-50 mil,28648.0,-0.2684789598880861
4313805,99.89058823529415,-0.0017647058823529022,16.0,on_track,RS,Sul,<5 mil,3460.0,-0.14374140702455124
4313904,100.23541353383452,0.03187969924811652,20.0,on_track,RS,Sul,20-50 mil,40488.0,-0.2070647187236158
4313953,114.90526315789384,1.1321052631578379,20.0,on_track,RS,Sul,5-20 mil,7558.0,-0.1863241053674112
4314001,99.99999999999994,-3.2329156420407523e-16,21.0,on_track,RS,Sul,<5 mil,4366.0,-0.26316561225702007
4314027,97.38703296703284,-0.07560439560440006,14.0,at_risk,RS,Sul,<5 mil,2968.0,-0.030229815663657948
4314035,93.49245524296703,-0.10895140664959958,10.0,at_risk,RS,Sul,<5 mil,1085.0,0.2652703495082415
4314050,54.54927536231895,0.09021739130435168,24.0,will_not_meet,RS,Sul,50-100 mil,56109.0,-0.23476146361181785
4314068,100.0,-5.584774207323182e-16,16.0,on_track,RS,Sul,<5 mil,623.0,-0.19675149623937213
4314076,99.7087912087912,-0.01318681318681582,13.0,on_track,RS,Sul,<5 mil,1572.0,0.029421586326436946
4314100,100.25827216261999,0.025014116318462835,22.0,on_track,RS,Sul,100-500 mil,200855.0,-0.200070659440476
4314134,100.05714285714276,0.007142857142850353,8.0,on_track,RS,Sul,<5 mil,619.0,0.18464979451146968
4314159,44.966617647058854,0.1851470588235354,16.0,will_not_meet,RS,Sul,<5 mil,4351.0,-0.19289473731522785
4314175,103.72058823529386,0.2382352941176376,16.0,on_track,RS,Sul,<5 mil,669.0,-0.12751604566820268
4314209,99.94761904761901,0.0025974025974019833,21.0,on_track,RS,Sul,5-20 mil,7181.0,-0.14254177845650964
4314308,100.0,-5.584774207323182e-16,16.0,on_track,RS,Sul,<5 mil,2583.0,-0.13736433648893212
4314407,97.78028083028076,-0.09456654456654491,27.0,at_risk,RS,Sul,100-500 mil,320698.0,-0.24897783579630603
4314423,76.08892773892785,-1.0482517482516844,12.0,will_not_meet,RS,Sul,5-20 mil,5085.0,0.047709622932498315
4314456,98.19090909090862,-0.009090909090932334,12.0,at_risk,RS,Sul,<5 mil,1325.0,-0.14395016630468882
4314464,103.5233100233093,0.24895104895100031,12.0,on_track,RS,Sul,<5 mil,425.0,-0.07828905598045778
4314472,103.48425196850405,0.25196850393702025,10.0,on_track,RS,Sul,<5 mil,1826.0,-0.026924071634730165
4314498,100.0,-5.584774207323182e-16,16.0,on_track,RS,Sul,<5 mil,1002.0,-0.11462631165883475
4314506,102.77970588235291,0.22588235294117812,16.0,on_track,RS,Sul,5-20 mil,9280.0,-0.13463150399780988
4314548,56.20714285714212,0.592857142857089,7.0,will_not_meet,RS,Sul,<5 mil,2833.0,0.15557170074547325
4314555,100.00000000000001,-2.5059283630485117e-17,13.0,on_track,RS,Sul,<5 mil,621.0,0.032774588081937214
4314605,103.40347452934611,0.3215808416389448,17.0,on_track,RS,Sul,5-20 mil,12096.0,-0.2708617485128705
4314704,100.0,1.6557240265070411e-15,20.0,on_track,RS,Sul,5-20 mil,5612.0,-0.23232018924635
4314753,99.92967032967037,-0.002197802197800279,13.0,on_track,RS,Sul,<5 mil,899.0,0.025440656720017267
4314779,95.85000000000025,-0.17499999999998211,8.0,at_risk,RS,Sul,<5 mil,1576.0,0.03817306593279484
4314787,99.81501547987618,-0.000670794633642293,11.0,on_track,RS,Sul,<5 mil,439.0,0.10874322160740858
4314803,59.89200000000028,0.6970000000000022,24.0,will_not_meet,RS,Sul,20-50 mil,31130.0,-0.21476890416048672
4314902,97.55113194603211,-0.1220557969357508,25.0,at_risk,RS,Sul,500 mil+,1492530.0,-0.5371122853818564
4315008,102.80382352941194,0.27102941176471423,16.0,on_track,RS,Sul,<5 mil,1944.0,-0.14696472506056008
4315057,102.24135753749027,0.23164956590372132,13.0,on_track,RS,Sul,<5 mil,875.0,0.24399259469735035
4315073,150.0,5.574371859296451,13.0,on_track,RS,Sul,<5 mil,299.0,-0.029703966248610596
4315107,100.19047619047618,0.012987012987013892,21.0,on_track,RS,Sul,5-20 mil,5006.0,-0.20247984492827817
4315131,103.22166172106841,0.2547477744807106,5.0,on_track,RS,Sul,<5 mil,535.0,
4315149,100.16263736263735,0.02527472527472451,13.0,on_track,RS,Sul,<5 mil,1808.0,0.10629458173052343
4315156,99.83846153846149,0.007692307692304354,13.0,on_track,RS,Sul,<5 mil,1895.0,-0.12296334464665228
4315172,98.5722408026758,-0.02993311036788282,9.0,at_risk,RS,Sul,<5 mil,412.0,0.20877085148527863
4315206,99.99999999999994,-3.2329156420407523e-16,21.0,on_track,RS,Sul,<5 mil,1470.0,-0.2694068508795669
4315305,101.81885104919161,0.1247678018575873,18.0,on_track,RS,Sul,20-50 mil,20856.0,-0.11150925966367775
4315313,99.38698224851993,0.12485207100587635,12.0,on_track,RS,Sul,<5 mil,960.0,0.09751115067791319
4315321,99.92738927738903,0.03251748251747189,12.0,on_track,RS,Sul,<5 mil,878.0,-0.0854698288171405
4315354,99.09890109890104,0.0016483516483468174,13.0,on_track,RS,Sul,<5 mil,2045.0,-0.022483275945527237
4315404,107.44250000000022,0.5025000000000239,16.0,on_track,RS,Sul,<5 mil,3460.0,-0.06440291566721715
4315453,100.03186813186812,0.0021978021978007003,13.0,on_track,RS,Sul,<5 mil,704.0,
4315503,99.99954887218048,0.0006766917293248916,20.0,on_track,RS,Sul,5-20 mil,8899.0,-0.22940280574539237
4315552,106.55029411764735,0.464117647058842,16.0,on_track,RS,Sul,<5 mil,537.0,0.04059607496486121
4315602,101.4764539808017,0.2522868435911949,22.0,on_track,RS,Sul,100-500 mil,204463.0,-0.418150532633683
4315701,99.29813664596276,0.019311123658949825,22.0,on_track,RS,Sul,20-50 mil,26068.0,-0.17235525791451425
4315750,88.4957352941176,0.5952941176470525,16.0,will_not_meet,RS,Sul,<5 mil,2982.0,-0.18513301089065679
4315800,85.256862745099,-0.04215686274505211,17.0,will_not_meet,RS,Sul,5-20 mil,7416.0,-0.31962247509904546
4315909,103.31558823529423,0.29823529411765365,16.0,on_track,RS,Sul,<5 mil,4404.0,-0.10838670270265284
4315958,99.97564102564098,0.0038461538461551543,12.0,on_track,RS,Sul,<5 mil,542.0,-0.024128158191818617
4316006,77.66499999999996,0.6075000000000048,16.0,will_not_meet,RS,Sul,5-20 mil,16965.0,-0.19601979360454377
4316105,94.71568627451015,-0.015686274509787393,17.0,at_risk,RS,Sul,5-20 mil,7144.0,-0.2100166008281311
4316204,100.0,-4.963794683582852e-16,17.0,on_track,RS,Sul,<5 mil,2113.0,-0.25213366485168925
4316303,100.24362473347547,0.03923240938166356,15.0,on_track,RS,Sul,<5 mil,2893.0,-0.10193711161015907
4316402,95.83809523809535,0.011688311688318383,21.0,at_risk,RS,Sul,20-50 mil,34494.0,-0.13609634256116762
4316428,104.52765737874097,0.38539731682147893,11.0,on_track,RS,Sul,<5 mil,788.0,0.07106240105204167
4316436,65.70762463343135,-1.6355571847507218,9.0,will_not_meet,RS,Sul,<5 mil,1744.0,0.03106039375778456
4316451,97.55503759398489,-0.052556390977444016,20.0,at_risk,RS,Sul,5-20 mil,10751.0,-0.2233538966395947
4316477,99.69334565619224,-0.009981515711645333,17.0,on_track,RS,Sul,<5 mil,1121.0,-0.07982860560890623
4316501,100.0,-5.584774207323182e-16,16.0,on_track,RS,Sul,<5 mil,4739.0,-0.26668500498491027
4316600,99.97383458646613,0.009248120300750636,20.0,on_track,RS,Sul,5-20 mil,11399.0,-0.3321782351923185
4316709,101.06735294117642,0.07044117647058667,16.0,on_track,RS,Sul,5-20 mil,6181.0,-0.058061429105294264
4316733,118.61814516129198,1.3633064516131,7.0,on_track,RS,Sul,<5 mil,473.0,0.2851029047094842
4316758,100.31714285714278,0.0457142857142785,14.0,on_track,RS,Sul,<5 mil,3385.0,0.013530858967294139
4316808,100.35025409373233,0.07092038396386201,22.0,on_track,RS,Sul,100-500 mil,117539.0,-0.35514686778240445
4316907,99.35350427350416,0.030598290598286264,26.0,on_track,RS,Sul,100-500 mil,271303.0,-0.34017995433319004
4316956,68.02191176470615,1.089264705882372,16.0,will_not_meet,RS,Sul,<5 mil,4599.0,-0.1812170973630216
4316972,150.0,5.907100591715946,14.0,on_track,RS,Sul,<5 mil,609.0,-0.03649212805953564
4317004,100.0,1.6557240265070411e-15,20.0,on_track,RS,Sul,<5 mil,3630.0,-0.21841947653796495
4317103,104.78276923076908,0.30461538461538035,25.0,on_track,RS,Sul,50-100 mil,68259.0,-0.09837841128678647
4317202,100.1828345567476,0.02004517221908349,22.0,on_track,RS,Sul,50-100 mil,65026.0,-0.22578121639095727
4317251,101.72272727272741,0.1318181818181899,11.0,on_track,RS,Sul,<5 mil,628.0,-0.006144559295623009
4317301,101.28007518796932,0.22488721804507877,20.0,on_track,RS,Sul,20-50 mil,25422.0,-0.2694128728459102
4317400,99.51360813099946,-0.003839638622247549,22.0,on_track,RS,Sul,20-50 mil,44942.0,-0.20624738631656978
4317509,99.41857142857131,0.027142857142851643,20.0,on_track,RS,Sul,50-100 mil,72999.0,-0.22202830605592783
4317558,100.00000000000001,2.0989036772628266e-15,4.0,on_track,RS,Sul,<5 mil,674.0,0.20510584208737587
4317608,83.49481203007454,0.16278195488718303,20.0,will_not_meet,RS,Sul,20-50 mil,30744.0,-0.35736487559381863
4317707,121.73499999999967,1.5050000000000263,16.0,on_track,RS,Sul,5-20 mil,6013.0,-0.17737210824057809
4317756,96.85727272727269,-0.12818181818181903,11.0,at_risk,RS,Sul,<5 mil,1252.0,-0.5256258919160481
4317806,100.0,-5.584774207323182e-16,16.0,on_track,RS,Sul,5-20 mil,11254.0,-0.08169575280598747
4317905,102.80323529411754,0.1927941176470562,16.0,on_track,RS,Sul,5-20 mil,7672.0,-0.15745632778980595
4317954,100.0,-5.584774207323182e-16,16.0,on_track,RS,Sul,<5 mil,810.0,-0.051249020606238635
4318002,107.55428571428524,0.6685714285713812,20.0,on_track,RS,Sul,50-100 mil,53437.0,-0.26850537565165983
4318051,100.00000000000003,1.6084363133323146e-15,7.0,on_track,RS,Sul,<5 mil,1847.0,-0.0985009081628887
4318101,100.03157894736843,0.005263157894738718,19.0,on_track,RS,Sul,5-20 mil,12673.0,-0.2703594420361012
4318200,101.47332438553846,0.1530072980454824,18.0,on_track,RS,Sul,5-20 mil,13849.0,-0.3014711732083983
4318309,99.42084660901206,0.06058261265360827,20.0,on_track,RS,Sul,50-100 mil,55343.0,-0.26420651852189236
4318408,99.4343873517787,-0.005138339920949029,22.0,on_track,RS,Sul,5-20 mil,18931.0,-0.2904964645131295
4318424,104.99238095238081,0.37714285714283596,15.0,on_track,RS,Sul,<5 mil,2242.0,-0.0851969808794385
4318432,100.8414285714284,0.06537414965984985,11.0,on_track,RS,Sul,<5 mil,1303.0,0.183906969127511
4318440,100.47602941176471,0.03691176470588259,16.0,on_track,RS,Sul,<5 mil,1469.0,-0.16906627667599566
4318457,97.64674041880548,0.11548794942702661,12.0,at_risk,RS,Sul,<5 mil,758.0,0.05286206201049092
4318465,100.15586466165406,0.021203007518794042,20.0,on_track,RS,Sul,<5 mil,754.0,-0.2674361951534661
4318481,100.40417582417591,0.08439560439560277,14.0,on_track,RS,Sul,<5 mil,3181.0,0.005394946025158763
4318499,100.05529411764708,0.004117647058824008,16.0,on_track,RS,Sul,<5 mil,771.0,-0.16725706544910426
4318507,83.74588235294095,0.6398529411764792,16.0,will_not_meet,RS,Sul,5-20 mil,18994.0,-0.02324394327594278
4318606,101.68961038961044,0.2506493506493524,22.0,on_track,RS,Sul,<5 mil,4427.0,-0.2675374550901196
4318614,150.0,4.1684510250570375,10.0,on_track,RS,Sul,<5 mil,852.0,-0.1882223064161827
4318622,98.60661764705992,1.0676470588235756,16.0,at_risk,RS,Sul,<5 mil,2231.0,-0.15951593296782146
4318705,103.07882069795448,0.21413959085439885,26.0,on_track,RS,Sul,100-500 mil,239425.0,-0.2807358050460061
4318804,99.89047619047616,0.004545454545455154,21.0,on_track,RS,Sul,20-50 mil,24456.0,-0.23172417534385217
4318903,96.88598290598281,0.05452991452991049,26.0,at_risk,RS,Sul,20-50 mil,29244.0,-0.26325069603925505
4319000,103.28356866002184,0.2804125138427171,17.0,on_track,RS,Sul,5-20 mil,19045.0,-0.3092574085379358
4319109,100.0,-5.584774207323182e-16,16.0,on_track,RS,Sul,<5 mil,3181.0,-0.12116638486086471
4319125,98.72906626506014,-0.039608433734947456,7.0,at_risk,RS,Sul,<5 mil,950.0,-0.048327434861249845
4319158,108.04514705882389,0.592058823529439,16.0,on_track,RS,Sul,<5 mil,3863.0,-0.09463522834305636
4319208,113.32045112781907,1.1193233082705998,20.0,on_track,RS,Sul,<5 mil,3322.0,-0.26054970459409016
4319307,94.89789473684198,-0.1168421052631572,20.0,at_risk,RS,Sul,<5 mil,1954.0,0.031526761888309655
4319356,100.0,-5.584774207323182e-16,16.0,on_track,RS,Sul,<5 mil,1673.0,-0.16380483008632338
4319364,100.32285714285733,0.025714285714299668,6.0,on_track,RS,Sul,<5 mil,571.0,-0.7179383116882069
4319372,99.99999999999999,-3.6238130974954464e-16,17.0,on_track,RS,Sul,<5 mil,1241.0,-0.14767557222119712
4319406,106.19794117647075,0.43867647058824816,16.0,on_track,RS,Sul,5-20 mil,11734.0,-0.07708483445448311
4319505,72.36078431372584,-0.7431372549019588,17.0,will_not_meet,RS,Sul,20-50 mil,21003.0,-0.28820215191242443
4319604,98.98894736842142,0.07666666666668513,19.0,at_risk,RS,Sul,5-20 mil,18579.0,-0.2283549773716054
4319703,100.0,-5.584774207323182e-16,16.0,on_track,RS,Sul,<5 mil,1546.0,-0.14221696858828162
4319711,123.97808857808968,1.891608391608458,12.0,on_track,RS,Sul,<5 mil,772.0,-0.006803879744668209
4319737,105.86373626373643,0.4043956043956196,13.0,on_track,RS,Sul,<5 mil,526.0,-0.04475468743162405
4319752,97.95442890442892,0.04930069930070209,12.0,at_risk,RS,Sul,<5 mil,1592.0,-0.12747171511375152
4319802,100.85842105263173,0.07070175438597308,19.0,on_track,RS,Sul,5-20 mil,6091.0,-0.19018208237513384
4319901,70.48328985507248,-0.14308695652173642,24.0,will_not_meet,RS,Sul,50-100 mil,77616.0,-0.2766778958782785
4320008,103.53707246376814,0.35547826086956325,24.0,on_track,RS,Sul,100-500 mil,141977.0,-0.3122887508501442
4320107,103.61602941176483,0.2819117647058952,16.0,on_track,RS,Sul,20-50 mil,21091.0,-0.12718294694284724
4320206,107.23250000000041,0.47250000000002185,16.0,on_track,RS,Sul,5-20 mil,5804.0,-0.32983463855678513
4320230,100.0,-5.584774207323182e-16,16.0,on_track,RS,Sul,<5 mil,1510.0,-0.07503527227027536
4320263,99.21129032258072,-0.033870967741932295,3.0,on_track,RS,Sul,<5 mil,1865.0,
4320305,77.38203007518837,-0.5780451127819207,20.0,will_not_meet,RS,Sul,<5 mil,3579.0,-0.3043109477176203
4320321,100.00000000000003,6.419699832541802e-15,7.0,on_track,RS,Sul,<5 mil,863.0,0.2552046157283704
4320354,107.6783823529413,0.7623529411764796,16.0,on_track,RS,Sul,<5 mil,1390.0,-0.08800034623004271
4320404,100.54190476190479,0.05818181818182261,21.0,on_track,RS,Sul,5-20 mil,15285.0,-0.5440055837577671
4320453,99.55000000000001,-0.02142857142857262,10.0,on_track,RS,Sul,<5 mil,439.0,-0.19345196479951068
4320503,104.40147058823521,0.2955882352941183,16.0,on_track,RS,Sul,<5 mil,2809.0,-0.20791936391998145
4320552,101.24720588235323,1.3908823529412273,16.0,on_track,RS,Sul,<5 mil,1439.0,-0.24803158484467233
4320578,101.16658580958125,0.14035779260156495,15.0,on_track,RS,Sul,<5 mil,449.0,0.04255677321802823
4320602,98.16105263157914,0.010175438596501751,19.0,at_risk,RS,Sul,<5 mil,1313.0,-0.25219761470620206
4320651,100.0,1.6557240265070411e-15,20.0,on_track,RS,Sul,<5 mil,1054.0,-0.23108707470034656
4320677,100.10909090909087,0.00909090909091114,12.0,on_track,RS,Sul,<5 mil,1449.0,-0.10922651331108205
4320701,100.16911764705883,0.01764705882352833,16.0,on_track,RS,Sul,5-20 mil,11949.0,-0.14933977971611329
4320800,100.55744360902249,0.04383458646616164,20.0,on_track,RS,Sul,20-50 mil,24850.0,-0.2712651217493286
4320859,91.40549450549462,-0.01868131868131245,3.0,at_risk,RS,Sul,<5 mil,1438.0,0.05017368587959545
4320909,100.33466165413523,0.043007518796986374,20.0,on_track,RS,Sul,20-50 mil,22158.0,-0.2835030857225767
4321006,109.66879699248057,0.8218045112781335,20.0,on_track,RS,Sul,5-20 mil,8922.0,-0.2820543964024544
4321105,92.3927067669164,0.05593984962401733,20.0,at_risk,RS,Sul,5-20 mil,15117.0,-0.2979917515479977
4321204,74.61485036702445,-0.08035008469790685,22.0,will_not_meet,RS,Sul,20-50 mil,47832.0,-0.33342986246562795
4321303,100.13168214654284,0.008049535603714998,18.0,on_track,RS,Sul,20-50 mil,22558.0,-0.21441976395284917
4321329,100.42852941176474,0.031911764705884534,16.0,on_track,RS,Sul,<5 mil,1209.0,-0.15383739199188642
4321352,14.543970588235652,-0.6269117647058887,16.0,will_not_meet,RS,Sul,<5 mil,3381.0,-0.2721599864801613
4321402,99.7202255639094,0.15466165413531746,20.0,on_track,RS,Sul,5-20 mil,8632.0,-0.24102068260722873
4321436,106.70705882353059,1.7013235294118305,16.0,on_track,RS,Sul,5-20 mil,5955.0,-0.3330171629257502
4321451,150.0,6.749264705882553,17.0,on_track,RS,Sul,20-50 mil,29311.0,-0.7561110017739145
4321469,100.29498834498824,0.024475524475520795,12.0,on_track,RS,Sul,<5 mil,1315.0,-0.04330909626985387
4321477,116.00955882352991,2.1963235294118486,16.0,on_track,RS,Sul,<5 mil,1796.0,-0.10118752031879694
4321493,101.34230769230741,0.10384615384613759,12.0,on_track,RS,Sul,<5 mil,570.0,-0.1408440236946291
4321501,101.30338345864595,0.22992481203003956,20.0,on_track,RS,Sul,20-50 mil,37886.0,-0.4705183529216341
4321600,103.99263157894632,0.4210526315788873,20.0,on_track,RS,Sul,50-100 mil,52210.0,-0.3658136453681352
4321626,64.89000000000306,-1.1699999999998536,4.0,will_not_meet,RS,Sul,<5 mil,915.0,0.14886813644062682
4321634,100.8961538461536,0.07692307692306077,12.0,on_track,RS,Sul,<5 mil,942.0,0.09993312552331164
4321667,33.98529411764744,0.0816176470588435,16.0,will_not_meet,RS,Sul,5-20 mil,8204.0,-0.22976984180023294
4321709,73.86742346061239,-0.06202270381836665,18.0,will_not_meet,RS,Sul,20-50 mil,24940.0,-0.36424451061738694
4321808,100.65984962406016,0.10022556390977246,20.0,on_track,RS,Sul,5-20 mil,19058.0,-0.33219978427840374
4321832,87.11398601398628,-0.46223776223775326,12.0,will_not_meet,RS,Sul,<5 mil,349.0,0.08265867482443409
4321857,98.76403669724783,-0.013577981651369659,6.0,at_risk,RS,Sul,<5 mil,2019.0,-0.22826360328743306
4321907,100.00000000000001,-1.508613329084273e-15,22.0,on_track,RS,Sul,5-20 mil,18922.0,-0.27086035592825614
4321956,100.76029411764712,0.05661764705882677,16.0,on_track,RS,Sul,<5 mil,2896.0,-0.08115390903407406
4322004,93.96388405797143,0.8174347826086916,24.0,at_risk,RS,Sul,5-20 mil,19710.0,1.762775657754675
4322103,100.34558823529414,0.025735294117648775,16.0,on_track,RS,Sul,<5 mil,3839.0,-0.14062800573496004
4322152,102.37391304347898,0.41608005521052344,10.0,on_track,RS,Sul,<5 mil,1434.0,0.04945180591882155
4322186,101.53278688524603,0.11065573770492562,7.0,on_track,RS,Sul,<5 mil,435.0,
4322202,98.7140601503757,0.04390977443607873,20.0,at_risk,RS,Sul,5-20 mil,19557.0,-0.1960390244858853
4322251,117.17142857143017,2.0651785714287114,7.0,on_track,RS,Sul,<5 mil,3480.0,0.034249333561195965
4322301,100.9861764705883,0.07397058823529738,16.0,on_track,RS,Sul,<5 mil,4782.0,-0.12810508822841316
4322327,103.80424528301808,0.29823113207540697,9.0,on_track,RS,Sul,<5 mil,1439.0,-0.020257410400408602
4322343,99.92985074626861,-0.0014925373134327014,5.0,on_track,RS,Sul,<5 mil,490.0,0.27408176339088947
4322350,99.99999999999999,3.3731810640933893e-16,6.0,on_track,RS,Sul,<5 mil,204.0,0.10849994940920919
4322376,100.0,-5.584774207323182e-16,16.0,on_track,RS,Sul,<5 mil,859.0,-0.016578941122425413
4322400,105.43286278938444,0.41479390175042397,22.0,on_track,RS,Sul,100-500 mil,118661.0,-0.2704010166847859
4322509,100.72120300751868,0.05819548872179825,20.0,on_track,RS,Sul,50-100 mil,62549.0,-0.23159905729536803
4322525,150.0,8.684210526315626,3.0,on_track,RS,Sul,<5 mil,953.0,
4322533,101.2157352941177,0.09279411764706226,16.0,on_track,RS,Sul,<5 mil,1339.0,-0.08799361562027962
4322541,95.65115931189268,-0.1437920718025073,13.0,at_risk,RS,Sul,5-20 mil,5394.0,-0.07289246304197294
4322558,99.94615384615372,0.0769230769230703,13.0,on_track,RS,Sul,<5 mil,1075.0,-0.03147626169260509
4322608,101.72441176470588,0.10926470588235412,16.0,on_track,RS,Sul,20-50 mil,45435.0,-0.19684333951424912
4322707,76.28899999999976,-1.201000000000012,24.0,will_not_meet,RS,Sul,5-20 mil,15176.0,-0.10113449590262567
4322806,100.04800664451827,0.004152823920264814,17.0,on_track,RS,Sul,20-50 mil,23325.0,-0.3360177745241282
4322855,100.67191142191149,0.058391608391615536,12.0,on_track,RS,Sul,<5 mil,369.0,0.2244951567529166
4322905,101.20852941176477,0.08441176470588643,16.0,on_track,RS,Sul,<5 mil,2303.0,-0.18511007518492023
4323002,122.24095652173901,1.7879130434782458,24.0,on_track,RS,Sul,100-500 mil,241806.0,-0.5682190052350351
4323101,111.05058823529407,1.1157352941176706,16.0,on_track,RS,Sul,<5 mil,2015.0,-0.16792568656751417
4323200,100.0,-5.584774207323182e-16,16.0,on_track,RS,Sul,<5 mil,1201.0,-0.1772066876664505
4323309,99.70647058823542,0.010588235294122329,16.0,on_track,RS,Sul,<5 mil,1432.0,-0.07569873674121903
4323358,99.99999999999996,-1.0557187595892194e-15,6.0,on_track,RS,Sul,<5 mil,352.0,0.15700507488400775
4323408,97.08043956043954,-0.06901098901099065,14.0,at_risk,RS,Sul,<5 mil,2327.0,0.015622217976172295
4323457,105.70308823529433,0.3982352941176604,16.0,on_track,RS,Sul,<5 mil,2222.0,-0.001635015804263267
4323507,100.0,-5.584774207323182e-16,16.0,on_track,RS,Sul,<5 mil,1141.0,-0.14649839183134797
4323606,99.879090909091,0.055454545454553264,11.0,on_track,RS,Sul,<5 mil,458.0,0.03303107450861353
4323705,103.47382352941196,0.21852941176471588,16.0,on_track,RS,Sul,<5 mil,1000.0,-0.2754447402061284
4323754,108.49184149184043,0.6328671328670255,12.0,on_track,RS,Sul,<5 mil,586.0,0.05239179635296582
4323770,100.52272727272728,0.04090909090909213,11.0,on_track,RS,Sul,<5 mil,1232.0,-1.7503568759770882
4323804,103.46522187822495,0.24871001031992016,18.0,on_track,RS,Sul,5-20 mil,17050.0,-0.39990350481240744
5000203,98.13333333333327,-0.06428571428571526,21.0,at_risk,MS,Centro-Oeste,5-20 mil,10663.0,0.32380630193772153
5000252,98.20857142857133,-0.06259740259740401,21.0,at_risk,MS,Centro-Oeste,<5 mil,3767.0,0.5226448802868213
5000609,98.21428571428564,-0.06298701298701462,21.0,at_risk,MS,Centro-Oeste,20-50 mil,25929.0,0.49918554436534096
5000708,98.15523809523796,-0.06545454545454735,21.0,at_risk,MS,Centro-Oeste,20-50 mil,20913.0,0.4274640924900438
5000807,98.02571428571423,-0.06701298701298854,21.0,at_risk,MS,Centro-Oeste,<5 mil,4639.0,0.4268126983929939
5000856,98.09238095238088,-0.05987012987013028,21.0,at_risk,MS,Centro-Oeste,5-20 mil,9279.0,0.45124259839257236
5000906,97.39523809523796,-0.06168831168831593,21.0,at_risk,MS,Centro-Oeste,5-20 mil,7555.0,0.45310031778570775
5001003,98.13238095238088,-0.061948051948053445,21.0,at_risk,MS,Centro-Oeste,20-50 mil,23757.0,0.41001441217897616
5001102,98.35781196581195,-0.0549401709401722,26.0,at_risk,MS,Centro-Oeste,20-50 mil,37950.0,-0.08044078207903863
5001243,98.15523809523802,-0.06480519480519688,21.0,at_risk,MS,Centro-Oeste,5-20 mil,6538.0,0.40753621844120946
5001508,100.55128458498024,0.036067193675889626,23.0,on_track,MS,Centro-Oeste,<5 mil,4993.0,-0.14705971029418222
5001904,98.12380952380946,-0.0636363636363643,21.0,at_risk,MS,Centro-Oeste,5-20 mil,18143.0,0.35116987784054976
5002001,98.1019047619047,-0.06441558441558501,21.0,at_risk,MS,Centro-Oeste,5-20 mil,8660.0,0.45386790719695647
5002100,97.41447330859171,-0.1313934994494834,22.0,at_risk,MS,Centro-Oeste,20-50 mil,20283.0,-0.15712740609449954
5002159,98.07999999999993,-0.06519480519480582,21.0,at_risk,MS,Centro-Oeste,5-20 mil,5645.0,0.544412842433357
5002209,98.16476190476186,-0.06415584415584555,21.0,at_risk,MS,Centro-Oeste,5-20 mil,18481.0,0.6567327298430232
5002308,101.24666666666624,0.10753246753245112,21.0,on_track,MS,Centro-Oeste,5-20 mil,8019.0,0.40432374660907505
5002407,97.78190476190471,-0.07116883116883145,21.0,at_risk,MS,Centro-Oeste,20-50 mil,22031.0,0.43054785868008527
5002605,91.46099145299172,-0.40488888888888347,26.0,at_risk,MS,Centro-Oeste,5-20 mil,9833.0,0.07665369097175437
5002704,99.56365461847385,0.015662650602408356,24.0,on_track,MS,Centro-Oeste,500 mil+,903713.0,-0.20131178555562093
5002803,98.1504761904761,-0.0654545454545471,21.0,at_risk,MS,Centro-Oeste,<5 mil,3747.0,0.43791642505795575
5002902,99.6897435897436,-0.010256410256409658,9.0,on_track,MS,Centro-Oeste,20-50 mil,20003.0,-0.004557484581375188
5002951,98.25523809523803,-0.05896103896103972,21.0,at_risk,MS,Centro-Oeste,20-50 mil,22627.0,0.5994275254681217
5003108,96.84725570275927,-0.0989241956370141,16.0,at_risk,MS,Centro-Oeste,<5 mil,2371.0,-0.1383411364040489
5003157,94.53333333333319,-0.169480519480523,21.0,at_risk,MS,Centro-Oeste,5-20 mil,11213.0,0.4218499144109976
5003207,88.47699145299157,-0.5368888888888877,26.0,will_not_meet,MS,Centro-Oeste,100-500 mil,101532.0,0.0369850918536796
5003256,102.5249988702605,0.17295404220704697,22.0,on_track,MS,Centro-Oeste,5-20 mil,18354.0,-0.17413825019409118
5003306,98.06571428571422,-0.06584415584415683,21.0,at_risk,MS,Centro-Oeste,20-50 mil,30403.0,0.4690664499125871
5003454,101.76285714285723,0.1398701298701397,21.0,on_track,MS,Centro-Oeste,5-20 mil,10795.0,0.3887728926340706
5003488,98.18666666666661,-0.06337662337662471,21.0,at_risk,MS,Centro-Oeste,5-20 mil,5243.0,0.4040828084980876
5003504,97.23619047619022,-0.06610389610390548,21.0,at_risk,MS,Centro-Oeste,<5 mil,3691.0,0.42896883689384463
5003702,102.29312820512817,0.15733333333333394,26.0,on_track,MS,Centro-Oeste,100-500 mil,210510.0,0.06705790845893846
5003751,98.13333333333327,-0.06428571428571526,21.0,at_risk,MS,Centro-Oeste,5-20 mil,9950.0,0.43372707303261476
5003801,98.17712820512828,-0.0491282051282021,26.0,at_risk,MS,Centro-Oeste,5-20 mil,17071.0,-0.028490492253129378
5003900,97.90720588235294,-0.07911764705882667,16.0,at_risk,MS,Centro-Oeste,<5 mil,1602.0,0.1416660720888967
5004007,100.98350091407681,0.07577696526508274,12.0,on_track,MS,Centro-Oeste,5-20 mil,7675.0,-0.1190390576403498
5004106,98.12380952380946,-0.06558441558441719,21.0,at_risk,MS,Centro-Oeste,5-20 mil,8266.0,0.41332564844085284
5004304,89.37719658119659,-0.5090940170940069,26.0,at_risk,MS,Centro-Oeste,5-20 mil,12040.0,0.04209573492568796
5004403,98.16571428571405,-0.03987012987013911,21.0,at_risk,MS,Centro-Oeste,<5 mil,4806.0,0.45187377935029743
5004502,99.61619047619044,0.02714285714285719,21.0,on_track,MS,Centro-Oeste,5-20 mil,16228.0,0.4285601543654685
5004601,98.19047619047612,-0.06363636363636513,21.0,at_risk,MS,Centro-Oeste,5-20 mil,8821.0,0.44535317674125263
5004700,98.11142857142852,-0.0663636363636371,21.0,at_risk,MS,Centro-Oeste,5-20 mil,17998.0,0.4135395666961617
5004809,98.52380952380945,-0.04285714285714373,21.0,at_risk,MS,Centro-Oeste,<5 mil,1697.0,0.44326345506073994
5004908,97.2715261958997,-0.09497870654650642,14.0,at_risk,MS,Centro-Oeste,<5 mil,2068.0,-0.08042056956701615
5005004,97.80476190476182,-0.07597402597402798,21.0,at_risk,MS,Centro-Oeste,20-50 mil,24636.0,0.5021003770502855
5005103,98.14857142857133,-0.06532467532467692,21.0,at_risk,MS,Centro-Oeste,<5 mil,1873.0,0.6483591740567239
5005152,97.93428571428569,-0.07116883116883162,21.0,at_risk,MS,Centro-Oeste,<5 mil,4564.0,0.3876564127189618
5005202,88.12476190476184,-0.4497402597402696,21.0,will_not_meet,MS,Centro-Oeste,20-50 mil,22778.0,0.4669531802297446
5005251,97.30761904761897,-0.08363636363636441,21.0,at_risk,MS,Centro-Oeste,<5 mil,3161.0,0.45207369320470603
5005400,98.01999999999991,-0.0562337662337676,21.0,at_risk,MS,Centro-Oeste,20-50 mil,42165.0,0.5662110924717119
5005608,98.13809523809516,-0.06428571428571553,21.0,at_risk,MS,Centro-Oeste,5-20 mil,17287.0,0.5553520618410057
5005681,96.53999999999996,-0.11051948051948075,21.0,at_risk,MS,Centro-Oeste,5-20 mil,16646.0,0.39451993786884365
5005707,92.45377777777799,-0.3323418803418724,26.0,at_risk,MS,Centro-Oeste,50-100 mil,52142.0,-0.011254313073455206
5005806,98.06761904761902,-0.06662337662337753,21.0,at_risk,MS,Centro-Oeste,5-20 mil,6764.0,0.4641205598292893
5006002,100.10761904761878,0.03974025974025014,21.0,on_track,MS,Centro-Oeste,5-20 mil,17172.0,0.4157009371060926
5006200,92.04451282051309,-0.36851282051281153,26.0,at_risk,MS,Centro-Oeste,20-50 mil,47696.0,-0.015837535090834062
5006259,98.20571428571422,-0.061428571428572804,21.0,at_risk,MS,Centro-Oeste,<5 mil,1915.0,0.38357492449200403
5006275,81.33777777777777,-0.831666666666669,9.0,will_not_meet,MS,Centro-Oeste,<5 mil,4632.0,0.15598726537192947
5006309,97.81530208921518,-0.07346132128740974,22.0,at_risk,MS,Centro-Oeste,20-50 mil,37719.0,0.37813536224620425
5006358,93.05999999999989,-0.24597402597403056,21.0,at_risk,MS,Centro-Oeste,5-20 mil,7392.0,0.5200342076298772
5006408,98.10952380952372,-0.06493506493506583,21.0,at_risk,MS,Centro-Oeste,5-20 mil,5840.0,0.4160426448269735
5006606,97.36095238095228,-0.08272727272727366,21.0,at_risk,MS,Centro-Oeste,50-100 mil,75974.0,0.584684443983408
5006903,98.02952380952374,-0.0685714285714297,21.0,at_risk,MS,Centro-Oeste,5-20 mil,11425.0,0.6121149900593001
5007109,98.14571428571426,-0.06285714285714358,21.0,at_risk,MS,Centro-Oeste,5-20 mil,15666.0,0.5503698018252061
5007208,98.58476190476169,-0.009350649350656768,21.0,at_risk,MS,Centro-Oeste,20-50 mil,31109.0,0.48225625719785437
5007307,97.71714285714285,-0.07779220779220948,21.0,at_risk,MS,Centro-Oeste,<5 mil,3463.0,0.3965709315074635
5007406,98.13714285714275,-0.06454545454545689,21.0,at_risk,MS,Centro-Oeste,5-20 mil,17276.0,0.4298811112179955
5007505,104.84276391554715,0.3055278310940593,11.0,on_track,MS,Centro-Oeste,<5 mil,2978.0,-0.2619678981667215
5007554,98.18666666666661,-0.06337662337662471,21.0,at_risk,MS,Centro-Oeste,<5 mil,3856.0,0.3686198519533718
5007695,97.86552173913034,-0.09295652173913214,24.0,at_risk,MS,Centro-Oeste,20-50 mil,24044.0,-0.15573937580011749
5007703,97.37904761904761,-0.08753246753246828,21.0,at_risk,MS,Centro-Oeste,5-20 mil,8950.0,0.38020863122145065
5007802,98.14476190476185,-0.06506493506493649,21.0,at_risk,MS,Centro-Oeste,<5 mil,4975.0,0.3533378311643703
5007901,91.36761904761886,-0.3146753246753316,21.0,at_risk,MS,Centro-Oeste,20-50 mil,40088.0,0.4546935505492304
5007935,86.34380952380923,-0.4770129870129975,21.0,will_not_meet,MS,Centro-Oeste,5-20 mil,18212.0,0.3865356184850149
5007950,96.86761904761906,-0.1003896103896106,21.0,at_risk,MS,Centro-Oeste,<5 mil,4350.0,0.5596604768839123
5007976,98.11904761904756,-0.0655844155844168,21.0,at_risk,MS,Centro-Oeste,<5 mil,2503.0,0.374403434056698
5008008,98.14285714285711,-0.06493506493506629,21.0,at_risk,MS,Centro-Oeste,5-20 mil,9640.0,0.47252525994106864
5008305,92.20082051282066,-0.3657435897435846,26.0,at_risk,MS,Centro-Oeste,100-500 mil,119332.0,-0.06585896168628531
5008404,98.04952380952375,-0.06701298701298819,21.0,at_risk,MS,Centro-Oeste,<5 mil,4397.0,0.37978224853481
5100102,150.0,2.640963855421446,4.0,on_track,MT,Centro-Oeste,<5 mil,2848.0,-0.6662855503357524
5100201,94.56436233611447,-0.23857767183154424,20.0,at_risk,MT,Centro-Oeste,20-50 mil,21438.0,-0.24511019274385631
5100250,104.94483030781419,0.28178768745067995,17.0,on_track,MT,Centro-Oeste,20-50 mil,45273.0,-0.3579160386123053
5100300,84.20584404455894,-0.5951670951156735,24.0,will_not_meet,MT,Centro-Oeste,5-20 mil,17417.0,-0.253995822021967
5100359,150.0,6.284306569343444,6.0,on_track,MT,Centro-Oeste,<5 mil,3821.0,0.14870378753571162
5100409,88.31927183616403,-0.5661648870995887,13.0,will_not_meet,MT,Centro-Oeste,5-20 mil,11257.0,-0.22595863810844047
5100508,93.13803295057119,-0.17491762356476126,16.0,at_risk,MT,Centro-Oeste,5-20 mil,7201.0,-0.33268344890638396
5100607,77.01383792048978,-0.8465978593271944,19.0,will_not_meet,MT,Centro-Oeste,5-20 mil,10354.0,-0.08313533591746952
5100805,67.76141626794231,0.487674641148312,14.0,will_not_meet,MT,Centro-Oeste,5-20 mil,7765.0,0.06729221292911354
5101001,78.15965650782914,-0.7747768984677696,22.0,will_not_meet,MT,Centro-Oeste,<5 mil,2098.0,-0.6147830919489233
5101209,89.89738903394186,-0.4911227154047384,17.0,at_risk,MT,Centro-Oeste,<5 mil,783.0,-0.27266791170763466
5101258,103.08443444799684,0.35721099127416855,20.0,on_track,MT,Centro-Oeste,5-20 mil,13463.0,-0.437808700801504
5101308,95.69165630083239,-0.21434312505980088,12.0,at_risk,MT,Centro-Oeste,5-20 mil,8883.0,-0.20919762173813677
5101407,104.77473766175956,0.5521413474730199,22.0,on_track,MT,Centro-Oeste,5-20 mil,14443.0,-0.4644923830836778
5101605,90.7251351351349,-0.5218918918918998,5.0,at_risk,MT,Centro-Oeste,<5 mil,3680.0,-0.517891561086396
5101704,98.40363979848831,-0.007015113350139954,24.0,at_risk,MT,Centro-Oeste,20-50 mil,29143.0,-0.4390493243218638
5101803,88.9834122042339,-0.6473474470734869,13.0,will_not_meet,MT,Centro-Oeste,50-100 mil,55579.0,-0.38499272094624504
5101852,,,1.0,,MT,Centro-Oeste,<5 mil,3342.0,
5101902,117.07717451523422,1.3053739612187565,17.0,on_track,MT,Centro-Oeste,5-20 mil,13446.0,-0.3346142219255309
5102504,84.23471540726212,-0.44079980372914684,18.0,will_not_meet,MT,Centro-Oeste,50-100 mil,83008.0,-0.3585928863196028
5102603,113.45628051860604,0.9427344670820024,22.0,on_track,MT,Centro-Oeste,5-20 mil,5466.0,-0.26319844235368556
5102637,117.87101934134944,0.9257083115525363,21.0,on_track,MT,Centro-Oeste,20-50 mil,34249.0,-0.17981830555493056
5102678,100.14709229852038,0.042306650046067804,20.0,on_track,MT,Centro-Oeste,20-50 mil,35506.0,-0.015525546242567807
5102686,101.1688975284642,0.08875312413218185,14.0,on_track,MT,Centro-Oeste,5-20 mil,5642.0,0.19276954190725054
5102694,,,0.0,,MT,Centro-Oeste,,,
5102702,125.10523527298983,1.4634249281609237,17.0,on_track,MT,Centro-Oeste,5-20 mil,17447.0,-0.29173168571511676
5102793,99.99423210562892,0.0015983321751231398,18.0,on_track,MT,Centro-Oeste,<5 mil,4202.0,0.03553687883638275
5102850,96.91305542830952,-0.06360513055428475,11.0,at_risk,MT,Centro-Oeste,<5 mil,4183.0,-0.3764252080282231
5103007,60.72983870967846,-1.9078058429701672,14.0,will_not_meet,MT,Centro-Oeste,5-20 mil,13948.0,-0.36287017978258385
5103056,105.46055094945172,0.29574752607649624,21.0,on_track,MT,Centro-Oeste,5-20 mil,9445.0,-0.2184823984050221
5103106,73.38765054659933,0.1450157494904225,13.0,will_not_meet,MT,Centro-Oeste,<5 mil,3797.0,-0.4406221036281794
5103205,94.00418310970758,-0.31732438831887094,17.0,at_risk,MT,Centro-Oeste,20-50 mil,27525.0,-0.22284296370581777
5103254,67.82863924050935,1.2482594936709446,15.0,will_not_meet,MT,Centro-Oeste,20-50 mil,23358.0,0.030922924055602936
5103304,96.73497504159673,-0.13509706045482037,19.0,at_risk,MT,Centro-Oeste,5-20 mil,14708.0,-0.20301943990676682
5103353,134.9543172990734,2.3114430833582436,12.0,on_track,MT,Centro-Oeste,5-20 mil,18166.0,0.21123915505009488
5103361,119.73490008688123,1.16075586446569,19.0,on_track,MT,Centro-Oeste,<5 mil,2525.0,0.12062331205507759
5103379,14.800000000000068,0.4098214285714367,7.0,will_not_meet,MT,Centro-Oeste,5-20 mil,7096.0,0.0
5103403,92.39844753747275,-0.353586723768744,24.0,at_risk,MT,Centro-Oeste,500 mil+,611977.0,-0.32655456511428727
5103437,98.35603896103856,0.1768181818181696,7.0,at_risk,MT,Centro-Oeste,<5 mil,3132.0,0.07443297743786012
5103452,110.72368932038808,0.8456310679611462,15.0,on_track,MT,Centro-Oeste,5-20 mil,8023.0,-0.3723474929812316
5103502,83.40076115788247,-0.8425181639949203,25.0,will_not_meet,MT,Centro-Oeste,5-20 mil,17434.0,-0.34541250067705237
5103601,82.92630323679646,-0.6902214650766713,21.0,will_not_meet,MT,Centro-Oeste,5-20 mil,6548.0,-0.29694498032237243
5103700,98.89623434410362,0.2879779169414808,17.0,at_risk,MT,Centro-Oeste,5-20 mil,11031.0,-0.049927728444517344
5103809,80.97294867603841,-0.8985779666557739,11.0,will_not_meet,MT,Centro-Oeste,<5 mil,1873.0,-0.9244282495594718
5103858,95.47314112291366,-0.10273141122912632,11.0,at_risk,MT,Centro-Oeste,<5 mil,2761.0,0.004185519084871689
5103908,110.6457276995302,0.6471830985915479,15.0,on_track,MT,Centro-Oeste,<5 mil,2686.0,-0.40072893264079734
5103957,107.40882863759703,0.8962273253572282,15.0,on_track,MT,Centro-Oeste,<5 mil,2060.0,-0.5184061050481231
5104104,141.25640941792062,2.3751798561150093,22.0,on_track,MT,Centro-Oeste,20-50 mil,27078.0,-0.38019758855471947
5104203,86.32976744186033,-0.25441860465116417,14.0,will_not_meet,MT,Centro-Oeste,5-20 mil,12953.0,-0.5583181879240038
5104500,88.24252223966505,-0.4815698587127281,12.0,will_not_meet,MT,Centro-Oeste,<5 mil,2065.0,-0.6549859205076447
5104526,97.76485294117646,-0.07455882352941486,16.0,at_risk,MT,Centro-Oeste,5-20 mil,5550.0,-0.12318220269394826
5104542,33.77010398613493,-2.85103986135165,15.0,will_not_meet,MT,Centro-Oeste,<5 mil,4225.0,-0.04063816738210721
5104559,119.62324632952732,1.2043230016313338,17.0,on_track,MT,Centro-Oeste,<5 mil,2930.0,-0.541024877720102
5104609,74.53479540129547,-1.1902086852285851,18.0,will_not_meet,MT,Centro-Oeste,5-20 mil,5312.0,-0.45848126051737587
5104807,95.31136457169703,-0.2549003468751835,18.0,at_risk,MT,Centro-Oeste,20-50 mil,25510.0,-0.343797048416108
5104906,106.42342695822788,0.4079477486961235,20.0,on_track,MT,Centro-Oeste,<5 mil,3223.0,-0.10815710465181287
5105002,110.1153705397985,0.7752058554436859,21.0,on_track,MT,Centro-Oeste,<5 mil,4944.0,-0.2803406488665886
5105101,107.16652360515002,0.4145922746781084,13.0,on_track,MT,Centro-Oeste,20-50 mil,27991.0,-0.19117951142189685
5105150,122.46222408281392,1.9307124372050353,23.0,on_track,MT,Centro-Oeste,20-50 mil,35634.0,-0.2901817257286397
5105176,84.8552936311005,-0.5296629445822775,17.0,will_not_meet,MT,Centro-Oeste,5-20 mil,10207.0,-0.2094549449664751
5105200,108.16673948661969,0.4057891862370267,11.0,on_track,MT,Centro-Oeste,5-20 mil,8210.0,-0.34331822396657175
5105234,123.70677099968361,1.4572500798467904,13.0,on_track,MT,Centro-Oeste,<5 mil,3329.0,-0.1264070697344156
5105259,95.11049196561152,-0.20552729891526136,22.0,at_risk,MT,Centro-Oeste,50-100 mil,64928.0,-0.27245156010520793
5105309,12.262849162010752,-3.051675977653625,7.0,will_not_meet,MT,Centro-Oeste,<5 mil,1857.0,-0.5303054211033248
5105507,105.20047952975108,0.46418995565636473,19.0,on_track,MT,Centro-Oeste,5-20 mil,5850.0,-0.7985319700788489
5105580,130.85254968881782,1.7458542461352615,20.0,on_track,MT,Centro-Oeste,5-20 mil,6251.0,-0.32049933459241864
5105606,143.9892628650896,2.369777468706508,21.0,on_track,MT,Centro-Oeste,5-20 mil,13119.0,-0.4204751994553864
5105622,109.9573544093164,0.9297115917913434,19.0,on_track,MT,Centro-Oeste,20-50 mil,23877.0,-0.3885504688095069
5105903,,,2.0,,MT,Centro-Oeste,5-20 mil,11960.0,
5106000,99.4372379367711,0.00481419855791401,19.0,on_track,MT,Centro-Oeste,<5 mil,4796.0,-0.3154752865168961
5106109,101.54294549352704,0.2816154036447656,21.0,on_track,MT,Centro-Oeste,<5 mil,4784.0,-0.29369545263179436
5106158,60.85140000000138,-0.6800999999999505,15.0,will_not_meet,MT,Centro-Oeste,5-20 mil,5600.0,-0.19404503792608105
5106174,62.276878808395395,-1.3531144211238835,13.0,will_not_meet,MT,Centro-Oeste,<5 mil,1483.0,-0.04824246430187131
5106182,93.11482972136241,-0.2514551083591276,16.0,at_risk,MT,Centro-Oeste,<5 mil,3761.0,-0.0032868026905057217
5106190,98.2885714285714,-0.0749450549450556,14.0,at_risk,MT,Centro-Oeste,<5 mil,2142.0,0.05358196059204471
5106208,95.07221115537783,-0.23341633466136913,18.0,at_risk,MT,Centro-Oeste,<5 mil,2916.0,-0.17245287465512993
5106216,125.1136230868101,1.282766678350258,19.0,on_track,MT,Centro-Oeste,5-20 mil,7212.0,-0.15192881848925882
5106224,61.816028985506364,-1.9736086956521925,24.0,will_not_meet,MT,Centro-Oeste,20-50 mil,39409.0,-0.28232304022639393
5106232,114.9162696247804,1.1057464993635193,18.0,on_track,MT,Centro-Oeste,5-20 mil,18824.0,-0.3287159256436227
5106240,100.0000000000001,3.661057648239953e-15,5.0,on_track,MT,Centro-Oeste,<5 mil,4240.0,-0.04885456970753142
5106257,93.09754528847543,-0.21038590348609798,23.0,at_risk,MT,Centro-Oeste,5-20 mil,17391.0,-0.19649089038233503
5106265,109.69636363636005,0.5993939393937459,10.0,on_track,MT,Centro-Oeste,<5 mil,3289.0,0.03452241779903044
5106273,35.47445397669753,-2.0068632225677323,22.0,will_not_meet,MT,Centro-Oeste,<5 mil,1929.0,-0.4453536491767476
5106281,107.35278627723687,0.42090403337968085,21.0,on_track,MT,Centro-Oeste,<5 mil,2976.0,-0.020388272271328195
5106299,114.92655355612692,0.8321645244216096,24.0,on_track,MT,Centro-Oeste,5-20 mil,5973.0,-0.4616141351897435
5106307,95.55153366809765,-0.23864117611473845,18.0,at_risk,MT,Centro-Oeste,5-20 mil,17856.0,-0.04821727570928556
5106315,150.0,21.664705882353218,4.0,on_track,MT,Centro-Oeste,<5 mil,1859.0,0.585849184817948
5106372,97.83944990965642,-0.11571973499298202,20.0,at_risk,MT,Centro-Oeste,5-20 mil,12678.0,-0.2857860970639856
5106422,104.83882352941191,0.3135294117647231,16.0,on_track,MT,Centro-Oeste,20-50 mil,22942.0,0.053299870248070265
5106455,70.87803468207926,-0.9381502890174097,7.0,will_not_meet,MT,Centro-Oeste,<5 mil,2060.0,-0.15268377414272677
5106505,100.24621233194239,0.24803894297634413,21.0,on_track,MT,Centro-Oeste,20-50 mil,24228.0,-0.1668415678764196
5106653,118.98171283211104,1.0909694742793798,17.0,on_track,MT,Centro-Oeste,5-20 mil,5753.0,0.045571775186135886
5106703,57.85543273753456,-1.4402398871119255,16.0,will_not_meet,MT,Centro-Oeste,<5 mil,1302.0,-0.4065475766354666
5106752,132.25256205673804,1.7951861702128133,21.0,on_track,MT,Centro-Oeste,20-50 mil,38594.0,-0.18535082724141555
5106778,117.6780652635648,1.0588144429426447,13.0,on_track,MT,Centro-Oeste,5-20 mil,6191.0,-0.29872979698803304
5106802,105.85125893689803,0.3106310226919689,23.0,on_track,MT,Centro-Oeste,<5 mil,2711.0,-0.25355629775759575
5106828,86.86550665301957,-0.7805448389890658,14.0,will_not_meet,MT,Centro-Oeste,<5 mil,4639.0,-0.16552422324410884
5106851,83.70878186968716,-0.09192634560912118,6.0,will_not_meet,MT,Centro-Oeste,<5 mil,1123.0,0.10133032934833644
5107008,87.14191176470558,-0.5095588235294161,7.0,will_not_meet,MT,Centro-Oeste,5-20 mil,11797.0,-0.8993904725263709
5107040,130.0180716851869,1.7706241122900976,18.0,on_track,MT,Centro-Oeste,50-100 mil,60447.0,-0.24732076766485078
5107065,102.60710132890341,0.18833056478403268,17.0,on_track,MT,Centro-Oeste,5-20 mil,8425.0,-0.10835848592898935
5107107,102.28042834358655,0.1935862383231058,20.0,on_track,MT,Centro-Oeste,5-20 mil,14347.0,-0.3595901271146615
5107156,52.723356326794146,-1.8752209527915722,13.0,will_not_meet,MT,Centro-Oeste,<5 mil,1737.0,-0.394281786436571
5107180,103.18639148661708,0.24548532731375058,14.0,on_track,MT,Centro-Oeste,5-20 mil,6548.0,-0.49810109685902454
5107198,95.2501246882793,-0.2306317539484631,18.0,at_risk,MT,Centro-Oeste,<5 mil,1724.0,-0.00920578021399004
5107206,81.1101195006836,-0.9410602831481449,23.0,will_not_meet,MT,Centro-Oeste,<5 mil,4208.0,-0.369631203742151
5107248,104.80647254575649,0.3273932334996747,19.0,on_track,MT,Centro-Oeste,<5 mil,3469.0,-0.36062766892915094
5107263,117.42805990704119,1.0602943708039951,13.0,on_track,MT,Centro-Oeste,<5 mil,1630.0,-0.4419860566247188
5107297,75.36018482107784,-0.9390876917026981,16.0,will_not_meet,MT,Centro-Oeste,<5 mil,1980.0,-0.030533777175099974
5107305,91.51011845010976,-0.43968078699057633,20.0,at_risk,MT,Centro-Oeste,5-20 mil,16418.0,-0.2349319527181642
5107354,150.0,3.324596774193431,7.0,on_track,MT,Centro-Oeste,<5 mil,3910.0,-0.03380909880471462
5107404,99.89862258953143,0.03539944903580102,17.0,on_track,MT,Centro-Oeste,<5 mil,4295.0,-0.2198539584950071
5107578,129.6117647058909,2.4441176470591417,6.0,on_track,MT,Centro-Oeste,<5 mil,1064.0,0.0
5107602,96.65255816714142,-0.1699103751187084,25.0,at_risk,MT,Centro-Oeste,100-500 mil,230483.0,-0.1537444140866133
5107701,85.69752808988733,-0.68973131411821,12.0,will_not_meet,MT,Centro-Oeste,5-20 mil,10277.0,-0.6438353271229375
5107743,78.69015151515214,-0.8401515151514831,9.0,will_not_meet,MT,Centro-Oeste,<5 mil,1594.0,0.0
5107750,100.97102656383909,0.05838560411311943,24.0,on_track,MT,Centro-Oeste,<5 mil,1803.0,-0.3032091987063961
5107768,98.28481764206956,-0.041899915182356626,19.0,at_risk,MT,Centro-Oeste,<5 mil,1977.0,-0.2168648622408939
5107776,111.75515695067634,0.7188340807176068,5.0,on_track,MT,Centro-Oeste,<5 mil,3229.0,-0.44671827332390585
5107792,72.11857142857093,-0.9110884353741352,11.0,will_not_meet,MT,Centro-Oeste,<5 mil,3081.0,0.13280475013219295
5107800,97.97372947615332,-0.04276778733385156,8.0,at_risk,MT,Centro-Oeste,5-20 mil,6666.0,-0.37840507523097533
5107859,110.64197823000404,0.810601041173649,18.0,on_track,MT,Centro-Oeste,5-20 mil,6939.0,-0.5746146412244217
5107875,92.12772041302594,-0.20589356632248879,16.0,at_risk,MT,Centro-Oeste,20-50 mil,22974.0,-0.24838401947754987
5107883,145.93935574229909,2.921988795518203,5.0,on_track,MT,Centro-Oeste,<5 mil,1016.0,0.19211607089675517
5107909,127.92307180851049,1.5277260638297956,22.0,on_track,MT,Centro-Oeste,100-500 mil,123480.0,-0.1562813845613098
5107925,91.05469408740532,-0.45482776349607756,24.0,at_risk,MT,Centro-Oeste,50-100 mil,83299.0,-0.1853455158736012
5107941,150.0,4.227882797731362,12.0,on_track,MT,Centro-Oeste,<5 mil,4977.0,-0.21388442844984473
5107958,100.6775265957447,0.0783244680851057,22.0,on_track,MT,Centro-Oeste,50-100 mil,97943.0,-0.18001128131426047
5108006,52.96150836775087,-2.5170615083675822,18.0,will_not_meet,MT,Centro-Oeste,5-20 mil,9030.0,-0.29582294535772163
5108055,145.48116315598872,2.668146119457171,22.0,on_track,MT,Centro-Oeste,<5 mil,4176.0,-0.47129590567959917
5108105,79.86879194631138,-0.6271812080536276,4.0,will_not_meet,MT,Centro-Oeste,<5 mil,2425.0,-0.6923725076067508
5108204,29.82360243340827,-2.640570536007874,15.0,will_not_meet,MT,Centro-Oeste,<5 mil,2666.0,-0.46966038788018255
5108303,119.32527685492732,1.1980343300109895,17.0,on_track,MT,Centro-Oeste,<5 mil,2148.0,0.00014743451321923406
5108352,100.00000000000009,3.4988891189867564e-15,3.0,on_track,MT,Centro-Oeste,<5 mil,730.0,
5108402,92.76788008565273,-0.08498394004283527,24.0,at_risk,MT,Centro-Oeste,100-500 mil,285909.0,-0.41649368349869176
5108501,127.55257980325268,1.7857659104597021,20.0,on_track,MT,Centro-Oeste,5-20 mil,8423.0,-0.3593889658424451
5108600,34.43556766145332,-0.23536238749417007,21.0,will_not_meet,MT,Centro-Oeste,5-20 mil,17595.0,-0.4386782016304387
5108808,110.23894736842044,0.8336842105263049,19.0,on_track,MT,Centro-Oeste,<5 mil,1733.0,-0.022210970140048397
5108857,111.65485791610308,0.6757239512855372,20.0,on_track,MT,Centro-Oeste,<5 mil,2210.0,-0.2988753557016671
5108907,97.49801789401218,-0.01622849277358338,14.0,at_risk,MT,Centro-Oeste,<5 mil,4701.0,-0.10278917697162902
5108956,81.34618473895898,4.227710843373654,6.0,will_not_meet,MT,Centro-Oeste,<5 mil,4602.0,0.004475524319395054
5200050,119.54511575381139,1.1175607001693935,22.0,on_track,GO,Centro-Oeste,5-20 mil,6767.0,-0.0714235163147999
5200100,97.79825041006006,-0.07752870420994644,11.0,at_risk,GO,Centro-Oeste,5-20 mil,14277.0,-0.1513776533714817
5200134,104.17809523809547,0.751818181818204,21.0,on_track,GO,Centro-Oeste,5-20 mil,19817.0,0.06482936912752552
5200159,99.85485294117649,-0.004558823529413074,16.0,on_track,GO,Centro-Oeste,<5 mil,2241.0,0.010006916949966044
5200175,87.11904761904748,-0.42857142857143765,21.0,will_not_meet,GO,Centro-Oeste,<5 mil,2453.0,-0.020586733584255428
5200209,94.88441176470593,-0.21073529411765257,16.0,at_risk,GO,Centro-Oeste,<5 mil,1281.0,-0.04975253291087784
5200258,150.0,3.3798245614035247,19.0,on_track,GO,Centro-Oeste,100-500 mil,222514.0,-0.22768461564568176
5200308,95.55290677674589,-0.16625386996903815,18.0,at_risk,GO,Centro-Oeste,20-50 mil,23432.0,-0.04324941554906561
5200506,96.22647058823526,-0.15441176470588658,16.0,at_risk,GO,Centro-Oeste,<5 mil,1704.0,0.04215321888864344
5200555,89.85088235294108,-0.43264705882353977,16.0,at_risk,GO,Centro-Oeste,5-20 mil,5828.0,-0.09240872589616721
5200605,100.864761904762,0.09168831168831769,21.0,on_track,GO,Centro-Oeste,5-20 mil,5875.0,-0.005895853821122825
5200803,99.67157894736842,-0.012631578947368941,19.0,on_track,GO,Centro-Oeste,5-20 mil,7438.0,0.027391675138451765
5200829,95.27499140006898,-0.18224974200206004,18.0,at_risk,GO,Centro-Oeste,<5 mil,1242.0,-0.015169113050523198
5200852,100.0,-5.584774207323182e-16,16.0,on_track,GO,Centro-Oeste,5-20 mil,5328.0,-0.037093140452614484
5200902,99.98095238095235,-0.000649350649351049,21.0,on_track,GO,Centro-Oeste,<5 mil,1811.0,-0.006968705016348636
5201108,105.02635897435903,0.32164102564102726,26.0,on_track,GO,Centro-Oeste,100-500 mil,389584.0,-0.21586619952203506
5201207,101.28676470588222,0.07720588235293513,16.0,on_track,GO,Centro-Oeste,<5 mil,1096.0,-0.05269528033301288
5201306,99.99999999999994,-3.2329156420407523e-16,21.0,on_track,GO,Centro-Oeste,5-20 mil,18914.0,-0.11241221828278954
5201405,94.91377752682047,1.4010163749294235,22.0,at_risk,GO,Centro-Oeste,500 mil+,601231.0,-0.02683867126714341
5201454,100.0,-5.584774207323182e-16,16.0,on_track,GO,Centro-Oeste,<5 mil,1988.0,0.08172207309138657
5201504,98.01235294117649,-0.08205882352941435,16.0,at_risk,GO,Centro-Oeste,<5 mil,2850.0,-0.02028525372936309
5201603,100.03264705882353,0.004558823529411718,16.0,on_track,GO,Centro-Oeste,<5 mil,3046.0,-0.055060192739329515
5201702,102.17459062676448,0.12614342179559496,22.0,on_track,GO,Centro-Oeste,5-20 mil,19643.0,-0.07182016975484545
5201801,95.05878035008482,-0.17859966120836224,22.0,at_risk,GO,Centro-Oeste,5-20 mil,7058.0,-0.06532541334159865
5202155,96.43999999999991,-0.10597402597402925,21.0,at_risk,GO,Centro-Oeste,5-20 mil,5396.0,-0.09085875728762119
5202353,100.02220588235295,0.0033823529411761014,16.0,on_track,GO,Centro-Oeste,<5 mil,1442.0,-0.01160686123745554
5202502,92.24911764705871,-0.3298529411764792,16.0,at_risk,GO,Centro-Oeste,5-20 mil,8522.0,0.03904420058709041
5202601,100.0,-5.584774207323182e-16,16.0,on_track,GO,Centro-Oeste,<5 mil,2301.0,0.014921382580533226
5202809,99.07014705882352,-0.007941176470589631,16.0,on_track,GO,Centro-Oeste,<5 mil,1839.0,-0.05037119689331286
5203104,90.8713235294116,-0.38897058823530356,16.0,at_risk,GO,Centro-Oeste,<5 mil,1596.0,0.006418296491867689
5203203,97.08926470588239,-0.12779411764706156,16.0,at_risk,GO,Centro-Oeste,5-20 mil,8350.0,0.003673606267535148
5203302,97.92088063295483,0.10237358101134912,18.0,at_risk,GO,Centro-Oeste,20-50 mil,22672.0,-0.09710174412043317
5203401,97.62285714285701,-0.08727272727273024,21.0,at_risk,GO,Centro-Oeste,5-20 mil,6718.0,-0.06369770195197945
5203500,103.26761904761929,0.6885714285714348,21.0,on_track,GO,Centro-Oeste,20-50 mil,24215.0,0.30870180861690794
5203559,101.02235294117602,0.110441176470567,16.0,on_track,GO,Centro-Oeste,5-20 mil,9428.0,-0.01977351177221616
5203575,86.1264705882354,-0.5794117647058981,16.0,will_not_meet,GO,Centro-Oeste,<5 mil,1701.0,0.08298168852356916
5203609,87.18191176470566,-0.49323529411765443,16.0,will_not_meet,GO,Centro-Oeste,<5 mil,2559.0,0.058037138093825644
5203807,91.29425524595831,-0.3428276573787358,18.0,at_risk,GO,Centro-Oeste,<5 mil,4795.0,0.09567262925804434
5203906,99.55194358445135,-0.011558307533539694,18.0,on_track,GO,Centro-Oeste,5-20 mil,8840.0,-0.11098810160263099
5203939,97.30000000000003,-0.012499999999999024,16.0,at_risk,GO,Centro-Oeste,<5 mil,1670.0,0.1329668717634441
5203962,96.72897058823526,-0.13441176470588576,16.0,at_risk,GO,Centro-Oeste,<5 mil,1857.0,0.044730374360257466
5204003,95.88469212246304,-0.13787409700722492,18.0,at_risk,GO,Centro-Oeste,5-20 mil,6062.0,0.0038181277520862224
5204102,96.93161764705874,-0.11985294117647464,16.0,at_risk,GO,Centro-Oeste,5-20 mil,10201.0,-0.04441931000499061
5204201,102.77311557789011,0.19108040201009202,7.0,on_track,GO,Centro-Oeste,<5 mil,1109.0,0.0
5204250,99.20190476190473,-0.004025974025973876,21.0,on_track,GO,Centro-Oeste,5-20 mil,5190.0,0.10236256187911255
5204300,97.21619047619045,-0.03259740259740192,21.0,at_risk,GO,Centro-Oeste,5-20 mil,13355.0,0.2231559147624438
5204409,98.61714285714304,0.07935064935066,21.0,at_risk,GO,Centro-Oeste,5-20 mil,14134.0,0.07872041784801813
5204508,72.45822865658874,-1.0010432190760494,14.0,will_not_meet,GO,Centro-Oeste,50-100 mil,91457.0,-0.2331246423503272
5204557,99.75941176470589,-0.010735294117647044,16.0,on_track,GO,Centro-Oeste,<5 mil,2250.0,-0.063033836418153
5204607,100.0,-5.584774207323182e-16,16.0,on_track,GO,Centro-Oeste,<5 mil,2569.0,-0.06210658319752009
5204656,99.06947368421046,-0.035789473684212,19.0,on_track,GO,Centro-Oeste,<5 mil,2156.0,-0.06711386472742323
5204706,100.72852941176464,0.044411764705879,16.0,on_track,GO,Centro-Oeste,5-20 mil,10427.0,-0.016269551636607912
5204805,92.86522187822516,-0.2846233230134131,18.0,at_risk,GO,Centro-Oeste,5-20 mil,5830.0,-0.04602061644427733
5204854,106.86441176470589,0.641764705882372,16.0,on_track,GO,Centro-Oeste,5-20 mil,6853.0,0.015435362980139193
5204904,102.38407679277245,0.134443817052513,22.0,on_track,GO,Centro-Oeste,5-20 mil,17715.0,0.031167980965809854
5204953,130.272352941176,1.8979411764706062,16.0,on_track,GO,Centro-Oeste,<5 mil,1361.0,-0.12095963638340122
5205000,94.87058823529406,-0.21176470588235974,16.0,at_risk,GO,Centro-Oeste,5-20 mil,8137.0,-0.018955357571638763
5205059,111.76794117646978,0.7736764705882071,16.0,on_track,GO,Centro-Oeste,<5 mil,3107.0,0.0019230031777747922
5205109,99.41952252146298,-0.013771610019993401,21.0,on_track,GO,Centro-Oeste,100-500 mil,105804.0,-0.17859073194118458
5205208,97.81558823529409,-0.08926470588235509,16.0,at_risk,GO,Centro-Oeste,<5 mil,4013.0,-0.03639987115690176
5205307,95.47809523809508,-0.1657142857142925,21.0,at_risk,GO,Centro-Oeste,<5 mil,4918.0,-0.03344342824935462
5205406,102.30095238095248,0.12883116883117618,21.0,on_track,GO,Centro-Oeste,20-50 mil,21399.0,0.18640061215400683
5205455,99.77323529411767,-0.009705882352941368,16.0,on_track,GO,Centro-Oeste,5-20 mil,6521.0,-0.08679354178399182
5205471,100.44065934065938,0.06208791208791501,13.0,on_track,GO,Centro-Oeste,5-20 mil,9065.0,-0.0069065709567894176
5205497,100.20225641025624,0.05189743589742918,26.0,on_track,GO,Centro-Oeste,50-100 mil,58062.0,-0.41679314890369057
5205513,106.66866185070512,0.4486068111455152,18.0,on_track,GO,Centro-Oeste,5-20 mil,7689.0,-0.05539005011298707
5205521,,,2.0,,GO,Centro-Oeste,<5 mil,2408.0,
5205703,96.45529411764704,-0.14588235294118088,16.0,at_risk,GO,Centro-Oeste,<5 mil,1398.0,0.016088890706847027
5205802,87.2381909547745,-0.48134422110552355,15.0,will_not_meet,GO,Centro-Oeste,5-20 mil,6950.0,-0.001098265844817292
5205901,96.8569117647059,-0.09323529411764835,16.0,at_risk,GO,Centro-Oeste,5-20 mil,7719.0,0.1862888810741309
5206206,81.08105263157836,-0.3294736842105448,19.0,will_not_meet,GO,Centro-Oeste,50-100 mil,50633.0,0.05107858258083751
5206305,100.0,-5.584774207323182e-16,16.0,on_track,GO,Centro-Oeste,<5 mil,2497.0,0.017041077403376115
5206404,93.79047619047586,0.08636363636362275,21.0,at_risk,GO,Centro-Oeste,5-20 mil,13393.0,-0.08840922554840706
5206503,99.7114705882353,-0.01191176470588232,16.0,on_track,GO,Centro-Oeste,<5 mil,2602.0,0.03130319059475761
5206602,93.71073529411751,-0.25970588235294756,16.0,at_risk,GO,Centro-Oeste,<5 mil,2301.0,0.005284695598402152
5206701,100.0,-5.584774207323182e-16,16.0,on_track,GO,Centro-Oeste,<5 mil,1859.0,-0.02357121191280454
5206800,100.0,-5.584774207323182e-16,16.0,on_track,GO,Centro-Oeste,<5 mil,2338.0,-0.0006843333453151066
5206909,97.2088063295495,-0.1095975232198121,18.0,at_risk,GO,Centro-Oeste,<5 mil,1426.0,-0.10000316191551539
5207105,95.3629411764706,-0.19132352941177022,16.0,at_risk,GO,Centro-Oeste,<5 mil,1505.0,0.011714356731277308
5207253,99.20761904761896,-0.02909090909090993,21.0,on_track,GO,Centro-Oeste,<5 mil,4469.0,-0.07003908142976757
5207352,100.0,-5.584774207323182e-16,16.0,on_track,GO,Centro-Oeste,<5 mil,2531.0,-0.01033488207116586
5207402,101.48952380952367,0.09714285714285341,21.0,on_track,GO,Centro-Oeste,5-20 mil,10633.0,0.28807894620381513
5207501,108.8017647058823,0.5847058823529465,16.0,on_track,GO,Centro-Oeste,<5 mil,2872.0,-0.06700482439804534
5207535,0.0,-3.685824145279042,18.0,will_not_meet,GO,Centro-Oeste,<5 mil,3598.0,-0.24343815203690652
5207600,101.45333333333318,0.14766233766233083,21.0,on_track,GO,Centro-Oeste,<5 mil,3529.0,-0.011470294415119597
5207808,97.77619047619041,-0.06948051948051973,21.0,at_risk,GO,Centro-Oeste,5-20 mil,10312.0,-0.02076073444422419
5207907,62.08779411764726,-1.573382352941212,16.0,will_not_meet,GO,Centro-Oeste,<5 mil,4575.0,-0.12548047296101603
5208004,98.70210526315792,-0.036491228070174214,19.0,at_risk,GO,Centro-Oeste,100-500 mil,115579.0,0.0809100428266631
5208103,85.99238095238059,-0.4981818181818298,21.0,will_not_meet,GO,Centro-Oeste,<5 mil,3027.0,-0.00241262203174632
5208152,99.7230882352941,0.008235294117646343,16.0,on_track,GO,Centro-Oeste,<5 mil,1310.0,0.09600739016879054
5208301,99.9554411764706,-0.0013235294117646113,16.0,on_track,GO,Centro-Oeste,<5 mil,3307.0,-0.01873766873335756
5208400,116.88187464709154,1.107679277244498,22.0,on_track,GO,Centro-Oeste,5-20 mil,10164.0,-0.017389028289896268
5208509,101.0228571428572,0.09389610389611028,21.0,on_track,GO,Centro-Oeste,<5 mil,4870.0,-0.038648559933129135
5208608,94.24285714285702,0.21753246753246225,21.0,at_risk,GO,Centro-Oeste,50-100 mil,67340.0,0.07282515588267016
5208707,101.01692307692304,0.08553846153845919,25.0,on_track,GO,Centro-Oeste,500 mil+,1549742.0,-0.5402171232379506
5208806,127.26764539807891,2.0088650479954913,22.0,on_track,GO,Centro-Oeste,20-50 mil,45451.0,0.05714668761922199
5208905,98.53904761904755,-0.05363636363636587,21.0,at_risk,GO,Centro-Oeste,5-20 mil,16674.0,0.03401980314272632
5209101,110.04666666666685,0.7633766233766356,21.0,on_track,GO,Centro-Oeste,20-50 mil,31614.0,-0.015975430516469286
5209150,76.37794117647104,-0.5338235294117571,16.0,will_not_meet,GO,Centro-Oeste,<5 mil,4782.0,-0.09894993470862562
5209200,99.76190476190469,-0.0019480519480525305,21.0,on_track,GO,Centro-Oeste,5-20 mil,11520.0,-0.07897741233034627
5209291,99.26264705882355,-0.030441176470590074,16.0,on_track,GO,Centro-Oeste,<5 mil,1156.0,-0.016257866884703206
5209408,89.5973778307507,-0.4477949940405153,11.0,at_risk,GO,Centro-Oeste,<5 mil,1574.0,0.4414651603081743
5209457,97.32620087336261,-0.12347161572050644,7.0,at_risk,GO,Centro-Oeste,<5 mil,827.0,0.0
5209606,97.76970588235292,-0.09161764705882604,16.0,at_risk,GO,Centro-Oeste,<5 mil,2772.0,-0.012664163751460185
5209705,74.17449572649502,-0.7096752136752369,26.0,will_not_meet,GO,Centro-Oeste,5-20 mil,13560.0,-0.1113904533172677
5209804,97.08264705882354,-0.1204411764705919,16.0,at_risk,GO,Centro-Oeste,<5 mil,2552.0,0.049270652791823424
5209903,97.20190476190464,-0.10272727272727646,21.0,at_risk,GO,Centro-Oeste,5-20 mil,10638.0,-0.05206467487866848
5209937,135.30367647058756,2.4764705882353377,16.0,on_track,GO,Centro-Oeste,5-20 mil,5302.0,-0.12256211258070543
5209952,99.84476190476187,-0.005974025974025897,21.0,on_track,GO,Centro-Oeste,5-20 mil,13591.0,-0.02100576561618578
5210000,105.23238095238105,0.40103896103896675,21.0,on_track,GO,Centro-Oeste,50-100 mil,50160.0,0.06865803421112833
5210109,98.53428571428562,-0.05363636363636567,21.0,at_risk,GO,Centro-Oeste,20-50 mil,23605.0,-0.05535290460456641
5210158,99.26382352941177,0.001029411764704957,16.0,on_track,GO,Centro-Oeste,<5 mil,1293.0,0.02218415987033777
5210208,101.19367588932806,0.06719367588932793,22.0,on_track,GO,Centro-Oeste,20-50 mil,28725.0,0.09010342505000803
5210307,94.26147058823528,-0.23691176470588904,16.0,at_risk,GO,Centro-Oeste,<5 mil,2159.0,-0.00244556116836472
5210406,99.50952380952363,0.09155844155843658,21.0,on_track,GO,Centro-Oeste,20-50 mil,37327.0,0.12020296364592982
5210562,101.83088235294125,0.11985294117647642,16.0,on_track,GO,Centro-Oeste,<5 mil,4118.0,0.06154125609347287
5210604,100.01382352941178,0.001029411764705541,16.0,on_track,GO,Centro-Oeste,<5 mil,4311.0,-0.005989085369357593
5210802,99.7771428571428,-0.008181818181818214,21.0,on_track,GO,Centro-Oeste,<5 mil,3260.0,-0.0686785864428966
5210901,82.40285714285676,-0.3725974025974161,21.0,will_not_meet,GO,Centro-Oeste,20-50 mil,21546.0,-0.11552853375881515
5211008,124.91238095238123,1.4377922077922476,21.0,on_track,GO,Centro-Oeste,<5 mil,3095.0,-0.03788521017771732
5211206,98.59153766769866,-0.033746130030959894,18.0,at_risk,GO,Centro-Oeste,20-50 mil,20806.0,0.05082358939956867
5211305,95.5601470588235,-0.12544117647059325,16.0,at_risk,GO,Centro-Oeste,<5 mil,4749.0,-0.018153548650859608
5211404,99.06571428571424,-0.027532467532467308,21.0,on_track,GO,Centro-Oeste,5-20 mil,6757.0,0.20280276202411618
5211503,105.19541880341899,0.5254017094017212,26.0,on_track,GO,Centro-Oeste,100-500 mil,102312.0,-0.3309106910252271
5211602,97.43529411764703,-0.10588235294117963,16.0,at_risk,GO,Centro-Oeste,<5 mil,1323.0,0.018293193894348442
5211701,95.86441176470589,-0.17073529411765145,16.0,at_risk,GO,Centro-Oeste,<5 mil,4044.0,0.03333892371429721
5211800,88.13619047619034,-0.4161038961039063,21.0,will_not_meet,GO,Centro-Oeste,20-50 mil,44010.0,-0.012949058808281075
5211909,103.15049572649576,0.1921709401709406,26.0,on_track,GO,Centro-Oeste,50-100 mil,95015.0,-0.08388137364272752
5212006,99.99999999999994,-3.2329156420407523e-16,21.0,on_track,GO,Centro-Oeste,<5 mil,2235.0,0.0016547461617368426
5212055,100.05529411764708,0.004117647058824008,16.0,on_track,GO,Centro-Oeste,<5 mil,1991.0,-0.041664929513014655
5212105,100.09588235294123,0.06485294117647292,16.0,on_track,GO,Centro-Oeste,5-20 mil,6744.0,0.12195305218800885
5212204,97.46957264957246,-0.09982905982906917,26.0,at_risk,GO,Centro-Oeste,5-20 mil,14503.0,0.04115307163129521
5212253,97.1729411764706,-0.12382352941176743,16.0,at_risk,GO,Centro-Oeste,<5 mil,1022.0,0.2115643224974001
5212303,96.2811764705882,-0.15352941176471022,16.0,at_risk,GO,Centro-Oeste,<5 mil,4708.0,-0.0025636992798646354
5212501,134.19333709768398,3.0392998306041883,22.0,on_track,GO,Centro-Oeste,100-500 mil,200226.0,-0.12582634514946642
5212600,100.0,-5.584774207323182e-16,16.0,on_track,GO,Centro-Oeste,<5 mil,1559.0,-0.04872743589810468
5212709,93.97485294117655,-0.2570588235294179,16.0,at_risk,GO,Centro-Oeste,5-20 mil,6484.0,-0.011801525030145482
5212808,99.97047619047615,-0.00025974025974007776,21.0,on_track,GO,Centro-Oeste,5-20 mil,6903.0,-0.033892046332183234
5212907,100.0,-5.584774207323182e-16,16.0,on_track,GO,Centro-Oeste,<5 mil,1970.0,0.06745155153959158
5212956,76.85316901408396,-0.8986502347417947,16.0,will_not_meet,GO,Centro-Oeste,<5 mil,2932.0,-0.09881363624443434
5213004,82.8592647058822,-0.7177941176470772,16.0,will_not_meet,GO,Centro-Oeste,5-20 mil,14061.0,-0.14633441273840336
5213053,93.00350877193,-0.27543859649122365,18.0,at_risk,GO,Centro-Oeste,<5 mil,1191.0,0.2295555994981814
5213087,104.18153846153831,0.22153846153845735,26.0,on_track,GO,Centro-Oeste,20-50 mil,24307.0,-0.1876194383824337
5213103,98.64779091474797,-0.052302426882388085,11.0,at_risk,GO,Centro-Oeste,50-100 mil,63375.0,-0.05095967166743878
5213400,98.18647058823527,-0.07441176470588483,16.0,at_risk,GO,Centro-Oeste,<5 mil,945.0,0.0528956671903458
5213509,91.28000000000009,-0.3600000000000101,16.0,at_risk,GO,Centro-Oeste,<5 mil,3585.0,-0.049860485304281235
5213707,100.97210526315808,0.25280701754386903,19.0,on_track,GO,Centro-Oeste,5-20 mil,5358.0,0.078342046892471
5213756,94.86470588235295,-0.21911764705882963,16.0,at_risk,GO,Centro-Oeste,5-20 mil,11315.0,0.15376834972690312
5213772,92.26617647058828,-0.236029411764708,16.0,at_risk,GO,Centro-Oeste,<5 mil,1483.0,0.01630061973994093
5213806,92.14064957264964,-0.3804444444444419,26.0,at_risk,GO,Centro-Oeste,20-50 mil,40725.0,-0.059334380977314395
5213855,100.0,-5.584774207323182e-16,16.0,on_track,GO,Centro-Oeste,<5 mil,1552.0,-0.00018908120971753223
5213905,84.62315653298833,0.17296248382923332,11.0,will_not_meet,GO,Centro-Oeste,<5 mil,2695.0,0.0
5214002,62.34750000000031,-1.0200000000000045,16.0,will_not_meet,GO,Centro-Oeste,5-20 mil,14586.0,-0.04771893177258636
5214051,114.33904761904796,0.8483116883117018,21.0,on_track,GO,Centro-Oeste,<5 mil,2656.0,-0.06346744929042296
5214101,98.60323529411762,-0.05720588235294301,16.0,at_risk,GO,Centro-Oeste,<5 mil,2474.0,0.07589852810016331
5214408,92.4064705882351,-0.22691176470590185,16.0,at_risk,GO,Centro-Oeste,5-20 mil,7366.0,-0.03941647928787685
5214507,93.63472614342189,-0.09542631281761656,22.0,at_risk,GO,Centro-Oeste,20-50 mil,29678.0,-0.08897411714190173
5214606,93.96190476190452,-0.22272727272728138,21.0,at_risk,GO,Centro-Oeste,20-50 mil,37045.0,-0.04567247304721645
5214705,94.41735294117649,-0.22955882352941823,16.0,at_risk,GO,Centro-Oeste,<5 mil,1722.0,0.010687808585613516
5214804,92.88294117647047,-0.2938235294117736,16.0,at_risk,GO,Centro-Oeste,<5 mil,2031.0,0.02180757491878394
5214838,92.74736842105244,-0.2789473684210685,19.0,at_risk,GO,Centro-Oeste,5-20 mil,8436.0,-0.0009259381239786538
5214861,80.50970588235293,-0.4841176470588312,16.0,will_not_meet,GO,Centro-Oeste,5-20 mil,5430.0,-0.02131443723065355
5214879,100.0,-5.584774207323182e-16,16.0,on_track,GO,Centro-Oeste,<5 mil,2105.0,-0.020062074503314577
5214903,,,1.0,,GO,Centro-Oeste,<5 mil,1329.0,
5215009,95.71235294117653,-0.09455882352941106,16.0,at_risk,GO,Centro-Oeste,5-20 mil,8810.0,0.0155861879969051
5215207,99.47333333333327,-0.014415584415585362,21.0,on_track,GO,Centro-Oeste,<5 mil,1793.0,-0.010767191231201153
5215231,116.84105263158062,1.2463157894737502,19.0,on_track,GO,Centro-Oeste,100-500 mil,118331.0,-0.03143192393155451
5215256,98.30426470588236,-0.0702941176470604,16.0,at_risk,GO,Centro-Oeste,<5 mil,3003.0,0.0750836120110034
5215306,99.90882352941195,0.11102941176471605,16.0,on_track,GO,Centro-Oeste,5-20 mil,8831.0,0.04995627580428713
5215405,95.53499999999991,-0.18250000000000607,16.0,at_risk,GO,Centro-Oeste,<5 mil,2447.0,-0.03519262195790753
5215504,96.9538235294117,-0.12897058823529597,16.0,at_risk,GO,Centro-Oeste,5-20 mil,6066.0,0.070019531261712
5215603,110.87619047619023,0.9324675324675439,21.0,on_track,GO,Centro-Oeste,5-20 mil,13647.0,0.047005494085640954
5215652,91.8138235294117,-0.3364705882353033,16.0,at_risk,GO,Centro-Oeste,<5 mil,2244.0,0.06469381548865696
5215702,113.57058159232065,1.1627329192546665,22.0,on_track,GO,Centro-Oeste,20-50 mil,24567.0,0.07791691127896028
5215801,99.98985294117648,0.0004411764705874518,16.0,on_track,GO,Centro-Oeste,<5 mil,2261.0,-0.033072313531759025
5215900,98.60897058823528,-0.05691176470588442,16.0,at_risk,GO,Centro-Oeste,<5 mil,2715.0,0.08077072835737974
5216007,119.16999999999871,1.2918181818181191,11.0,on_track,GO,Centro-Oeste,<5 mil,1965.0,0.06663213690238395
5216304,102.86463681048593,0.21084107045330155,16.0,on_track,GO,Centro-Oeste,5-20 mil,9421.0,-0.26657249550962053
5216403,99.99999999999997,1.1330190698357442e-16,19.0,on_track,GO,Centro-Oeste,5-20 mil,8079.0,0.06959940372233134
5216452,106.94647058823466,0.4180882352940932,16.0,on_track,GO,Centro-Oeste,<5 mil,1989.0,0.07035318332162506
5216809,96.66588235294114,-0.13764705882353317,16.0,at_risk,GO,Centro-Oeste,5-20 mil,6655.0,-0.08803672007192008
5216908,93.66441176470585,-0.25823529411765395,16.0,at_risk,GO,Centro-Oeste,<5 mil,925.0,-0.03476204945931082
5217104,97.60761904761895,-0.08363636363636774,21.0,at_risk,GO,Centro-Oeste,5-20 mil,17929.0,0.23193431637332812
5217203,99.99999999999994,-3.2329156420407523e-16,21.0,on_track,GO,Centro-Oeste,5-20 mil,8181.0,8.325776550600876e-06
5217302,97.80357757137949,-0.0841073271413818,18.0,at_risk,GO,Centro-Oeste,5-20 mil,17059.0,-0.01092679570671637
5217401,101.18385093167703,0.06736307171089702,22.0,on_track,GO,Centro-Oeste,20-50 mil,30058.0,-0.067416361996522
5217609,124.56285714285696,1.471038961038985,21.0,on_track,GO,Centro-Oeste,50-100 mil,86795.0,-0.054724194017370845
5217708,100.51176470588237,0.03970588235294101,16.0,on_track,GO,Centro-Oeste,5-20 mil,14528.0,0.2074448815297798
5218003,101.73999999999982,0.09597402597401956,21.0,on_track,GO,Centro-Oeste,20-50 mil,38693.0,0.012199342959694496
5218052,102.9154411764705,0.19117647058823514,16.0,on_track,GO,Centro-Oeste,<5 mil,3482.0,-0.09489936040312602
5218102,103.82323529411752,0.29029411764704965,16.0,on_track,GO,Centro-Oeste,<5 mil,3266.0,-0.05213061456531215
5218300,99.39254658385094,-0.022755505364202067,22.0,on_track,GO,Centro-Oeste,20-50 mil,28895.0,0.060025496355818365
5218391,93.76573529411758,-0.25720588235294817,16.0,at_risk,GO,Centro-Oeste,<5 mil,2241.0,-0.10151221565173921
5218508,101.56549971767356,0.35341614906832647,22.0,on_track,GO,Centro-Oeste,20-50 mil,45318.0,-0.11138764512422505
5218607,100.0,-5.584774207323182e-16,16.0,on_track,GO,Centro-Oeste,5-20 mil,10206.0,-0.028037656172851054
5218706,101.25333333333333,0.0703896103896144,21.0,on_track,GO,Centro-Oeste,<5 mil,4319.0,-0.06324802387319454
5218789,90.44952380952418,-0.4942857142856952,6.0,at_risk,GO,Centro-Oeste,<5 mil,4053.0,-1.1319302780926526
5218805,100.31750423489547,0.18966685488424387,22.0,on_track,GO,Centro-Oeste,100-500 mil,229202.0,-0.15025943943414583
5218904,86.7695726495723,-0.4613675213675321,26.0,will_not_meet,GO,Centro-Oeste,5-20 mil,17123.0,0.08289906845906805
5219001,94.15619047619037,-0.18727272727273106,21.0,at_risk,GO,Centro-Oeste,5-20 mil,6132.0,0.14359098502341527
5219100,97.9664705882353,-0.08441176470588399,16.0,at_risk,GO,Centro-Oeste,5-20 mil,6066.0,-0.03662112237476623
5219209,100.04647058823531,0.005588235294117171,16.0,on_track,GO,Centro-Oeste,<5 mil,869.0,0.0614790875813192
5219258,99.82014705882352,-0.00794117647059006,16.0,on_track,GO,Centro-Oeste,<5 mil,4470.0,-0.020559853266586586
5219308,104.30380952380949,0.3250649350649373,21.0,on_track,GO,Centro-Oeste,20-50 mil,37195.0,0.19719411751267318
5219357,99.96014705882354,-0.0004411764705891201,16.0,on_track,GO,Centro-Oeste,<5 mil,1417.0,0.03238173997621284
5219407,101.0142857142858,0.08961038961039662,21.0,on_track,GO,Centro-Oeste,5-20 mil,8103.0,-0.09143891129472498
5219456,,,0.0,,GO,Centro-Oeste,,,
5219506,98.84588235294113,-0.047647058823531103,16.0,at_risk,GO,Centro-Oeste,<5 mil,1646.0,-0.008689532241217289
5219605,99.98750000000001,1.3789236236357114e-16,16.0,on_track,GO,Centro-Oeste,<5 mil,2693.0,0.006572663888619295
5219704,106.16294117647203,1.4086764705883141,16.0,on_track,GO,Centro-Oeste,5-20 mil,6323.0,-0.008887591890514402
5219712,116.18602941176414,1.0294117647058891,16.0,on_track,GO,Centro-Oeste,<5 mil,3725.0,-0.0274948509666833
5219738,96.1008823529412,-0.17014705882353318,16.0,at_risk,GO,Centro-Oeste,5-20 mil,5987.0,-0.03586328123851482
5219753,131.31714285714406,2.2540259740260176,21.0,on_track,GO,Centro-Oeste,50-100 mil,69044.0,-0.05275001628961154
5219803,94.35142857142824,-0.2074025974026061,21.0,at_risk,GO,Centro-Oeste,5-20 mil,6815.0,-0.08218427692300095
5219902,99.99809523809519,0.0001298701298698909,21.0,on_track,GO,Centro-Oeste,<5 mil,4570.0,-0.032003901268793766
5220009,91.11619047619013,-0.32220779220780255,21.0,at_risk,GO,Centro-Oeste,5-20 mil,9455.0,-0.07820052028721314
5220058,99.90073529411765,-0.002205882352942058,16.0,on_track,GO,Centro-Oeste,<5 mil,992.0,0.09849060821102965
5220108,99.89452991452988,0.004957264957263604,26.0,on_track,GO,Centro-Oeste,20-50 mil,30528.0,-0.020040699765543995
5220157,77.93808823529434,0.44073529411766194,16.0,will_not_meet,GO,Centro-Oeste,<5 mil,4455.0,0.009840434269113275
5220207,115.65262563523356,1.5752682100508233,22.0,on_track,GO,Centro-Oeste,5-20 mil,17317.0,-0.07432798108886353
5220264,99.40571428571424,-0.021818181818182868,21.0,on_track,GO,Centro-Oeste,<5 mil,2266.0,-0.057944538957045655
5220280,99.26264705882355,-0.030441176470590074,16.0,on_track,GO,Centro-Oeste,<5 mil,1200.0,-0.08633426316118963
5220405,62.56824324324316,-1.6466216216216132,9.0,will_not_meet,GO,Centro-Oeste,5-20 mil,19704.0,-0.13164194377037466
5220454,118.07346740385174,1.2044656418980504,20.0,on_track,GO,Centro-Oeste,100-500 mil,120970.0,-0.10186054761867158
5220504,94.2442647058823,-0.23779411764706582,16.0,at_risk,GO,Centro-Oeste,5-20 mil,6463.0,-0.10785269495468329
5220603,97.05333333333323,-0.10818181818182339,21.0,at_risk,GO,Centro-Oeste,5-20 mil,13896.0,0.1813869480360702
5220686,92.97911764705862,-0.2898529411764782,16.0,at_risk,GO,Centro-Oeste,5-20 mil,5693.0,-0.019827227765827536
5220702,88.90000000000009,-0.5024242424242694,10.0,will_not_meet,GO,Centro-Oeste,<5 mil,1070.0,-0.0942742193596824
5221007,99.98308823529412,0.000735294117646679,16.0,on_track,GO,Centro-Oeste,<5 mil,2853.0,-0.01880829755778391
5221080,97.47514705882352,-0.105441176470591,16.0,at_risk,GO,Centro-Oeste,<5 mil,2503.0,-0.11495397278954549
5221197,104.72852941176495,0.4569117647059021,16.0,on_track,GO,Centro-Oeste,5-20 mil,7204.0,0.16909958322334603
5221304,99.91999999999999,-0.002499999999999708,16.0,on_track,GO,Centro-Oeste,<5 mil,2498.0,-0.14471913957519933
5221403,116.74399999999923,1.060999999999998,25.0,on_track,GO,Centro-Oeste,100-500 mil,126470.0,-0.16787471111361632
5221452,92.15863858363889,-0.4348901098900809,18.0,at_risk,GO,Centro-Oeste,<5 mil,2223.0,-0.031266722583300176
5221502,99.42294117647057,-0.02382352941176483,16.0,on_track,GO,Centro-Oeste,<5 mil,3639.0,-0.0014455438803533437
5221551,99.2660294117647,-0.005588235294118039,16.0,on_track,GO,Centro-Oeste,<5 mil,3886.0,-0.1180941558475959
5221577,95.41044117647056,-0.1363235294117697,16.0,at_risk,GO,Centro-Oeste,<5 mil,1412.0,-0.03623893324399875
5221601,106.7989473684213,0.5007017543859875,19.0,on_track,GO,Centro-Oeste,20-50 mil,37659.0,0.10157437944278573
5221700,101.97142857142843,0.10844155844155477,21.0,on_track,GO,Centro-Oeste,5-20 mil,11207.0,-0.08742576328973968
5221809,100.0,-5.584774207323182e-16,16.0,on_track,GO,Centro-Oeste,<5 mil,2149.0,0.0007597772771102328
5221858,147.6276190476192,3.0101298701299046,21.0,on_track,GO,Centro-Oeste,100-500 mil,175720.0,-0.2780654358277636
5221908,93.87676470588224,-0.252794117647066,16.0,at_risk,GO,Centro-Oeste,<5 mil,2359.0,-0.08186374460326534
5222005,100.05473684210524,0.0038596491228073348,19.0,on_track,GO,Centro-Oeste,5-20 mil,10295.0,-0.04201712443275769
5222054,100.11792114695331,0.02258064516128438,9.0,on_track,GO,Centro-Oeste,5-20 mil,7720.0,-0.27302968853397086
5222203,90.4011764705881,-0.40602941176471574,16.0,at_risk,GO,Centro-Oeste,<5 mil,4771.0,-0.04113817088638326
5222302,110.95000000000027,1.1375000000000477,16.0,on_track,GO,Centro-Oeste,<5 mil,1737.0,-0.15792100795345806
5300108,96.90331705331687,-0.08638583638584295,27.0,at_risk,DF,Centro-Oeste,500 mil+,2988438.0,-0.9317194378425357
