id_municipio,projecao_2033_ml,classificacao_2033_ml
1100015,95.4033193407561,at_risk
1100023,95.24346408155164,at_risk
1100031,95.40972414718338,at_risk
1100049,95.45040771773591,at_risk
1100056,93.7663187004199,at_risk
1100064,92.1363345240151,at_risk
1100072,95.4122450269775,at_risk
1100080,88.97124999210399,will_not_meet
1100098,95.42625651198826,at_risk
1100106,89.87852394856718,at_risk
1100114,92.2514641894102,at_risk
1100122,81.34701851515003,will_not_meet
1100130,92.19662090393224,at_risk
1100148,95.51812626162281,at_risk
1100155,95.89826341469399,at_risk
1100189,95.30888573216062,at_risk
1100205,89.51513527615295,at_risk
1100254,93.5091359623432,at_risk
1100262,95.12974005874523,at_risk
1100288,95.71395524750814,at_risk
1100296,95.43030954193823,at_risk
1100304,92.30229844040734,at_risk
1100320,95.57128672961224,at_risk
1100338,91.9632096457549,at_risk
1100346,95.87856891639292,at_risk
1100379,95.98457219916767,at_risk
1100403,95.2613362610249,at_risk
1100452,95.59130515750762,at_risk
1100502,95.4787224615325,at_risk
1100601,95.0890138077611,at_risk
1100700,92.06815161616255,at_risk
1100809,92.04603888793511,at_risk
1100908,92.20033807669098,at_risk
1100924,95.23775720704076,at_risk
1100940,91.94515196320158,at_risk
1101005,89.50438093583627,at_risk
1101104,79.5799787007558,will_not_meet
1101203,95.4122450269775,at_risk
1101302,89.01908013780326,at_risk
1101401,92.23259461657831,at_risk
1101435,92.75256549671971,at_risk
1101450,92.80767146769782,at_risk
1101468,92.39685739769781,at_risk
1101476,95.84092077589771,at_risk
1101484,95.49431309461411,at_risk
1101492,95.56480472387905,at_risk
1101500,95.53032849801525,at_risk
1101559,89.50259049342753,at_risk
1101609,88.99141019556559,will_not_meet
1101708,92.93222878865788,at_risk
1101757,91.97679774930747,at_risk
1101807,89.89264961929298,at_risk
1200013,88.09277192078171,will_not_meet
1200054,89.41593857999405,at_risk
1200104,81.50706698337572,will_not_meet
1200138,89.38281266020078,at_risk
1200179,86.14676470183974,will_not_meet
1200203,88.21578908982613,will_not_meet
1200252,88.82242487622409,will_not_meet
1200302,88.1205263348129,will_not_meet
1200328,74.90402262306834,will_not_meet
1200336,91.92840838531573,at_risk
1200344,92.1658333424002,at_risk
1200351,81.32374381723626,will_not_meet
1200385,89.96937507236922,at_risk
1200393,81.61170562773941,will_not_meet
1200401,89.99889903443872,at_risk
1200427,88.2578673065534,will_not_meet
1200435,88.00070259260553,will_not_meet
1200450,88.92098225004908,will_not_meet
1200500,88.20346371109915,will_not_meet
1200609,88.11833698246876,will_not_meet
1200708,88.3383591394779,will_not_meet
1200807,89.20231426106695,at_risk
1300029,88.14510498757237,will_not_meet
1300060,37.09476333546918,will_not_meet
1300086,95.25384096374715,at_risk
1300102,89.48996300093876,at_risk
1300144,68.60995852456297,will_not_meet
1300201,81.27730746140669,will_not_meet
1300300,88.95022413676503,will_not_meet
1300409,95.27825637025818,at_risk
1300508,95.5526607615674,at_risk
1300607,88.87239271900644,will_not_meet
1300631,89.15436104572144,at_risk
1300680,86.12628378975754,will_not_meet
1300706,89.05837386596177,at_risk
1300805,89.27047510597363,at_risk
1300839,88.07060011360953,will_not_meet
1300904,95.87017948860287,at_risk
1301001,89.22354735933337,at_risk
1301100,95.57253107099763,at_risk
1301159,88.9998912793936,will_not_meet
1301209,95.86458472099125,at_risk
1301308,89.82509023999818,at_risk
1301407,89.38597558929804,at_risk
1301506,89.35385417461507,at_risk
1301605,92.5723555824027,at_risk
1301654,89.30656600524615,at_risk
1301704,89.07107237303447,at_risk
1301803,86.44315746712589,will_not_meet
1301852,92.46498022224142,at_risk
1301902,91.93736528002026,at_risk
1301951,89.33331430825893,at_risk
1302009,89.43896258053995,at_risk
1302108,90.44784192460983,at_risk
1302207,86.53071538921427,will_not_meet
1302306,86.4020820620895,will_not_meet
1302405,89.13516576815053,at_risk
1302504,92.5483486823156,at_risk
1302553,89.16659014213384,at_risk
1302603,95.28634531498739,at_risk
1302702,95.5526607615674,at_risk
1302801,87.93834840675343,will_not_meet
1302900,91.96094156081384,at_risk
1303007,95.51918409758703,at_risk
1303106,88.38165182218962,will_not_meet
1303205,92.78303793125586,at_risk
1303304,89.01085890081049,at_risk
1303403,95.8361824531021,at_risk
1303502,89.10012033402425,at_risk
1303536,94.8724925014476,at_risk
1303569,92.8203530394915,at_risk
1303601,86.83716978662484,will_not_meet
1303700,95.69539372347361,at_risk
1303809,88.9257321721801,will_not_meet
1303908,88.98662466081345,will_not_meet
1303957,92.34915611287256,at_risk
1304005,95.5442193291242,at_risk
1304062,89.11524343074566,at_risk
1304104,92.17166715674733,at_risk
1304203,91.93587392272569,at_risk
1304237,89.23943288012042,at_risk
1304260,95.44278991016189,at_risk
1304302,92.368906952231,at_risk
1304401,88.05800274283331,will_not_meet
1400027,89.48268903589141,at_risk
1400050,88.81784690100952,will_not_meet
1400100,94.84683447765256,at_risk
1400159,89.97475596214015,at_risk
1400175,89.6491075950738,at_risk
1400209,89.85047492503108,at_risk
1400233,86.01186927346099,will_not_meet
1400282,89.9005918072803,at_risk
1400308,94.86984493867345,at_risk
1400407,89.58134032305816,at_risk
1400456,88.32161105849065,will_not_meet
1400472,89.29060808721238,at_risk
1400506,86.10654138770008,will_not_meet
1400605,89.3530266455219,at_risk
1400704,89.26153776221746,at_risk
1500107,92.74771534598712,at_risk
1500131,92.36476647142074,at_risk
1500206,92.19718064829232,at_risk
1500305,92.55005845768761,at_risk
1500347,92.06815161616255,at_risk
1500404,92.04222106489348,at_risk
1500503,89.06693990002684,at_risk
1500602,89.49334581751981,at_risk
1500701,92.5561585048128,at_risk
1500800,95.46507269549917,at_risk
1500909,89.84449653779792,at_risk
1500958,89.4362285274382,at_risk
1501006,89.31333953951157,at_risk
1501105,86.2501435420589,will_not_meet
1501204,95.20122420968676,at_risk
1501253,89.31963271372243,at_risk
1501303,86.41489251358396,will_not_meet
1501402,95.46018622352588,at_risk
1501451,95.76802638760925,at_risk
1501501,89.39003279693809,at_risk
1501576,95.30507422995666,at_risk
1501600,89.49567554797399,at_risk
1501709,92.7309625064685,at_risk
1501725,95.83702470195837,at_risk
1501758,91.91374923113113,at_risk
1501782,92.71863712774152,at_risk
1501808,80.7434984939729,will_not_meet
1501907,95.20845228959412,at_risk
1501956,85.99005188544798,will_not_meet
1502004,92.59750511342847,at_risk
1502103,92.13189936961055,at_risk
1502152,69.62860082647691,will_not_meet
1502202,95.46507269549917,at_risk
1502301,92.80154843949228,at_risk
1502400,95.23990922494609,at_risk
1502509,82.21159797775057,will_not_meet
1502608,95.6436358458762,at_risk
1502707,94.83467274138049,at_risk
1502756,95.52411815140336,at_risk
1502764,89.5596120399304,at_risk
1502772,95.91673062705162,at_risk
1502806,88.32214752222356,will_not_meet
1502855,95.5526607615674,at_risk
1502905,95.4993137881568,at_risk
1502939,95.5685830852186,at_risk
1502954,96.00650852070456,at_risk
1503002,92.53402447705724,at_risk
1503044,89.99415159371402,at_risk
1503077,92.13887952560005,at_risk
1503093,89.4362285274382,at_risk
1503101,62.554381909908464,will_not_meet
1503200,89.82687962957928,at_risk
1503309,95.36571730438199,at_risk
1503408,92.56328742088684,at_risk
1503457,89.06420587422109,at_risk
1503507,92.24581867847263,at_risk
1503606,95.25977953437632,at_risk
1503705,95.8712357824129,at_risk
1503754,95.55607185121056,at_risk
1503804,92.25913144984322,at_risk
1503903,89.45885542721,at_risk
1504000,92.56328742088684,at_risk
1504059,89.49567554797399,at_risk
1504109,92.53165462998395,at_risk
1504208,95.23990922494609,at_risk
1504307,78.19943711668245,will_not_meet
1504406,92.47830765657335,at_risk
1504422,94.84837032649334,at_risk
1504455,89.5056711962468,at_risk
1504505,86.17580388468426,will_not_meet
1504604,92.71863712774152,at_risk
1504703,94.87906148267939,at_risk
1504752,91.66632027841032,at_risk
1504802,92.71911277865094,at_risk
1504901,63.59573813162024,will_not_meet
1504950,73.24549866350114,will_not_meet
1504976,92.0882880881059,at_risk
1505007,95.36571730438199,at_risk
1505031,95.94976332946389,at_risk
1505064,92.30052634801656,at_risk
1505106,92.79625060027136,at_risk
1505205,92.71863712774152,at_risk
1505304,88.76802622445094,will_not_meet
1505403,95.36571730438199,at_risk
1505437,95.57089215198891,at_risk
1505486,85.96688206925171,will_not_meet
1505494,92.22588801512306,at_risk
1505502,95.63133563490354,at_risk
1505536,92.41262750497629,at_risk
1505551,88.26419095246666,will_not_meet
1505601,92.5700645819115,at_risk
1505650,89.49567554797399,at_risk
1505700,92.37728489194876,at_risk
1505809,92.59750511342847,at_risk
1505908,88.9257321721801,will_not_meet
1506005,95.36571730438199,at_risk
1506104,95.54954384178463,at_risk
1506112,95.40356664848281,at_risk
1506138,95.58729408925512,at_risk
1506161,95.74446775287267,at_risk
1506187,95.39472462738814,at_risk
1506195,95.49566281201321,at_risk
1506203,92.57561279961382,at_risk
1506302,92.37728489194876,at_risk
1506351,95.54213868767677,at_risk
1506401,89.246786377159,at_risk
1506500,88.94799620722938,will_not_meet
1506559,91.93925306771386,at_risk
1506583,95.23990922494609,at_risk
1506609,95.4770730602941,at_risk
1506708,95.53979514014735,at_risk
1506807,92.92344877937575,at_risk
1507003,94.89678324608761,at_risk
1507102,95.2315089846681,at_risk
1507151,89.86591041616843,at_risk
1507201,95.95756188946373,at_risk
1507300,92.47044113274714,at_risk
1507409,92.58526608986028,at_risk
1507458,95.9814163404974,at_risk
1507466,92.40181717044301,at_risk
1507474,95.57463753152709,at_risk
1507508,95.27587003611477,at_risk
1507607,91.92806227294184,at_risk
1507706,88.83198528794645,will_not_meet
1507755,91.64662303112225,at_risk
1507805,92.53120760729507,at_risk
1507904,95.36571730438199,at_risk
1507953,92.53478536340451,at_risk
1507961,89.01698458467384,at_risk
1507979,94.85650587257038,at_risk
1508001,94.86895386190447,at_risk
1508035,92.7309625064685,at_risk
1508050,92.19898257533548,at_risk
1508084,95.4972763555224,at_risk
1508100,88.07602850944525,will_not_meet
1508126,89.46071947801207,at_risk
1508209,92.51327260283534,at_risk
1508308,95.36571730438199,at_risk
1508357,89.49334581751981,at_risk
1508407,95.50282495368667,at_risk
1600055,88.20346371109915,will_not_meet
1600105,89.02357081277695,at_risk
1600154,88.39067118863635,will_not_meet
1600204,88.20346371109915,will_not_meet
1600212,85.91298891370745,will_not_meet
1600238,86.08827224151335,will_not_meet
1600253,81.62304920842777,will_not_meet
1600279,89.54997379408228,at_risk
1600303,92.1435219195849,at_risk
1600402,81.29463056339195,will_not_meet
1600501,91.94953677672814,at_risk
1600535,88.12592271949413,will_not_meet
1600550,81.83303920654694,will_not_meet
1600600,89.89144886840353,at_risk
1600709,89.88748213988437,at_risk
1600808,85.91298891370745,will_not_meet
1700251,92.71259355106588,at_risk
1700301,95.54272104840359,at_risk
1700350,96.06656225456742,at_risk
1700400,96.05582622340263,at_risk
1700707,95.99039158892548,at_risk
1701002,95.47837120558857,at_risk
1701051,94.9080425222841,at_risk
1701101,95.54493441444882,at_risk
1701309,95.31802349428507,at_risk
1701903,95.78423057061458,at_risk
1702000,96.11396224337662,at_risk
1702109,95.33445235349569,at_risk
1702158,95.86219724832357,at_risk
1702208,92.56849803938555,at_risk
1702307,96.15569198205655,at_risk
1702406,96.0409016199605,at_risk
1702554,95.65042512179593,at_risk
1702703,95.47095601501196,at_risk
1702901,68.46553418209524,will_not_meet
1703008,95.92770029370216,at_risk
1703057,95.46633464255486,at_risk
1703073,95.56783936139497,at_risk
1703107,96.07067557310388,at_risk
1703206,92.57609629963497,at_risk
1703305,92.62093005880261,at_risk
1703602,92.62833184524509,at_risk
1703701,95.83412232614849,at_risk
1703800,95.37540518168177,at_risk
1703826,92.20485113049943,at_risk
1703842,95.61862107315955,at_risk
1703867,95.46704972787947,at_risk
1703883,95.67577955172524,at_risk
1703891,95.8950615734779,at_risk
1703909,95.40089919588563,at_risk
1704105,95.8371606829916,at_risk
1704600,95.62230093771811,at_risk
1705102,95.43465871771372,at_risk
1705508,95.53063249816263,at_risk
1705557,95.79678898929684,at_risk
1705607,95.57889789145669,at_risk
1706001,95.47299862701448,at_risk
1706100,96.1070244381874,at_risk
1706258,95.3817906916563,at_risk
1706506,66.31380778483283,will_not_meet
1707009,95.76236816710241,at_risk
1707108,95.65222091698865,at_risk
1707207,95.88694365357134,at_risk
1707306,95.92522077379039,at_risk
1707405,95.84975051046777,at_risk
1707553,95.56041106015162,at_risk
1707652,95.9880417273188,at_risk
1707702,95.73485943579702,at_risk
1708205,95.95134863026128,at_risk
1708254,95.46633464255486,at_risk
1708304,95.93738971818487,at_risk
1709005,95.88309002153015,at_risk
1709302,95.49493629523751,at_risk
1709500,95.44345403314163,at_risk
1709807,92.83020759122951,at_risk
1710508,95.52730889052539,at_risk
1710706,95.38322558502205,at_risk
1710904,95.54810854830711,at_risk
1711100,92.40138136465733,at_risk
1711506,95.48552948331366,at_risk
1711803,95.47825619405704,at_risk
1711902,95.50333698606127,at_risk
1711951,95.5111937573709,at_risk
1712009,92.83563741642772,at_risk
1712157,95.91846190877135,at_risk
1712405,95.69781979948021,at_risk
1712454,92.80171437918685,at_risk
1712504,89.99889903443872,at_risk
1712702,95.44112795278932,at_risk
1712801,92.32100730712189,at_risk
1713205,96.0991746068209,at_risk
1713304,95.92498332989875,at_risk
1713601,95.4815836569744,at_risk
1713700,95.4815836569744,at_risk
1713809,95.54484978514077,at_risk
1713957,95.51084141184079,at_risk
1714203,95.931404245836,at_risk
1714302,95.92513257894338,at_risk
1714880,95.89767542920978,at_risk
1715002,95.2796626447513,at_risk
1715101,95.53533295690397,at_risk
1715150,95.93899444663434,at_risk
1715259,95.87245932768813,at_risk
1715507,95.5948748320157,at_risk
1715705,92.7923648064032,at_risk
1715754,95.99111864938075,at_risk
1716109,95.39343592897384,at_risk
1716208,95.97887784776947,at_risk
1716307,92.78797352579822,at_risk
1716505,95.54493441444882,at_risk
1716604,95.81537003784301,at_risk
1716653,92.53519122440821,at_risk
1716703,95.9963263515174,at_risk
1717008,95.96202674280775,at_risk
1717206,95.50381786836539,at_risk
1717503,95.44112795278932,at_risk
1717800,95.76057264414536,at_risk
1717909,92.30569980423284,at_risk
1718006,95.45873748463518,at_risk
1718204,95.3874542242363,at_risk
1718303,92.81138377701659,at_risk
1718402,96.09371130314223,at_risk
1718451,95.88311615111911,at_risk
1718501,95.85240969741113,at_risk
1718550,89.237598548939,at_risk
1718659,94.83256332334646,at_risk
1718709,95.6474654420297,at_risk
1718758,95.90922026088256,at_risk
1718808,95.50260872741099,at_risk
1718840,92.53797228815237,at_risk
1718865,88.16376519794544,will_not_meet
1718881,95.5192097453925,at_risk
1718899,95.66132214916698,at_risk
1718907,92.5773786041748,at_risk
1719004,95.21432753541669,at_risk
1720002,92.43595660284923,at_risk
1720101,92.2327285472247,at_risk
1720150,95.53106406680114,at_risk
1720200,95.6835566831063,at_risk
1720259,92.43595660284923,at_risk
1720309,95.74840191183884,at_risk
1720499,95.25104470398433,at_risk
1720655,95.71486921799463,at_risk
1720804,95.79112234502009,at_risk
1720853,95.63829950669343,at_risk
1720903,96.05785087347535,at_risk
1720937,95.29648919999674,at_risk
1720978,95.8747414171789,at_risk
1721000,92.66388812643766,at_risk
1721109,92.72071613721907,at_risk
1721208,95.99253986326255,at_risk
1721257,95.47521753743817,at_risk
1721307,92.18027233145462,at_risk
1722081,95.79888995795405,at_risk
1722107,95.94655359773421,at_risk
2100055,95.65756193365917,at_risk
2100105,89.80422342604805,at_risk
2100154,92.01639151539433,at_risk
2100204,83.5927900153621,will_not_meet
2100303,89.29986965734336,at_risk
2100402,95.67812212081795,at_risk
2100436,89.8882491426479,at_risk
2100477,96.16664678607326,at_risk
2100501,95.89107458472425,at_risk
2100550,62.35087595179971,will_not_meet
2100600,94.80172782368601,at_risk
2100709,92.14853885058555,at_risk
2100808,92.82488255978596,at_risk
2100832,89.47854140078506,at_risk
2100873,88.92541830317637,will_not_meet
2100907,59.574023664417616,will_not_meet
2100956,92.07278098670405,at_risk
2101004,97.36410761088435,at_risk
2101103,89.26042955105788,at_risk
2101202,96.76256314812134,at_risk
2101251,95.70058551422593,at_risk
2101301,89.97873874286762,at_risk
2101350,92.34018208987429,at_risk
2101400,95.77277761447337,at_risk
2101509,95.71654136098579,at_risk
2101608,95.75699220487097,at_risk
2101707,92.31446818096737,at_risk
2101731,96.12332139052167,at_risk
2101772,71.16482018062935,will_not_meet
2101806,92.32144989175298,at_risk
2101905,65.60214191781998,will_not_meet
2101939,96.75591853550951,at_risk
2101970,95.89110080424703,at_risk
2102002,91.92225052641854,at_risk
2102036,89.49030352308732,at_risk
2102077,92.41356745087268,at_risk
2102101,88.22841269279589,will_not_meet
2102150,95.44360396961893,at_risk
2102200,92.14545739395655,at_risk
2102309,95.36082840432844,at_risk
2102325,92.20773773824239,at_risk
2102358,95.44360396961893,at_risk
2102374,91.9012480241494,at_risk
2102408,75.0174498868353,will_not_meet
2102507,53.41926729947457,will_not_meet
2102556,95.55328872759284,at_risk
2102606,92.33692869845638,at_risk
2102705,95.3771030535501,at_risk
2102754,88.88671038805802,will_not_meet
2102804,95.71469660021224,at_risk
2102903,95.4781953551894,at_risk
2103000,92.34772885137093,at_risk
2103109,95.71301338060634,at_risk
2103125,71.06297213478423,will_not_meet
2103158,89.97137631728864,at_risk
2103174,69.03124814920055,will_not_meet
2103208,90.08376384069228,at_risk
2103257,89.84233709620838,at_risk
2103307,95.60450171411132,at_risk
2103406,89.98658039564037,at_risk
2103505,95.28460304655574,at_risk
2103554,88.35441394882085,will_not_meet
2103604,89.92279243156374,at_risk
2103703,95.49394305850883,at_risk
2103752,89.38731798173683,at_risk
2103802,92.01882196655293,at_risk
2103901,96.81165298673203,at_risk
2104008,89.96014088869745,at_risk
2104057,95.81038834319547,at_risk
2104073,95.49949685717628,at_risk
2104099,96.73270391397986,at_risk
2104107,95.81650372797245,at_risk
2104206,92.26922215360713,at_risk
2104305,92.19845446061538,at_risk
2104404,96.131157505013,at_risk
2104503,92.37394514142156,at_risk
2104552,96.79032606267397,at_risk
2104602,89.31087917393923,at_risk
2104628,95.27281836793709,at_risk
2104651,95.60494635244999,at_risk
2104677,95.768682442978,at_risk
2104701,95.45884737778665,at_risk
2104800,89.12524791120148,at_risk
2104909,92.19927751884285,at_risk
2105005,62.05466468503363,will_not_meet
2105104,77.45720531379297,will_not_meet
2105153,92.06045304316233,at_risk
2105203,92.5348545644517,at_risk
2105302,95.52480314749165,at_risk
2105351,95.46676264977553,at_risk
2105401,92.56561545135997,at_risk
2105427,96.86529562673557,at_risk
2105450,88.17757905578266,will_not_meet
2105476,89.39912721918991,at_risk
2105500,92.57929018802302,at_risk
2105609,89.88671573137329,at_risk
2105658,95.768682442978,at_risk
2105708,95.22594688534247,at_risk
2105807,89.95288656332801,at_risk
2105906,95.64843395075593,at_risk
2105922,95.46256430874277,at_risk
2105948,95.58190614102047,at_risk
2105963,88.91303575168664,will_not_meet
2105989,96.81221040859998,at_risk
2106003,95.87680216012926,at_risk
2106102,95.81454358637409,at_risk
2106201,92.40822027400446,at_risk
2106300,89.24727423055774,at_risk
2106326,92.4564220556341,at_risk
2106359,95.63525311443107,at_risk
2106375,88.02760013711936,will_not_meet
2106409,95.47997858130081,at_risk
2106508,89.44372525988692,at_risk
2106607,63.04603926894539,will_not_meet
2106631,19.94772273119406,will_not_meet
2106706,96.84932851382626,at_risk
2106755,89.44279726983255,at_risk
2106805,89.8076489403188,at_risk
2106904,88.35441146677107,will_not_meet
2107001,90.03902116788589,at_risk
2107100,89.06140601406295,at_risk
2107209,63.2521381849928,will_not_meet
2107258,92.35673283175733,at_risk
2107308,91.95503815756582,at_risk
2107357,95.30470457820819,at_risk
2107407,89.35930155042051,at_risk
2107506,95.66389231400878,at_risk
2107605,95.5183147305383,at_risk
2107704,90.07637758503265,at_risk
2107803,79.5065042701567,will_not_meet
2107902,88.08581594698467,will_not_meet
2108009,96.72826783798254,at_risk
2108058,88.92541830317637,will_not_meet
2108108,89.53466293996549,at_risk
2108207,95.55743344970374,at_risk
2108256,89.5484692594441,at_risk
2108306,89.13693852935324,at_risk
2108405,92.58083026014168,at_risk
2108454,89.40961293400343,at_risk
2108504,95.35326918927915,at_risk
2108603,89.96276750506232,at_risk
2108702,95.57428594774244,at_risk
2108801,89.13693852935324,at_risk
2108900,89.83509496172721,at_risk
2109007,96.10847430737746,at_risk
2109056,92.14333120753896,at_risk
2109106,95.58404994360242,at_risk
2109205,89.26042955105788,at_risk
2109239,95.44716797244979,at_risk
2109270,95.50298637127717,at_risk
2109304,88.86381564987813,will_not_meet
2109403,63.23209142976421,will_not_meet
2109452,88.10918088185477,will_not_meet
2109502,97.20920428177072,at_risk
2109551,90.77313881852966,at_risk
2109601,88.84135792857441,will_not_meet
2109700,92.17636769483134,at_risk
2109759,88.21031615866198,will_not_meet
2109809,72.6041360017828,will_not_meet
2109908,95.88533402218305,at_risk
2110005,95.63568537290189,at_risk
2110039,88.94779995834801,will_not_meet
2110104,92.54221383216162,at_risk
2110203,86.30346756330118,will_not_meet
2110237,95.49955028092282,at_risk
2110302,95.9080699241567,at_risk
2110401,91.61013972481983,at_risk
2110500,92.35235249284035,at_risk
2110609,92.6349487462074,at_risk
2110658,92.35703861707144,at_risk
2110708,95.33431516084411,at_risk
2110807,92.36487385574836,at_risk
2110856,95.6400927519543,at_risk
2110906,95.36970212988469,at_risk
2111003,65.66621397502468,will_not_meet
2111029,68.85592671357406,will_not_meet
2111052,97.3387824464251,at_risk
2111078,96.81221040859998,at_risk
2111102,95.41484944537011,at_risk
2111201,96.83380525869525,at_risk
2111250,95.89274922972005,at_risk
2111300,95.7102264349168,at_risk
2111409,86.23184146868583,will_not_meet
2111508,91.60476264292558,at_risk
2111532,89.10826976430769,at_risk
2111573,88.8427221556082,will_not_meet
2111607,89.2040970893084,at_risk
2111631,97.37542060382557,at_risk
2111672,81.37078922184911,will_not_meet
2111706,89.48928903275328,at_risk
2111722,89.26042955105788,at_risk
2111748,92.15162747653298,at_risk
2111763,92.6047653029355,at_risk
2111789,81.44381638741382,will_not_meet
2111805,96.2133107251456,at_risk
2111904,91.97574662397007,at_risk
2111953,95.73146909422854,at_risk
2112001,89.91295182041914,at_risk
2112100,88.23888317715453,will_not_meet
2112209,95.65597456657483,at_risk
2112233,95.93789428735676,at_risk
2112274,95.97007419230958,at_risk
2112308,95.29245370134302,at_risk
2112407,85.9499530721482,will_not_meet
2112456,89.4960844184835,at_risk
2112506,88.28785971333167,will_not_meet
2112605,88.26726506799453,will_not_meet
2112704,88.94018020109681,will_not_meet
2112803,68.96439560241207,will_not_meet
2112852,92.027497662152,at_risk
2112902,95.33431516084411,at_risk
2113009,92.04039952809764,at_risk
2114007,95.41061137490819,at_risk
2200053,95.38168139621521,at_risk
2200103,95.87631619006436,at_risk
2200202,95.67699136872517,at_risk
2200251,95.97703762727859,at_risk
2200277,95.66804074557835,at_risk
2200301,95.5635433944525,at_risk
2200400,95.29822366774076,at_risk
2200459,96.71818144366647,at_risk
2200509,96.01635467726165,at_risk
2200608,95.59976106265492,at_risk
2200707,95.5437849244842,at_risk
2200806,96.13720732789452,at_risk
2200905,96.17839417823029,at_risk
2200954,88.27401446326463,will_not_meet
2201002,96.17839417823029,at_risk
2201051,95.39455602963864,at_risk
2201101,95.88072230509465,at_risk
2201150,95.9450842606278,at_risk
2201200,95.82864032539884,at_risk
2201309,97.21615615992826,at_risk
2201408,96.02170165673739,at_risk
2201507,95.72912034637285,at_risk
2201556,95.40117018596538,at_risk
2201572,95.79625354339687,at_risk
2201606,96.05160251706151,at_risk
2201705,96.09540970786229,at_risk
2201770,92.07160279609877,at_risk
2201804,95.57428594774244,at_risk
2201903,95.57847263110148,at_risk
2201919,88.9700850008911,will_not_meet
2201929,95.71275870517843,at_risk
2201945,96.09915298358554,at_risk
2201960,95.60052755004811,at_risk
2201988,95.80677517545071,at_risk
2202000,96.20997959333607,at_risk
2202026,97.50343825932521,at_risk
2202059,89.14269731027592,at_risk
2202075,92.31889362253493,at_risk
2202083,28.348140181534824,will_not_meet
2202091,76.9662929289376,will_not_meet
2202109,96.16196936489798,at_risk
2202133,89.3955617443978,at_risk
2202174,76.20112529169268,will_not_meet
2202208,96.03671995165637,at_risk
2202251,95.92271128531742,at_risk
2202307,96.17044914037801,at_risk
2202406,95.54795176520453,at_risk
2202455,95.36769352198502,at_risk
2202505,92.6645466916093,at_risk
2202539,92.02779172316663,at_risk
2202554,92.42563079663172,at_risk
2202604,95.87629013757282,at_risk
2202653,92.0531773702466,at_risk
2202703,95.77099539874666,at_risk
2202711,96.75886343518938,at_risk
2202729,95.55523422752289,at_risk
2202737,92.31889362253493,at_risk
2202752,95.65151625381269,at_risk
2202778,96.02682059785833,at_risk
2202802,95.62188472858662,at_risk
2202851,96.02682059785833,at_risk
2202901,95.98418489912855,at_risk
2203008,95.69453158006961,at_risk
2203107,96.05096999544404,at_risk
2203206,95.80308983418465,at_risk
2203230,95.34664378030226,at_risk
2203271,95.97951803040773,at_risk
2203305,96.16663968228984,at_risk
2203354,95.65573883075255,at_risk
2203404,95.93385968792329,at_risk
2203420,96.74401383055203,at_risk
2203453,73.93731748731152,will_not_meet
2203503,96.22023211095775,at_risk
2203602,96.05096999544404,at_risk
2203701,95.80308983418465,at_risk
2203750,96.13478998021036,at_risk
2203800,96.18744447981047,at_risk
2203859,82.14805439924118,will_not_meet
2203909,100.0,on_track
2204006,95.99579533499833,at_risk
2204105,96.10075296602378,at_risk
2204154,92.07160279609877,at_risk
2204204,95.61875467515694,at_risk
2204303,95.98286404625136,at_risk
2204352,95.46256430874277,at_risk
2204402,97.34138227487804,at_risk
2204501,97.32220840463069,at_risk
2204550,96.14138397014314,at_risk
2204600,95.9841577099979,at_risk
2204659,95.77099539874666,at_risk
2204709,96.06796533487649,at_risk
2204808,95.75073654402533,at_risk
2204907,96.05905807388415,at_risk
2205003,95.77132193878018,at_risk
2205102,96.15522146005519,at_risk
2205151,96.1377371216194,at_risk
2205201,95.99762302203344,at_risk
2205250,95.75073654402533,at_risk
2205276,95.63525311443107,at_risk
2205300,96.19475699604527,at_risk
2205359,95.75997175798585,at_risk
2205409,95.92127228010555,at_risk
2205458,88.03060466628023,will_not_meet
2205508,95.42807649146827,at_risk
2205516,95.74552028383418,at_risk
2205524,97.20188373533327,at_risk
2205532,72.83070089819094,will_not_meet
2205540,95.23820889369901,at_risk
2205557,95.63696202971914,at_risk
2205565,95.5775817381459,at_risk
2205573,95.77182293670795,at_risk
2205581,92.35673283175733,at_risk
2205599,95.50969952088357,at_risk
2205607,97.21435769967262,at_risk
2205706,95.29822366774076,at_risk
2205805,96.11710216696741,at_risk
2205854,96.73827804043454,at_risk
2205904,96.04737994012164,at_risk
2205953,81.22125279271418,will_not_meet
2206001,96.14497402546553,at_risk
2206050,88.88441664210191,will_not_meet
2206100,95.942411741329,at_risk
2206209,95.9906711438759,at_risk
2206308,95.76416278795708,at_risk
2206357,95.61469377216775,at_risk
2206407,96.22023211095775,at_risk
2206506,95.8419295557776,at_risk
2206605,97.30162300987584,at_risk
2206654,90.94897677050719,at_risk
2206670,97.46645410372959,at_risk
2206696,89.40024764291975,at_risk
2206704,95.85573079530951,at_risk
2206720,92.19097715926273,at_risk
2206753,95.36769352198502,at_risk
2206803,92.26922215360713,at_risk
2206902,96.04740599261318,at_risk
2206951,89.01325148034658,at_risk
2207009,96.16070251147707,at_risk
2207108,97.49543561289478,at_risk
2207207,96.10075296602378,at_risk
2207306,94.98805628547461,at_risk
2207355,96.74205911136974,at_risk
2207405,97.32220840463069,at_risk
2207504,95.82653321948462,at_risk
2207553,96.19475699604527,at_risk
2207603,97.26312769854312,at_risk
2207702,96.095610922854,at_risk
2207751,96.18450447842359,at_risk
2207777,96.10862239148739,at_risk
2207801,95.42270872286291,at_risk
2207850,96.03955872655928,at_risk
2207900,96.16196936489798,at_risk
2207934,95.23474925047064,at_risk
2207959,96.04740599261318,at_risk
2208007,95.66584493818513,at_risk
2208106,96.14141002263467,at_risk
2208205,96.05096999544404,at_risk
2208304,95.79040317610352,at_risk
2208403,95.78560928277132,at_risk
2208502,95.83537873942065,at_risk
2208551,97.48872450029872,at_risk
2208601,96.10075296602378,at_risk
2208650,95.73515530676843,at_risk
2208700,95.61825777499861,at_risk
2208809,96.85180186307763,at_risk
2208858,95.92966316347496,at_risk
2208874,89.0134215236662,at_risk
2208908,95.81676076585143,at_risk
2209005,96.14141002263467,at_risk
2209104,96.00766648330836,at_risk
2209153,97.55035226333949,at_risk
2209203,97.32220840463069,at_risk
2209302,95.83537873942065,at_risk
2209351,96.14141002263467,at_risk
2209377,96.16688513754715,at_risk
2209401,95.65151625381269,at_risk
2209450,95.80733694409626,at_risk
2209500,96.16196936489798,at_risk
2209559,95.43455018122926,at_risk
2209609,96.14978400580858,at_risk
2209658,95.47056764164337,at_risk
2209708,96.04740599261318,at_risk
2209757,95.61988422012094,at_risk
2209807,95.98928055920969,at_risk
2209856,96.05905807388415,at_risk
2209872,95.23474925047064,at_risk
2209906,95.53819259454022,at_risk
2209955,95.46676264977553,at_risk
2209971,95.53842187264156,at_risk
2210003,95.81154798607994,at_risk
2210052,95.62188472858662,at_risk
2210102,96.09380108786624,at_risk
2210201,96.14141002263467,at_risk
2210300,97.21150266471237,at_risk
2210359,95.9889140255901,at_risk
2210375,96.02682059785833,at_risk
2210383,95.65208978385027,at_risk
2210391,88.93776361551251,will_not_meet
2210409,96.17839417823029,at_risk
2210508,95.82653321948462,at_risk
2210607,94.84804343618642,at_risk
2210623,95.20998704861104,at_risk
2210631,96.05815601860813,at_risk
2210656,96.11669787015501,at_risk
2210706,97.34138227487804,at_risk
2210805,95.58256004846093,at_risk
2210904,95.40486318234177,at_risk
2210938,92.31889362253493,at_risk
2210953,75.80401042655458,will_not_meet
2210979,88.90497598436522,will_not_meet
2211001,96.82426878028944,at_risk
2211100,95.8698348983558,at_risk
2211209,95.79901371001937,at_risk
2211308,95.87988019289521,at_risk
2211357,96.14016492712334,at_risk
2211407,95.85573079530951,at_risk
2211506,97.5567852327358,at_risk
2211605,96.04696226711332,at_risk
2211704,96.01461836146589,at_risk
2300101,96.06950761070657,at_risk
2300150,95.86899429874279,at_risk
2300200,96.72422798646846,at_risk
2300309,96.07472907980345,at_risk
2300408,97.3307252177298,at_risk
2300507,95.97331111704808,at_risk
2300606,96.77885501917329,at_risk
2300705,95.76368292696031,at_risk
2300754,95.82910117136718,at_risk
2300804,96.85819031719069,at_risk
2300903,96.84182749937571,at_risk
2301000,96.06969678372441,at_risk
2301109,96.17453841896356,at_risk
2301208,95.22774525520015,at_risk
2301257,91.92076745402454,at_risk
2301307,96.73971652446707,at_risk
2301406,96.8434377459913,at_risk
2301505,95.98616051571757,at_risk
2301604,96.21237270810559,at_risk
2301703,95.78174299381223,at_risk
2301802,95.4859567162503,at_risk
2301851,97.47340508913807,at_risk
2301901,95.88197384306555,at_risk
2301950,95.38688104204127,at_risk
2302008,97.21184857976908,at_risk
2302057,96.15902573469499,at_risk
2302107,95.69488310863947,at_risk
2302206,95.91860703858957,at_risk
2302305,95.6160610203164,at_risk
2302404,96.22442863540608,at_risk
2302503,95.85151587954404,at_risk
2302602,97.32179514024246,at_risk
2302701,95.86665512165901,at_risk
2302800,95.44642997625705,at_risk
2302909,95.49883494830962,at_risk
2303006,95.57049955305553,at_risk
2303105,95.98083323917646,at_risk
2303204,96.05160251706151,at_risk
2303303,97.31435418570682,at_risk
2303402,96.05920477136692,at_risk
2303501,95.37877050539772,at_risk
2303600,96.84967259460839,at_risk
2303659,95.4997987693103,at_risk
2303709,96.07162624410233,at_risk
2303808,95.88738464883416,at_risk
2303907,95.9564796448848,at_risk
2303931,96.7766152454967,at_risk
2303956,96.06022495086349,at_risk
2304004,96.21359454034305,at_risk
2304103,96.70488703754475,at_risk
2304202,95.57824522019652,at_risk
2304236,96.72972903218971,at_risk
2304251,95.27258624316495,at_risk
2304269,97.23916229422075,at_risk
2304277,97.51054556597788,at_risk
2304285,95.55243045754439,at_risk
2304301,97.58149866462867,at_risk
2304350,95.43674309399277,at_risk
2304400,96.7292920732669,at_risk
2304459,95.94503401350963,at_risk
2304509,95.95780909866245,at_risk
2304608,95.47252380331567,at_risk
2304657,96.76327120588185,at_risk
2304707,97.50343825932521,at_risk
2304806,96.88289869960927,at_risk
2304905,92.71494491539428,at_risk
2304954,95.5644809368243,at_risk
2305001,95.8952367731634,at_risk
2305100,97.3745403739103,at_risk
2305209,96.27844429116267,at_risk
2305233,92.57938441739884,at_risk
2305266,97.66435629263485,at_risk
2305308,97.4184077153988,at_risk
2305332,95.27327071005104,at_risk
2305357,95.97737828727921,at_risk
2305407,95.94043265729547,at_risk
2305506,96.19322681177385,at_risk
2305605,96.21747743095607,at_risk
2305654,97.44586870897474,at_risk
2305704,97.30010414151917,at_risk
2305803,96.7641862871692,at_risk
2305902,97.39962904221682,at_risk
2306009,95.91941264359629,at_risk
2306108,95.9733218349601,at_risk
2306207,95.56369096240336,at_risk
2306256,95.75441391325373,at_risk
2306306,95.62071083682923,at_risk
2306405,95.81049926620588,at_risk
2306504,95.65516092322541,at_risk
2306553,95.89704540752622,at_risk
2306603,94.80381624911857,at_risk
2306702,96.01531755044525,at_risk
2306801,95.50612141205289,at_risk
2306900,97.30629105618289,at_risk
2307007,96.12677960018391,at_risk
2307106,97.27221844158207,at_risk
2307205,97.00766501580058,at_risk
2307254,95.80267828780123,at_risk
2307304,96.14114098963087,at_risk
2307403,96.78764975960539,at_risk
2307502,97.30247160783344,at_risk
2307601,96.20022893704956,at_risk
2307635,95.20787739205473,at_risk
2307650,96.09120304704098,at_risk
2307700,95.67492689893605,at_risk
2307809,95.5702653765865,at_risk
2307908,95.89465922229903,at_risk
2308005,95.38688104204127,at_risk
2308104,95.99957918370573,at_risk
2308203,95.37114920054974,at_risk
2308302,95.92478928340148,at_risk
2308351,88.88671038805802,will_not_meet
2308377,96.02137276087002,at_risk
2308401,95.77405955012517,at_risk
2308500,95.57947745797628,at_risk
2308609,95.8692235197061,at_risk
2308708,97.32812359535248,at_risk
2308807,89.3948000171855,at_risk
2308906,95.54705516173456,at_risk
2309003,96.72519360783512,at_risk
2309102,95.67886539349449,at_risk
2309201,96.06950761070657,at_risk
2309300,95.84524360853473,at_risk
2309409,95.97170732520762,at_risk
2309458,95.5775284523154,at_risk
2309508,95.86422116213102,at_risk
2309607,96.0368684602757,at_risk
2309706,95.5833775242805,at_risk
2309805,96.86863996183045,at_risk
2309904,95.88583582125263,at_risk
2310001,95.5242069624809,at_risk
2310100,95.44362366760518,at_risk
2310209,95.54454693468199,at_risk
2310258,95.85614776808147,at_risk
2310308,95.90201115085338,at_risk
2310407,95.25458090850151,at_risk
2310506,97.28464310121582,at_risk
2310605,95.38688104204127,at_risk
2310704,95.64882259897215,at_risk
2310803,97.32220840463069,at_risk
2310852,95.06464106902378,at_risk
2310902,93.74133363368037,at_risk
2310951,95.66241930043309,at_risk
2311009,97.45352746797236,at_risk
2311108,96.01657452313819,at_risk
2311207,96.8209448805697,at_risk
2311231,97.36770115911742,at_risk
2311264,96.84182749937571,at_risk
2311306,95.55218192172022,at_risk
2311355,96.86788903490489,at_risk
2311405,96.02752900284798,at_risk
2311504,96.13025544973698,at_risk
2311603,94.81119741190888,at_risk
2311702,95.9923422798596,at_risk
2311801,95.64756948846339,at_risk
2311900,97.25535870977859,at_risk
2311959,95.97982524085477,at_risk
2312007,96.05835691646564,at_risk
2312106,93.50598257337793,at_risk
2312205,96.16098024803293,at_risk
2312304,95.8736471666094,at_risk
2312403,96.12883064369097,at_risk
2312502,96.02847031665812,at_risk
2312601,95.82870803413341,at_risk
2312700,96.7126391541867,at_risk
2312809,92.21950125861446,at_risk
2312908,96.02941241811429,at_risk
2313005,97.5385196364286,at_risk
2313104,95.84048403274996,at_risk
2313203,97.21184857976908,at_risk
2313252,97.66435629263485,at_risk
2313302,95.55218192172022,at_risk
2313351,95.75741904948885,at_risk
2313401,92.41536556424272,at_risk
2313500,95.42506778974801,at_risk
2313559,95.77756279167802,at_risk
2313609,97.26063016330602,at_risk
2313708,96.12328445073327,at_risk
2313757,95.96811726988523,at_risk
2313807,95.3674911901977,at_risk
2313906,96.0236011478465,at_risk
2313955,96.87825775019296,at_risk
2314003,95.63532654146698,at_risk
2314102,95.30805895371819,at_risk
2400109,96.22858298588375,at_risk
2400208,98.55388456063106,at_risk
2400307,96.74962330978232,at_risk
2400406,89.35201090343179,at_risk
2400505,95.93385968792329,at_risk
2400604,95.42889110598264,at_risk
2400703,96.07612958811987,at_risk
2400802,97.59458475156356,at_risk
2400901,96.75922081707309,at_risk
2401008,96.80812385582317,at_risk
2401107,96.79766642559828,at_risk
2401206,95.81369686078162,at_risk
2401305,95.31742990069279,at_risk
2401404,96.71333443095509,at_risk
2401453,95.95203613878533,at_risk
2401503,95.86948951923883,at_risk
2401602,97.37347544607776,at_risk
2401651,97.31682514809998,at_risk
2401701,95.67166115629291,at_risk
2401800,95.9622345732653,at_risk
2401859,96.1223275663532,at_risk
2401909,96.71848036653792,at_risk
2402006,97.22735885024575,at_risk
2402105,95.58916607731584,at_risk
2402204,96.08626916886566,at_risk
2402303,96.71900954595931,at_risk
2402402,82.7597202944786,will_not_meet
2402501,96.14942931998434,at_risk
2402600,95.64618595174171,at_risk
2402709,96.81256779048368,at_risk
2402808,95.55504674614663,at_risk
2402907,95.72842150397773,at_risk
2403004,96.7750984246948,at_risk
2403103,96.80812385582317,at_risk
2403202,96.0369188058384,at_risk
2403251,95.57605134388034,at_risk
2403301,95.27308249393354,at_risk
2403400,96.82257415247325,at_risk
2403509,96.13443085274858,at_risk
2403608,95.02542589397088,at_risk
2403707,95.87816019101088,at_risk
2403756,95.38669220986647,at_risk
2403806,89.15772660733735,at_risk
2403905,95.65935481059992,at_risk
2404002,97.30010414151917,at_risk
2404200,95.94503401350963,at_risk
2404309,96.86874550461229,at_risk
2404408,92.19207194473847,at_risk
2404507,92.39120985079491,at_risk
2404606,95.65398795569466,at_risk
2404705,95.20404306528731,at_risk
2404804,97.34771532106684,at_risk
2404853,95.4665323127186,at_risk
2404903,96.72556413195109,at_risk
2405009,97.225199916306,at_risk
2405108,96.70249480081358,at_risk
2405207,96.74260505379435,at_risk
2405306,88.11617969224294,will_not_meet
2405405,95.58366391950298,at_risk
2405504,97.484121331961,at_risk
2405603,95.83391728305337,at_risk
2405702,97.46679518769632,at_risk
2405801,96.78418364220727,at_risk
2405900,95.90080746526226,at_risk
2406007,96.10018379979314,at_risk
2406106,97.35739409997066,at_risk
2406155,96.01534159020872,at_risk
2406205,95.67166115629291,at_risk
2406304,96.84630121560225,at_risk
2406403,96.17754764068249,at_risk
2406502,96.08046390927944,at_risk
2406601,95.95435012594228,at_risk
2406700,97.60705871590291,at_risk
2406809,95.77871246946296,at_risk
2406908,96.01551301087481,at_risk
2407005,95.77808655757313,at_risk
2407104,95.93102512849966,at_risk
2407203,95.98418489912855,at_risk
2407252,92.12494976950937,at_risk
2407302,96.7013491296869,at_risk
2407401,95.26248109384392,at_risk
2407500,95.56588352478005,at_risk
2407609,94.80045750282936,at_risk
2407708,96.79851660087805,at_risk
2407807,95.68549864620496,at_risk
2407906,96.82784352050066,at_risk
2408003,96.72508622034422,at_risk
2408102,96.8655794907368,at_risk
2408201,96.02544233181543,at_risk
2408300,95.74116210257723,at_risk
2408409,96.16203819667018,at_risk
2408508,95.71549021523076,at_risk
2408607,88.99479822753425,will_not_meet
2408706,97.32914931485705,at_risk
2408805,97.22061915171892,at_risk
2408904,97.63156890715918,at_risk
2408953,97.20925517159976,at_risk
2409100,95.47252380331567,at_risk
2409209,92.51304283739066,at_risk
2409308,96.01657452313819,at_risk
2409332,95.37403244454676,at_risk
2409407,95.89174172964147,at_risk
2409506,97.20920428177072,at_risk
2409605,96.73234422787527,at_risk
2409704,96.15436345824422,at_risk
2409803,96.76153244528243,at_risk
2409902,96.76227602134344,at_risk
2410009,95.93900353277239,at_risk
2410108,92.12195608138825,at_risk
2410207,95.68317010733733,at_risk
2410256,78.86025599659726,will_not_meet
2410306,95.47243877757809,at_risk
2410405,92.27021268560117,at_risk
2410504,95.62071083682923,at_risk
2410603,95.79765698200146,at_risk
2410702,96.03612666864525,at_risk
2410801,96.14433572850967,at_risk
2410900,96.04323841244965,at_risk
2411007,95.5901326997816,at_risk
2411056,91.60102420200874,at_risk
2411106,97.37008009477975,at_risk
2411205,95.44765549752135,at_risk
2411403,95.91525650733227,at_risk
2411429,96.06260469198718,at_risk
2411502,96.00146182126917,at_risk
2411601,97.36677016357132,at_risk
2411700,95.45752084334117,at_risk
2411809,97.45778769718741,at_risk
2411908,95.36768705543855,at_risk
2412005,96.01916858826249,at_risk
2412104,95.77695580548036,at_risk
2412203,95.82519048600831,at_risk
2412302,96.1008504307219,at_risk
2412401,96.15568031753129,at_risk
2412500,95.75655632415976,at_risk
2412559,88.98536414936497,will_not_meet
2412609,92.14027171047876,at_risk
2412708,97.33945576342906,at_risk
2412807,95.90080746526226,at_risk
2412906,96.77558363488806,at_risk
2413003,92.39684771987051,at_risk
2413102,88.11569442008971,will_not_meet
2413201,96.24660426190135,at_risk
2413300,98.53987212831281,at_risk
2413359,89.32988348399738,at_risk
2413409,97.48095008607814,at_risk
2413508,97.60246801942412,at_risk
2413557,95.82848938115691,at_risk
2413607,97.42025960495484,at_risk
2413706,94.8026405228377,at_risk
2413805,95.65107576153807,at_risk
2413904,96.08211398918026,at_risk
2414001,96.14441961991668,at_risk
2414100,95.62071083682923,at_risk
2414159,96.0568216819288,at_risk
2414209,95.61046152805103,at_risk
2414308,97.3703952505438,at_risk
2414407,95.70718882466686,at_risk
2414456,96.82773645682416,at_risk
2414506,96.80226134191167,at_risk
2414605,96.18722507704469,at_risk
2414704,98.86984088184559,at_risk
2414753,96.1623027112467,at_risk
2414803,95.43482456239543,at_risk
2414902,88.82775380071867,will_not_meet
2415008,95.94379086188303,at_risk
2500106,95.6260026649606,at_risk
2500205,95.92966316347496,at_risk
2500304,95.99212243398306,at_risk
2500403,96.07135539446429,at_risk
2500502,96.25737256183749,at_risk
2500536,95.60073313415913,at_risk
2500577,86.47202247606118,will_not_meet
2500601,95.98858047413609,at_risk
2500700,95.92235064724015,at_risk
2500734,88.13916292039526,will_not_meet
2500775,95.53227588380106,at_risk
2500809,95.99212243398306,at_risk
2500908,88.27401446326463,will_not_meet
2501005,96.72728576324305,at_risk
2501104,96.24615971975912,at_risk
2501153,97.22735885024575,at_risk
2501203,88.08581594698467,will_not_meet
2501302,96.85252668999253,at_risk
2501351,95.62510229642457,at_risk
2501401,95.47252380331567,at_risk
2501500,96.16092139299954,at_risk
2501575,96.12622808093626,at_risk
2501609,95.99999185944667,at_risk
2501708,95.93538515816891,at_risk
2501807,96.09783946530669,at_risk
2501906,96.11814883220755,at_risk
2502003,96.23174115164089,at_risk
2502052,86.47202247606118,will_not_meet
2502102,96.00243300237649,at_risk
2502151,95.68734938186266,at_risk
2502201,95.95933480283577,at_risk
2502300,96.02366719349645,at_risk
2502409,95.97424263936172,at_risk
2502508,95.94137031312378,at_risk
2502607,95.99212243398306,at_risk
2502706,95.46304580290297,at_risk
2502805,95.76610567858903,at_risk
2502904,95.99087956234916,at_risk
2503001,96.15654458155267,at_risk
2503100,96.70427125693678,at_risk
2503209,96.07287133961367,at_risk
2503308,95.89337494844742,at_risk
2503407,95.95513827838744,at_risk
2503506,94.91772728246653,at_risk
2503555,96.04009347637837,at_risk
2503605,96.23873660791762,at_risk
2503704,96.15568031753129,at_risk
2503753,95.92235064724015,at_risk
2503803,95.82445264893036,at_risk
2503902,96.11654982906808,at_risk
2504009,95.81053992022139,at_risk
2504033,95.51240557437083,at_risk
2504074,95.73456091907563,at_risk
2504108,95.99935933782919,at_risk
2504157,96.07707763197399,at_risk
2504207,95.95513827838744,at_risk
2504306,96.74019736133594,at_risk
2504355,95.73456091907563,at_risk
2504405,96.09344044978897,at_risk
2504504,95.92235064724015,at_risk
2504603,96.12370445796637,at_risk
2504702,95.95933480283577,at_risk
2504801,60.69947107339595,will_not_meet
2504850,95.86591517291411,at_risk
2504900,95.73456091907563,at_risk
2505006,96.12522008261456,at_risk
2505105,88.32736143667523,will_not_meet
2505204,95.99212243398306,at_risk
2505238,96.09344044978897,at_risk
2505279,87.55905404706395,will_not_meet
2505303,88.37544302782851,will_not_meet
2505352,88.91303575168664,will_not_meet
2505402,95.86900367382955,at_risk
2505501,95.73456091907563,at_risk
2505600,95.95513827838744,at_risk
2505709,88.30680209441192,will_not_meet
2505808,96.8374460446359,at_risk
2505907,95.92235064724015,at_risk
2506004,88.1754162527084,will_not_meet
2506103,95.93877546057246,at_risk
2506202,97.38311316747046,at_risk
2506251,88.88441664210191,will_not_meet
2506301,96.11869616193567,at_risk
2506400,96.09344044978897,at_risk
2506509,95.73456091907563,at_risk
2506608,95.90179130497684,at_risk
2506707,95.90179130497684,at_risk
2506806,95.95933480283577,at_risk
2506905,95.95513827838744,at_risk
2507002,95.69757676348001,at_risk
2507101,92.12494976950937,at_risk
2507200,95.95826520990214,at_risk
2507309,95.95933480283577,at_risk
2507408,95.89687553232767,at_risk
2507507,96.71267274702294,at_risk
2507606,96.20186916573338,at_risk
2507705,95.82856494909713,at_risk
2507804,95.81969255564442,at_risk
2507903,95.95933480283577,at_risk
2508000,95.90179130497684,at_risk
2508109,96.19475699604527,at_risk
2508208,95.88435043869791,at_risk
2508307,95.69757676348001,at_risk
2508406,96.15257380253831,at_risk
2508505,95.93877546057246,at_risk
2508554,95.86690845700193,at_risk
2508604,96.09248152979049,at_risk
2508703,97.33234845677639,at_risk
2508802,95.94233946340331,at_risk
2508901,96.7317505243639,at_risk
2509008,96.07707763197399,at_risk
2509057,89.07231204553912,at_risk
2509107,96.13042460538459,at_risk
2509156,88.37944824147392,will_not_meet
2509206,95.84027795039927,at_risk
2509305,92.36054626765961,at_risk
2509339,95.97003270179162,at_risk
2509370,96.14497402546553,at_risk
2509396,95.60726794799506,at_risk
2509404,96.13042460538459,at_risk
2509503,88.96638272509723,will_not_meet
2509602,95.94233946340331,at_risk
2509701,96.15568031753129,at_risk
2509800,96.0153103492587,at_risk
2509909,96.15093646335484,at_risk
2510006,95.93753258893857,at_risk
2510105,88.27401446326463,will_not_meet
2510204,95.95513827838744,at_risk
2510303,95.63060275650193,at_risk
2510402,96.00243300237649,at_risk
2510501,96.00689984741854,at_risk
2510600,95.95933480283577,at_risk
2510659,96.02673642965425,at_risk
2510709,95.73456091907563,at_risk
2510808,96.71829194194702,at_risk
2510907,96.05096999544404,at_risk
2511004,96.0650518341594,at_risk
2511103,97.22726058812212,at_risk
2511202,96.11869616193567,at_risk
2511301,95.88147252335624,at_risk
2511400,96.19714319752467,at_risk
2511509,95.69757676348001,at_risk
2511608,96.14547929196574,at_risk
2511707,95.95513827838744,at_risk
2511806,96.01739192583395,at_risk
2511905,96.11869616193567,at_risk
2512002,96.05341413667786,at_risk
2512036,96.0030817987416,at_risk
2512077,95.84930688381223,at_risk
2512101,95.99087956234916,at_risk
2512200,95.76123862609924,at_risk
2512309,95.69757676348001,at_risk
2512408,95.88620824320735,at_risk
2512507,95.56926003939668,at_risk
2512606,95.51240557437083,at_risk
2512705,82.00699671367343,will_not_meet
2512721,95.68121394566504,at_risk
2512747,88.3524785856154,will_not_meet
2512754,85.95311443570384,will_not_meet
2512762,95.23474925047064,at_risk
2512788,88.99306043212084,will_not_meet
2512804,88.31898795460512,will_not_meet
2512903,95.9053553078077,at_risk
2513000,95.35194523042325,at_risk
2513109,95.99212243398306,at_risk
2513208,95.97032022008585,at_risk
2513307,95.99212243398306,at_risk
2513356,97.38569543018698,at_risk
2513406,96.7800778549261,at_risk
2513505,95.93877546057246,at_risk
2513604,97.23389825550028,at_risk
2513653,95.99087956234916,at_risk
2513703,95.93028234283433,at_risk
2513802,96.10564268618141,at_risk
2513851,96.08182175016171,at_risk
2513901,96.18722507704469,at_risk
2513927,95.79158079350151,at_risk
2513943,95.69757676348001,at_risk
2513968,95.23474925047064,at_risk
2513984,97.23697777962485,at_risk
2514008,96.09276413138271,at_risk
2514107,75.89305037167661,will_not_meet
2514206,95.93753258893857,at_risk
2514305,95.93877546057246,at_risk
2514404,96.05577997578709,at_risk
2514453,95.69757676348001,at_risk
2514503,95.94233946340331,at_risk
2514552,92.43155255631123,at_risk
2514602,95.6260026649606,at_risk
2514651,96.18722507704469,at_risk
2514701,97.27231418577124,at_risk
2514800,96.09276413138271,at_risk
2514909,96.17884256921394,at_risk
2515005,95.23474925047064,at_risk
2515104,95.83378120928828,at_risk
2515203,88.05419097769145,will_not_meet
2515302,96.07644511035652,at_risk
2515401,95.8281600974998,at_risk
2515500,95.82445264893036,at_risk
2515609,96.8374460446359,at_risk
2515708,96.81658245111785,at_risk
2515807,95.93877546057246,at_risk
2515906,96.74589241336157,at_risk
2515930,95.54938972996645,at_risk
2515971,95.73456091907563,at_risk
2516003,96.70342664300625,at_risk
2516102,96.80265663184404,at_risk
2516151,86.47202247606118,will_not_meet
2516201,92.37730952189153,at_risk
2516300,95.73456091907563,at_risk
2516409,88.30680209441192,will_not_meet
2516508,95.79679705369266,at_risk
2516607,95.8520083343971,at_risk
2516706,95.69759907700127,at_risk
2516755,95.50120475120313,at_risk
2516805,95.98299652001421,at_risk
2516904,95.95287935380692,at_risk
2517001,95.86900367382955,at_risk
2517100,95.66118249284293,at_risk
2517209,96.03641577135049,at_risk
2517407,95.23474925047064,at_risk
2600054,95.68698126747186,at_risk
2600104,95.55218192172022,at_risk
2600203,95.82323800647386,at_risk
2600302,95.56369096240336,at_risk
2600401,86.25122997546713,will_not_meet
2600500,95.48344738354962,at_risk
2600609,95.83087805038436,at_risk
2600708,95.77695580548036,at_risk
2600807,97.21652376308518,at_risk
2600906,86.0541065928672,will_not_meet
2601003,95.42199654036067,at_risk
2601052,92.62828632194909,at_risk
2601102,95.97965417832917,at_risk
2601201,95.65938999708939,at_risk
2601300,95.586666232989,at_risk
2601409,95.68667823008113,at_risk
2601508,95.60478763579694,at_risk
2601607,96.14217259891272,at_risk
2601706,96.07556275118343,at_risk
2601805,95.80561243953525,at_risk
2601904,96.16942081410124,at_risk
2602001,95.71063925923423,at_risk
2602100,96.72972903218971,at_risk
2602209,95.69118183899974,at_risk
2602308,95.84951113456056,at_risk
2602407,98.7108106866487,at_risk
2602506,95.4326978334543,at_risk
2602605,95.31530694352185,at_risk
2602704,95.87718653805467,at_risk
2602803,95.64153613522888,at_risk
2602902,96.0927416490439,at_risk
2603009,95.5197549286502,at_risk
2603108,95.91472380048644,at_risk
2603207,95.67729372707673,at_risk
2603306,95.87362253522382,at_risk
2603405,95.80003526972837,at_risk
2603454,95.78462693924438,at_risk
2603504,95.88582121083327,at_risk
2603603,96.154508321728,at_risk
2603702,95.87827235173665,at_risk
2603801,95.95535812426398,at_risk
2603900,97.24894463947625,at_risk
2603926,92.14853885058555,at_risk
2604007,95.97657962718462,at_risk
2604106,96.01152192968051,at_risk
2604155,95.58299022591234,at_risk
2604205,92.34024063583298,at_risk
2604304,92.63943203551926,at_risk
2604403,89.12115096368336,at_risk
2604502,95.92956702994327,at_risk
2604601,95.83870171177277,at_risk
2604700,95.78673755284092,at_risk
2604809,97.45284649657636,at_risk
2604908,95.76368292696031,at_risk
2605004,95.54832870684736,at_risk
2605103,96.10627158634806,at_risk
2605152,95.52670680680774,at_risk
2605202,96.71725549779661,at_risk
2605301,95.96395366423003,at_risk
2605400,95.81650902179663,at_risk
2605459,96.73639532455539,at_risk
2605509,95.45540995715028,at_risk
2605608,95.89469863461858,at_risk
2605707,95.6328169636265,at_risk
2605806,89.32373957726242,at_risk
2605905,88.91418235804565,will_not_meet
2606002,96.73550046412348,at_risk
2606101,97.22735885024575,at_risk
2606200,96.76530144132717,at_risk
2606309,95.53716778210315,at_risk
2606408,95.55553671005728,at_risk
2606507,88.82625647083428,will_not_meet
2606606,95.60347541815848,at_risk
2606705,96.07407053670406,at_risk
2606804,96.09285768417612,at_risk
2606903,95.76540565957335,at_risk
2607000,68.91636256758152,will_not_meet
2607109,95.99005143632726,at_risk
2607208,95.56567333940109,at_risk
2607307,95.69504521624184,at_risk
2607406,95.81343270678929,at_risk
2607505,95.55218192172022,at_risk
2607604,92.78382802271867,at_risk
2607653,88.07671352915229,will_not_meet
2607703,95.80974343662764,at_risk
2607752,95.25713175155431,at_risk
2607802,95.68138604658765,at_risk
2607901,96.8164925935525,at_risk
2607950,95.5130897576588,at_risk
2608008,89.53305943451477,at_risk
2608057,95.39610347483536,at_risk
2608107,95.76564863544161,at_risk
2608206,95.80995516279859,at_risk
2608255,95.60012544207439,at_risk
2608305,95.4730881761848,at_risk
2608404,96.08405546634876,at_risk
2608453,95.3880836341524,at_risk
2608503,97.31393771476486,at_risk
2608602,95.79690202704066,at_risk
2608701,95.69047883913674,at_risk
2608750,95.87467100483642,at_risk
2608800,95.7726934903142,at_risk
2608909,95.78846484616349,at_risk
2609006,95.94743536971798,at_risk
2609105,95.41355874906488,at_risk
2609154,75.4958209521425,will_not_meet
2609204,95.67684532253944,at_risk
2609303,95.93845210368839,at_risk
2609402,95.51196318932627,at_risk
2609501,96.82031642188241,at_risk
2609600,96.06594749252424,at_risk
2609709,97.22040697208821,at_risk
2609808,95.47794507067589,at_risk
2609907,95.97982524085477,at_risk
2610004,95.40851800815058,at_risk
2610103,95.77731644355762,at_risk
2610202,96.73971652446707,at_risk
2610301,95.82622814657196,at_risk
2610400,96.01657452313819,at_risk
2610509,96.84695510419648,at_risk
2610608,95.93746514002184,at_risk
2610707,95.70762625458188,at_risk
2610806,95.69487361781849,at_risk
2610905,95.70125112366865,at_risk
2611002,95.97049492370807,at_risk
2611101,95.96399814071553,at_risk
2611200,97.22753227160715,at_risk
2611309,97.22239635927612,at_risk
2611408,95.34521706508032,at_risk
2611507,92.35433511054602,at_risk
2611533,96.20738372074028,at_risk
2611606,96.13458746907001,at_risk
2611705,95.62071083682923,at_risk
2611804,95.96395366423003,at_risk
2611903,95.83904290835687,at_risk
2612000,97.55633182633896,at_risk
2612109,81.73282348196015,will_not_meet
2612208,96.15568031753129,at_risk
2612307,96.70425391727723,at_risk
2612406,95.20831628515121,at_risk
2612455,95.30805895371819,at_risk
2612471,89.0292068809802,at_risk
2612505,95.37769215519768,at_risk
2612554,96.17606964463548,at_risk
2612604,95.25561711369826,at_risk
2612703,95.22119815589873,at_risk
2612802,95.23930222292896,at_risk
2612901,95.2317082117903,at_risk
2613008,96.71760499700973,at_risk
2613107,96.10843263928624,at_risk
2613206,95.44950391881817,at_risk
2613305,96.71540031929254,at_risk
2613404,92.41825274494656,at_risk
2613503,95.83958100360705,at_risk
2613602,95.73448535113542,at_risk
2613701,95.4710647189636,at_risk
2613800,95.96823310323684,at_risk
2613909,95.95339528225672,at_risk
2614006,95.95202972746827,at_risk
2614105,95.61718860842868,at_risk
2614204,92.54346655021655,at_risk
2614303,95.73789364922403,at_risk
2614402,95.69813371715728,at_risk
2614501,95.36140592712879,at_risk
2614600,95.66940799372699,at_risk
2614709,96.02666207329067,at_risk
2614808,94.80427253764059,at_risk
2614857,92.81500163646066,at_risk
2615003,95.67136213133483,at_risk
2615102,96.14203039526254,at_risk
2615201,95.95550903568024,at_risk
2615300,96.05040882694186,at_risk
2615409,95.56551906099621,at_risk
2615508,95.74738184310156,at_risk
2615607,96.00942574510833,at_risk
2615706,96.76994577308913,at_risk
2615805,95.33604887823695,at_risk
2615904,96.81699202809622,at_risk
2616001,95.43817453847953,at_risk
2616100,96.0629797988603,at_risk
2616183,95.46548546460158,at_risk
2616209,94.8429780871504,at_risk
2616308,95.91916990099443,at_risk
2616407,96.06265957349467,at_risk
2616506,97.31013160876695,at_risk
2700102,89.98538150797086,at_risk
2700201,88.33951746265349,will_not_meet
2700300,96.03630351626536,at_risk
2700409,95.58907651548981,at_risk
2700508,96.08330215152296,at_risk
2700607,96.78277211769978,at_risk
2700706,96.27633342430295,at_risk
2700805,88.88692893163574,will_not_meet
2700904,95.84181946336024,at_risk
2701001,95.66948806481663,at_risk
2701100,95.81303170091824,at_risk
2701209,94.8184300639483,at_risk
2701308,96.77755790589868,at_risk
2701357,89.87023029294222,at_risk
2701407,97.30247160783344,at_risk
2701506,95.94325028311182,at_risk
2701605,97.51054556597788,at_risk
2701704,95.772160480563,at_risk
2701803,95.96094935659153,at_risk
2701902,95.75780188898626,at_risk
2702009,95.73374668340497,at_risk
2702108,96.73870611078125,at_risk
2702207,96.75170726135438,at_risk
2702306,96.00992168161932,at_risk
2702355,95.55011446897132,at_risk
2702405,95.3494379070471,at_risk
2702504,97.33945576342906,at_risk
2702553,97.37019493403469,at_risk
2702603,97.4503826074581,at_risk
2702702,96.82160820048246,at_risk
2702801,95.72763237322508,at_risk
2702900,95.98250395217397,at_risk
2703007,97.24040389021553,at_risk
2703106,97.51054556597788,at_risk
2703205,97.23781048204621,at_risk
2703304,95.88990330970122,at_risk
2703403,95.52457569448744,at_risk
2703502,97.42094849927597,at_risk
2703601,96.70833338082561,at_risk
2703700,97.33945576342906,at_risk
2703759,96.32554016702521,at_risk
2703809,96.80812385582317,at_risk
2703908,97.26983799839766,at_risk
2704005,91.98991245324244,at_risk
2704104,97.30247160783344,at_risk
2704203,96.7547731246266,at_risk
2704302,96.13579580338703,at_risk
2704401,97.47356141038226,at_risk
2704500,95.51211344446729,at_risk
2704609,97.47356141038226,at_risk
2704708,95.61583279330017,at_risk
2704807,97.4418541626009,at_risk
2704906,98.6326022842038,at_risk
2705002,95.772160480563,at_risk
2705101,97.47356141038226,at_risk
2705200,95.67549273437177,at_risk
2705309,97.51054556597788,at_risk
2705408,97.50795215780856,at_risk
2705507,97.57399935680871,at_risk
2705606,96.23457347900376,at_risk
2705705,96.72408467023749,at_risk
2705804,92.26710559026102,at_risk
2705903,97.24040389021553,at_risk
2706000,97.45719859256728,at_risk
2706109,97.30817684270825,at_risk
2706208,97.27406057533753,at_risk
2706307,95.76520260742166,at_risk
2706406,89.2924536702132,at_risk
2706422,85.95738788240962,will_not_meet
2706448,95.9953059830927,at_risk
2706505,97.24484192893395,at_risk
2706604,97.45297601562741,at_risk
2706703,95.51450240077214,at_risk
2706802,92.02270008438973,at_risk
2706901,95.53650563540049,at_risk
2707008,95.91872220960232,at_risk
2707107,95.64304853807776,at_risk
2707206,97.30507094572673,at_risk
2707305,95.49084101890585,at_risk
2707404,97.36514679523204,at_risk
2707503,86.24101602912447,will_not_meet
2707602,88.88129255071864,will_not_meet
2707701,95.91155895505189,at_risk
2707800,95.75997175798585,at_risk
2707909,97.21329110545598,at_risk
2708006,96.20743329597363,at_risk
2708105,95.76794293791572,at_risk
2708204,75.12001804128062,will_not_meet
2708303,97.3651077509481,at_risk
2708402,96.72260632499524,at_risk
2708501,96.73959494071416,at_risk
2708600,95.6821511396694,at_risk
2708709,96.86499525447579,at_risk
2708808,95.95227332952221,at_risk
2708907,95.82717389383195,at_risk
2708956,95.84654165080288,at_risk
2709004,95.66804074557835,at_risk
2709103,97.41578554777895,at_risk
2709152,97.54552422584476,at_risk
2709202,96.73591742643197,at_risk
2709301,95.48085223111538,at_risk
2709400,95.33155187299258,at_risk
2800100,95.88486477864087,at_risk
2800209,95.50828335491798,at_risk
2800308,95.97027687932125,at_risk
2800407,97.26983799839766,at_risk
2800506,96.27633342430295,at_risk
2800605,95.54498105023066,at_risk
2800670,96.81031948455443,at_risk
2800704,95.84018611512106,at_risk
2801009,96.12993101498506,at_risk
2801108,97.20718836664403,at_risk
2801207,95.31641077922464,at_risk
2801306,95.66514977041,at_risk
2801405,95.58604749427074,at_risk
2801504,95.91357194409582,at_risk
2801603,97.26983799839766,at_risk
2801702,96.28242573657171,at_risk
2801900,95.76480896044454,at_risk
2802007,95.97879205997008,at_risk
2802106,95.7550916195834,at_risk
2802205,95.57213747276275,at_risk
2802304,95.58009105784687,at_risk
2802403,95.23864471606234,at_risk
2802502,95.93605676652568,at_risk
2802601,95.74639081105872,at_risk
2802700,96.81031948455443,at_risk
2802809,95.98250395217397,at_risk
2802908,95.73318875480531,at_risk
2803005,95.79158079350151,at_risk
2803104,95.9269063913535,at_risk
2803203,96.108941688119,at_risk
2803302,96.20699805974158,at_risk
2803401,96.81857904219221,at_risk
2803500,96.08272320242082,at_risk
2803609,97.21329110545598,at_risk
2803708,96.28471051438896,at_risk
2803807,96.83699719157804,at_risk
2803906,96.29480710897765,at_risk
2804003,97.21329110545598,at_risk
2804102,96.28248127186059,at_risk
2804201,95.46155653811522,at_risk
2804300,95.87292831473768,at_risk
2804409,96.31526890300788,at_risk
2804458,95.48789526706297,at_risk
2804508,95.54864741816242,at_risk
2804607,96.01898367410867,at_risk
2804706,95.97186207712399,at_risk
2804805,95.92117226250144,at_risk
2804904,96.7196119665811,at_risk
2805000,95.54745270327034,at_risk
2805109,95.89687553232767,at_risk
2805208,95.60384059227512,at_risk
2805307,96.08299908896687,at_risk
2805406,95.62540751788922,at_risk
2805505,96.74344457117016,at_risk
2805604,95.80077227457517,at_risk
2805703,96.21041190717928,at_risk
2805802,97.26724459022834,at_risk
2805901,96.95894757333159,at_risk
2806008,96.75760433695972,at_risk
2806107,96.19855102629244,at_risk
2806206,97.24040389021553,at_risk
2806305,95.95917231456781,at_risk
2806404,96.19422888503235,at_risk
2806503,96.25722637479035,at_risk
2806602,96.08299908896687,at_risk
2806701,95.5947719793919,at_risk
2806800,95.9053553078077,at_risk
2806909,95.60569451906771,at_risk
2807006,95.47940672004997,at_risk
2807105,96.80406892282753,at_risk
2807204,96.7765699647736,at_risk
2807303,95.4956498183726,at_risk
2807402,95.21870852604286,at_risk
2807501,97.22726058812212,at_risk
2807600,92.02161166126156,at_risk
2900108,88.81396853695274,will_not_meet
2900207,95.57293294041196,at_risk
2900306,95.42292306753968,at_risk
2900355,96.80137595098037,at_risk
2900405,96.13409750639987,at_risk
2900504,95.99726678195904,at_risk
2900603,97.23648655663973,at_risk
2900702,96.83500458346805,at_risk
2900801,95.96901717042692,at_risk
2900900,97.3399505002027,at_risk
2901007,95.73456091907563,at_risk
2901106,96.71183962341495,at_risk
2901155,96.04914230840893,at_risk
2901205,96.76044651743213,at_risk
2901304,96.08612646400455,at_risk
2901353,96.04914230840893,at_risk
2901403,96.04914230840893,at_risk
2901502,95.35334088272542,at_risk
2901601,95.58901850936498,at_risk
2901700,96.1377371216194,at_risk
2901809,95.40257816846258,at_risk
2901908,95.54641408924432,at_risk
2901957,95.96664731907057,at_risk
2902005,96.22686977833591,at_risk
2902054,97.3230862370624,at_risk
2902104,96.17108166199549,at_risk
2902203,95.9744692292315,at_risk
2902252,96.00730437568147,at_risk
2902302,95.9424223090962,at_risk
2902401,96.1867681614042,at_risk
2902500,96.71356491229477,at_risk
2902609,96.22023211095775,at_risk
2902658,95.71333291407477,at_risk
2902708,95.97625910971888,at_risk
2902807,88.09025789766723,will_not_meet
2902906,96.22686977833591,at_risk
2903003,96.09643703239799,at_risk
2903102,96.11944183840632,at_risk
2903201,96.0397397783033,at_risk
2903235,95.56787904814153,at_risk
2903276,95.37191700794769,at_risk
2903300,89.0715617108712,at_risk
2903409,96.10358448372172,at_risk
2903508,97.33139239932684,at_risk
2903607,95.51362645809704,at_risk
2903706,96.21050696052093,at_risk
2903805,95.99461771760035,at_risk
2903904,95.63911036992364,at_risk
2903953,96.02626653138974,at_risk
2904001,95.78645403351585,at_risk
2904050,95.76180096474619,at_risk
2904100,92.1255182820163,at_risk
2904209,96.22349326371928,at_risk
2904308,95.87381634573752,at_risk
2904407,95.79158079350151,at_risk
2904506,96.80494482611742,at_risk
2904605,96.73843387418272,at_risk
2904704,96.15327753039392,at_risk
2904753,97.23838414537703,at_risk
2904803,96.1297217106427,at_risk
2904852,95.77565759246922,at_risk
2904902,96.05128282959308,at_risk
2905008,96.19712684740162,at_risk
2905107,96.09643703239799,at_risk
2905156,89.01241627489993,at_risk
2905206,96.15568031753129,at_risk
2905305,96.15881151537758,at_risk
2905404,96.03866733251735,at_risk
2905503,89.15068627439781,at_risk
2905602,96.09276413138271,at_risk
2905701,88.94895973348538,will_not_meet
2905800,96.12622808093626,at_risk
2905909,96.05096999544404,at_risk
2906006,96.15568031753129,at_risk
2906105,96.04009347637837,at_risk
2906204,95.73823382009091,at_risk
2906303,96.08182175016171,at_risk
2906402,96.09643703239799,at_risk
2906501,97.26782979524572,at_risk
2906600,95.95485788435462,at_risk
2906709,97.31563429502818,at_risk
2906808,95.3421995477475,at_risk
2906824,95.70908580416315,at_risk
2906857,96.05333883285726,at_risk
2906873,96.04622169488023,at_risk
2906899,96.74408369961715,at_risk
2906907,96.7159128328955,at_risk
2907004,96.04652590887059,at_risk
2907103,96.14344057913252,at_risk
2907202,89.00826415776888,at_risk
2907301,96.01635467726165,at_risk
2907400,96.72740240220682,at_risk
2907509,95.42768966248167,at_risk
2907558,96.07707763197399,at_risk
2907608,95.84352855891707,at_risk
2907707,96.15944403699505,at_risk
2907806,96.09094060546214,at_risk
2907905,95.73823382009091,at_risk
2908002,96.05927350037243,at_risk
2908101,88.3637133901208,will_not_meet
2908200,96.08272320242082,at_risk
2908309,96.05577997578709,at_risk
2908408,95.68593913847958,at_risk
2908507,96.09223189725002,at_risk
2908606,95.79158079350151,at_risk
2908705,96.12372823660942,at_risk
2908804,96.08180282478854,at_risk
2908903,95.9053553078077,at_risk
2909000,95.75386018258462,at_risk
2909109,96.71223496606076,at_risk
2909208,96.14978400580858,at_risk
2909307,97.32821013935985,at_risk
2909406,96.16321223653188,at_risk
2909505,96.03277949059395,at_risk
2909604,96.17108166199549,at_risk
2909703,95.4016998555339,at_risk
2909802,96.72407532148578,at_risk
2909901,92.01801015787927,at_risk
2910008,95.96664731907057,at_risk
2910057,95.46365582064817,at_risk
2910107,95.75205448898339,at_risk
2910206,95.79158079350151,at_risk
2910305,97.22726058812212,at_risk
2910404,96.1867681614042,at_risk
2910503,96.01220061195463,at_risk
2910602,95.8610374882391,at_risk
2910701,95.67699136872517,at_risk
2910727,95.79434344012293,at_risk
2910750,96.02855691365409,at_risk
2910776,96.1377371216194,at_risk
2910800,95.95510735894807,at_risk
2910859,92.12927361589162,at_risk
2910909,96.1989535204936,at_risk
2911006,95.60781351440377,at_risk
2911105,95.98902029438095,at_risk
2911204,95.69420024886338,at_risk
2911253,97.28580201095377,at_risk
2911303,95.82678088834744,at_risk
2911402,95.9957692825068,at_risk
2911501,96.06065134909207,at_risk
2911600,95.25142200025495,at_risk
2911659,97.46409526265758,at_risk
2911709,95.6276013292405,at_risk
2911808,96.05927350037243,at_risk
2911857,96.24276722448336,at_risk
2911907,96.05577997578709,at_risk
2912004,96.70342664300625,at_risk
2912103,95.82877436944844,at_risk
2912202,96.12252495759815,at_risk
2912301,96.08612646400455,at_risk
2912400,95.57293294041196,at_risk
2912509,95.69470450041847,at_risk
2912608,96.80225603158928,at_risk
2912707,95.76610567858903,at_risk
2912806,95.73725767619699,at_risk
2912905,96.1867681614042,at_risk
2913002,96.86432752530055,at_risk
2913101,95.97032022008585,at_risk
2913200,96.16515454530777,at_risk
2913309,95.45834351563562,at_risk
2913408,96.17044914037801,at_risk
2913457,97.21169225852489,at_risk
2913507,95.92713783557203,at_risk
2913606,97.35423990487695,at_risk
2913705,95.92128105430652,at_risk
2913804,95.83459133408607,at_risk
2913903,96.04483759456609,at_risk
2914000,96.12622808093626,at_risk
2914109,95.69757676348001,at_risk
2914208,96.16196936489798,at_risk
2914307,96.77688320004502,at_risk
2914406,95.52972874720437,at_risk
2914505,95.33650021217507,at_risk
2914604,95.99041711709667,at_risk
2914653,97.22735885024575,at_risk
2914703,96.73443875818431,at_risk
2914802,95.77536521248186,at_risk
2914901,95.73610986519734,at_risk
2915007,95.88484836820173,at_risk
2915106,96.08612646400455,at_risk
2915205,97.23533003017562,at_risk
2915304,96.77714143495672,at_risk
2915353,95.38168139621521,at_risk
2915403,97.25091477511808,at_risk
2915502,96.24349379127648,at_risk
2915601,96.8556184206098,at_risk
2915700,96.06065134909207,at_risk
2915809,96.23392732767081,at_risk
2915908,96.11280417102816,at_risk
2916005,96.00716251600623,at_risk
2916104,95.86577477714819,at_risk
2916203,96.09276413138271,at_risk
2916302,97.26115734230974,at_risk
2916401,96.1787226828339,at_risk
2916500,95.69757676348001,at_risk
2916609,95.99999185944667,at_risk
2916708,96.01635467726165,at_risk
2916807,97.21572122524532,at_risk
2916856,96.73974090781783,at_risk
2916906,95.92463799124519,at_risk
2917003,96.11084051617625,at_risk
2917102,96.10781051535868,at_risk
2917201,96.16196936489798,at_risk
2917300,95.92966316347496,at_risk
2917334,96.03634349342481,at_risk
2917359,97.32220840463069,at_risk
2917409,95.92778523930977,at_risk
2917508,97.25119755225859,at_risk
2917607,96.70850197693024,at_risk
2917706,95.58638044152377,at_risk
2917805,95.5007679493704,at_risk
2917904,97.21005491934142,at_risk
2918001,97.30242867408172,at_risk
2918100,95.67699136872517,at_risk
2918209,95.45630922155361,at_risk
2918308,96.85004516130543,at_risk
2918357,95.63513980649317,at_risk
2918407,95.93280988750188,at_risk
2918456,96.79110733620537,at_risk
2918506,95.99347890024245,at_risk
2918555,97.33635584636062,at_risk
2918605,96.1867681614042,at_risk
2918704,97.48092555945323,at_risk
2918753,95.73403405433632,at_risk
2918803,95.9783544687194,at_risk
2918902,95.94663609359903,at_risk
2919009,96.87288692377987,at_risk
2919058,95.8948394268193,at_risk
2919108,95.85517672884092,at_risk
2919157,96.09344044978897,at_risk
2919207,95.68365645575534,at_risk
2919306,95.72425447050362,at_risk
2919405,96.21279101040565,at_risk
2919504,95.7761932287415,at_risk
2919553,88.11653567943429,will_not_meet
2919603,96.12417460396392,at_risk
2919702,95.61526949706294,at_risk
2919801,96.1367341536303,at_risk
2919900,95.6935164067759,at_risk
2919926,95.93076749986487,at_risk
2919959,96.80432212476498,at_risk
2920007,96.12252495759815,at_risk
2920106,95.881205910222,at_risk
2920205,96.22442863540608,at_risk
2920304,96.16688513754715,at_risk
2920403,97.2729188093823,at_risk
2920452,95.23680173917832,at_risk
2920502,96.25400662465262,at_risk
2920601,95.99579533499833,at_risk
2920700,95.86919977542685,at_risk
2920809,97.22264906672768,at_risk
2920908,96.87463265096439,at_risk
2921005,95.91713738270325,at_risk
2921054,96.04430054575012,at_risk
2921104,96.87058312633127,at_risk
2921203,95.53672818722032,at_risk
2921302,96.25354748535952,at_risk
2921401,95.56493904675466,at_risk
2921450,97.2195718359717,at_risk
2921500,95.8181455891928,at_risk
2921609,96.06124348252523,at_risk
2921708,96.87058312633127,at_risk
2921807,96.18848172838277,at_risk
2921906,95.81303170091824,at_risk
2922003,95.52972874720437,at_risk
2922052,97.25091477511808,at_risk
2922102,95.84786421260611,at_risk
2922201,95.97451674453418,at_risk
2922250,96.11531964731904,at_risk
2922300,95.59540126194213,at_risk
2922409,97.22735885024575,at_risk
2922508,96.05333883285726,at_risk
2922607,95.67210164856753,at_risk
2922656,94.83683914271667,at_risk
2922706,96.10075296602378,at_risk
2922730,95.82856494909713,at_risk
2922755,95.98406663836249,at_risk
2922805,95.68302253938647,at_risk
2922854,96.16611840505325,at_risk
2922904,96.01635467726165,at_risk
2923001,95.45712696992166,at_risk
2923035,88.86876965501563,will_not_meet
2923050,95.89216088443654,at_risk
2923100,95.96300770385105,at_risk
2923209,96.23489838958369,at_risk
2923308,95.9957692825068,at_risk
2923357,95.79158079350151,at_risk
2923407,96.22442863540608,at_risk
2923506,95.52063825880063,at_risk
2923605,95.93754012122665,at_risk
2923704,95.38995436593638,at_risk
2923803,97.35594620847378,at_risk
2923902,96.78062862094289,at_risk
2924009,96.73890772821686,at_risk
2924058,96.09344044978897,at_risk
2924108,95.7866478137319,at_risk
2924207,95.98184760762165,at_risk
2924306,95.63525311443107,at_risk
2924405,78.88366393056162,will_not_meet
2924504,96.09344044978897,at_risk
2924603,95.76956644568743,at_risk
2924652,96.25721626655337,at_risk
2924678,96.00311804912174,at_risk
2924702,95.88728951113156,at_risk
2924801,95.71766856776381,at_risk
2924900,95.57938808882467,at_risk
2925006,95.73456091907563,at_risk
2925105,96.06480748535608,at_risk
2925204,95.99108031846292,at_risk
2925253,92.2154082204495,at_risk
2925303,95.85047056916835,at_risk
2925402,96.71905697568832,at_risk
2925501,96.09322104702319,at_risk
2925600,96.03641577135049,at_risk
2925709,96.21050696052093,at_risk
2925758,95.60640960439233,at_risk
2925808,96.18744447981047,at_risk
2925907,96.18942025107276,at_risk
2925931,96.11710216696741,at_risk
2925956,97.20188373533327,at_risk
2926004,95.85024900045126,at_risk
2926103,95.62627991382256,at_risk
2926202,96.11173567288107,at_risk
2926301,95.99936810936217,at_risk
2926400,96.23986113242758,at_risk
2926509,96.18744447981047,at_risk
2926608,92.8478928838144,at_risk
2926657,96.83465759654543,at_risk
2926707,96.02855691365409,at_risk
2926806,96.18510151584837,at_risk
2926905,96.10986526312128,at_risk
2927002,96.81368549590509,at_risk
2927101,92.11262439078239,at_risk
2927200,96.17580685481003,at_risk
2927309,95.82856494909713,at_risk
2927408,95.96078975018523,at_risk
2927507,95.64704957987162,at_risk
2927606,96.23581958716545,at_risk
2927705,97.22735885024575,at_risk
2927804,96.07679263645272,at_risk
2927903,95.82363196932752,at_risk
2928000,95.4871811915619,at_risk
2928059,96.09026428705587,at_risk
2928109,97.2504826301074,at_risk
2928208,96.09344044978897,at_risk
2928307,95.89153411680182,at_risk
2928406,95.73127912066124,at_risk
2928505,95.69757676348001,at_risk
2928604,95.97663950645946,at_risk
2928703,96.0020547420971,at_risk
2928802,96.02681391752337,at_risk
2928901,95.66403280162463,at_risk
2928950,96.20743329597363,at_risk
2929008,95.72831155420374,at_risk
2929057,95.85498049834014,at_risk
2929107,97.22264906672768,at_risk
2929206,95.49234177159553,at_risk
2929255,96.13409750639987,at_risk
2929305,96.02924107953933,at_risk
2929354,96.24182870179337,at_risk
2929370,95.5437849244842,at_risk
2929404,96.84021544023987,at_risk
2929503,96.83359897073565,at_risk
2929602,95.89121783848043,at_risk
2929701,97.22735885024575,at_risk
2929750,96.04805649472695,at_risk
2929800,95.97032022008585,at_risk
2929909,95.91755281114419,at_risk
2930006,95.39382099903919,at_risk
2930105,95.80069005149893,at_risk
2930154,96.12704809076796,at_risk
2930204,96.88112243791221,at_risk
2930303,96.22023211095775,at_risk
2930402,96.13466211779188,at_risk
2930501,95.21870852604286,at_risk
2930600,96.13409750639987,at_risk
2930709,96.72252607771665,at_risk
2930766,97.3399505002027,at_risk
2930774,97.42474976074634,at_risk
2930808,95.68302253938647,at_risk
2930907,97.34138227487804,at_risk
2931004,96.09344044978897,at_risk
2931053,95.90911401910024,at_risk
2931103,95.66243714463162,at_risk
2931202,96.11007472981967,at_risk
2931301,96.76679113103084,at_risk
2931350,95.98218443266687,at_risk
2931400,96.82410838005136,at_risk
2931509,95.68175526906916,at_risk
2931608,95.80308983418465,at_risk
2931707,96.20859448595732,at_risk
2931806,96.17839417823029,at_risk
2931905,96.22023211095775,at_risk
2932002,95.95513827838744,at_risk
2932101,96.20484454619775,at_risk
2932200,96.04896705180042,at_risk
2932309,96.00730437568147,at_risk
2932408,96.83359897073565,at_risk
2932457,96.09344044978897,at_risk
2932507,97.2174241441078,at_risk
2932606,95.66804074557835,at_risk
2932705,95.69757676348001,at_risk
2932804,96.79226624594332,at_risk
2932903,96.05362138096444,at_risk
2933000,95.50430092456175,at_risk
2933059,95.99999185944667,at_risk
2933109,95.82856494909713,at_risk
2933158,96.77657909630977,at_risk
2933174,96.19712684740162,at_risk
2933208,95.54358738055257,at_risk
2933257,96.75604113128394,at_risk
2933307,95.98936722985438,at_risk
2933406,97.20178547320964,at_risk
2933455,96.04914230840893,at_risk
2933505,96.05034490052006,at_risk
2933604,96.20080307895616,at_risk
3100104,98.80487259183248,at_risk
3100203,98.66756136743504,at_risk
3100302,98.5974981867,at_risk
3100401,98.54496654232716,at_risk
3100500,98.83579850691609,at_risk
3100609,98.68324271590548,at_risk
3100708,98.83399808488541,at_risk
3100807,98.94494828132883,at_risk
3100906,98.51238934335254,at_risk
3101003,98.82012268510618,at_risk
3101102,98.82348329137325,at_risk
3101201,98.54496654232716,at_risk
3101300,90.0033000823828,at_risk
3101409,98.71114313789738,at_risk
3101508,98.80050745387513,at_risk
3101607,98.80679968469022,at_risk
3101631,98.80405436150892,at_risk
3101706,97.38358084813586,at_risk
3101805,97.37204932871326,at_risk
3101904,98.87829432063332,at_risk
3102001,98.66756136743504,at_risk
3102050,98.53479241324088,at_risk
3102100,98.83126125499872,at_risk
3102209,98.82131878240226,at_risk
3102308,98.83421008884612,at_risk
3102407,98.62469367552961,at_risk
3102506,97.4445550928193,at_risk
3102605,98.60077651703914,at_risk
3102704,97.23596563953906,at_risk
3102803,98.66418485281841,at_risk
3102852,98.84002720242376,at_risk
3102902,98.65011304145276,at_risk
3103009,98.93100719748175,at_risk
3103108,98.83296499333478,at_risk
3103207,98.51608652983423,at_risk
3103306,97.47841998080509,at_risk
3103405,98.6650615231082,at_risk
3103504,97.35125217852587,at_risk
3103603,98.70933620805684,at_risk
3103702,98.85429739747612,at_risk
3103751,98.94860009909472,at_risk
3103801,97.42735851985721,at_risk
3103900,98.58783139690402,at_risk
3104007,98.64560450163424,at_risk
3104106,98.62473842641062,at_risk
3104205,98.52650381830648,at_risk
3104304,98.86441892085409,at_risk
3104403,99.00005556166963,on_track
3104452,97.3254880660792,at_risk
3104502,98.8418567474281,at_risk
3104601,98.86441892085409,at_risk
3104700,97.4430316473301,at_risk
3104809,98.80487259183248,at_risk
3104908,98.87850632459403,at_risk
3105004,97.42351320882271,at_risk
3105103,98.83399808488541,at_risk
3105202,97.21200373016758,at_risk
3105301,97.31271908019855,at_risk
3105400,97.3202672687319,at_risk
3105509,97.47269102611291,at_risk
3105608,98.93931667094455,at_risk
3105707,98.70382811066033,at_risk
3105905,98.69668686048797,at_risk
3106002,98.9004853533968,at_risk
3106101,99.0305460153053,on_track
3106200,98.58712361357722,at_risk
3106309,97.39321275255396,at_risk
3106408,98.63201800969564,at_risk
3106507,97.31516492060936,at_risk
3106606,97.23258912492243,at_risk
3106655,97.42114763161432,at_risk
3106705,97.27769720996602,at_risk
3106804,98.5318581645278,at_risk
3106903,98.82967283692875,at_risk
3107000,98.84410120242832,at_risk
3107109,98.64668806705336,at_risk
3107208,98.93290449528025,at_risk
3107307,98.55607869946913,at_risk
3107406,98.66547481106447,at_risk
3107505,98.83421008884612,at_risk
3107604,98.85109592043813,at_risk
3107703,98.85109592043813,at_risk
3107802,97.31491811771956,at_risk
3107901,97.32627068990072,at_risk
3108008,98.81455208751127,at_risk
3108107,98.68453630951609,at_risk
3108206,98.99791502327578,at_risk
3108255,95.93953088962304,at_risk
3108305,97.34409104404199,at_risk
3108404,98.87850632459403,at_risk
3108503,97.32557031253796,at_risk
3108552,98.63914719601729,at_risk
3108602,97.4025711727982,at_risk
3108701,98.55367722731931,at_risk
3108800,98.8803205159246,at_risk
3108909,98.54911038749555,at_risk
3109006,98.60316194269778,at_risk
3109105,98.98473583848879,at_risk
3109204,98.80487259183248,at_risk
3109253,97.41498987864406,at_risk
3109303,98.62473842641062,at_risk
3109402,98.90131853372223,at_risk
3109451,98.85928638655453,at_risk
3109501,98.6845532834562,at_risk
3109600,98.9813413231964,at_risk
3109709,98.87003184942671,at_risk
3109808,98.97475297672179,at_risk
3109907,97.40124080180499,at_risk
3110004,98.80217277161287,at_risk
3110103,98.56737479675452,at_risk
3110202,98.93100719748175,at_risk
3110301,98.63112044817734,at_risk
3110400,98.84410120242832,at_risk
3110509,98.62223858208378,at_risk
3110608,98.6179758619567,at_risk
3110707,92.42051538759267,at_risk
3110806,97.4025711727982,at_risk
3110905,98.8012315713499,at_risk
3111002,98.6650615231082,at_risk
3111101,98.81341269013056,at_risk
3111150,97.4025711727982,at_risk
3111200,98.62276932829774,at_risk
3111309,97.36129988580508,at_risk
3111408,98.59978542808115,at_risk
3111507,98.83399808488541,at_risk
3111606,98.61764545766216,at_risk
3111705,98.80487259183248,at_risk
3111804,98.80679968469022,at_risk
3111903,97.44949780099029,at_risk
3112000,98.83399808488541,at_risk
3112059,97.45403505290766,at_risk
3112109,98.93100719748175,at_risk
3112208,97.31658891319664,at_risk
3112307,98.65521551961456,at_risk
3112406,98.90090591067944,at_risk
3112505,96.0241272343666,at_risk
3112604,98.83399808488541,at_risk
3112653,98.95086838873571,at_risk
3112703,98.9104218027269,at_risk
3112802,98.66547481106447,at_risk
3112901,98.80487259183248,at_risk
3113008,96.71681736038062,at_risk
3113107,98.55367722731931,at_risk
3113206,98.80679968469022,at_risk
3113305,98.5615596267347,at_risk
3113404,98.80679968469022,at_risk
3113503,98.66756136743504,at_risk
3113602,98.80679968469022,at_risk
3113701,98.82351580767347,at_risk
3113800,98.9138842331401,at_risk
3113909,98.68129929572797,at_risk
3114006,100.0,on_track
3114105,96.19920505230253,at_risk
3114204,97.30975247521974,at_risk
3114303,98.93100719748175,at_risk
3114402,98.61764545766216,at_risk
3114501,98.59740978972745,at_risk
3114550,98.83399808488541,at_risk
3114600,98.69467710217214,at_risk
3114709,98.87119424444174,at_risk
3114808,97.47315921113382,at_risk
3114907,98.5976679895758,at_risk
3115003,98.81000689242599,at_risk
3115102,98.87704922512198,at_risk
3115201,98.66756136743504,at_risk
3115300,98.65810964495067,at_risk
3115359,98.60701868050975,at_risk
3115409,97.48526144017369,at_risk
3115458,97.39527919310412,at_risk
3115474,97.4025711727982,at_risk
3115508,98.63069422180813,at_risk
3115607,98.94249844482775,at_risk
3115706,98.8374629059563,at_risk
3115805,98.87170264490379,at_risk
3115904,97.41827312229833,at_risk
3116001,98.53974992449034,at_risk
3116100,96.15127601465655,at_risk
3116159,98.80784520725834,at_risk
3116209,98.97784779861107,at_risk
3116308,98.51238934335254,at_risk
3116407,99.90538768679671,on_track
3116506,97.41723061059629,at_risk
3116605,98.60555720004425,at_risk
3116704,98.91985420798603,at_risk
3116803,97.42531827141823,at_risk
3116902,98.80050745387513,at_risk
3117009,97.41383437207953,at_risk
3117108,98.83399808488541,at_risk
3117207,99.0117371323174,on_track
3117306,98.89103054874425,at_risk
3117405,98.54496654232716,at_risk
3117504,98.58876546689577,at_risk
3117603,98.83214524200044,at_risk
3117702,98.87829432063332,at_risk
3117801,98.82012268510618,at_risk
3117836,96.00815256867733,at_risk
3117876,98.62501910687939,at_risk
3117900,98.80405436150892,at_risk
3118007,98.66547481106447,at_risk
3118106,97.48526144017369,at_risk
3118205,98.60935086165061,at_risk
3118304,98.61856180126244,at_risk
3118403,98.6210681526274,at_risk
3118502,98.92205152947315,at_risk
3118601,98.82057407635318,at_risk
3118700,99.03491412231509,on_track
3118809,97.4025711727982,at_risk
3118908,97.35352053704929,at_risk
3119005,98.87098224048103,at_risk
3119104,98.80487259183248,at_risk
3119203,97.4025711727982,at_risk
3119302,98.870825974614,at_risk
3119401,98.53129065969632,at_risk
3119500,97.45892591239722,at_risk
3119609,98.66880276240576,at_risk
3119708,98.65217380267504,at_risk
3119807,98.99791502327578,at_risk
3119906,98.87166359696734,at_risk
3119955,98.67102834114958,at_risk
3120003,98.70382811066033,at_risk
3120102,97.22651391705469,at_risk
3120151,97.23596563953906,at_risk
3120201,98.59253399727692,at_risk
3120300,97.25369356943195,at_risk
3120409,98.69251622068406,at_risk
3120508,98.95903568506877,at_risk
3120607,97.25831303265565,at_risk
3120706,98.93100719748175,at_risk
3120805,98.87119424444174,at_risk
3120839,98.67889408307049,at_risk
3120870,96.11333430817574,at_risk
3120904,98.63738777397948,at_risk
3121001,97.31213687936594,at_risk
3121100,98.9861860774505,at_risk
3121209,98.68418439124349,at_risk
3121258,98.55210922648673,at_risk
3121308,97.36431729142039,at_risk
3121407,99.90580212991438,on_track
3121506,98.80487259183248,at_risk
3121605,98.84650327958902,at_risk
3121704,97.48526144017369,at_risk
3121803,98.53768001221204,at_risk
3121902,98.52493223781806,at_risk
3122009,98.7188548638733,at_risk
3122108,97.31908875752347,at_risk
3122207,97.27294979513468,at_risk
3122306,98.51528689335039,at_risk
3122355,98.62303225212801,at_risk
3122405,98.83421008884612,at_risk
3122454,95.9021026695889,at_risk
3122470,98.95903568506877,at_risk
3122504,97.4025711727982,at_risk
3122603,98.56385322346199,at_risk
3122702,98.80487259183248,at_risk
3122801,97.50469761075215,at_risk
3122900,98.50926429209485,at_risk
3123007,98.98453873212222,at_risk
3123106,98.58323097044055,at_risk
3123205,98.57738956519304,at_risk
3123304,97.4025711727982,at_risk
3123403,98.69467710217214,at_risk
3123502,98.69467710217214,at_risk
3123528,98.83421008884612,at_risk
3123601,98.87482144274576,at_risk
3123700,97.20074459290373,at_risk
3123809,97.42531827141823,at_risk
3123858,98.51238934335254,at_risk
3123908,98.81146149024944,at_risk
3124005,98.80679968469022,at_risk
3124104,97.23014035983901,at_risk
3124203,98.80679968469022,at_risk
3124302,97.22609750724894,at_risk
3124401,98.6514561090137,at_risk
3124500,98.96799135307737,at_risk
3124609,98.86135892854988,at_risk
3124708,98.84410120242832,at_risk
3124807,98.68129929572797,at_risk
3124906,98.85550935423419,at_risk
3125002,97.48526144017369,at_risk
3125101,96.71183225500695,at_risk
3125200,98.66756136743504,at_risk
3125309,97.43211475937174,at_risk
3125408,98.87990634108498,at_risk
3125507,97.27700146452842,at_risk
3125606,96.71681736038062,at_risk
3125705,98.67126404749611,at_risk
3125804,96.04543701043538,at_risk
3125903,98.50680152685743,at_risk
3125952,98.69455806255522,at_risk
3126000,98.6486143836007,at_risk
3126109,98.63001404113284,at_risk
3126208,98.66547481106447,at_risk
3126307,98.80071945783584,at_risk
3126406,97.22528139628172,at_risk
3126505,97.21945914584455,at_risk
3126604,98.51238934335254,at_risk
3126703,99.09083050712827,on_track
3126752,98.8905641407014,at_risk
3126802,97.33885580335475,at_risk
3126901,98.91110210572724,at_risk
3126950,98.55926504381442,at_risk
3127008,98.55148501973616,at_risk
3127057,97.33149626949472,at_risk
3127073,97.28326036352811,at_risk
3127107,98.5937024118017,at_risk
3127206,98.67868571543931,at_risk
3127339,97.48526144017369,at_risk
3127354,98.51238934335254,at_risk
3127370,100.0,on_track
3127388,98.65403117254326,at_risk
3127404,98.95239129959735,at_risk
3127503,99.05739960548222,on_track
3127602,97.34326662022025,at_risk
3127701,98.67056111208308,at_risk
3127800,98.83399808488541,at_risk
3127909,98.83399808488541,at_risk
3128006,98.63404418555396,at_risk
3128105,98.66699819672846,at_risk
3128204,97.31367302220822,at_risk
3128253,98.98663265800946,at_risk
3128303,98.51608652983423,at_risk
3128402,97.36129988580508,at_risk
3128501,98.93485178624577,at_risk
3128600,98.87170264490379,at_risk
3128709,98.93100719748175,at_risk
3128808,98.83421008884612,at_risk
3128907,98.66547481106447,at_risk
3129004,98.60256164271479,at_risk
3129103,98.86741527966916,at_risk
3129202,98.94043960274088,at_risk
3129301,98.65943036995598,at_risk
3129400,98.83421008884612,at_risk
3129509,99.05833350811524,on_track
3129608,98.53605331223538,at_risk
3129657,97.40336763710815,at_risk
3129707,98.69421514792666,at_risk
3129806,97.32464507603413,at_risk
3129905,98.70954821201755,at_risk
3130002,98.95903568506877,at_risk
3130051,96.00815256867733,at_risk
3130101,97.21951852138275,at_risk
3130200,98.80784520725834,at_risk
3130309,98.83381253404167,at_risk
3130408,98.96847040852495,at_risk
3130507,98.82012268510618,at_risk
3130556,98.65521551961456,at_risk
3130606,97.35704649040711,at_risk
3130655,98.55826540696688,at_risk
3130705,98.62136191179398,at_risk
3130804,98.93100719748175,at_risk
3130903,98.8708686923873,at_risk
3131000,98.88737873097837,at_risk
3131109,96.09612542803752,at_risk
3131158,96.05998733476514,at_risk
3131208,98.5586655013986,at_risk
3131307,98.6872351380036,at_risk
3131406,98.95416758196694,at_risk
3131505,98.68453630951609,at_risk
3131604,98.80679968469022,at_risk
3131703,98.56778775481847,at_risk
3131802,97.40993070665823,at_risk
3131901,97.45657542481098,at_risk
3132008,96.73008316439001,at_risk
3132107,97.34391339541965,at_risk
3132206,98.63404418555396,at_risk
3132305,97.31525451266991,at_risk
3132404,98.61764545766216,at_risk
3132503,98.65521551961456,at_risk
3132602,97.27964222410102,at_risk
3132701,97.24361398671552,at_risk
3132800,98.6237891769353,at_risk
3132909,98.82946083296804,at_risk
3133006,98.80679968469022,at_risk
3133105,99.91902127815084,on_track
3133204,97.35841581211595,at_risk
3133303,97.47566485963208,at_risk
3133402,98.80679968469022,at_risk
3133501,98.83399808488541,at_risk
3133600,98.64560450163424,at_risk
3133709,98.64560450163424,at_risk
3133758,97.47900724216437,at_risk
3133808,98.63068656739732,at_risk
3133907,98.55826540696688,at_risk
3134004,97.23557923731825,at_risk
3134103,98.91540714400173,at_risk
3134202,98.62011681628265,at_risk
3134301,98.60318641326067,at_risk
3134400,98.60555720004425,at_risk
3134509,98.93100719748175,at_risk
3134608,96.7009544591302,at_risk
3134707,97.4025711727982,at_risk
3134806,98.83421008884612,at_risk
3134905,98.96847040852495,at_risk
3135001,99.07176208931813,on_track
3135050,98.63914719601729,at_risk
3135076,98.67421624252684,at_risk
3135100,98.8544317959467,at_risk
3135209,97.4025711727982,at_risk
3135308,98.81238930751583,at_risk
3135357,98.51238934335254,at_risk
3135407,99.93019730659294,on_track
3135456,97.3336579733599,at_risk
3135506,97.42503607527,at_risk
3135605,98.84453894117709,at_risk
3135704,98.67777007342951,at_risk
3135803,97.4025711727982,at_risk
3135902,98.95903568506877,at_risk
3136009,97.43955532839382,at_risk
3136108,100.0,on_track
3136207,98.6148703153066,at_risk
3136306,98.80679968469022,at_risk
3136405,97.34576646454708,at_risk
3136504,97.45403505290766,at_risk
3136520,97.3417036734621,at_risk
3136553,97.41783491257524,at_risk
3136579,97.21538024478421,at_risk
3136603,98.91110210572724,at_risk
3136652,97.3972071721938,at_risk
3136702,98.80679968469022,at_risk
3136801,97.4025711727982,at_risk
3136900,98.64560450163424,at_risk
3136959,98.54937349894816,at_risk
3137007,96.08667254465412,at_risk
3137106,98.87098224048103,at_risk
3137205,98.55385958844604,at_risk
3137304,98.55826540696688,at_risk
3137403,98.93100719748175,at_risk
3137502,98.59254991832427,at_risk
3137536,98.62223858208378,at_risk
3137601,97.31425324281176,at_risk
3137700,97.33795328579016,at_risk
3137809,96.15278339312206,at_risk
3137908,98.66204902202902,at_risk
3138005,97.31908875752347,at_risk
3138104,98.80057779171796,at_risk
3138203,98.62303225212801,at_risk
3138302,98.69409882931454,at_risk
3138351,97.39122752371037,at_risk
3138401,98.70378068093132,at_risk
3138500,98.93485178624577,at_risk
3138609,95.5395568980034,at_risk
3138625,98.58777437793778,at_risk
3138658,97.22877413902702,at_risk
3138674,98.97475297672179,at_risk
3138682,98.51238934335254,at_risk
3138708,99.0117371323174,on_track
3138807,98.83399808488541,at_risk
3138906,98.8413863234112,at_risk
3139003,98.6266375265162,at_risk
3139102,98.93100719748175,at_risk
3139201,98.51238934335254,at_risk
3139250,98.50591807040382,at_risk
3139300,98.50680152685743,at_risk
3139409,98.61251745861586,at_risk
3139508,97.30854542505426,at_risk
3139607,97.40208430783034,at_risk
3139706,98.80679968469022,at_risk
3139805,98.52104487436092,at_risk
3139904,98.50191994531514,at_risk
3140001,95.68881234076795,at_risk
3140100,97.35841581211595,at_risk
3140159,95.89569805398885,at_risk
3140209,98.5937024118017,at_risk
3140308,97.48526144017369,at_risk
3140407,98.96988865087587,at_risk
3140506,98.80679968469022,at_risk
3140530,98.60066209837095,at_risk
3140555,97.245136956842,at_risk
3140605,97.45671461051874,at_risk
3140704,98.6150826575493,at_risk
3140803,98.80679968469022,at_risk
3140852,97.45421175532583,at_risk
3140902,98.69449858102686,at_risk
3141009,97.4766117678565,at_risk
3141108,97.43803539522276,at_risk
3141207,98.80487259183248,at_risk
3141306,98.82771551668857,at_risk
3141405,96.12146438565156,at_risk
3141504,97.23596563953906,at_risk
3141603,97.44825270547895,at_risk
3141702,98.5318581645278,at_risk
3141801,97.39892701578145,at_risk
3141900,98.93100719748175,at_risk
3142007,98.51238934335254,at_risk
3142106,98.60318641326067,at_risk
3142205,98.80692423833207,at_risk
3142254,97.45403505290766,at_risk
3142304,97.4803354456989,at_risk
3142403,98.67010440684037,at_risk
3142502,98.60661600521675,at_risk
3142601,98.87829432063332,at_risk
3142700,98.50680152685743,at_risk
3142809,98.98453873212222,at_risk
3142908,98.50680152685743,at_risk
3143005,98.93100719748175,at_risk
3143104,98.68681874938396,at_risk
3143153,97.4213629655745,at_risk
3143203,98.69668686048797,at_risk
3143302,98.66737387040874,at_risk
3143401,97.28763365929612,at_risk
3143450,97.43587536439539,at_risk
3143500,98.80679968469022,at_risk
3143609,98.851438263467,at_risk
3143708,98.55367722731931,at_risk
3143807,98.94043960274088,at_risk
3143906,98.58414061631107,at_risk
3144003,98.68453630951609,at_risk
3144102,98.87829432063332,at_risk
3144201,97.31908875752347,at_risk
3144300,98.88615917364615,at_risk
3144359,97.28212111243762,at_risk
3144375,97.43695342559133,at_risk
3144409,98.65007979802618,at_risk
3144508,98.60935086165061,at_risk
3144607,98.6278160574702,at_risk
3144656,98.59689477674495,at_risk
3144672,98.83358640891616,at_risk
3144706,98.95416758196694,at_risk
3144805,98.6150826575493,at_risk
3144904,98.54221106520563,at_risk
3145000,98.9116159434991,at_risk
3145059,98.66526056647318,at_risk
3145109,98.50157357907314,at_risk
3145208,95.67095191031413,at_risk
3145307,97.49049709187813,at_risk
3145356,97.35424336811475,at_risk
3145372,98.63834102385195,at_risk
3145406,98.6237891769353,at_risk
3145455,98.60770170633425,at_risk
3145505,98.93628708647209,at_risk
3145604,98.70599261963132,at_risk
3145703,98.60318641326067,at_risk
3145802,98.68220660660079,at_risk
3145851,98.98529354028187,at_risk
3145877,98.63118894834962,at_risk
3145901,98.64488941630962,at_risk
3146008,96.71054753683642,at_risk
3146107,100.0,on_track
3146206,97.31908875752347,at_risk
3146255,97.27939645753885,at_risk
3146305,98.51238934335254,at_risk
3146404,98.90551428923213,at_risk
3146503,98.81886731546071,at_risk
3146552,97.28650708522365,at_risk
3146602,98.5614325780524,at_risk
3146701,98.54513660949821,at_risk
3146750,98.56653278107308,at_risk
3146909,98.99618487623964,at_risk
3147006,98.60935086165061,at_risk
3147105,97.45881035215545,at_risk
3147204,98.97605683109117,at_risk
3147303,97.35125217852587,at_risk
3147402,97.48219075590501,at_risk
3147501,98.50680152685743,at_risk
3147600,98.5976679895758,at_risk
3147709,98.93100719748175,at_risk
3147808,99.0019887603988,on_track
3147907,98.63404418555396,at_risk
3147956,97.31286464074722,at_risk
3148004,98.5937024118017,at_risk
3148103,98.58988882487171,at_risk
3148202,98.65403117254326,at_risk
3148301,98.6081494592099,at_risk
3148400,97.46464532601071,at_risk
3148509,97.23596563953906,at_risk
3148608,97.35841581211595,at_risk
3148707,98.54388186068272,at_risk
3148756,98.53479241324088,at_risk
3148806,98.90551428923213,at_risk
3148905,98.83399808488541,at_risk
3149002,97.3667726924002,at_risk
3149101,98.65836309826614,at_risk
3149150,96.0047760540607,at_risk
3149200,98.87420248923063,at_risk
3149309,98.6307419946182,at_risk
3149408,98.54496654232716,at_risk
3149507,98.81362469409127,at_risk
3149606,99.03577532703302,on_track
3149705,97.2499435871745,at_risk
3149804,98.66547481106447,at_risk
3149903,98.85803627960102,at_risk
3149952,98.86004229661646,at_risk
3150000,97.21516220039739,at_risk
3150109,100.0,on_track
3150158,98.6486143836007,at_risk
3150208,97.38198577804336,at_risk
3150307,98.71567568977216,at_risk
3150406,98.65521551961456,at_risk
3150505,99.03401730294071,on_track
3150539,97.28053251335419,at_risk
3150570,98.51238934335254,at_risk
3150604,99.05117669456328,on_track
3150703,97.32530357249823,at_risk
3150802,98.50191994531514,at_risk
3150901,97.30864905163239,at_risk
3151008,98.58549973729852,at_risk
3151107,98.83399808488541,at_risk
3151206,98.70599261963132,at_risk
3151305,98.82967283692875,at_risk
3151404,98.82026356017184,at_risk
3151503,98.57723947730284,at_risk
3151602,98.63198418005419,at_risk
3151701,98.90781013020961,at_risk
3151800,98.63404418555396,at_risk
3151909,95.30697841442766,at_risk
3152006,98.60165318732894,at_risk
3152105,98.64668806705336,at_risk
3152131,98.51238934335254,at_risk
3152170,97.34729148995721,at_risk
3152204,97.4025711727982,at_risk
3152303,96.11333430817574,at_risk
3152402,97.31571224290684,at_risk
3152501,98.62501910687939,at_risk
3152709,98.5950342967468,at_risk
3152808,98.80679968469022,at_risk
3152907,98.97475297672179,at_risk
3153004,98.98453873212222,at_risk
3153103,98.5055564313461,at_risk
3153202,97.48262747544301,at_risk
3153301,98.98815424718308,at_risk
3153400,98.83399808488541,at_risk
3153509,98.80487259183248,at_risk
3153608,98.63556520715886,at_risk
3153707,98.80487259183248,at_risk
3153806,98.54496654232716,at_risk
3153905,97.46669061412084,at_risk
3154002,97.40208430783034,at_risk
3154101,97.34300531017786,at_risk
3154150,98.69409431326686,at_risk
3154200,98.65217380267504,at_risk
3154309,98.66756136743504,at_risk
3154408,98.93100719748175,at_risk
3154457,99.01174380312689,on_track
3154507,98.91118664482624,at_risk
3154606,97.48247887843169,at_risk
3154705,97.46697263544058,at_risk
3154804,100.0,on_track
3154903,98.90136115523549,at_risk
3155009,98.93861532588917,at_risk
3155108,96.70897009432672,at_risk
3155207,98.50680152685743,at_risk
3155306,98.63539496695905,at_risk
3155405,97.37638906121512,at_risk
3155504,98.62136191179398,at_risk
3155603,97.4025711727982,at_risk
3155702,98.91110210572724,at_risk
3155801,98.81415379815735,at_risk
3155900,97.48526144017369,at_risk
3156007,98.50680152685743,at_risk
3156106,98.94043960274088,at_risk
3156205,98.58469598248377,at_risk
3156304,98.64560450163424,at_risk
3156452,98.82012268510618,at_risk
3156502,97.33326798685964,at_risk
3156601,97.35269639850246,at_risk
3156700,98.69013182400919,at_risk
3156809,98.81455208751127,at_risk
3156908,98.50376090375747,at_risk
3157005,98.69238600533122,at_risk
3157104,98.60318641326067,at_risk
3157203,98.62053240780118,at_risk
3157252,98.5469913035542,at_risk
3157278,89.16333407510587,at_risk
3157302,98.70941592715543,at_risk
3157336,97.33523526124695,at_risk
3157377,97.49177829700577,at_risk
3157401,98.83421008884612,at_risk
3157500,98.50680152685743,at_risk
3157609,98.8905641407014,at_risk
3157658,96.73117547834637,at_risk
3157708,97.25245717386812,at_risk
3157807,98.93433922580307,at_risk
3157906,98.80679968469022,at_risk
3158003,98.91110210572724,at_risk
3158102,97.24779748658835,at_risk
3158201,97.31908875752347,at_risk
3158300,98.90590999592011,at_risk
3158409,97.45403505290766,at_risk
3158508,98.62393816332752,at_risk
3158607,97.27354991183226,at_risk
3158706,98.61825630305341,at_risk
3158805,98.98473583848879,at_risk
3158904,98.87420248923063,at_risk
3158953,96.72185502953123,at_risk
3159001,97.48621608072597,at_risk
3159100,97.48526144017369,at_risk
3159209,98.61764545766216,at_risk
3159308,98.96988865087587,at_risk
3159357,98.56737479675452,at_risk
3159407,98.96729868992402,at_risk
3159506,98.87420248923063,at_risk
3159605,97.3202672687319,at_risk
3159704,98.83399808488541,at_risk
3159803,98.66547481106447,at_risk
3159902,98.66213807853558,at_risk
3160009,98.6469759726802,at_risk
3160108,98.80487259183248,at_risk
3160207,99.35363852426684,on_track
3160306,98.52954862547746,at_risk
3160405,98.62473842641062,at_risk
3160454,97.45545371328237,at_risk
3160504,98.8270702446375,at_risk
3160603,98.6470234024092,at_risk
3160702,98.67272495111649,at_risk
3160801,97.36091262912495,at_risk
3160900,98.65521551961456,at_risk
3160959,98.80487259183248,at_risk
3161007,98.80487259183248,at_risk
3161056,97.33885580335475,at_risk
3161106,98.51238934335254,at_risk
3161205,98.91118664482624,at_risk
3161304,98.83399808488541,at_risk
3161403,99.05967738246842,on_track
3161502,98.5768343276506,at_risk
3161601,99.08879594458273,on_track
3161650,98.9138842331401,at_risk
3161700,98.60316194269778,at_risk
3161809,98.61927688658706,at_risk
3161908,97.24705447833962,at_risk
3162005,98.83399808488541,at_risk
3162104,98.58777437793778,at_risk
3162203,98.87732128707259,at_risk
3162252,99.09438376107784,on_track
3162302,98.84254503485303,at_risk
3162401,97.42531827141823,at_risk
3162450,95.97649149270713,at_risk
3162500,98.66172258200623,at_risk
3162559,97.27167827001588,at_risk
3162575,90.01413444098077,at_risk
3162609,98.50680152685743,at_risk
3162658,98.50692511627169,at_risk
3162708,97.3231776083843,at_risk
3162807,98.70941592715543,at_risk
3162906,98.63158840792019,at_risk
3162922,95.70796662006579,at_risk
3162948,98.5937024118017,at_risk
3162955,98.96711957625459,at_risk
3163003,97.45403505290766,at_risk
3163102,98.87202549270572,at_risk
3163201,98.65465029337012,at_risk
3163300,97.25032375750482,at_risk
3163409,97.43955532839382,at_risk
3163508,98.85429739747612,at_risk
3163607,98.65521551961456,at_risk
3163706,98.60352234146902,at_risk
3163805,98.80487259183248,at_risk
3163904,98.93789006627506,at_risk
3164001,98.9042691937208,at_risk
3164100,98.91110210572724,at_risk
3164209,98.5768343276506,at_risk
3164308,98.91582008657977,at_risk
3164407,98.98272354778913,at_risk
3164431,98.82012268510618,at_risk
3164472,98.63914719601729,at_risk
3164506,98.55968406734159,at_risk
3164605,97.3348386375666,at_risk
3164704,97.38063182807707,at_risk
3164803,98.6237891769353,at_risk
3164902,98.94494828132883,at_risk
3165008,98.91110210572724,at_risk
3165107,98.87829432063332,at_risk
3165206,98.87850632459403,at_risk
3165305,98.81134262796411,at_risk
3165404,97.34409104404199,at_risk
3165503,97.39656296938269,at_risk
3165537,97.25412088673896,at_risk
3165552,96.03399829448846,at_risk
3165560,97.83352259113511,at_risk
3165578,98.68027445432013,at_risk
3165602,98.65119605622192,at_risk
3165701,95.92468243201952,at_risk
3165800,98.64275675257832,at_risk
3165909,98.84870958098101,at_risk
3166006,97.42762948343932,at_risk
3166105,97.4025711727982,at_risk
3166204,98.95117009158746,at_risk
3166303,98.80487259183248,at_risk
3166402,98.95903568506877,at_risk
3166501,97.37038225396174,at_risk
3166600,98.67852228981113,at_risk
3166709,98.69087544467588,at_risk
3166808,98.80679968469022,at_risk
3166907,98.87850632459403,at_risk
3166956,97.28212111243762,at_risk
3167004,98.54496654232716,at_risk
3167103,97.4025711727982,at_risk
3167202,98.58434847122166,at_risk
3167301,98.60318641326067,at_risk
3167400,98.95903568506877,at_risk
3167509,98.5507908423572,at_risk
3167608,98.65521551961456,at_risk
3167707,98.55826540696688,at_risk
3167806,95.96853677818949,at_risk
3167905,98.90551428923213,at_risk
3168002,98.65521551961456,at_risk
3168051,96.16882497469629,at_risk
3168101,98.66547481106447,at_risk
3168200,98.80050745387513,at_risk
3168309,98.82012268510618,at_risk
3168408,97.44949780099029,at_risk
3168507,98.80362749632114,at_risk
3168606,98.68021071500391,at_risk
3168705,98.6510212905768,at_risk
3168804,98.66189282220604,at_risk
3168903,98.93100719748175,at_risk
3169000,98.92205152947315,at_risk
3169059,99.9757517417691,on_track
3169109,97.37261563371042,at_risk
3169208,98.6079955048147,at_risk
3169307,98.60415303165577,at_risk
3169356,98.56140183936199,at_risk
3169406,98.66362168211182,at_risk
3169505,97.4025711727982,at_risk
3169604,98.60942864637799,at_risk
3169703,98.59671229376816,at_risk
3169802,98.80679968469022,at_risk
3169901,98.60239898349307,at_risk
3170008,97.40311378573963,at_risk
3170057,97.43344965815281,at_risk
3170107,98.66547481106447,at_risk
3170206,98.80784520725834,at_risk
3170305,98.53211150995719,at_risk
3170404,98.5915975952686,at_risk
3170438,99.12657933415227,on_track
3170479,98.97350788121045,at_risk
3170503,98.91110210572724,at_risk
3170529,95.72104162689979,at_risk
3170578,98.61303104075219,at_risk
3170602,98.93100719748175,at_risk
3170651,97.45813178720994,at_risk
3170701,98.66095773990689,at_risk
3170750,98.80784520725834,at_risk
3170800,98.85803627960102,at_risk
3170909,97.45545371328237,at_risk
3171006,98.93100719748175,at_risk
3171030,97.33030108456053,at_risk
3171071,98.87701135801937,at_risk
3171105,98.60244685737317,at_risk
3171154,97.27406146314155,at_risk
3171204,97.32694894051586,at_risk
3171303,98.56741760365739,at_risk
3171402,98.63960187029426,at_risk
3171501,98.50680152685743,at_risk
3171600,97.25369356943195,at_risk
3171709,98.01028858827195,at_risk
3171808,98.94043960274088,at_risk
3171907,98.50680152685743,at_risk
3172004,98.60415303165577,at_risk
3172103,98.80487259183248,at_risk
3172202,97.4025711727982,at_risk
3200102,98.64782873769293,at_risk
3200136,98.82670354012285,at_risk
3200169,97.36330745888232,at_risk
3200201,97.32431573020946,at_risk
3200300,98.87804581368422,at_risk
3200359,97.47592873702709,at_risk
3200409,98.59686045701513,at_risk
3200508,97.42011216713344,at_risk
3200607,98.59810555252646,at_risk
3200706,98.56014573826023,at_risk
3200805,98.6839837875147,at_risk
3200904,98.52733590805995,at_risk
3201001,98.65329117238268,at_risk
3201100,98.59648646413156,at_risk
3201159,98.86368769571847,at_risk
3201209,98.82348329137325,at_risk
3201308,98.88392269149163,at_risk
3201407,98.64932368557932,at_risk
3201506,98.6148703153066,at_risk
3201605,98.6902753279783,at_risk
3201704,98.65066087101908,at_risk
3201803,98.63347061972718,at_risk
3201902,98.57723947730284,at_risk
3202009,98.84830013095846,at_risk
3202108,98.63009410511054,at_risk
3202207,97.49521888953001,at_risk
3202256,98.89669800926218,at_risk
3202306,98.62858580634757,at_risk
3202405,97.45942910573093,at_risk
3202454,98.52562973377735,at_risk
3202504,98.52814365731365,at_risk
3202553,99.00769564861307,on_track
3202603,98.65329117238268,at_risk
3202652,98.59083734918438,at_risk
3202702,97.45234922631083,at_risk
3202801,97.44677406274901,at_risk
3202900,98.89524648210167,at_risk
3203007,98.81770680544142,at_risk
3203056,96.02775393652088,at_risk
3203106,97.44762787980011,at_risk
3203130,98.63001404113284,at_risk
3203163,98.63347061972718,at_risk
3203205,98.55395019184421,at_risk
3203304,97.20587324292612,at_risk
3203320,98.81042842066987,at_risk
3203346,97.48766099534902,at_risk
3203353,98.58996707375186,at_risk
3203403,98.55688934199034,at_risk
3203502,98.63467345546141,at_risk
3203601,99.02130010845308,on_track
3203700,98.82020664976825,at_risk
3203809,97.36080761455548,at_risk
3203908,98.61694430852351,at_risk
3204005,98.63097077540034,at_risk
3204054,97.3263233032867,at_risk
3204104,98.57723947730284,at_risk
3204203,98.53818794150624,at_risk
3204252,97.23249931344039,at_risk
3204302,98.55566299359,at_risk
3204351,98.57723947730284,at_risk
3204401,98.59398661980472,at_risk
3204500,98.81255620517872,at_risk
3204559,98.62909075615424,at_risk
3204609,98.62717907926358,at_risk
3204658,98.63851868709281,at_risk
3204708,98.52562973377735,at_risk
3204807,98.63097077540034,at_risk
3204906,98.5297424293696,at_risk
3204955,98.61808305496717,at_risk
3205002,97.40804217303763,at_risk
3205010,96.71540061332877,at_risk
3205036,97.47056350058035,at_risk
3205069,98.55566299359,at_risk
3205101,98.60000461187073,at_risk
3205150,98.63347061972718,at_risk
3205176,98.92049240396959,at_risk
3205200,98.64560450163424,at_risk
3205309,98.80679968469022,at_risk
3300100,98.59810555252646,at_risk
3300159,95.61540932261882,at_risk
3300209,97.49122391070364,at_risk
3300225,98.53012960647882,at_risk
3300233,97.24194238035597,at_risk
3300258,98.81402109973062,at_risk
3300308,95.29683498253716,at_risk
3300407,98.60942864637799,at_risk
3300456,97.31208842568861,at_risk
3300506,97.49535649481629,at_risk
3300605,97.43825448807222,at_risk
3300704,98.61690341617074,at_risk
3300803,98.50611672398287,at_risk
3300902,99.02885846127016,on_track
3300936,98.23336176036064,at_risk
3300951,98.89524648210167,at_risk
3301009,98.64805250365146,at_risk
3301108,98.98240331877162,at_risk
3301157,99.01011592226529,on_track
3301207,98.86804808190648,at_risk
3301306,97.22614502472524,at_risk
3301405,98.53479241324088,at_risk
3301504,98.5430118473904,at_risk
3301603,99.04838497028237,on_track
3301702,97.35680340591543,at_risk
3301801,96.84267737574491,at_risk
3301850,97.44060545185437,at_risk
3301876,98.56699984692786,at_risk
3301900,95.71495616622902,at_risk
3302007,95.67582061832508,at_risk
3302056,95.51380774713927,at_risk
3302106,94.80985527235185,at_risk
3302205,97.4089562123763,at_risk
3302254,100.0,on_track
3302270,95.4001912923416,at_risk
3302304,97.33965510015298,at_risk
3302403,97.21320221683492,at_risk
3302452,98.52663608189349,at_risk
3302502,97.26392187468292,at_risk
3302601,97.31993863356348,at_risk
3302700,96.01711706821334,at_risk
3302809,98.5110614022006,at_risk
3302858,95.62169353351294,at_risk
3302908,97.212112118326,at_risk
3303005,98.63337969562292,at_risk
3303104,96.1529500169586,at_risk
3303203,97.35706126000966,at_risk
3303302,98.87098224048103,at_risk
3303401,98.89502043519664,at_risk
3303500,98.61808305496717,at_risk
3303609,95.4733860802256,at_risk
3303708,97.33625765164422,at_risk
3303807,97.42630184422609,at_risk
3303856,97.4089562123763,at_risk
3303906,99.03485489985225,on_track
3303955,95.63996768532543,at_risk
3304003,98.62687557658161,at_risk
3304102,97.23341799468669,at_risk
3304110,98.61583432202688,at_risk
3304128,98.89189580213595,at_risk
3304144,95.73978983482748,at_risk
3304151,96.9277791592928,at_risk
3304201,98.84378384028584,at_risk
3304300,97.34829473180334,at_risk
3304409,97.4717451190825,at_risk
3304508,98.95589285536603,at_risk
3304524,95.33821745401835,at_risk
3304557,98.60464990309889,at_risk
3304607,97.2581914897634,at_risk
3304706,98.66354602934595,at_risk
3304755,98.84442290136685,at_risk
3304805,98.59784343152418,at_risk
3304904,97.44165019985516,at_risk
3305000,98.55494790826539,at_risk
3305109,95.42326194178858,at_risk
3305133,97.20248224105583,at_risk
3305158,98.81801920865726,at_risk
3305208,98.59264714918562,at_risk
3305307,99.01152744677277,on_track
3305406,97.52176462201948,at_risk
3305505,98.54876057027585,at_risk
3305554,96.75441476323057,at_risk
3305604,97.48933338190645,at_risk
3305703,97.48933338190645,at_risk
3305752,95.6698155715727,at_risk
3305802,98.67188625759073,at_risk
3305901,97.23276102090841,at_risk
3306008,98.80057779171796,at_risk
3306107,95.76415601719108,at_risk
3306156,97.20775247367499,at_risk
3306206,98.64527696115391,at_risk
3306305,98.64314083527798,at_risk
3500105,98.82348329137325,at_risk
3500204,98.92805139816652,at_risk
3500303,98.80756507310394,at_risk
3500402,98.59913671911345,at_risk
3500501,99.01988195466691,on_track
3500550,98.54620346269392,at_risk
3500600,98.53653048054548,at_risk
3500709,98.63404418555396,at_risk
3500758,98.54820198328358,at_risk
3500808,97.47167596239285,at_risk
3500907,98.70948614421665,at_risk
3501004,98.97475297672179,at_risk
3501103,98.82348329137325,at_risk
3501152,98.57723947730284,at_risk
3501202,97.23513949937515,at_risk
3501301,98.67102834114958,at_risk
3501400,97.25450788044252,at_risk
3501509,98.61845648011011,at_risk
3501608,98.54940755461534,at_risk
3501707,98.98453873212222,at_risk
3501806,98.95903568506877,at_risk
3501905,98.64759286910868,at_risk
3502002,98.85197975830921,at_risk
3502101,98.60713066415,at_risk
3502200,96.72314639993257,at_risk
3502309,98.60505644830943,at_risk
3502408,98.89721974907177,at_risk
3502507,97.24817929886785,at_risk
3502606,98.89039111716728,at_risk
3502705,98.83358640891616,at_risk
3502754,97.32432384405445,at_risk
3502804,98.85109592043813,at_risk
3502903,98.57096703975415,at_risk
3503000,98.97820577668256,at_risk
3503109,98.82420369579602,at_risk
3503158,98.87142354152427,at_risk
3503208,98.58745401787175,at_risk
3503307,97.47958685234305,at_risk
3503356,99.07366769743415,on_track
3503406,98.64699963191909,at_risk
3503505,98.55581950813426,at_risk
3503604,96.08930012546043,at_risk
3503703,98.85452871349891,at_risk
3503802,98.59276917219115,at_risk
3503901,98.64394064562389,at_risk
3503950,98.63347061972718,at_risk
3504008,98.50672204770123,at_risk
3504107,98.59880199170934,at_risk
3504206,98.63097077540034,at_risk
3504305,98.82348329137325,at_risk
3504404,97.30154073040694,at_risk
3504503,97.46614923544604,at_risk
3504602,98.57573011282268,at_risk
3504701,91.3854338784325,at_risk
3504800,98.93148625292933,at_risk
3504909,98.6902753279783,at_risk
3505005,98.52912325836269,at_risk
3505104,98.92205152947315,at_risk
3505203,98.57190309696753,at_risk
3505302,98.70599261963132,at_risk
3505351,98.70691400169092,at_risk
3505401,98.90004490802623,at_risk
3505500,98.63404418555396,at_risk
3505609,98.89189580213595,at_risk
3505708,98.59810555252646,at_risk
3505807,98.68617206697581,at_risk
3505906,98.9475545765266,at_risk
3506003,98.5702875991453,at_risk
3506102,98.64668806705336,at_risk
3506201,98.61084711828182,at_risk
3506300,98.86368769571847,at_risk
3506359,97.28776145390906,at_risk
3506409,98.98453873212222,at_risk
3506508,98.71856741365475,at_risk
3506607,98.67102834114958,at_risk
3506706,99.0117371323174,on_track
3506805,97.4902566203901,at_risk
3506904,98.65207771480473,at_risk
3507001,98.61690341617074,at_risk
3507100,98.9116159434991,at_risk
3507159,98.62055954566226,at_risk
3507209,97.23593569210945,at_risk
3507308,98.65496001755231,at_risk
3507407,98.97475297672179,at_risk
3507456,99.90295295455357,on_track
3507506,98.5721567884036,at_risk
3507605,98.65496001755231,at_risk
3507704,97.30664113106288,at_risk
3507753,98.84752148608887,at_risk
3507803,98.5679344405232,at_risk
3507902,98.55556576272865,at_risk
3508009,98.92049240396959,at_risk
3508108,98.55041545236901,at_risk
3508207,98.6375377101393,at_risk
3508306,99.07864495811144,on_track
3508405,98.511276845235,at_risk
3508504,98.54620346269392,at_risk
3508603,98.61347811332472,at_risk
3508702,100.0,on_track
3508801,98.97475297672179,at_risk
3508900,97.38662153612316,at_risk
3509007,97.42446523688164,at_risk
3509106,97.30944981406292,at_risk
3509205,98.60695649002827,at_risk
3509254,98.64668806705336,at_risk
3509304,97.3278092547948,at_risk
3509403,98.574739632976,at_risk
3509452,99.00291174438969,on_track
3509502,98.84378384028584,at_risk
3509601,98.63404418555396,at_risk
3509700,98.82348329137325,at_risk
3509809,98.98453873212222,at_risk
3509908,98.5103057723897,at_risk
3509957,98.60505644830943,at_risk
3510005,98.82670354012285,at_risk
3510104,98.66536862783414,at_risk
3510153,98.83210944887898,at_risk
3510203,98.82348329137325,at_risk
3510302,98.61452363589284,at_risk
3510401,98.67102834114958,at_risk
3510500,98.57049088198386,at_risk
3510609,98.65329117238268,at_risk
3510708,98.98735595074447,at_risk
3510807,98.60713066415,at_risk
3510906,98.60713066415,at_risk
3511003,98.65496001755231,at_risk
3511102,98.82348329137325,at_risk
3511201,98.65678469696802,at_risk
3511300,98.89342965154776,at_risk
3511409,98.96847040852495,at_risk
3511508,98.55316314926317,at_risk
3511607,98.60700526715138,at_risk
3511706,98.63404418555396,at_risk
3511904,98.90900964830134,at_risk
3512001,97.48627961972248,at_risk
3512100,98.82348329137325,at_risk
3512209,98.98453873212222,at_risk
3512308,98.82348329137325,at_risk
3512407,98.5933435883685,at_risk
3512506,98.80384271352722,at_risk
3512605,98.83358640891616,at_risk
3512704,99.07176208931813,on_track
3512803,98.89103054874425,at_risk
3512902,98.98453873212222,at_risk
3513009,98.57991926057512,at_risk
3513108,98.55806560705548,at_risk
3513207,98.93148625292933,at_risk
3513306,98.82188778784125,at_risk
3513405,98.64223603322266,at_risk
3513504,98.68540722487647,at_risk
3513603,99.07611816477063,on_track
3513702,98.97475297672179,at_risk
3513801,98.82348329137325,at_risk
3513850,99.03915963786788,on_track
3513900,98.68279555235918,at_risk
3514007,98.90274876794305,at_risk
3514106,98.62326613629004,at_risk
3514205,98.66699819672846,at_risk
3514304,98.88350824837397,at_risk
3514403,98.63712599966641,at_risk
3514502,98.6902753279783,at_risk
3514601,98.9116159434991,at_risk
3514700,98.8043094211259,at_risk
3514809,98.65678469696802,at_risk
3514908,98.58318761828954,at_risk
3514924,98.81238930751583,at_risk
3514957,98.64198014453609,at_risk
3515004,98.63404418555396,at_risk
3515103,98.6218764865198,at_risk
3515129,98.63009410511054,at_risk
3515152,97.207447767805,at_risk
3515186,98.6491879113802,at_risk
3515194,98.57250299131064,at_risk
3515202,98.68279555235918,at_risk
3515301,99.09232504546983,on_track
3515350,96.10691909026724,at_risk
3515400,98.63001404113284,at_risk
3515509,97.48463140875798,at_risk
3515608,98.82348329137325,at_risk
3515657,98.61084711828182,at_risk
3515707,98.67102834114958,at_risk
3515806,99.02077314552822,on_track
3515905,98.89039111716728,at_risk
3516002,97.45038568782371,at_risk
3516101,98.64581139676356,at_risk
3516200,98.67102834114958,at_risk
3516309,97.22552593364797,at_risk
3516408,98.59967226714186,at_risk
3516507,98.68617206697581,at_risk
3516606,98.69375164691458,at_risk
3516705,98.97383608007296,at_risk
3516804,99.00694199048732,on_track
3516853,98.86804808190648,at_risk
3516903,98.82348329137325,at_risk
3517000,98.84254503485303,at_risk
3517109,98.68367222264898,at_risk
3517208,98.94494828132883,at_risk
3517307,98.97824650130713,at_risk
3517406,98.62782576167173,at_risk
3517505,98.9116159434991,at_risk
3517604,98.89039111716728,at_risk
3517703,98.6491879113802,at_risk
3517802,98.63350756571818,at_risk
3517901,98.98453873212222,at_risk
3518008,98.98146687557484,at_risk
3518107,98.97475297672179,at_risk
3518206,98.94126234571151,at_risk
3518305,98.56461492151618,at_risk
3518404,98.58324304551043,at_risk
3518503,98.54820198328358,at_risk
3518602,98.63404418555396,at_risk
3518701,98.52602306404272,at_risk
3518800,98.574739632976,at_risk
3518859,98.9475545765266,at_risk
3518909,98.6902753279783,at_risk
3519006,99.04926289826386,on_track
3519055,97.20495822476035,at_risk
3519071,98.59810555252646,at_risk
3519105,98.91090085817449,at_risk
3519204,98.92049240396959,at_risk
3519253,95.5401449639432,at_risk
3519303,98.98453873212222,at_risk
3519402,98.58318761828954,at_risk
3519501,98.21388907798332,at_risk
3519600,97.48478468233789,at_risk
3519709,98.63404418555396,at_risk
3519808,98.6375377101393,at_risk
3519907,98.8376204132376,at_risk
3520004,98.91231910052541,at_risk
3520103,98.87817186803866,at_risk
3520202,98.692198355501,at_risk
3520301,98.8137933872479,at_risk
3520400,97.41454734027829,at_risk
3520426,95.91485744167325,at_risk
3520442,98.92067695095666,at_risk
3520509,98.59810555252646,at_risk
3520608,98.95903568506877,at_risk
3520707,99.011672155919,on_track
3520806,98.62717907926358,at_risk
3520905,98.89524648210167,at_risk
3521002,97.2752914737779,at_risk
3521101,98.9116159434991,at_risk
3521150,98.89082335635,at_risk
3521200,96.14368434744333,at_risk
3521309,97.38955891309509,at_risk
3521408,99.92381654807161,on_track
3521507,98.6902753279783,at_risk
3521606,98.83817296595706,at_risk
3521705,98.84830013095846,at_risk
3521804,98.67102834114958,at_risk
3521903,98.98453873212222,at_risk
3522000,98.63561010136694,at_risk
3522109,97.47489846549793,at_risk
3522158,98.80744694646971,at_risk
3522208,98.62950693363659,at_risk
3522307,98.54620346269392,at_risk
3522406,98.88350824837397,at_risk
3522505,98.59810555252646,at_risk
3522604,98.64699963191909,at_risk
3522653,95.93722523332471,at_risk
3522703,98.6443721590986,at_risk
3522802,98.6902753279783,at_risk
3522901,98.96847040852495,at_risk
3523008,99.0117371323174,on_track
3523107,98.59036119141409,at_risk
3523206,98.68279555235918,at_risk
3523305,98.6211247719067,at_risk
3523404,98.53398288415853,at_risk
3523503,97.46213112278488,at_risk
3523602,98.93148625292933,at_risk
3523701,98.70599261963132,at_risk
3523800,98.82348329137325,at_risk
3523909,98.58434847122166,at_risk
3524006,95.99113687532812,at_risk
3524105,96.72232281734223,at_risk
3524204,98.65678469696802,at_risk
3524303,98.6429606345911,at_risk
3524402,98.80679968469022,at_risk
3524501,98.63722844388276,at_risk
3524600,98.82348329137325,at_risk
3524709,98.55514471806784,at_risk
3524808,98.82348329137325,at_risk
3524907,98.59014730485879,at_risk
3525003,97.48269719501413,at_risk
3525102,99.90295295455357,on_track
3525201,97.2453188949726,at_risk
3525300,98.80679968469022,at_risk
3525409,98.82348329137325,at_risk
3525508,98.60282117709185,at_risk
3525607,98.88856089846287,at_risk
3525706,98.85971385366656,at_risk
3525805,98.9546636161728,at_risk
3525854,98.94860009909472,at_risk
3525904,98.66547481106447,at_risk
3526001,98.60116201820901,at_risk
3526100,98.69375164691458,at_risk
3526209,98.6198005413724,at_risk
3526308,97.42011216713344,at_risk
3526407,98.58988882487171,at_risk
3526506,97.36742217086595,at_risk
3526605,98.57867818162133,at_risk
3526704,97.51344457965658,at_risk
3526803,98.5702875991453,at_risk
3526902,98.84378384028584,at_risk
3527009,98.96847040852495,at_risk
3527108,98.6839837875147,at_risk
3527207,98.70599261963132,at_risk
3527256,98.6902753279783,at_risk
3527306,98.55210922648673,at_risk
3527405,98.65699385244375,at_risk
3527504,98.62717907926358,at_risk
3527603,97.27677992264832,at_risk
3527702,97.20587324292612,at_risk
3527801,98.63347061972718,at_risk
3527900,98.65268143596553,at_risk
3528007,98.8376204132376,at_risk
3528106,98.80201072580071,at_risk
3528205,98.64782873769293,at_risk
3528304,98.6808356866405,at_risk
3528403,98.67102834114958,at_risk
3528502,97.47489846549793,at_risk
3528601,98.52663608189349,at_risk
3528700,98.52574674374605,at_risk
3528809,98.82348329137325,at_risk
3528858,98.89103054874425,at_risk
3528908,97.34001518409627,at_risk
3529005,98.55111372889795,at_risk
3529104,99.08326748271244,on_track
3529203,98.97475297672179,at_risk
3529302,98.6491879113802,at_risk
3529401,98.56778775481847,at_risk
3529500,97.2580833034577,at_risk
3529609,98.84201398114428,at_risk
3529658,98.8043094211259,at_risk
3529708,98.67250198862104,at_risk
3529807,98.6198005413724,at_risk
3529906,98.83443938592865,at_risk
3530003,98.56182021932874,at_risk
3530102,98.70901896533296,at_risk
3530201,98.86031118110184,at_risk
3530300,98.58318761828954,at_risk
3530409,98.98453873212222,at_risk
3530508,98.70599261963132,at_risk
3530607,98.66547481106447,at_risk
3530706,98.60165318732894,at_risk
3530805,98.67610146573313,at_risk
3530904,98.61422363289846,at_risk
3531001,98.8043094211259,at_risk
3531100,98.6460787628369,at_risk
3531209,98.96847040852495,at_risk
3531308,98.82348329137325,at_risk
3531407,98.58318761828954,at_risk
3531506,97.43176383155598,at_risk
3531605,99.09938864765795,on_track
3531704,98.58414061631107,at_risk
3531803,98.63508970812208,at_risk
3531902,98.93889338166986,at_risk
3532009,98.57902682760557,at_risk
3532058,98.94126234571151,at_risk
3532108,98.92554505405849,at_risk
3532157,98.96847040852495,at_risk
3532207,98.99515673064327,at_risk
3532306,98.55581950813426,at_risk
3532405,98.61422363289846,at_risk
3532504,98.89524648210167,at_risk
3532603,98.82348329137325,at_risk
3532702,98.92548848742837,at_risk
3532801,98.83210944887898,at_risk
3532827,98.99000546718726,at_risk
3532843,99.01395537865143,on_track
3532868,98.51295907921744,at_risk
3532900,98.96847040852495,at_risk
3533007,98.67102834114958,at_risk
3533106,97.42011216713344,at_risk
3533205,98.55210922648673,at_risk
3533254,98.91492975570821,at_risk
3533304,97.28118558746613,at_risk
3533403,98.59810555252646,at_risk
3533502,98.67102834114958,at_risk
3533601,98.98453873212222,at_risk
3533700,98.95416758196694,at_risk
3533809,98.71609573717423,at_risk
3533908,98.63957037558244,at_risk
3534005,98.62146938654203,at_risk
3534104,98.6902753279783,at_risk
3534203,98.59264714918562,at_risk
3534302,98.56376284944923,at_risk
3534401,98.70599261963132,at_risk
3534500,98.68617206697581,at_risk
3534609,98.60713066415,at_risk
3534708,99.12267159901015,on_track
3534757,98.63508970812208,at_risk
3534807,98.98383938733932,at_risk
3534906,98.93260279242851,at_risk
3535002,98.89374146655192,at_risk
3535101,95.86595142096772,at_risk
3535200,98.81461883327314,at_risk
3535309,98.64668806705336,at_risk
3535408,98.95903568506877,at_risk
3535507,98.86368769571847,at_risk
3535606,98.67105489202038,at_risk
3535705,98.97820577668256,at_risk
3535804,98.67102834114958,at_risk
3535903,98.84752148608887,at_risk
3536000,99.05282229630238,on_track
3536109,98.54027542883,at_risk
3536208,98.70599261963132,at_risk
3536257,98.89189580213595,at_risk
3536307,98.71856741365475,at_risk
3536406,98.9116159434991,at_risk
3536505,95.84433936089825,at_risk
3536570,98.66449835240162,at_risk
3536604,98.70948614421665,at_risk
3536703,98.63404418555396,at_risk
3536802,98.62856900645896,at_risk
3536901,98.68617206697581,at_risk
3537008,98.84451382547111,at_risk
3537107,97.24058068838875,at_risk
3537156,98.86368769571847,at_risk
3537206,95.93722523332471,at_risk
3537305,98.81053733049325,at_risk
3537404,98.9033925563682,at_risk
3537503,98.59083734918438,at_risk
3537602,98.58318761828954,at_risk
3537701,98.64592501700297,at_risk
3537800,98.70599261963132,at_risk
3537909,98.67102834114958,at_risk
3538006,98.6179758619567,at_risk
3538105,98.9475545765266,at_risk
3538204,98.56261388937297,at_risk
3538303,99.91018111127211,on_track
3538501,98.91378839818142,at_risk
3538600,98.6902753279783,at_risk
3538709,95.66284358844784,at_risk
3538808,98.83079537152554,at_risk
3538907,97.52122465885202,at_risk
3539004,99.0117371323174,on_track
3539103,98.54027542883,at_risk
3539202,98.67102834114958,at_risk
3539301,98.64699963191909,at_risk
3539400,98.5402437356159,at_risk
3539509,98.9987911714374,at_risk
3539608,98.60914094399922,at_risk
3539707,98.66790299878377,at_risk
3539806,98.83913365036497,at_risk
3539905,98.61422363289846,at_risk
3540002,98.65252582194756,at_risk
3540101,98.93055124249335,at_risk
3540200,98.93148625292933,at_risk
3540259,98.64592501700297,at_risk
3540309,98.86368769571847,at_risk
3540408,98.67078450221581,at_risk
3540507,98.5851861388792,at_risk
3540606,98.574739632976,at_risk
3540705,98.70599261963132,at_risk
3540754,98.91492975570821,at_risk
3540804,99.92381654807161,on_track
3540853,95.70890110897658,at_risk
3540903,98.9116159434991,at_risk
3541000,95.97228429026228,at_risk
3541059,98.52562973377735,at_risk
3541109,99.00593986255363,on_track
3541208,98.63347061972718,at_risk
3541307,98.60713066415,at_risk
3541406,97.43469180679723,at_risk
3541505,98.92205152947315,at_risk
3541604,98.63404418555396,at_risk
3541653,97.47140180530414,at_risk
3541703,98.67102834114958,at_risk
3541802,98.97429313712523,at_risk
3541901,98.8616022945093,at_risk
3542008,98.65496001755231,at_risk
3542107,99.0117371323174,on_track
3542206,98.97350788121045,at_risk
3542305,99.94367174228239,on_track
3542404,97.47167596239285,at_risk
3542503,95.63296347788362,at_risk
3542602,98.92049240396959,at_risk
3542701,98.67102834114958,at_risk
3542800,97.34162734945085,at_risk
3542909,98.97475297672179,at_risk
3543006,98.71872475236682,at_risk
3543105,98.5738629626862,at_risk
3543204,99.08691185484663,on_track
3543238,98.6902753279783,at_risk
3543253,96.71174543189149,at_risk
3543303,98.70599261963132,at_risk
3543402,98.6150826575493,at_risk
3543501,98.81211898894631,at_risk
3543600,97.47167596239285,at_risk
3543709,98.95903568506877,at_risk
3543808,99.0117371323174,on_track
3543907,98.52663608189349,at_risk
3544004,96.46148011210234,at_risk
3544103,98.56432006365557,at_risk
3544202,98.56261388937297,at_risk
3544251,98.856900486157,at_risk
3544301,98.67102834114958,at_risk
3544400,97.4962047613768,at_risk
3544509,98.89374146655192,at_risk
3544608,99.0117371323174,on_track
3544707,98.6902753279783,at_risk
3544806,98.93148625292933,at_risk
3544905,98.86804808190648,at_risk
3545001,96.11761828794194,at_risk
3545100,97.25470346428266,at_risk
3545159,98.59014730485879,at_risk
3545209,98.56883339711223,at_risk
3545308,98.63404418555396,at_risk
3545407,98.679880563835,at_risk
3545506,98.67102834114958,at_risk
3545605,99.0117371323174,on_track
3545704,98.67102834114958,at_risk
3545803,98.9004853533968,at_risk
3546009,98.63270577762783,at_risk
3546108,98.67102834114958,at_risk
3546207,98.8345574508962,at_risk
3546256,98.63404418555396,at_risk
3546306,98.94494828132883,at_risk
3546405,98.63137825664677,at_risk
3546504,98.61845648011011,at_risk
3546603,98.57553330302024,at_risk
3546702,98.6178447370803,at_risk
3546801,97.44353409514825,at_risk
3546900,98.89941386426997,at_risk
3547007,98.56155913164082,at_risk
3547106,98.63009410511054,at_risk
3547205,99.02077314552822,on_track
3547304,97.2752914737779,at_risk
3547403,98.97824650130713,at_risk
3547502,98.82348329137325,at_risk
3547601,98.81053733049325,at_risk
3547650,98.66569196081427,at_risk
3547700,98.81894603945588,at_risk
3547809,97.28722528136767,at_risk
3547908,98.86804808190648,at_risk
3548005,98.68448642926647,at_risk
3548054,98.9475545765266,at_risk
3548104,98.80752966987549,at_risk
3548203,98.63097077540034,at_risk
3548302,97.20337339859928,at_risk
3548401,98.6902753279783,at_risk
3548500,98.70948614421665,at_risk
3548609,99.00152879986412,on_track
3548708,98.63404418555396,at_risk
3548807,98.5245749760452,at_risk
3548906,97.4936711027641,at_risk
3549003,98.65678469696802,at_risk
3549102,98.63404418555396,at_risk
3549201,98.63347061972718,at_risk
3549250,98.97824650130713,at_risk
3549300,99.0117371323174,on_track
3549409,98.65177295505438,at_risk
3549508,98.95416758196694,at_risk
3549607,98.96988865087587,at_risk
3549706,98.68681874938396,at_risk
3549805,98.82771551668857,at_risk
3549904,97.35374185269721,at_risk
3549953,97.37254186620497,at_risk
3550001,98.6902753279783,at_risk
3550100,98.70599261963132,at_risk
3550209,98.82348329137325,at_risk
3550308,98.51113369958948,at_risk
3550407,98.59739046720185,at_risk
3550506,98.63545574301043,at_risk
3550605,98.58988882487171,at_risk
3550704,96.71650817143468,at_risk
3550803,98.89039111716728,at_risk
3550902,98.97475297672179,at_risk
3551009,98.62276932829774,at_risk
3551108,98.60505644830943,at_risk
3551207,99.00694199048732,on_track
3551306,98.61251745861586,at_risk
3551405,95.5390561931053,at_risk
3551504,97.45888640524288,at_risk
3551603,98.5648840234747,at_risk
3551702,98.5685814248627,at_risk
3551801,98.82348329137325,at_risk
3551900,96.1301573554922,at_risk
3552007,97.36884350375985,at_risk
3552106,98.67102834114958,at_risk
3552205,98.64560450163424,at_risk
3552304,98.82348329137325,at_risk
3552403,98.66547481106447,at_risk
3552502,98.65496001755231,at_risk
3552551,98.96847040852495,at_risk
3552601,98.95903568506877,at_risk
3552700,98.87447349472293,at_risk
3552809,98.57725958442562,at_risk
3552908,98.84058112692597,at_risk
3553005,98.57446085723429,at_risk
3553104,98.88856089846287,at_risk
3553203,98.96269424522936,at_risk
3553302,99.0117371323174,on_track
3553401,99.01227874266824,on_track
3553500,98.67799564848669,at_risk
3553609,98.82907797944273,at_risk
3553658,98.92554505405849,at_risk
3553708,97.20870951784492,at_risk
3553807,98.92049240396959,at_risk
3553856,98.63508970812208,at_risk
3553906,98.6211247719067,at_risk
3553955,98.57725958442562,at_risk
3554003,97.37432724745206,at_risk
3554102,98.54620346269392,at_risk
3554201,98.9486872524854,at_risk
3554300,98.89181772183677,at_risk
3554409,98.65678469696802,at_risk
3554508,98.5702875991453,at_risk
3554607,99.02130010845308,on_track
3554656,98.52993033768777,at_risk
3554706,98.64581139676356,at_risk
3554755,98.98453873212222,at_risk
3554805,98.54820198328358,at_risk
3554904,98.60505644830943,at_risk
3554953,98.91801919751903,at_risk
3555000,98.60713066415,at_risk
3555109,98.94494828132883,at_risk
3555208,98.71734595712856,at_risk
3555307,98.856900486157,at_risk
3555356,98.96847040852495,at_risk
3555406,97.47140180530414,at_risk
3555505,98.88030620703022,at_risk
3555604,98.93889338166986,at_risk
3555703,98.63509608807685,at_risk
3555802,98.82348329137325,at_risk
3555901,98.98735595074447,at_risk
3556008,98.9475545765266,at_risk
3556107,98.63508970812208,at_risk
3556206,97.42511799616217,at_risk
3556305,98.56828014762439,at_risk
3556354,96.70310788870543,at_risk
3556404,98.68367222264898,at_risk
3556453,98.63363771619255,at_risk
3556503,98.63404418555396,at_risk
3556602,98.60740333724631,at_risk
3556701,98.64560450163424,at_risk
3556800,99.03070131702013,on_track
3556909,98.93041380714338,at_risk
3556958,98.88709822569379,at_risk
3557006,98.82771551668857,at_risk
3557105,98.54086708235862,at_risk
3557154,98.9267657090276,at_risk
3557204,95.80393107803785,at_risk
3557303,98.89811456160145,at_risk
4100103,98.65242775037402,at_risk
4100202,99.12687630810166,on_track
4100301,99.11673371625902,on_track
4100400,98.61550293036663,at_risk
4100459,100.0,on_track
4100509,99.94213526749107,on_track
4100608,99.12626416195542,on_track
4100707,99.99074107157693,on_track
4100806,98.54608076599553,at_risk
4100905,99.97911942308669,on_track
4101002,99.08792939792701,on_track
4101051,99.02477942404941,on_track
4101101,99.05738047097076,on_track
4101150,99.95625676030815,on_track
4101200,97.43669733988706,at_risk
4101309,99.98214767609488,on_track
4101408,99.90186890337104,on_track
4101507,99.08691311975927,on_track
4101606,99.94103660908976,on_track
4101655,99.98408193368421,on_track
4101705,99.97802076468538,on_track
4101804,99.0464574155742,on_track
4101853,100.0,on_track
4101903,99.17596310761124,on_track
4102000,99.08798495687516,on_track
4102109,99.12626416195542,on_track
4102208,99.13466510940434,on_track
4102307,99.0151407204965,on_track
4102406,98.93160401558315,at_risk
4102505,99.17508108239623,on_track
4102604,98.21189819620207,at_risk
4102703,99.92842145019802,on_track
4102752,99.19104798213337,on_track
4102802,99.98853555819754,on_track
4102901,99.92835433532979,on_track
4103008,99.14031212274207,on_track
4103024,99.16458877960275,on_track
4103040,99.21068609907705,on_track
4103057,99.09118406345412,on_track
4103107,98.9931981900349,at_risk
4103156,99.96972381571845,on_track
4103206,99.0514875875982,on_track
4103222,99.09768095380872,on_track
4103305,99.09168724984345,on_track
4103354,99.18605364840491,on_track
4103370,99.13466510940434,on_track
4103404,99.93469750411022,on_track
4103453,99.08232634170331,on_track
4103479,99.13466510940434,on_track
4103503,99.91714850657252,on_track
4103602,99.94103660908976,on_track
4103701,98.91580721307116,at_risk
4103800,99.0394141706515,on_track
4103909,99.02477942404941,on_track
4103958,99.14310773198235,on_track
4104006,98.99455532574166,at_risk
4104055,99.12867140543906,on_track
4104105,98.99867778599764,at_risk
4104204,99.06704281032904,on_track
4104253,98.91135303255376,at_risk
4104303,99.90186890337104,on_track
4104402,100.0,on_track
4104428,99.99074107157693,on_track
4104451,99.95625676030815,on_track
4104501,99.91567810903993,on_track
4104600,100.0,on_track
4104659,99.07589374783085,on_track
4104709,99.09246664984438,on_track
4104808,99.08566802424794,on_track
4104907,100.0,on_track
4105003,99.06176357964503,on_track
4105102,99.14158574323879,on_track
4105201,99.1480141326269,on_track
4105300,99.12964067657205,on_track
4105409,99.98533284483767,on_track
4105508,98.98145292207865,at_risk
4105607,99.05548249424876,on_track
4105706,99.94103660908976,on_track
4105805,98.89866935849754,at_risk
4105904,99.90576856089214,on_track
4106001,100.0,on_track
4106100,99.98632346830647,on_track
4106209,99.00244398419082,on_track
4106308,100.0,on_track
4106407,99.94103660908976,on_track
4106456,99.20157293519837,on_track
4106506,100.0,on_track
4106555,99.9190768709001,on_track
4106571,99.96972381571845,on_track
4106605,99.05548249424876,on_track
4106704,99.91783954181763,on_track
4106803,99.13374393757454,on_track
4106852,99.98408193368421,on_track
4106902,99.94997292001707,on_track
4107009,99.97273154098403,on_track
4107108,99.95375691598132,on_track
4107124,100.0,on_track
4107157,98.97005454628773,at_risk
4107207,98.85600259381661,at_risk
4107256,99.0107089432638,on_track
4107306,99.11425311181205,on_track
4107405,99.02700241673216,on_track
4107504,99.1386624142025,on_track
4107520,99.9111804039249,on_track
4107538,99.04200694833929,on_track
4107546,99.92033938614446,on_track
4107553,99.21001555777639,on_track
4107603,100.0,on_track
4107652,98.68480473950561,at_risk
4107702,99.02477942404941,on_track
4107736,98.61475741837923,at_risk
4107751,99.17478531748279,on_track
4107801,99.97802076468538,on_track
4107850,99.16458877960275,on_track
4107900,98.80679630699662,at_risk
4108007,100.0,on_track
4108106,99.90576856089214,on_track
4108205,99.20157293519837,on_track
4108304,99.91662043296135,on_track
4108320,99.03566194159326,on_track
4108403,98.95756152164455,at_risk
4108452,99.94816455952052,on_track
4108502,99.19654850236608,on_track
4108551,99.9111804039249,on_track
4108601,99.92835433532979,on_track
4108650,99.94086919554815,on_track
4108700,99.0711018550886,on_track
4108809,98.99867778599764,at_risk
4108908,99.13466510940434,on_track
4108957,99.14310773198235,on_track
4109005,100.0,on_track
4109104,99.9111804039249,on_track
4109203,100.0,on_track
4109302,99.94103660908976,on_track
4109401,99.10298144335654,on_track
4109500,98.9479905781334,at_risk
4109609,98.88947717778193,at_risk
4109658,99.09168724984345,on_track
4109708,99.94358503791442,on_track
4109757,99.02477942404941,on_track
4109807,99.03489709949392,on_track
4109906,99.94816455952052,on_track
4110003,97.53499497773036,at_risk
4110052,99.14310773198235,on_track
4110078,99.0257885035253,on_track
4110102,99.05014611391346,on_track
4110201,99.13374393757454,on_track
4110300,99.09098719011007,on_track
4110409,100.0,on_track
4110508,100.0,on_track
4110607,100.0,on_track
4110656,99.16458877960275,on_track
4110706,99.96346049124791,on_track
4110805,99.98836814465592,on_track
4110904,99.93380644155476,on_track
4110953,98.91006257253677,at_risk
4111001,98.68026537811272,at_risk
4111100,99.1302215819484,on_track
4111209,99.0394141706515,on_track
4111258,98.91135303255376,at_risk
4111308,99.16458877960275,on_track
4111407,99.91817795336677,on_track
4111506,99.98214767609488,on_track
4111555,99.94103660908976,on_track
4111605,99.02477942404941,on_track
4111704,98.91963638317183,at_risk
4111803,99.9679501634427,on_track
4111902,99.03407779031619,on_track
4112009,99.12430429623674,on_track
4112108,99.92393673205932,on_track
4112207,99.21001555777639,on_track
4112306,99.14197718955663,on_track
4112405,98.99530127138101,at_risk
4112504,100.0,on_track
4112603,99.97802076468538,on_track
4112702,98.94919628907279,at_risk
4112751,100.0,on_track
4112801,98.96764177138873,at_risk
4112900,99.06176357964503,on_track
4112959,99.13973121736572,on_track
4113007,99.99324091590377,on_track
4113106,99.94275271648776,on_track
4113205,100.0,on_track
4113254,99.96952808190602,on_track
4113304,99.98214767609488,on_track
4113403,99.97797703629097,on_track
4113429,99.09168724984345,on_track
4113452,99.93130659722793,on_track
4113502,99.09246664984438,on_track
4113601,98.81781341151292,at_risk
4113700,98.81441297891682,at_risk
4113734,99.06176357964503,on_track
4113759,99.13374393757454,on_track
4113809,98.99970435709979,at_risk
4113908,99.99074107157693,on_track
4114005,99.19317198774945,on_track
4114104,99.00135756926993,on_track
4114203,99.90327926838016,on_track
4114302,99.05160921910772,on_track
4114351,99.20751571344955,on_track
4114401,99.95375691598132,on_track
4114500,99.95625676030815,on_track
4114609,99.07639832624712,on_track
4114708,99.938868045617,on_track
4114807,98.66410665153342,at_risk
4114906,99.91546661489662,on_track
4115002,100.0,on_track
4115101,99.97847435683902,on_track
4115200,99.06704281032904,on_track
4115309,100.0,on_track
4115358,99.02477942404941,on_track
4115408,99.05548249424876,on_track
4115457,99.93380644155476,on_track
4115507,99.05220672660005,on_track
4115606,98.99697161171504,at_risk
4115705,99.0615844069882,on_track
4115739,99.21001555777639,on_track
4115754,98.8578779004475,at_risk
4115804,99.0464574155742,on_track
4115853,98.81714507823071,at_risk
4115903,99.21001555777639,on_track
4116000,98.85096420666062,at_risk
4116059,99.98853555819754,on_track
4116109,99.23438563497419,on_track
4116208,99.075314048703,on_track
4116307,98.79113487798035,at_risk
4116406,98.9427129353642,at_risk
4116505,99.14310773198235,on_track
4116604,99.94161751446612,on_track
4116703,99.97349610053516,on_track
4116802,99.16005152768538,on_track
4116901,99.94103660908976,on_track
4116950,99.96972381571845,on_track
4117008,99.95625676030815,on_track
4117057,99.99324091590377,on_track
4117107,99.94103660908976,on_track
4117206,99.97273154098403,on_track
4117214,99.05014611391346,on_track
4117222,99.10298144335654,on_track
4117255,99.05548249424876,on_track
4117271,99.96972381571845,on_track
4117297,99.96972381571845,on_track
4117305,100.0,on_track
4117404,99.14310773198235,on_track
4117453,98.80597581061497,at_risk
4117503,99.01954386122127,on_track
4117602,99.01954386122127,on_track
4117701,99.95375691598132,on_track
4117800,99.96783833525224,on_track
4117909,99.0394141706515,on_track
4118006,99.01954386122127,on_track
4118105,99.92033938614446,on_track
4118204,98.98140076228495,at_risk
4118303,99.95625676030815,on_track
4118402,99.90186890337104,on_track
4118451,98.98515248331344,at_risk
4118501,99.06704281032904,on_track
4118600,99.92914516445023,on_track
4118709,100.0,on_track
4118808,98.80253393180517,at_risk
4118857,99.03289151272283,on_track
4118907,99.07639832624712,on_track
4119004,99.1440033848479,on_track
4119103,98.9935950970984,at_risk
4119152,99.13996559895216,on_track
4119202,99.97802076468538,on_track
4119251,99.94690204427616,on_track
4119301,100.0,on_track
4119400,99.94103660908976,on_track
4119509,97.41100866675502,at_risk
4119608,100.0,on_track
4119657,98.53022597795719,at_risk
4119707,99.93130659722793,on_track
4119806,99.94103660908976,on_track
4119905,98.88618537817959,at_risk
4119954,98.60064700076197,at_risk
4120002,99.1136779294396,on_track
4120101,99.14229002414092,on_track
4120150,100.0,on_track
4120200,99.00806099010448,on_track
4120309,99.09098719011007,on_track
4120333,99.03032556125795,on_track
4120358,99.9356713655533,on_track
4120408,100.0,on_track
4120507,99.12964067657205,on_track
4120606,99.92176180677924,on_track
4120655,99.9111804039249,on_track
4120705,99.05548249424876,on_track
4120804,98.85849614270778,at_risk
4120853,99.05807527193656,on_track
4120903,99.09246664984438,on_track
4121000,99.1240139257127,on_track
4121109,99.09168724984345,on_track
4121208,99.0752216788026,on_track
4121257,99.08702977011708,on_track
4121307,99.18605364840491,on_track
4121356,99.14310773198235,on_track
4121406,99.0846778485417,on_track
4121505,100.0,on_track
4121604,99.94086919554815,on_track
4121703,100.0,on_track
4121752,99.92033938614446,on_track
4121802,97.41922018420598,at_risk
4121901,99.12714083224522,on_track
4122008,100.0,on_track
4122107,99.02477942404941,on_track
4122156,99.20157293519837,on_track
4122172,99.09768095380872,on_track
4122206,99.05606339962512,on_track
4122305,99.0333893835875,on_track
4122404,99.06704281032904,on_track
4122503,100.0,on_track
4122602,99.97802076468538,on_track
4122651,100.0,on_track
4122701,98.99434064251182,at_risk
4122800,99.21059646315274,on_track
4122909,99.11392338491903,on_track
4123006,98.99530127138101,at_risk
4123105,99.18943016302154,on_track
4123204,98.8628100520188,at_risk
4123303,100.0,on_track
4123402,98.9935950970984,at_risk
4123501,98.90461381769742,at_risk
4123600,99.9111804039249,on_track
4123709,99.12964067657205,on_track
4123808,99.01982101819439,on_track
4123824,99.96972381571845,on_track
4123857,99.98408193368421,on_track
4123907,99.93979151357843,on_track
4123956,99.1022857599186,on_track
4124004,99.97802076468538,on_track
4124020,100.0,on_track
4124053,98.99697161171504,at_risk
4124103,99.97585933190769,on_track
4124202,99.2117694730784,on_track
4124301,99.91783954181763,on_track
4124400,99.08691311975927,on_track
4124509,98.99867778599764,at_risk
4124608,99.14310773198235,on_track
4124707,99.95625676030815,on_track
4124806,100.0,on_track
4124905,99.06155166456341,on_track
4125001,99.92273301427493,on_track
4125100,99.09747023154368,on_track
4125209,100.0,on_track
4125308,99.97802076468538,on_track
4125357,99.02477942404941,on_track
4125407,99.94103660908976,on_track
4125456,99.09040628473372,on_track
4125506,99.06704281032904,on_track
4125555,99.14368863735871,on_track
4125605,98.99867778599764,at_risk
4125704,98.91963638317183,at_risk
4125753,99.21001555777639,on_track
4125803,99.12964067657205,on_track
4125902,99.93380644155476,on_track
4126009,99.14060788765552,on_track
4126108,99.12964067657205,on_track
4126207,99.91331687916407,on_track
4126256,99.05667700298373,on_track
4126272,98.91473236547336,at_risk
4126306,99.12964067657205,on_track
4126355,98.57777326278361,at_risk
4126405,100.0,on_track
4126504,98.75955321825936,at_risk
4126603,99.06704281032904,on_track
4126652,99.16458877960275,on_track
4126678,98.97559254691596,at_risk
4126702,98.93080068907062,at_risk
4126801,98.9899648910457,at_risk
4126900,99.96972381571845,on_track
4127007,98.99697161171504,at_risk
4127106,99.0151407204965,on_track
4127205,99.09246664984438,on_track
4127304,95.7179001641329,at_risk
4127403,98.99530127138101,at_risk
4127502,100.0,on_track
4127601,98.8578779004475,at_risk
4127700,99.06704281032904,on_track
4127809,99.90495182138446,on_track
4127858,100.0,on_track
4127882,96.72515175835024,at_risk
4127908,99.12714083224522,on_track
4127957,99.94275271648776,on_track
4127965,99.97699869502325,on_track
4128005,100.0,on_track
4128104,99.05979662115625,on_track
4128203,98.95914138724305,at_risk
4128302,99.93380644155476,on_track
4128401,99.12964067657205,on_track
4128500,100.0,on_track
4128534,99.00462592698435,on_track
4128559,98.69380560965344,at_risk
4128609,99.09768095380872,on_track
4128625,99.19654850236608,on_track
4128633,95.91044692179186,at_risk
4128658,98.65067479254292,at_risk
4128708,99.10402696592466,on_track
4128807,99.09978591559177,on_track
4200051,99.03594869166515,on_track
4200101,99.10121905715506,on_track
4200200,98.87986858004366,at_risk
4200309,98.6574564509573,at_risk
4200408,99.9706148782739,on_track
4200507,99.05734686271207,on_track
4200556,98.6959459607807,at_risk
4200606,98.91103001563634,at_risk
4200705,99.05014611391346,on_track
4200754,99.90576856089214,on_track
4200804,99.13695364380561,on_track
4200903,99.14399879453781,on_track
4201000,99.92045121433492,on_track
4201109,100.0,on_track
4201208,98.87986858004366,at_risk
4201257,98.91580721307116,at_risk
4201273,99.97867009065145,on_track
4201307,97.37285983097286,at_risk
4201406,98.62678725503541,at_risk
4201505,98.99163523137973,at_risk
4201604,99.12964067657205,on_track
4201653,100.0,on_track
4201703,98.87508069306811,at_risk
4201802,99.08643689108116,on_track
4201901,98.8372108044749,at_risk
4201950,96.79024554065704,at_risk
4202008,98.66181996586229,at_risk
4202057,98.64370717562429,at_risk
4202073,97.43734602479918,at_risk
4202081,99.93317152122647,on_track
4202099,99.13695364380561,on_track
4202107,97.34423347487413,at_risk
4202131,99.92045121433492,on_track
4202156,98.81939189409776,at_risk
4202206,98.9908415613355,at_risk
4202305,98.97460145795797,at_risk
4202404,99.12389727535489,on_track
4202438,98.99867778599764,at_risk
4202453,97.43033223653447,at_risk
4202503,100.0,on_track
4202537,98.99362208613111,at_risk
4202578,99.1302215819484,on_track
4202602,99.12430429623674,on_track
4202701,98.97372478766817,at_risk
4202800,99.01854878573266,on_track
4202859,99.0005057215861,on_track
4202875,100.0,on_track
4202909,98.65636156252145,at_risk
4203006,99.04280022048879,on_track
4203105,99.01068376129399,on_track
4203154,99.05377731528847,on_track
4203204,98.68218971248638,at_risk
4203253,98.83544198146147,at_risk
4203303,100.0,on_track
4203402,99.12430429623674,on_track
4203501,99.1090552818172,on_track
4203600,98.99525880996924,at_risk
4203709,98.86557325355943,at_risk
4203808,98.85890017986145,at_risk
4203907,99.96474745008283,on_track
4203956,98.96543234195029,at_risk
4204004,98.96764177138873,at_risk
4204103,99.10429980685825,on_track
4204152,99.1386624142025,on_track
4204178,99.9356713655533,on_track
4204194,98.99867778599764,at_risk
4204202,98.92203114881613,at_risk
4204251,99.05548249424876,on_track
4204301,98.8997388894739,at_risk
4204350,98.9645670885586,at_risk
4204400,99.1008720125248,on_track
4204459,99.09129734728917,on_track
4204509,99.04200694833929,on_track
4204558,99.12430429623674,on_track
4204608,98.56277968403654,at_risk
4204707,98.89740890917504,at_risk
4204756,99.08110051074586,on_track
4204806,99.94438019751529,on_track
4204905,98.96103611104527,at_risk
4205001,99.20309799266279,on_track
4205100,98.9882587167631,at_risk
4205159,98.9780923912428,at_risk
4205175,99.03832735494169,on_track
4205191,99.95002948351906,on_track
4205209,98.90206072830831,at_risk
4205308,99.93317152122647,on_track
4205357,99.97867009065145,on_track
4205407,98.92736752915144,at_risk
4205431,99.08110051074586,on_track
4205456,98.5930322397002,at_risk
4205506,99.94103660908976,on_track
4205555,98.15642483174454,at_risk
4205605,99.00438666863641,on_track
4205704,98.61368490406188,at_risk
4205803,98.9645670885586,at_risk
4205902,99.01954386122127,on_track
4206009,98.95651590752996,at_risk
4206108,100.0,on_track
4206207,99.95625676030815,on_track
4206306,98.66181996586229,at_risk
4206405,99.95375691598132,on_track
4206504,98.69104519259126,at_risk
4206603,99.12964067657205,on_track
4206652,98.9717649219495,at_risk
4206702,99.94103660908976,on_track
4206751,99.1037189014819,on_track
4206801,99.14229002414092,on_track
4206900,99.05882608267429,on_track
4207007,99.0059907532312,on_track
4207106,98.9717649219495,at_risk
4207205,100.0,on_track
4207304,98.98515248331344,at_risk
4207403,98.97471587662616,at_risk
4207502,98.9091812372001,at_risk
4207577,99.91195067657767,on_track
4207601,100.0,on_track
4207650,98.99617794167081,at_risk
4207684,98.87552991612954,at_risk
4207700,99.05014611391346,on_track
4207759,99.9356713655533,on_track
4207809,98.99334140566233,at_risk
4207858,99.1314686121605,on_track
4207908,100.0,on_track
4208005,99.9706148782739,on_track
4208104,98.89248611760758,at_risk
4208203,98.98245205006977,at_risk
4208302,97.3934452257277,at_risk
4208401,99.02109111634094,on_track
4208450,97.2368876980109,at_risk
4208500,98.93577904810591,at_risk
4208609,99.95002948351906,on_track
4208708,100.0,on_track
4208807,99.03839761548203,on_track
4208906,98.99895846646642,at_risk
4208955,99.19654850236608,on_track
4209003,99.0394141706515,on_track
4209102,99.02288744964679,on_track
4209151,97.42676669067258,at_risk
4209177,100.0,on_track
4209201,99.01353536132186,on_track
4209300,99.92045121433492,on_track
4209409,98.99406865639693,at_risk
4209458,98.64248062353654,at_risk
4209508,98.86557325355943,at_risk
4209607,99.12519014711047,on_track
4209706,99.9356713655533,on_track
4209805,100.0,on_track
4209854,99.10429980685825,on_track
4209904,98.61814439937555,at_risk
4210001,98.99895846646642,at_risk
4210035,99.94103660908976,on_track
4210050,99.12430429623674,on_track
4210100,99.00819898098655,on_track
4210209,98.66646323487859,at_risk
4210308,99.97585933190769,on_track
4210407,97.32398501351116,at_risk
4210506,98.87986858004366,at_risk
4210555,99.19712940774244,on_track
4210605,99.00502279274367,on_track
4210704,98.70674233078543,at_risk
4210803,98.99320113478021,at_risk
4210852,99.94103660908976,on_track
4210902,98.61852434448159,at_risk
4211009,98.93062399471052,at_risk
4211058,99.09935255966671,on_track
4211108,99.11433525306957,on_track
4211207,98.95880685343126,at_risk
4211256,98.95421503996405,at_risk
4211306,98.64291013079085,at_risk
4211405,98.9700521202037,at_risk
4211454,99.90576856089214,on_track
4211504,97.53499497773036,at_risk
4211603,99.01624936210509,on_track
4211652,97.34488970939815,at_risk
4211702,98.91963638317183,at_risk
4211751,98.97104983662489,at_risk
4211801,100.0,on_track
4211850,97.34488970939815,at_risk
4211876,98.08352330198524,at_risk
4211892,99.1090552818172,on_track
4211900,98.6665310171268,at_risk
4212007,99.9356713655533,on_track
4212056,99.05014611391346,on_track
4212106,98.98818387279242,at_risk
4212205,99.08920429215505,on_track
4212239,99.11807701944765,on_track
4212254,97.23618004038187,at_risk
4212270,99.94235566537047,on_track
4212304,98.97710130228481,at_risk
4212403,99.97867009065145,on_track
4212502,98.8542952561044,at_risk
4212601,99.95375691598132,on_track
4212650,97.2879204461697,at_risk
4212700,100.0,on_track
4212809,97.31717167632078,at_risk
4212908,98.61232822484473,at_risk
4213005,98.9763862169602,at_risk
4213104,99.17596310761124,on_track
4213153,99.05807527193656,on_track
4213203,99.01420748088596,on_track
4213302,99.98533284483767,on_track
4213351,99.23223026692153,on_track
4213401,99.04143372331026,on_track
4213500,97.38305245522108,at_risk
4213609,100.0,on_track
4213708,98.56968266908814,at_risk
4213807,100.0,on_track
4213906,99.04737305844918,on_track
4214003,99.01954386122127,on_track
4214102,99.9648599990758,on_track
4214151,99.02109111634094,on_track
4214201,97.39046804370007,at_risk
4214300,98.99334140566233,at_risk
4214409,99.10034238686526,on_track
4214508,99.94103660908976,on_track
4214607,98.992096310151,at_risk
4214706,98.96764177138873,at_risk
4214805,98.94810665821107,at_risk
4214904,99.94103660908976,on_track
4215000,99.94103660908976,on_track
4215059,98.83951808740079,at_risk
4215075,99.95625676030815,on_track
4215109,97.2056047735706,at_risk
4215208,99.04529711494449,on_track
4215307,99.08643689108116,on_track
4215356,99.10592514864203,on_track
4215406,99.0384932158576,on_track
4215455,98.21891442898179,at_risk
4215505,99.93979151357843,on_track
4215554,99.9580846958966,on_track
4215604,98.76013412363571,at_risk
4215653,98.59333638031495,at_risk
4215679,99.95625676030815,on_track
4215687,99.04143372331026,on_track
4215695,99.94275271648776,on_track
4215703,99.02288744964679,on_track
4215752,98.80561468150836,at_risk
4215802,98.90461381769742,at_risk
4215901,99.95625676030815,on_track
4216008,98.62539210393,at_risk
4216057,98.96854999229805,at_risk
4216107,99.1037189014819,on_track
4216206,98.99732794920297,at_risk
4216255,99.12697893996572,on_track
4216305,98.59770660778298,at_risk
4216354,99.01882877589665,on_track
4216404,99.05548249424876,on_track
4216503,99.0130359039634,on_track
4216602,99.02288744964679,on_track
4216701,99.94275271648776,on_track
4216800,99.9356713655533,on_track
4216909,99.0113297296808,on_track
4217006,99.01954386122127,on_track
4217105,99.93469750411022,on_track
4217154,98.9427129353642,at_risk
4217204,98.87836645213801,at_risk
4217253,97.42097477607425,at_risk
4217303,97.25824994999547,at_risk
4217402,98.64291013079085,at_risk
4217501,98.96103611104527,at_risk
4217550,99.90576856089214,on_track
4217600,98.98846029437223,at_risk
4217709,98.99155573733337,at_risk
4217758,99.94333362186411,on_track
4217808,98.98711412887324,at_risk
4217907,99.13695364380561,on_track
4217956,98.9587408589391,at_risk
4218004,91.60845605079058,at_risk
4218103,99.94103660908976,on_track
4218202,99.01954386122127,on_track
4218251,100.0,on_track
4218301,98.93541317845008,at_risk
4218350,99.03032556125795,on_track
4218400,99.1090552818172,on_track
4218509,98.60190235484207,at_risk
4218608,99.03283269480485,on_track
4218707,98.91249709425578,at_risk
4218756,100.0,on_track
4218806,98.88257247074745,at_risk
4218855,99.9448555096973,on_track
4218905,98.8349102139903,at_risk
4218954,99.14399879453781,on_track
4219002,99.91567810903993,on_track
4219101,98.21904727392076,at_risk
4219150,98.83006033816156,at_risk
4219176,99.94103660908976,on_track
4219200,99.9356713655533,on_track
4219309,97.43994360509602,at_risk
4219358,100.0,on_track
4219408,99.03407779031619,on_track
4219507,98.86766459877451,at_risk
4219606,99.19654850236608,on_track
4219705,98.87748978184821,at_risk
4219853,98.9645670885586,at_risk
4220000,98.678125778944,at_risk
4300034,100.0,on_track
4300059,99.9706148782739,on_track
4300109,99.14399879453781,on_track
4300208,99.1533447168752,on_track
4300307,98.94919628907279,at_risk
4300406,99.21657189612304,on_track
4300455,99.94275271648776,on_track
4300471,100.0,on_track
4300505,99.98533284483767,on_track
4300554,99.19654850236608,on_track
4300570,100.0,on_track
4300604,98.90594417737755,at_risk
4300638,99.07516332977941,on_track
4300646,99.9190768709001,on_track
4300661,98.8802129390879,at_risk
4300703,99.97867009065145,on_track
4300802,99.94103660908976,on_track
4300851,99.14399879453781,on_track
4300877,90.04906998378306,at_risk
4300901,99.94103660908976,on_track
4301008,98.92519921245227,at_risk
4301057,98.61937740692584,at_risk
4301073,99.97867009065145,on_track
4301107,99.06530160432298,on_track
4301206,99.14399879453781,on_track
4301305,99.92033938614446,on_track
4301404,99.94103660908976,on_track
4301503,100.0,on_track
4301552,100.0,on_track
4301602,99.13695364380561,on_track
4301636,98.60308147866193,at_risk
4301651,99.0130359039634,on_track
4301701,99.08643689108116,on_track
4301750,99.07965972228874,on_track
4301800,99.12964067657205,on_track
4301859,98.69258458491447,at_risk
4301875,99.12626416195542,on_track
4301909,99.12714083224522,on_track
4301925,99.90576856089214,on_track
4301958,99.90576856089214,on_track
4302006,99.1508990554237,on_track
4302055,84.20692011533744,will_not_meet
4302105,98.94723783858167,at_risk
4302154,98.8917782450449,at_risk
4302204,99.12964067657205,on_track
4302220,100.0,on_track
4302238,99.94275271648776,on_track
4302253,99.97867009065145,on_track
4302303,99.98195806849412,on_track
4302352,99.02213663890906,on_track
4302378,99.21090662033184,on_track
4302402,99.01353536132186,on_track
4302451,98.96823985517192,at_risk
4302501,99.99335274409422,on_track
4302584,98.85787310491834,at_risk
4302600,99.190321225577,on_track
4302659,99.05098728376957,on_track
4302709,99.01353536132186,on_track
4302808,99.1090552818172,on_track
4302907,99.1734632632844,on_track
4303004,99.04677010364557,on_track
4303103,98.9200225379258,at_risk
4303202,99.12964067657205,on_track
4303301,99.1090552818172,on_track
4303400,98.99304139872169,at_risk
4303509,99.04677010364557,on_track
4303558,99.05807527193656,on_track
4303608,99.14399879453781,on_track
4303673,99.2080023472137,on_track
4303707,99.93469750411022,on_track
4303806,99.12964067657205,on_track
4303905,98.9442222188258,at_risk
4304002,98.85551833934323,at_risk
4304101,99.14399879453781,on_track
4304200,99.94103660908976,on_track
4304309,99.97802076468538,on_track
4304358,98.90498580109075,at_risk
4304408,97.32073643833525,at_risk
4304507,100.0,on_track
4304606,98.8659158759829,at_risk
4304614,99.94275271648776,on_track
4304622,99.97867009065145,on_track
4304630,92.1825625349171,at_risk
4304655,99.02213108003319,on_track
4304663,99.99335274409422,on_track
4304671,98.60926572124636,at_risk
4304689,99.07965972228874,on_track
4304697,99.03594869166515,on_track
4304705,99.03393764080458,on_track
4304713,98.9935130852232,at_risk
4304804,99.01408545788043,on_track
4304853,95.44880341467787,at_risk
4304903,98.85018728490951,at_risk
4304952,99.95625676030815,on_track
4305009,99.20919784993495,on_track
4305108,98.8997388894739,at_risk
4305116,100.0,on_track
4305124,99.11807701944765,on_track
4305132,99.07934807028822,on_track
4305157,98.8917782450449,at_risk
4305173,98.94494986587699,at_risk
4305207,99.94103660908976,on_track
4305306,99.01353536132186,on_track
4305355,98.68551135546599,at_risk
4305371,99.90576856089214,on_track
4305405,99.12430429623674,on_track
4305439,98.72740681803403,at_risk
4305447,98.85890017986145,at_risk
4305454,97.32471785604157,at_risk
4305504,99.19654850236608,on_track
4305587,98.8188767152856,at_risk
4305603,99.12180445190991,on_track
4305702,99.04143372331026,on_track
4305801,99.1386624142025,on_track
4305835,98.88578454107963,at_risk
4305850,99.10285651745919,on_track
4305871,100.0,on_track
4305900,99.13420194362492,on_track
4305934,99.9063494662685,on_track
4305959,99.14399879453781,on_track
4305975,100.0,on_track
4306007,99.17596310761124,on_track
4306056,99.08236514343965,on_track
4306072,97.89191768451559,at_risk
4306106,99.18657945919891,on_track
4306130,99.97867009065145,on_track
4306205,99.95002948351906,on_track
4306304,100.0,on_track
4306320,99.18116093760608,on_track
4306353,99.9414902012434,on_track
4306379,99.99221146910952,on_track
4306403,99.03407779031619,on_track
4306429,99.1314686121605,on_track
4306452,99.97867009065145,on_track
4306502,99.07071195253432,on_track
4306551,99.94275271648776,on_track
4306601,99.14229002414092,on_track
4306700,99.19712940774244,on_track
4306734,99.19654850236608,on_track
4306759,100.0,on_track
4306767,98.97710130228481,at_risk
4306809,98.97471587662616,at_risk
4306908,100.0,on_track
4306924,99.94333362186411,on_track
4306932,99.95625676030815,on_track
4306957,99.12430429623674,on_track
4306973,99.94117748415542,on_track
4307005,98.87723609041214,at_risk
4307054,98.85787310491834,at_risk
4307104,99.12430429623674,on_track
4307203,99.95625676030815,on_track
4307302,99.95375691598132,on_track
4307401,99.95625676030815,on_track
4307450,99.9580846958966,on_track
4307500,99.12964067657205,on_track
4307559,99.04143372331026,on_track
4307609,97.37175193156664,at_risk
4307708,99.07982528705168,on_track
4307807,98.92281442471406,at_risk
4307815,99.94275271648776,on_track
4307864,99.12964067657205,on_track
4307906,98.94705637663388,at_risk
4308003,99.10655543749037,on_track
4308052,98.89740890917504,at_risk
4308078,98.98612303991526,at_risk
4308102,99.01132713356651,on_track
4308201,98.80038100225013,at_risk
4308250,99.94275271648776,on_track
4308300,99.19023027429193,on_track
4308409,99.21090662033184,on_track
4308433,99.19999425706636,on_track
4308458,99.1386624142025,on_track
4308508,98.87723609041214,at_risk
4308607,98.99697161171504,at_risk
4308656,99.00962076115823,on_track
4308706,99.24280602942089,on_track
4308805,99.12341339978296,on_track
4308854,100.0,on_track
4308904,99.01103551699502,on_track
4309001,99.93979151357843,on_track
4309050,99.00599334934549,on_track
4309100,98.8997388894739,at_risk
4309126,98.93686700804743,at_risk
4309159,99.94275271648776,on_track
4309209,98.94830967569756,at_risk
4309258,99.97867009065145,on_track
4309308,100.0,on_track
4309407,98.80909389720208,at_risk
4309506,99.19654850236608,on_track
4309555,98.98515248331344,at_risk
4309571,99.09935255966671,on_track
4309605,99.95625676030815,on_track
4309654,99.04200694833929,on_track
4309704,99.1386624142025,on_track
4309753,98.68566875189065,at_risk
4309803,99.1386624142025,on_track
4309902,99.1386624142025,on_track
4309951,99.94275271648776,on_track
4310009,99.08798495687516,on_track
4310108,98.91986283211696,at_risk
4310207,99.09106633939348,on_track
4310306,98.85356379952614,at_risk
4310330,98.59486323146137,at_risk
4310363,99.90576856089214,on_track
4310405,99.9706148782739,on_track
4310413,99.13924331957885,on_track
4310439,99.1037189014819,on_track
4310462,99.10285651745919,on_track
4310504,95.89869643355772,at_risk
4310538,98.9780923912428,at_risk
4310553,100.0,on_track
4310579,99.93469750411022,on_track
4310603,99.23756664725684,on_track
4310652,99.19837643795454,on_track
4310702,99.04529711494449,on_track
4310751,99.06588250969934,on_track
4310801,98.86099598703461,at_risk
4310850,99.1386624142025,on_track
4310876,98.95421503996405,at_risk
4310900,99.92033938614446,on_track
4311007,99.93085417965662,on_track
4311106,99.94103660908976,on_track
4311122,99.06530160432298,on_track
4311130,100.0,on_track
4311155,99.97867009065145,on_track
4311205,99.9356713655533,on_track
4311239,99.07071195253432,on_track
4311254,99.97041914446147,on_track
4311270,99.94275271648776,on_track
4311304,99.1037189014819,on_track
4311403,98.86099598703461,at_risk
4311429,99.97847435683902,on_track
4311502,99.95625676030815,on_track
4311601,99.1386624142025,on_track
4311627,99.04258785371564,on_track
4311643,99.94275271648776,on_track
4311700,100.0,on_track
4311718,99.06505562235589,on_track
4311734,99.09935255966671,on_track
4311759,99.08110051074586,on_track
4311775,99.14393381206057,on_track
4311791,99.18336290361967,on_track
4311809,98.87453219970836,at_risk
4311908,99.92033938614446,on_track
4311981,99.95417692358096,on_track
4312005,99.19712940774244,on_track
4312054,99.12626416195542,on_track
4312104,99.12428829676479,on_track
4312138,99.94275271648776,on_track
4312153,99.01408545788043,on_track
4312179,99.94275271648776,on_track
4312203,99.21090662033184,on_track
4312252,99.9356713655533,on_track
4312302,99.9706148782739,on_track
4312351,99.94275271648776,on_track
4312377,99.90576856089214,on_track
4312385,99.16761847479113,on_track
4312401,99.05014611391346,on_track
4312427,99.05807527193656,on_track
4312443,98.90225057680487,at_risk
4312450,99.07693922932341,on_track
4312476,98.9780923912428,at_risk
4312500,99.1386624142025,on_track
4312609,99.90576856089214,on_track
4312617,99.9356713655533,on_track
4312625,100.0,on_track
4312658,98.9908415613355,at_risk
4312674,99.94275271648776,on_track
4312708,99.94103660908976,on_track
4312757,99.05807527193656,on_track
4312807,98.97710130228481,at_risk
4312906,98.61688918124062,at_risk
4312955,99.94275271648776,on_track
4313003,99.12341339978296,on_track
4313011,100.0,on_track
4313037,98.93570633120913,at_risk
4313060,99.00502279274367,on_track
4313086,99.94275271648776,on_track
4313102,99.04143372331026,on_track
4313201,98.9763862169602,at_risk
4313300,99.01954386122127,on_track
4313334,99.97867009065145,on_track
4313359,98.65265857796042,at_risk
4313375,98.59095578750885,at_risk
4313391,98.8188767152856,at_risk
4313409,99.10323613011492,on_track
4313425,99.97348351276801,on_track
4313441,99.94275271648776,on_track
4313466,98.8188767152856,at_risk
4313490,98.95421503996405,at_risk
4313508,98.85393544349135,at_risk
4313607,99.21090662033184,on_track
4313656,99.91783954181763,on_track
4313706,99.92045121433492,on_track
4313805,99.31046817701615,on_track
4313904,98.92836524557262,at_risk
4313953,99.13695364380561,on_track
4314001,98.99334140566233,at_risk
4314027,99.09935255966671,on_track
4314035,98.97023454907652,at_risk
4314050,98.83134439495363,at_risk
4314068,99.05532438777432,on_track
4314076,99.94275271648776,on_track
4314100,98.91580721307116,at_risk
4314134,100.0,on_track
4314159,99.1037189014819,on_track
4314175,100.0,on_track
4314209,98.87617611487467,at_risk
4314308,98.93704504088214,at_risk
4314407,99.17769541201126,on_track
4314423,99.11349136873488,on_track
4314456,99.02109111634094,on_track
4314464,100.0,on_track
4314472,99.02112286575809,on_track
4314498,98.98193402147261,at_risk
4314506,99.19654850236608,on_track
4314548,98.87518950460253,at_risk
4314555,99.90576856089214,on_track
4314605,99.94103660908976,on_track
4314704,99.04677010364557,on_track
4314753,99.91767764953813,on_track
4314779,99.90576856089214,on_track
4314787,100.0,on_track
4314803,98.95651590752996,at_risk
4314902,99.9886764332632,on_track
4315008,99.17135364993398,on_track
4315057,99.94275271648776,on_track
4315073,99.94275271648776,on_track
4315107,99.06147561147287,on_track
4315131,100.0,on_track
4315149,99.02213663890906,on_track
4315156,98.89001148811556,at_risk
4315172,99.90576856089214,on_track
4315206,99.13924331957885,on_track
4315305,99.12319675637822,on_track
4315313,99.94275271648776,on_track
4315321,100.0,on_track
4315354,99.08152702596708,on_track
4315404,98.81742971103667,at_risk
4315453,99.90576856089214,on_track
4315503,99.12964067657205,on_track
4315552,99.97785335114376,on_track
4315602,99.94438019751529,on_track
4315701,99.94103660908976,on_track
4315750,99.14399879453781,on_track
4315800,98.99334140566233,at_risk
4315909,99.91596154214014,on_track
4315958,99.97867009065145,on_track
4316006,99.05548249424876,on_track
4316105,99.1386624142025,on_track
4316204,99.10121905715506,on_track
4316303,99.90576856089214,on_track
4316402,99.92045121433492,on_track
4316428,98.84829719909469,at_risk
4316436,99.10285651745919,on_track
4316451,99.10576804649571,on_track
4316477,100.0,on_track
4316501,98.97163074200124,at_risk
4316600,99.12714083224522,on_track
4316709,99.95375691598132,on_track
4316733,99.97867009065145,on_track
4316758,98.86904716806325,at_risk
4316808,98.94207169465814,at_risk
4316907,99.09426905275335,on_track
4316956,98.85890017986145,at_risk
4316972,99.03463249479901,on_track
4317004,100.0,on_track
4317103,99.12428829676479,on_track
4317202,99.01132713356651,on_track
4317251,99.94275271648776,on_track
4317301,99.12964067657205,on_track
4317400,99.11967163340488,on_track
4317509,99.04677010364557,on_track
4317558,100.0,on_track
4317608,99.10298144335654,on_track
4317707,99.95625676030815,on_track
4317756,98.80731140932859,at_risk
4317806,99.1037189014819,on_track
4317905,99.12430429623674,on_track
4317954,99.92033938614446,on_track
4318002,99.90307015962797,on_track
4318051,100.0,on_track
4318101,99.94103660908976,on_track
4318200,99.12341339978296,on_track
4318309,99.90382749507476,on_track
4318408,99.10121905715506,on_track
4318424,99.95625676030815,on_track
4318432,99.97867009065145,on_track
4318440,99.1090552818172,on_track
4318457,99.25577486207958,on_track
4318465,99.1386624142025,on_track
4318481,99.00241649754591,on_track
4318499,100.0,on_track
4318507,99.9190768709001,on_track
4318606,99.09635053794129,on_track
4318614,99.04200694833929,on_track
4318622,98.99697161171504,at_risk
4318705,98.6729556254121,at_risk
4318804,99.9706148782739,on_track
4318903,98.90558761223333,at_risk
4319000,99.94103660908976,on_track
4319109,99.9706148782739,on_track
4319125,100.0,on_track
4319158,99.9706148782739,on_track
4319208,99.12430429623674,on_track
4319307,99.94275271648776,on_track
4319356,99.03032556125795,on_track
4319364,100.0,on_track
4319372,99.94275271648776,on_track
4319406,99.01103551699502,on_track
4319505,98.88257247074745,at_risk
4319604,99.17596310761124,on_track
4319703,99.92033938614446,on_track
4319711,99.94275271648776,on_track
4319737,99.13633671526233,on_track
4319752,98.98443739798883,at_risk
4319802,99.95625676030815,on_track
4319901,99.12714083224522,on_track
4320008,99.04677010364557,on_track
4320107,98.9935950970984,at_risk
4320206,100.0,on_track
4320230,99.1386624142025,on_track
4320263,98.95307752966873,at_risk
4320305,99.94103660908976,on_track
4320321,99.97867009065145,on_track
4320354,99.12430429623674,on_track
4320404,98.96553764516041,at_risk
4320453,99.16819938016748,on_track
4320503,99.21090662033184,on_track
4320552,99.00769952362809,on_track
4320578,99.94275271648776,on_track
4320602,99.19654850236608,on_track
4320651,99.9356713655533,on_track
4320677,99.09868836953173,on_track
4320701,99.04677010364557,on_track
4320800,99.1090552818172,on_track
4320859,99.05548249424876,on_track
4320909,98.61883070043326,at_risk
4321006,99.93979151357843,on_track
4321105,99.91783954181763,on_track
4321204,99.93979151357843,on_track
4321303,99.92045121433492,on_track
4321329,99.9706148782739,on_track
4321352,99.1221063125741,on_track
4321402,100.0,on_track
4321436,98.99867778599764,at_risk
4321451,99.05652801681688,on_track
4321469,99.04200694833929,on_track
4321477,99.93317152122647,on_track
4321493,99.94275271648776,on_track
4321501,99.0394141706515,on_track
4321600,99.05102831373136,on_track
4321626,97.93818866505752,at_risk
4321634,99.97867009065145,on_track
4321667,99.91817795336677,on_track
4321709,97.38896675071904,at_risk
4321808,99.94103660908976,on_track
4321832,99.08388894181617,on_track
4321857,99.90576856089214,on_track
4321907,99.9364993571724,on_track
4321956,98.99867778599764,at_risk
4322004,98.8670092140856,at_risk
4322103,99.12964067657205,on_track
4322152,99.13633671526233,on_track
4322186,99.94275271648776,on_track
4322202,99.12964067657205,on_track
4322251,99.05652801681688,on_track
4322301,99.19317198774945,on_track
4322327,98.88131351020475,at_risk
4322343,98.86396547828812,at_risk
4322350,98.9937996703007,at_risk
4322376,99.95002948351906,on_track
4322400,99.01957729686919,on_track
4322509,99.0082074654651,on_track
4322525,98.6269240674077,at_risk
4322533,98.83534275101084,at_risk
4322541,99.04200694833929,on_track
4322558,100.0,on_track
4322608,99.0082074654651,on_track
4322707,99.02109111634094,on_track
4322806,98.89927743736212,at_risk
4322855,100.0,on_track
4322905,99.1386624142025,on_track
4323002,98.95745739945659,at_risk
4323101,99.17633583121173,on_track
4323200,99.12430429623674,on_track
4323309,99.93253607133252,on_track
4323358,98.95421503996405,at_risk
4323408,100.0,on_track
4323457,99.9706148782739,on_track
4323507,99.13028200073006,on_track
4323606,100.0,on_track
4323705,99.12964067657205,on_track
4323754,99.1495760624781,on_track
4323770,99.02109111634094,on_track
4323804,92.6315597637335,at_risk
5000203,99.05383289335357,on_track
5000252,99.08311597314433,on_track
5000609,99.11782563727495,on_track
5000708,99.9719764631369,on_track
5000807,99.99987888811526,on_track
5000856,99.07777959280902,on_track
5000906,99.13878975937676,on_track
5001003,99.05133304902674,on_track
5001102,99.94269338334614,on_track
5001243,99.91823593509463,on_track
5001508,99.0700729967311,on_track
5001904,99.91823593509463,on_track
5002001,99.94519322767297,on_track
5002100,98.81591187871125,at_risk
5002159,99.1439797245884,on_track
5002209,99.11614576172026,on_track
5002308,99.1439797245884,on_track
5002407,99.12318900664296,on_track
5002605,99.92697735835596,on_track
5002704,99.91823593509463,on_track
5002803,99.10131594224053,on_track
5002902,99.14580766017686,on_track
5002951,97.47017681679647,at_risk
5003108,98.52135535066247,at_risk
5003157,99.14059675162235,on_track
5003207,98.61934984679513,at_risk
5003256,100.0,on_track
5003306,99.92697735835596,on_track
5003454,99.02871403898496,on_track
5003488,99.90590595994173,on_track
5003504,99.10131594224053,on_track
5003702,99.04909654914577,on_track
5003751,99.99987888811526,on_track
5003801,99.12089448550672,on_track
5003900,99.08930489209716,on_track
5004007,99.9201076089085,on_track
5004106,99.95367286832206,on_track
5004304,100.0,on_track
5004403,100.0,on_track
5004502,99.09795532784472,on_track
5004601,99.03121388331179,on_track
5004700,99.90419978565913,on_track
5004809,100.0,on_track
5004908,98.91379991124901,at_risk
5005004,100.0,on_track
5005103,99.98495392629026,on_track
5005152,99.07777959280902,on_track
5005202,98.50364151224552,at_risk
5005251,99.10335012161026,on_track
5005400,98.8285148935594,at_risk
5005608,99.06206755069638,on_track
5005681,99.12120215189158,on_track
5005707,99.90419978565913,on_track
5005806,99.21088755038244,on_track
5006002,98.67388050136832,at_risk
5006200,99.94751901488539,on_track
5006259,100.0,on_track
5006275,98.83911605661204,at_risk
5006309,99.94519322767297,on_track
5006358,97.48253407519006,at_risk
5006408,99.99231608430732,on_track
5006606,99.09961904071555,on_track
5006903,99.92697735835596,on_track
5007109,99.06819101131933,on_track
5007208,99.07736993308987,on_track
5007307,100.0,on_track
5007406,99.94519322767297,on_track
5007505,99.12710578720046,on_track
5007554,99.99231608430732,on_track
5007695,99.04678371127247,on_track
5007703,99.99987888811526,on_track
5007802,99.05311780802896,on_track
5007901,98.84590762977713,at_risk
5007935,99.90002006577761,on_track
5007950,99.94791334644374,on_track
5007976,99.94133547632171,on_track
5008008,99.0807464477065,on_track
5008305,99.0298709839821,on_track
5008404,99.10366301006292,on_track
5100102,83.75570575251405,will_not_meet
5100201,98.72267721344072,at_risk
5100250,99.08930489209716,on_track
5100300,99.09116715417296,on_track
5100359,97.89451690948091,at_risk
5100409,91.518888573087,at_risk
5100508,99.03557763480788,on_track
5100607,98.54174750571187,at_risk
5100805,98.74186185645237,at_risk
5101001,99.97242374391296,on_track
5101209,99.17922485496061,on_track
5101258,99.14580766017686,on_track
5101308,99.97669920276532,on_track
5101407,99.0618840743822,on_track
5101605,95.27989105113745,at_risk
5101704,98.73029424136237,at_risk
5101803,99.09952204246011,on_track
5101852,89.5295551877436,at_risk
5101902,99.04369778243087,on_track
5102504,99.05905525758449,on_track
5102603,98.98939658979482,at_risk
5102637,95.38563215687223,at_risk
5102678,98.56734168468726,at_risk
5102686,97.42323776702949,at_risk
5102694,90.96846354580067,at_risk
5102702,99.09627545229003,on_track
5102793,100.0,on_track
5102850,99.11369160768307,on_track
5103007,98.75977442712887,at_risk
5103056,100.0,on_track
5103106,99.1357089568335,on_track
5103205,99.08388901771549,on_track
5103254,97.35778443247459,at_risk
5103304,99.91608838937488,on_track
5103353,99.90145416774787,on_track
5103361,99.0618840743822,on_track
5103379,90.22444485264263,at_risk
5103403,98.93833885867394,at_risk
5103437,99.9249527710915,on_track
5103452,95.50202468578547,at_risk
5103502,99.9786004944398,on_track
5103601,99.09528516860708,on_track
5103700,98.01391983682072,at_risk
5103809,98.13285317372637,at_risk
5103858,98.8414354443527,at_risk
5103908,91.518888573087,at_risk
5103957,99.94939068869925,on_track
5104104,100.0,on_track
5104203,98.04120268379268,at_risk
5104500,95.3990233106474,at_risk
5104526,96.71224057785216,at_risk
5104542,98.81692126888824,at_risk
5104559,97.47471233791835,at_risk
5104609,99.1110374636032,on_track
5104807,98.87207963962467,at_risk
5104906,99.13926794156157,on_track
5105002,99.9719764631369,on_track
5105101,100.0,on_track
5105150,99.91608838937488,on_track
5105176,98.5986302662921,at_risk
5105200,99.94939068869925,on_track
5105234,97.27956289886427,at_risk
5105259,97.37732404642297,at_risk
5105309,99.14297468747382,on_track
5105507,98.8560113160274,at_risk
5105580,100.0,on_track
5105606,99.10388748522512,on_track
5105622,98.83228163489738,at_risk
5105903,89.83727632828983,at_risk
5106000,99.94519322767297,on_track
5106109,100.0,on_track
5106158,98.71787321441714,at_risk
5106174,98.74892480165038,at_risk
5106182,91.518888573087,at_risk
5106190,99.12710578720046,on_track
5106208,98.55068800178073,at_risk
5106216,100.0,on_track
5106224,97.3314076967395,at_risk
5106232,99.91583066956755,on_track
5106240,98.80015719290766,at_risk
5106257,99.11614576172026,on_track
5106265,99.1110374636032,on_track
5106273,99.14297468747382,on_track
5106281,98.69557376847725,at_risk
5106299,99.12710578720046,on_track
5106307,99.09961904071555,on_track
5106315,98.80184499355931,at_risk
5106372,99.10061675713673,on_track
5106422,99.09795532784472,on_track
5106455,97.1826058144924,at_risk
5106505,99.95003838985598,on_track
5106653,98.63456780375128,at_risk
5106703,99.11369160768307,on_track
5106752,99.07120335845697,on_track
5106778,98.64532670458833,at_risk
5106802,99.9795420832575,on_track
5106828,99.99573622459766,on_track
5106851,99.91590005768897,on_track
5107008,95.35079000209093,at_risk
5107040,98.8757390967627,at_risk
5107065,97.30090980037826,at_risk
5107107,99.11369160768307,on_track
5107156,99.04258372135844,on_track
5107180,99.0618840743822,on_track
5107198,98.87207963962467,at_risk
5107206,99.14297468747382,on_track
5107248,99.94751901488539,on_track
5107263,99.14580766017686,on_track
5107297,99.09596984427485,on_track
5107305,99.91823593509463,on_track
5107354,95.35143086171323,at_risk
5107404,98.99215534034666,at_risk
5107578,99.94939068869925,on_track
5107602,99.05212009160778,on_track
5107701,99.9748212456371,on_track
5107743,89.66906727032985,at_risk
5107750,97.42362987095055,at_risk
5107768,98.51246442592111,at_risk
5107776,98.8196465413269,at_risk
5107792,98.73294650537147,at_risk
5107800,99.14580766017686,on_track
5107859,99.0618840743822,on_track
5107875,97.30096765344005,at_risk
5107883,90.11965918906623,at_risk
5107909,98.53195285349996,at_risk
5107925,98.53073814829992,at_risk
5107941,99.97242374391296,on_track
5107958,90.06136816806968,at_risk
5108006,99.07723731265486,on_track
5108055,100.0,on_track
5108105,89.63594050414368,at_risk
5108204,99.94939068869925,on_track
5108303,100.0,on_track
5108352,95.62569522670954,at_risk
5108402,92.66397330893922,at_risk
5108501,99.91823593509463,on_track
5108600,97.22907209039805,at_risk
5108808,98.8148806896004,at_risk
5108857,99.09116715417296,on_track
5108907,99.09116715417296,on_track
5108956,99.94130265573287,on_track
5200050,97.26469274913968,at_risk
5200100,99.02657011667785,on_track
5200134,99.9343042586919,on_track
5200159,99.94618323209401,on_track
5200175,99.11757194583888,on_track
5200209,99.94519322767297,on_track
5200258,96.0252154524635,at_risk
5200308,99.91823593509463,on_track
5200506,99.94519322767297,on_track
5200555,98.51224228881891,at_risk
5200605,99.09120893628801,on_track
5200803,99.90154346188693,on_track
5200829,100.0,on_track
5200852,99.00327828196777,on_track
5200902,99.94519322767297,on_track
5201108,99.12318900664296,on_track
5201207,99.15818254083933,on_track
5201306,99.92980566291297,on_track
5201405,98.96380484580921,at_risk
5201454,99.94262399522472,on_track
5201504,99.09187231156527,on_track
5201603,99.15071555564282,on_track
5201702,98.94286121950796,at_risk
5201801,99.0554934289119,on_track
5202155,99.94519322767297,on_track
5202353,100.0,on_track
5202502,97.48906714025526,at_risk
5202601,99.94519322767297,on_track
5202809,99.93832562673913,on_track
5203104,97.26608793398711,at_risk
5203203,98.84288723768914,at_risk
5203302,99.90004964314329,on_track
5203401,100.0,on_track
5203500,99.91823593509463,on_track
5203559,97.25198647641555,at_risk
5203575,99.09599546212604,on_track
5203609,99.11460042565443,on_track
5203807,99.94269338334614,on_track
5203906,99.9556278043511,on_track
5203939,99.96812394028399,on_track
5203962,98.97712034015724,at_risk
5204003,99.13882446304078,on_track
5204102,99.91823593509463,on_track
5204201,95.4858858711562,at_risk
5204250,99.94269338334614,on_track
5204300,99.09599546212604,on_track
5204409,99.9343042586919,on_track
5204508,97.52668247575554,at_risk
5204557,99.08114670605976,on_track
5204607,99.90154346188693,on_track
5204656,100.0,on_track
5204706,99.91823593509463,on_track
5204805,99.07363853037079,on_track
5204854,99.102962800654,on_track
5204904,99.07710782499136,on_track
5204953,99.90753195685878,on_track
5205000,99.11169513175236,on_track
5205059,99.91170259666269,on_track
5205109,97.41795925393063,at_risk
5205208,99.99402165886555,on_track
5205307,100.0,on_track
5205406,99.9343042586919,on_track
5205455,99.00722622666659,on_track
5205471,95.6028203897816,at_risk
5205497,96.0478368303863,at_risk
5205513,98.5159460231735,at_risk
5205521,91.32417106588578,at_risk
5205703,99.94269338334614,on_track
5205802,99.0005073276897,on_track
5205901,99.91823593509463,on_track
5206206,99.90004964314329,on_track
5206305,99.94519322767297,on_track
5206404,99.04071685767687,on_track
5206503,100.0,on_track
5206602,99.94102258786906,on_track
5206701,98.59324920977825,at_risk
5206800,97.54383648993208,at_risk
5206909,100.0,on_track
5207105,98.74344156204018,at_risk
5207253,99.94519322767297,on_track
5207352,100.0,on_track
5207402,99.12290832617418,on_track
5207501,98.60210712978763,at_risk
5207535,98.69016192544449,at_risk
5207600,99.9778705986732,on_track
5207808,99.12868401210528,on_track
5207907,97.24629398246637,at_risk
5208004,99.91823593509463,on_track
5208103,100.0,on_track
5208152,99.95642147439533,on_track
5208301,99.15071555564282,on_track
5208400,99.11340130603496,on_track
5208509,100.0,on_track
5208608,99.09182482232212,on_track
5208707,99.91823593509463,on_track
5208806,97.21321665159873,at_risk
5208905,100.0,on_track
5209101,99.12367527114507,on_track
5209150,99.11336439461935,on_track
5209200,99.91823593509463,on_track
5209291,100.0,on_track
5209408,99.9664531448069,on_track
5209457,88.12136781427284,will_not_meet
5209606,99.14821571131598,on_track
5209705,98.86952851611308,at_risk
5209804,99.94519322767297,on_track
5209903,99.05776587225313,on_track
5209937,99.9343042586919,on_track
5209952,99.10846942646539,on_track
5210000,99.90590595994173,on_track
5210109,99.9556278043511,on_track
5210158,99.94519322767297,on_track
5210208,99.94269338334614,on_track
5210307,99.96938397520361,on_track
5210406,99.91823593509463,on_track
5210562,99.99990686440158,on_track
5210604,100.0,on_track
5210802,99.90753195685878,on_track
5210901,99.10645795070755,on_track
5211008,98.52681676502273,at_risk
5211206,100.0,on_track
5211305,99.11340130603496,on_track
5211404,99.94519322767297,on_track
5211503,99.09278053247459,on_track
5211602,100.0,on_track
5211701,99.94269338334614,on_track
5211800,99.08277717058596,on_track
5211909,98.98367515523944,at_risk
5212006,100.0,on_track
5212055,99.1465449158389,on_track
5212105,100.0,on_track
5212204,99.94519322767297,on_track
5212253,99.90419978565913,on_track
5212303,99.94519322767297,on_track
5212501,99.0807464477065,on_track
5212600,99.90753195685878,on_track
5212709,97.48390534059314,at_risk
5212808,99.94269338334614,on_track
5212907,99.91823593509463,on_track
5212956,98.73029424136237,at_risk
5213004,99.08133807521413,on_track
5213053,100.0,on_track
5213087,99.96938397520361,on_track
5213103,98.82595834771492,at_risk
5213400,99.94519322767297,on_track
5213509,98.98037576924716,at_risk
5213707,100.0,on_track
5213756,99.91823593509463,on_track
5213772,100.0,on_track
5213806,99.91823593509463,on_track
5213855,99.94269338334614,on_track
5213905,95.53097463415872,at_risk
5214002,99.11336592722944,on_track
5214051,100.0,on_track
5214101,99.91778493334385,on_track
5214408,99.11586577155627,on_track
5214507,99.91823593509463,on_track
5214606,99.96938397520361,on_track
5214705,99.94618323209401,on_track
5214804,99.94519322767297,on_track
5214838,99.11507210151204,on_track
5214861,99.91269260108373,on_track
5214879,99.09108556477216,on_track
5214903,90.34184693125391,at_risk
5215009,99.08281750153684,on_track
5215207,100.0,on_track
5215231,98.58384000153879,at_risk
5215256,99.92976700677453,on_track
5215306,99.11757194583888,on_track
5215405,99.91170259666269,on_track
5215504,99.91823593509463,on_track
5215603,99.0754100673712,on_track
5215652,100.0,on_track
5215702,99.90004964314329,on_track
5215801,99.9302588976832,on_track
5215900,100.0,on_track
5216007,99.16219299440111,on_track
5216304,95.4858858711562,at_risk
5216403,100.0,on_track
5216452,100.0,on_track
5216809,99.16235318064325,on_track
5216908,98.83318948213498,at_risk
5217104,99.94519322767297,on_track
5217203,100.0,on_track
5217302,99.02884435787396,on_track
5217401,99.9343042586919,on_track
5217609,99.06879399573471,on_track
5217708,99.94102258786906,on_track
5218003,99.94290742832493,on_track
5218052,98.58118951177055,at_risk
5218102,99.97030566765982,on_track
5218300,99.08531734586367,on_track
5218391,99.15071555564282,on_track
5218508,99.12120215189158,on_track
5218607,99.92340132230933,on_track
5218706,98.5292153447483,at_risk
5218789,98.81215236456194,at_risk
5218805,98.86952851611308,at_risk
5218904,100.0,on_track
5219001,100.0,on_track
5219100,99.9343042586919,on_track
5219209,100.0,on_track
5219258,99.90590595994173,on_track
5219308,100.0,on_track
5219357,100.0,on_track
5219407,99.08937939048955,on_track
5219456,90.90155572000664,at_risk
5219506,98.99353509510817,at_risk
5219605,99.94269338334614,on_track
5219704,99.91420316173907,on_track
5219712,100.0,on_track
5219738,98.82989313317945,at_risk
5219753,98.52289846533158,at_risk
5219803,98.98742780301178,at_risk
5219902,99.90097581789244,on_track
5220009,98.72321160235349,at_risk
5220058,100.0,on_track
5220108,99.91823593509463,on_track
5220157,99.9316072681277,on_track
5220207,99.94269338334614,on_track
5220264,99.11757194583888,on_track
5220280,99.9343042586919,on_track
5220405,90.19018529804833,at_risk
5220454,97.3527628646578,at_risk
5220504,99.91823593509463,on_track
5220603,99.11757194583888,on_track
5220686,99.9950095183506,on_track
5220702,98.99105195779038,at_risk
5221007,99.9707581830814,on_track
5221080,98.67616496227434,at_risk
5221197,99.09182482232212,on_track
5221304,99.15071555564282,on_track
5221403,99.13661084230193,on_track
5221452,99.05237787566361,on_track
5221502,99.94269338334614,on_track
5221551,99.09178791090652,on_track
5221577,100.0,on_track
5221601,99.12120215189158,on_track
5221700,99.14733904102619,on_track
5221809,99.94102258786906,on_track
5221858,97.43654709943492,at_risk
5221908,99.9534965522084,on_track
5222005,99.04942975262881,on_track
5222054,98.99077618805758,at_risk
5222203,99.90419978565913,on_track
5222302,99.11586577155627,on_track
5300108,99.01370771795847,on_track
