id_municipio,projecao_2033_esgoto,inclinacao_esgoto_aa,n_obs_esgoto,classificacao_2033_esgoto,sigla_uf,regiao,porte,populacao_urbana
1100015,,,0.0,,RO,Norte,5-20 mil,12896.0
1100023,1.1527380952368844,-0.17119047619057,8.0,will_not_meet,RO,Norte,50-100 mil,94137.0
1100031,,,0.0,,RO,Norte,<5 mil,2161.0
1100049,28.82036764706072,-0.510073529411681,17.0,will_not_meet,RO,Norte,50-100 mil,68101.0
1100056,150.0,5.235714285714926,3.0,on_track,RO,Norte,5-20 mil,13622.0
1100064,,,1.0,,RO,Norte,5-20 mil,11176.0
1100072,,,0.0,,RO,Norte,<5 mil,2080.0
1100080,,,1.0,,RO,Norte,5-20 mil,10554.0
1100098,2.809999999999974,-0.0640000000000085,5.0,will_not_meet,RO,Norte,20-50 mil,23680.0
1100106,28.943753799392198,0.351601823708204,21.0,will_not_meet,RO,Norte,20-50 mil,39665.0
1100114,,,1.0,,RO,Norte,20-50 mil,34756.0
1100122,2.48505760368667,0.06930875576037131,4.0,will_not_meet,RO,Norte,100-500 mil,117821.0
1100130,,,0.0,,RO,Norte,20-50 mil,21673.0
1100148,59.13333333333139,3.3249999999999673,3.0,will_not_meet,RO,Norte,5-20 mil,8646.0
1100155,,,0.0,,RO,Norte,20-50 mil,26335.0
1100189,6.9898095238088445,0.2717142857142378,6.0,will_not_meet,RO,Norte,20-50 mil,32266.0
1100205,20.633267477203503,0.38828267477202927,21.0,will_not_meet,RO,Norte,500 mil+,500537.0
1100254,23.209968652038242,0.6421316614420194,4.0,will_not_meet,RO,Norte,5-20 mil,10827.0
1100262,,,0.0,,RO,Norte,<5 mil,1233.0
1100288,6.067724317295188,0.10807867360208329,7.0,will_not_meet,RO,Norte,20-50 mil,45601.0
1100296,,,0.0,,RO,Norte,<5 mil,3026.0
1100304,,,0.0,,RO,Norte,50-100 mil,99053.0
1100320,,,0.0,,RO,Norte,5-20 mil,8982.0
1100338,,,1.0,,RO,Norte,5-20 mil,18653.0
1100346,129.31280867511578,3.543077088254204,17.0,on_track,RO,Norte,5-20 mil,7229.0
1100379,,,0.0,,RO,Norte,<5 mil,3786.0
1100403,,,0.0,,RO,Norte,5-20 mil,10654.0
1100452,,,0.0,,RO,Norte,20-50 mil,22968.0
1100502,,,0.0,,RO,Norte,<5 mil,1375.0
1100601,150.0,13.30600000000022,4.0,on_track,RO,Norte,<5 mil,2275.0
1100700,,,0.0,,RO,Norte,<5 mil,3830.0
1100809,,,0.0,,RO,Norte,5-20 mil,18288.0
1100908,,,0.0,,RO,Norte,<5 mil,684.0
1100924,,,0.0,,RO,Norte,5-20 mil,5187.0
1100940,,,0.0,,RO,Norte,5-20 mil,18898.0
1101005,,,0.0,,RO,Norte,<5 mil,1672.0
1101104,,,0.0,,RO,Norte,5-20 mil,6262.0
1101203,,,0.0,,RO,Norte,<5 mil,2809.0
1101302,,,0.0,,RO,Norte,5-20 mil,5800.0
1101401,,,0.0,,RO,Norte,5-20 mil,8474.0
1101435,,,0.0,,RO,Norte,<5 mil,1403.0
1101450,,,2.0,,RO,Norte,<5 mil,2331.0
1101468,,,0.0,,RO,Norte,<5 mil,1187.0
1101476,,,0.0,,RO,Norte,<5 mil,1259.0
1101484,,,0.0,,RO,Norte,<5 mil,1191.0
1101492,,,0.0,,RO,Norte,5-20 mil,10820.0
1101500,,,2.0,,RO,Norte,<5 mil,4479.0
1101559,,,0.0,,RO,Norte,<5 mil,1460.0
1101609,,,0.0,,RO,Norte,<5 mil,1922.0
1101708,,,0.0,,RO,Norte,<5 mil,4387.0
1101757,,,0.0,,RO,Norte,<5 mil,3927.0
1101807,,,0.0,,RO,Norte,<5 mil,1799.0
1200013,,,0.0,,AC,Norte,5-20 mil,7418.0
1200054,,,0.0,,AC,Norte,<5 mil,4661.0
1200104,17.54154761904738,0.44988095238094256,8.0,will_not_meet,AC,Norte,5-20 mil,18071.0
1200138,0.0,-0.5677862595419068,4.0,will_not_meet,AC,Norte,<5 mil,4609.0
1200179,,,0.0,,AC,Norte,5-20 mil,5484.0
1200203,,,0.0,,AC,Norte,50-100 mil,63256.0
1200252,,,0.0,,AC,Norte,5-20 mil,13346.0
1200302,,,0.0,,AC,Norte,5-20 mil,17957.0
1200328,,,2.0,,AC,Norte,<5 mil,2981.0
1200336,150.0,9.40722772277259,5.0,on_track,AC,Norte,5-20 mil,11303.0
1200344,,,0.0,,AC,Norte,5-20 mil,6415.0
1200351,,,0.0,,AC,Norte,5-20 mil,5503.0
1200385,0.0,-8.924970149253522,7.0,will_not_meet,AC,Norte,5-20 mil,12154.0
1200393,,,0.0,,AC,Norte,<5 mil,4526.0
1200401,0.0,-2.407311688311694,21.0,will_not_meet,AC,Norte,100-500 mil,385134.0
1200427,,,0.0,,AC,Norte,5-20 mil,5928.0
1200435,,,0.0,,AC,Norte,<5 mil,2780.0
1200450,,,0.0,,AC,Norte,5-20 mil,14760.0
1200500,,,0.0,,AC,Norte,20-50 mil,31147.0
1200609,,,0.0,,AC,Norte,20-50 mil,23777.0
1200708,,,0.0,,AC,Norte,5-20 mil,12753.0
1200807,,,0.0,,AC,Norte,<5 mil,2550.0
1300029,,,2.0,,AM,Norte,5-20 mil,9179.0
1300060,,,0.0,,AM,Norte,5-20 mil,5890.0
1300086,,,2.0,,AM,Norte,5-20 mil,5703.0
1300102,,,2.0,,AM,Norte,5-20 mil,13162.0
1300144,,,0.0,,AM,Norte,5-20 mil,10783.0
1300201,,,0.0,,AM,Norte,5-20 mil,9493.0
1300300,,,0.0,,AM,Norte,5-20 mil,17728.0
1300409,,,0.0,,AM,Norte,5-20 mil,12048.0
1300508,,,0.0,,AM,Norte,5-20 mil,14944.0
1300607,,,0.0,,AM,Norte,20-50 mil,27047.0
1300631,,,1.0,,AM,Norte,5-20 mil,10298.0
1300680,,,0.0,,AM,Norte,5-20 mil,10101.0
1300706,,,0.0,,AM,Norte,20-50 mil,22080.0
1300805,,,0.0,,AM,Norte,5-20 mil,17476.0
1300839,,,1.0,,AM,Norte,<5 mil,3203.0
1300904,,,0.0,,AM,Norte,5-20 mil,8383.0
1301001,63.610000000012406,3.597000000000893,5.0,will_not_meet,AM,Norte,20-50 mil,22000.0
1301100,,,0.0,,AM,Norte,5-20 mil,11192.0
1301159,,,0.0,,AM,Norte,<5 mil,1315.0
1301209,,,0.0,,AM,Norte,50-100 mil,56676.0
1301308,,,0.0,,AM,Norte,20-50 mil,20223.0
1301407,,,0.0,,AM,Norte,20-50 mil,26110.0
1301506,,,0.0,,AM,Norte,5-20 mil,13400.0
1301605,,,0.0,,AM,Norte,5-20 mil,10870.0
1301654,7.012363636363588,0.06054545454544795,11.0,will_not_meet,AM,Norte,5-20 mil,9138.0
1301704,,,0.0,,AM,Norte,20-50 mil,39444.0
1301803,1.1733333333333533,0.03000000000000109,3.0,will_not_meet,AM,Norte,5-20 mil,13306.0
1301852,,,0.0,,AM,Norte,20-50 mil,35330.0
1301902,,,0.0,,AM,Norte,50-100 mil,69681.0
1301951,,,0.0,,AM,Norte,<5 mil,4327.0
1302009,,,0.0,,AM,Norte,5-20 mil,7316.0
1302108,,,0.0,,AM,Norte,,
1302207,,,0.0,,AM,Norte,5-20 mil,8156.0
1302306,,,0.0,,AM,Norte,5-20 mil,10552.0
1302405,,,1.0,,AM,Norte,20-50 mil,30618.0
1302504,,,0.0,,AM,Norte,50-100 mil,70402.0
1302553,,,0.0,,AM,Norte,5-20 mil,10525.0
1302603,39.597644898325825,0.6024294544477476,21.0,will_not_meet,AM,Norte,500 mil+,2244470.0
1302702,,,0.0,,AM,Norte,20-50 mil,24845.0
1302801,,,0.0,,AM,Norte,<5 mil,4680.0
1302900,,,2.0,,AM,Norte,20-50 mil,32164.0
1303007,,,0.0,,AM,Norte,5-20 mil,8326.0
1303106,78.30343373494452,3.179216867470114,5.0,will_not_meet,AM,Norte,5-20 mil,17163.0
1303205,,,0.0,,AM,Norte,5-20 mil,13158.0
1303304,,,0.0,,AM,Norte,5-20 mil,17349.0
1303403,,,0.0,,AM,Norte,50-100 mil,79758.0
1303502,,,0.0,,AM,Norte,5-20 mil,9907.0
1303536,44.49847715736175,0.030065264684626166,11.0,will_not_meet,AM,Norte,5-20 mil,18225.0
1303569,,,0.0,,AM,Norte,5-20 mil,16541.0
1303601,,,0.0,,AM,Norte,5-20 mil,10037.0
1303700,,,1.0,,AM,Norte,5-20 mil,12364.0
1303809,,,0.0,,AM,Norte,20-50 mil,23647.0
1303908,,,0.0,,AM,Norte,5-20 mil,18537.0
1303957,,,0.0,,AM,Norte,5-20 mil,7915.0
1304005,,,0.0,,AM,Norte,<5 mil,4432.0
1304062,,,0.0,,AM,Norte,20-50 mil,47643.0
1304104,,,0.0,,AM,Norte,5-20 mil,9393.0
1304203,,,0.0,,AM,Norte,20-50 mil,48274.0
1304237,150.0,20.42357142857137,4.0,on_track,AM,Norte,5-20 mil,9920.0
1304260,,,0.0,,AM,Norte,5-20 mil,7908.0
1304302,,,0.0,,AM,Norte,5-20 mil,9257.0
1304401,,,0.0,,AM,Norte,5-20 mil,13815.0
1400027,,,0.0,,RR,Norte,<5 mil,1772.0
1400050,,,0.0,,RR,Norte,<5 mil,4432.0
1400100,127.5827178796053,3.510046207162121,24.0,on_track,RR,Norte,100-500 mil,426588.0
1400159,150.0,8.479507042254324,6.0,on_track,RR,Norte,<5 mil,4307.0
1400175,,,0.0,,RR,Norte,<5 mil,3126.0
1400209,97.30000000000324,2.1530666985335066e-13,9.0,on_track,RR,Norte,5-20 mil,13423.0
1400233,,,1.0,,RR,Norte,<5 mil,4340.0
1400282,,,2.0,,RR,Norte,5-20 mil,5926.0
1400308,0.0,-14.010000000000796,3.0,will_not_meet,RR,Norte,5-20 mil,11164.0
1400407,,,0.0,,RR,Norte,<5 mil,3043.0
1400456,,,1.0,,RR,Norte,5-20 mil,8700.0
1400472,,,2.0,,RR,Norte,5-20 mil,13798.0
1400506,,,0.0,,RR,Norte,5-20 mil,5965.0
1400605,,,0.0,,RR,Norte,5-20 mil,5433.0
1400704,,,0.0,,RR,Norte,<5 mil,1497.0
1500107,,,1.0,,PA,Norte,50-100 mil,94374.0
1500131,,,1.0,,PA,Norte,5-20 mil,6707.0
1500206,,,0.0,,PA,Norte,5-20 mil,13133.0
1500305,,,0.0,,PA,Norte,5-20 mil,10795.0
1500347,,,0.0,,PA,Norte,5-20 mil,5409.0
1500404,,,0.0,,PA,Norte,20-50 mil,30232.0
1500503,,,0.0,,PA,Norte,20-50 mil,20220.0
1500602,137.78218567251497,3.5996710526314737,9.0,on_track,PA,Norte,50-100 mil,99578.0
1500701,,,0.0,,PA,Norte,5-20 mil,11539.0
1500800,150.0,10.549404761906915,8.0,on_track,PA,Norte,500 mil+,539081.0
1500909,,,2.0,,PA,Norte,20-50 mil,21141.0
1500958,,,0.0,,PA,Norte,5-20 mil,9908.0
1501006,,,0.0,,PA,Norte,<5 mil,3294.0
1501105,,,0.0,,PA,Norte,5-20 mil,14281.0
1501204,,,0.0,,PA,Norte,20-50 mil,24880.0
1501253,,,1.0,,PA,Norte,<5 mil,1282.0
1501303,0.0,-3.120909090908816,10.0,will_not_meet,PA,Norte,20-50 mil,47010.0
1501402,10.701079492731239,0.05987627590473506,19.0,will_not_meet,PA,Norte,500 mil+,1493529.0
1501451,,,0.0,,PA,Norte,5-20 mil,7535.0
1501501,,,0.0,,PA,Norte,20-50 mil,36261.0
1501576,,,0.0,,PA,Norte,5-20 mil,9201.0
1501600,,,0.0,,PA,Norte,<5 mil,4503.0
1501709,,,1.0,,PA,Norte,50-100 mil,83457.0
1501725,,,0.0,,PA,Norte,5-20 mil,6544.0
1501758,,,0.0,,PA,Norte,<5 mil,4332.0
1501782,,,2.0,,PA,Norte,20-50 mil,38299.0
1501808,,,1.0,,PA,Norte,50-100 mil,52286.0
1501907,,,0.0,,PA,Norte,5-20 mil,9367.0
1501956,,,0.0,,PA,Norte,5-20 mil,7375.0
1502004,,,0.0,,PA,Norte,5-20 mil,8764.0
1502103,,,0.0,,PA,Norte,50-100 mil,61543.0
1502152,0.0,-5.39701421800952,9.0,will_not_meet,PA,Norte,20-50 mil,30337.0
1502202,,,0.0,,PA,Norte,50-100 mil,55666.0
1502301,,,0.0,,PA,Norte,20-50 mil,22537.0
1502400,62.25286689419636,0.5315699658702296,8.0,will_not_meet,PA,Norte,100-500 mil,182183.0
1502509,,,1.0,,PA,Norte,<5 mil,2665.0
1502608,,,0.0,,PA,Norte,<5 mil,3916.0
1502707,,,0.0,,PA,Norte,20-50 mil,34287.0
1502756,,,0.0,,PA,Norte,5-20 mil,18064.0
1502764,,,1.0,,PA,Norte,<5 mil,3565.0
1502772,,,0.0,,PA,Norte,5-20 mil,12171.0
1502806,,,0.0,,PA,Norte,5-20 mil,13603.0
1502855,,,0.0,,PA,Norte,5-20 mil,6971.0
1502905,,,0.0,,PA,Norte,5-20 mil,14407.0
1502939,,,2.0,,PA,Norte,20-50 mil,38780.0
1502954,,,0.0,,PA,Norte,5-20 mil,17769.0
1503002,,,0.0,,PA,Norte,5-20 mil,5208.0
1503044,150.0,11.760000000000014,4.0,on_track,PA,Norte,5-20 mil,9446.0
1503077,,,0.0,,PA,Norte,5-20 mil,8714.0
1503093,0.0,-3.3749999999997655,3.0,will_not_meet,PA,Norte,20-50 mil,28869.0
1503101,,,0.0,,PA,Norte,5-20 mil,11250.0
1503200,,,0.0,,PA,Norte,20-50 mil,21931.0
1503309,,,0.0,,PA,Norte,20-50 mil,28592.0
1503408,,,0.0,,PA,Norte,<5 mil,3315.0
1503457,,,0.0,,PA,Norte,5-20 mil,16007.0
1503507,,,0.0,,PA,Norte,5-20 mil,6524.0
1503606,,,0.0,,PA,Norte,50-100 mil,73617.0
1503705,0.0,-5.2542857142854995,6.0,will_not_meet,PA,Norte,20-50 mil,21378.0
1503754,,,0.0,,PA,Norte,<5 mil,2653.0
1503804,,,0.0,,PA,Norte,50-100 mil,53828.0
1503903,,,1.0,,PA,Norte,5-20 mil,19850.0
1504000,,,0.0,,PA,Norte,5-20 mil,7337.0
1504059,,,0.0,,PA,Norte,20-50 mil,25105.0
1504109,,,0.0,,PA,Norte,<5 mil,4021.0
1504208,10.446273532668641,0.12918050941305304,8.0,will_not_meet,PA,Norte,100-500 mil,229312.0
1504307,,,0.0,,PA,Norte,5-20 mil,11771.0
1504406,,,0.0,,PA,Norte,5-20 mil,12565.0
1504422,0.0,-6.394000000002376,5.0,will_not_meet,PA,Norte,100-500 mil,134403.0
1504455,,,2.0,,PA,Norte,5-20 mil,11315.0
1504505,,,0.0,,PA,Norte,5-20 mil,6187.0
1504604,,,2.0,,PA,Norte,20-50 mil,21825.0
1504703,,,0.0,,PA,Norte,20-50 mil,30277.0
1504752,,,0.0,,PA,Norte,5-20 mil,11855.0
1504802,,,1.0,,PA,Norte,20-50 mil,25817.0
1504901,,,0.0,,PA,Norte,5-20 mil,17599.0
1504950,,,0.0,,PA,Norte,5-20 mil,8467.0
1504976,,,0.0,,PA,Norte,5-20 mil,8983.0
1505007,,,0.0,,PA,Norte,5-20 mil,6318.0
1505031,,,0.0,,PA,Norte,5-20 mil,18172.0
1505064,125.73600000000624,7.254000000000382,5.0,on_track,PA,Norte,20-50 mil,35354.0
1505106,,,0.0,,PA,Norte,20-50 mil,27087.0
1505205,,,1.0,,PA,Norte,5-20 mil,13266.0
1505304,,,0.0,,PA,Norte,20-50 mil,47900.0
1505403,,,0.0,,PA,Norte,5-20 mil,8244.0
1505437,,,1.0,,PA,Norte,20-50 mil,24263.0
1505486,,,1.0,,PA,Norte,5-20 mil,15397.0
1505494,,,1.0,,PA,Norte,<5 mil,4607.0
1505502,13.258717948717731,0.46062937062936504,12.0,will_not_meet,PA,Norte,50-100 mil,90605.0
1505536,0.0,-2.121331760494641,22.0,will_not_meet,PA,Norte,100-500 mil,197154.0
1505551,,,0.0,,PA,Norte,<5 mil,3265.0
1505601,,,0.0,,PA,Norte,<5 mil,4291.0
1505650,,,0.0,,PA,Norte,5-20 mil,6556.0
1505700,,,2.0,,PA,Norte,5-20 mil,15295.0
1505809,,,0.0,,PA,Norte,20-50 mil,30406.0
1505908,,,0.0,,PA,Norte,5-20 mil,18233.0
1506005,,,0.0,,PA,Norte,5-20 mil,9105.0
1506104,,,0.0,,PA,Norte,5-20 mil,7068.0
1506112,,,0.0,,PA,Norte,5-20 mil,5905.0
1506138,0.0,-1.9239361702128794,7.0,will_not_meet,PA,Norte,50-100 mil,80052.0
1506161,,,0.0,,PA,Norte,5-20 mil,13536.0
1506187,,,0.0,,PA,Norte,20-50 mil,39334.0
1506195,,,0.0,,PA,Norte,5-20 mil,19992.0
1506203,,,0.0,,PA,Norte,20-50 mil,36731.0
1506302,,,1.0,,PA,Norte,5-20 mil,15315.0
1506351,0.0,-3.3294029850738927,10.0,will_not_meet,PA,Norte,5-20 mil,6945.0
1506401,,,2.0,,PA,Norte,5-20 mil,5141.0
1506500,,,0.0,,PA,Norte,50-100 mil,52682.0
1506559,,,0.0,,PA,Norte,5-20 mil,8879.0
1506583,,,0.0,,PA,Norte,5-20 mil,8218.0
1506609,,,1.0,,PA,Norte,5-20 mil,14544.0
1506708,,,0.0,,PA,Norte,20-50 mil,40145.0
1506807,13.254769486692453,0.035696292775691196,9.0,will_not_meet,PA,Norte,100-500 mil,225869.0
1507003,,,1.0,,PA,Norte,5-20 mil,14660.0
1507102,150.0,13.07894736842091,3.0,on_track,PA,Norte,5-20 mil,7500.0
1507151,,,0.0,,PA,Norte,5-20 mil,17110.0
1507201,,,0.0,,PA,Norte,5-20 mil,7127.0
1507300,,,0.0,,PA,Norte,50-100 mil,67038.0
1507409,,,0.0,,PA,Norte,5-20 mil,5425.0
1507458,56.50006535947546,-0.8435294117648034,18.0,will_not_meet,PA,Norte,5-20 mil,13048.0
1507466,,,0.0,,PA,Norte,<5 mil,1135.0
1507474,,,0.0,,PA,Norte,5-20 mil,11906.0
1507508,,,0.0,,PA,Norte,<5 mil,2773.0
1507607,,,0.0,,PA,Norte,20-50 mil,37264.0
1507706,,,1.0,,PA,Norte,5-20 mil,11662.0
1507755,,,0.0,,PA,Norte,<5 mil,4011.0
1507805,,,0.0,,PA,Norte,5-20 mil,5694.0
1507904,,,0.0,,PA,Norte,20-50 mil,23528.0
1507953,,,1.0,,PA,Norte,50-100 mil,82597.0
1507961,,,0.0,,PA,Norte,5-20 mil,5056.0
1507979,,,1.0,,PA,Norte,5-20 mil,11624.0
1508001,,,0.0,,PA,Norte,20-50 mil,36079.0
1508035,,,0.0,,PA,Norte,5-20 mil,8338.0
1508050,,,0.0,,PA,Norte,5-20 mil,6086.0
1508084,,,0.0,,PA,Norte,20-50 mil,32474.0
1508100,,,1.0,,PA,Norte,100-500 mil,110979.0
1508126,4.297023809524205,0.24488095238099064,8.0,will_not_meet,PA,Norte,20-50 mil,40994.0
1508209,,,0.0,,PA,Norte,20-50 mil,36921.0
1508308,,,0.0,,PA,Norte,20-50 mil,20141.0
1508357,74.87000000000535,2.58600000000019,4.0,will_not_meet,PA,Norte,5-20 mil,6156.0
1508407,,,2.0,,PA,Norte,20-50 mil,35251.0
1600055,74.98705128205125,0.16108391608391315,12.0,will_not_meet,AP,Norte,<5 mil,3279.0
1600105,3.5832899907813953,-1.0503561205181637,20.0,will_not_meet,AP,Norte,5-20 mil,7990.0
1600154,,,0.0,,AP,Norte,5-20 mil,9757.0
1600204,0.0,-16.853493975904087,4.0,will_not_meet,AP,Norte,5-20 mil,9331.0
1600212,,,0.0,,AP,Norte,<5 mil,3233.0
1600238,,,0.0,,AP,Norte,5-20 mil,5865.0
1600253,,,0.0,,AP,Norte,<5 mil,2356.0
1600279,,,0.0,,AP,Norte,20-50 mil,49633.0
1600303,23.653116794414586,0.26660734613341447,21.0,will_not_meet,AP,Norte,500 mil+,500070.0
1600402,0.0,-0.9470736322972869,19.0,will_not_meet,AP,Norte,5-20 mil,10912.0
1600501,7.186736208820321,-0.28435398573577225,20.0,will_not_meet,AP,Norte,5-20 mil,19272.0
1600535,,,0.0,,AP,Norte,5-20 mil,14743.0
1600550,,,0.0,,AP,Norte,<5 mil,2663.0
1600600,0.5733650239296253,-0.08888177467339228,19.0,will_not_meet,AP,Norte,100-500 mil,122157.0
1600709,,,0.0,,AP,Norte,5-20 mil,9449.0
1600808,,,0.0,,AP,Norte,5-20 mil,13737.0
1700251,,,0.0,,TO,Norte,<5 mil,1611.0
1700301,25.56878787878827,-0.5207878787878414,10.0,will_not_meet,TO,Norte,5-20 mil,5656.0
1700350,,,0.0,,TO,Norte,<5 mil,4447.0
1700400,,,1.0,,TO,Norte,5-20 mil,5470.0
1700707,,,0.0,,TO,Norte,5-20 mil,7771.0
1701002,10.916404761904573,0.2603928571428548,15.0,will_not_meet,TO,Norte,5-20 mil,7789.0
1701051,,,0.0,,TO,Norte,<5 mil,2121.0
1701101,,,0.0,,TO,Norte,<5 mil,3854.0
1701309,,,0.0,,TO,Norte,<5 mil,2163.0
1701903,,,0.0,,TO,Norte,<5 mil,3345.0
1702000,,,0.0,,TO,Norte,5-20 mil,5636.0
1702109,45.98395722315627,1.5881487699831778,20.0,will_not_meet,TO,Norte,100-500 mil,176890.0
1702158,,,0.0,,TO,Norte,<5 mil,3942.0
1702208,,,0.0,,TO,Norte,20-50 mil,23505.0
1702307,,,0.0,,TO,Norte,5-20 mil,5332.0
1702406,,,0.0,,TO,Norte,5-20 mil,7272.0
1702554,32.103262874711845,0.8621483474250424,14.0,will_not_meet,TO,Norte,5-20 mil,15588.0
1702703,,,0.0,,TO,Norte,<5 mil,2743.0
1702901,,,2.0,,TO,Norte,5-20 mil,7677.0
1703008,,,0.0,,TO,Norte,5-20 mil,5044.0
1703057,,,0.0,,TO,Norte,<5 mil,1960.0
1703073,,,0.0,,TO,Norte,<5 mil,2478.0
1703107,,,0.0,,TO,Norte,<5 mil,4747.0
1703206,,,0.0,,TO,Norte,<5 mil,2179.0
1703305,,,0.0,,TO,Norte,<5 mil,3840.0
1703602,,,0.0,,TO,Norte,<5 mil,1545.0
1703701,,,1.0,,TO,Norte,<5 mil,4482.0
1703800,,,0.0,,TO,Norte,5-20 mil,8886.0
1703826,,,1.0,,TO,Norte,<5 mil,1848.0
1703842,,,0.0,,TO,Norte,5-20 mil,6220.0
1703867,,,0.0,,TO,Norte,<5 mil,2507.0
1703883,,,0.0,,TO,Norte,<5 mil,2069.0
1703891,0.0,-4.130424242424,10.0,will_not_meet,TO,Norte,<5 mil,2221.0
1703909,,,0.0,,TO,Norte,<5 mil,3280.0
1704105,,,0.0,,TO,Norte,<5 mil,1738.0
1704600,,,0.0,,TO,Norte,<5 mil,794.0
1705102,,,0.0,,TO,Norte,<5 mil,1683.0
1705508,75.45752941176852,1.6901029411766677,16.0,will_not_meet,TO,Norte,20-50 mil,34823.0
1705557,,,0.0,,TO,Norte,<5 mil,4172.0
1705607,,,0.0,,TO,Norte,<5 mil,2833.0
1706001,,,0.0,,TO,Norte,<5 mil,2140.0
1706100,,,0.0,,TO,Norte,5-20 mil,5952.0
1706258,,,0.0,,TO,Norte,<5 mil,975.0
1706506,,,0.0,,TO,Norte,<5 mil,3291.0
1707009,,,0.0,,TO,Norte,5-20 mil,19535.0
1707108,,,0.0,,TO,Norte,<5 mil,4903.0
1707207,0.6433333333335476,-0.004999999999981886,3.0,will_not_meet,TO,Norte,<5 mil,2782.0
1707306,,,0.0,,TO,Norte,<5 mil,3118.0
1707405,54.95133333333433,1.1218064516128938,6.0,will_not_meet,TO,Norte,5-20 mil,5492.0
1707553,,,0.0,,TO,Norte,<5 mil,3151.0
1707652,,,0.0,,TO,Norte,<5 mil,3964.0
1707702,,,0.0,,TO,Norte,5-20 mil,5790.0
1708205,,,0.0,,TO,Norte,5-20 mil,13283.0
1708254,,,0.0,,TO,Norte,<5 mil,2127.0
1708304,,,0.0,,TO,Norte,<5 mil,2860.0
1709005,,,0.0,,TO,Norte,5-20 mil,5402.0
1709302,142.1075438596472,4.889298245614172,19.0,on_track,TO,Norte,20-50 mil,24045.0
1709500,42.93080952381024,1.2377857142857298,15.0,will_not_meet,TO,Norte,50-100 mil,86406.0
1709807,,,1.0,,TO,Norte,<5 mil,1220.0
1710508,150.0,7.617823529411713,11.0,on_track,TO,Norte,<5 mil,4494.0
1710706,127.58886138613889,5.374529702970163,7.0,on_track,TO,Norte,<5 mil,3268.0
1710904,,,0.0,,TO,Norte,<5 mil,2067.0
1711100,,,0.0,,TO,Norte,<5 mil,1542.0
1711506,,,0.0,,TO,Norte,<5 mil,1459.0
1711803,,,0.0,,TO,Norte,<5 mil,1007.0
1711902,,,0.0,,TO,Norte,5-20 mil,8676.0
1711951,,,0.0,,TO,Norte,<5 mil,3218.0
1712009,,,0.0,,TO,Norte,<5 mil,2499.0
1712157,,,0.0,,TO,Norte,<5 mil,1265.0
1712405,,,0.0,,TO,Norte,<5 mil,2584.0
1712454,,,0.0,,TO,Norte,<5 mil,2044.0
1712504,,,0.0,,TO,Norte,<5 mil,2920.0
1712702,,,0.0,,TO,Norte,<5 mil,1768.0
1712801,,,0.0,,TO,Norte,<5 mil,2219.0
1713205,,,0.0,,TO,Norte,5-20 mil,15287.0
1713304,,,0.0,,TO,Norte,5-20 mil,11847.0
1713601,,,0.0,,TO,Norte,<5 mil,3510.0
1713700,,,0.0,,TO,Norte,<5 mil,499.0
1713809,,,0.0,,TO,Norte,<5 mil,3846.0
1713957,,,0.0,,TO,Norte,<5 mil,2069.0
1714203,,,0.0,,TO,Norte,5-20 mil,7400.0
1714302,,,0.0,,TO,Norte,<5 mil,1712.0
1714880,,,0.0,,TO,Norte,5-20 mil,8393.0
1715002,,,0.0,,TO,Norte,<5 mil,2846.0
1715101,,,0.0,,TO,Norte,<5 mil,3647.0
1715150,,,0.0,,TO,Norte,<5 mil,1733.0
1715259,,,0.0,,TO,Norte,<5 mil,2001.0
1715507,,,0.0,,TO,Norte,<5 mil,886.0
1715705,,,0.0,,TO,Norte,<5 mil,2424.0
1715754,,,0.0,,TO,Norte,5-20 mil,6270.0
1716109,23.35417582417608,0.8667692307691955,14.0,will_not_meet,TO,Norte,50-100 mil,50222.0
1716208,,,0.0,,TO,Norte,<5 mil,4760.0
1716307,,,0.0,,TO,Norte,<5 mil,3088.0
1716505,,,0.0,,TO,Norte,5-20 mil,12121.0
1716604,21.46172058823538,0.4403970588235369,16.0,will_not_meet,TO,Norte,5-20 mil,6048.0
1716653,,,0.0,,TO,Norte,<5 mil,2623.0
1716703,,,0.0,,TO,Norte,5-20 mil,5976.0
1717008,,,0.0,,TO,Norte,<5 mil,2887.0
1717206,,,0.0,,TO,Norte,<5 mil,1167.0
1717503,,,0.0,,TO,Norte,<5 mil,4420.0
1717800,,,0.0,,TO,Norte,<5 mil,2524.0
1717909,,,0.0,,TO,Norte,5-20 mil,5165.0
1718006,,,0.0,,TO,Norte,<5 mil,2196.0
1718204,106.7157894736838,3.335421052631636,19.0,on_track,TO,Norte,20-50 mil,46296.0
1718303,60.84694915254158,1.96728813559305,5.0,will_not_meet,TO,Norte,<5 mil,4995.0
1718402,,,0.0,,TO,Norte,<5 mil,3216.0
1718451,,,0.0,,TO,Norte,<5 mil,2323.0
1718501,,,0.0,,TO,Norte,<5 mil,2318.0
1718550,,,0.0,,TO,Norte,<5 mil,2042.0
1718659,,,0.0,,TO,Norte,<5 mil,2030.0
1718709,,,0.0,,TO,Norte,<5 mil,1153.0
1718758,,,0.0,,TO,Norte,<5 mil,2501.0
1718808,98.32299999999123,4.165999999999514,4.0,on_track,TO,Norte,<5 mil,4437.0
1718840,,,0.0,,TO,Norte,<5 mil,1788.0
1718865,,,0.0,,TO,Norte,5-20 mil,5034.0
1718881,,,0.0,,TO,Norte,<5 mil,2108.0
1718899,,,0.0,,TO,Norte,<5 mil,1038.0
1718907,,,0.0,,TO,Norte,<5 mil,3138.0
1719004,,,0.0,,TO,Norte,<5 mil,1875.0
1720002,,,0.0,,TO,Norte,<5 mil,1630.0
1720101,,,0.0,,TO,Norte,<5 mil,3216.0
1720150,,,0.0,,TO,Norte,<5 mil,1043.0
1720200,,,0.0,,TO,Norte,<5 mil,3024.0
1720259,,,0.0,,TO,Norte,<5 mil,1695.0
1720309,,,0.0,,TO,Norte,<5 mil,3754.0
1720499,,,0.0,,TO,Norte,<5 mil,2391.0
1720655,,,0.0,,TO,Norte,<5 mil,4369.0
1720804,89.83333333333576,6.135000000000253,3.0,at_risk,TO,Norte,<5 mil,4777.0
1720853,,,0.0,,TO,Norte,<5 mil,1274.0
1720903,,,2.0,,TO,Norte,5-20 mil,11979.0
1720937,,,0.0,,TO,Norte,<5 mil,1748.0
1720978,76.36773153125341,2.017041929043115,16.0,will_not_meet,TO,Norte,<5 mil,1506.0
1721000,88.86841229286983,2.2515285787283563,20.0,at_risk,TO,Norte,100-500 mil,304305.0
1721109,,,0.0,,TO,Norte,<5 mil,3373.0
1721208,91.1975151515162,3.7804848484847016,10.0,on_track,TO,Norte,5-20 mil,18481.0
1721257,,,0.0,,TO,Norte,<5 mil,1153.0
1721307,,,0.0,,TO,Norte,<5 mil,1414.0
1722081,,,0.0,,TO,Norte,5-20 mil,6297.0
1722107,,,0.0,,TO,Norte,5-20 mil,9752.0
2100055,,,2.0,,MA,Nordeste,50-100 mil,85558.0
2100105,,,0.0,,MA,Nordeste,<5 mil,3632.0
2100154,,,1.0,,MA,Nordeste,<5 mil,3316.0
2100204,,,0.0,,MA,Nordeste,5-20 mil,6480.0
2100303,,,0.0,,MA,Nordeste,5-20 mil,15357.0
2100402,,,0.0,,MA,Nordeste,<5 mil,2352.0
2100436,,,0.0,,MA,Nordeste,20-50 mil,22105.0
2100477,,,0.0,,MA,Nordeste,5-20 mil,10117.0
2100501,,,1.0,,MA,Nordeste,5-20 mil,7333.0
2100550,40.15599999999449,-3.528000000000494,4.0,will_not_meet,MA,Nordeste,5-20 mil,5241.0
2100600,,,0.0,,MA,Nordeste,5-20 mil,16620.0
2100709,,,0.0,,MA,Nordeste,5-20 mil,7536.0
2100808,,,0.0,,MA,Nordeste,5-20 mil,8251.0
2100832,,,0.0,,MA,Nordeste,5-20 mil,10769.0
2100873,,,0.0,,MA,Nordeste,5-20 mil,6032.0
2100907,,,0.0,,MA,Nordeste,5-20 mil,13346.0
2100956,,,0.0,,MA,Nordeste,5-20 mil,12996.0
2101004,,,1.0,,MA,Nordeste,5-20 mil,17680.0
2101103,,,0.0,,MA,Nordeste,5-20 mil,5044.0
2101202,8.473281900563691,-0.05895909870191514,18.0,will_not_meet,MA,Nordeste,50-100 mil,81815.0
2101251,,,0.0,,MA,Nordeste,<5 mil,3885.0
2101301,,,0.0,,MA,Nordeste,5-20 mil,9796.0
2101350,,,0.0,,MA,Nordeste,<5 mil,1532.0
2101400,,,1.0,,MA,Nordeste,50-100 mil,84465.0
2101509,,,0.0,,MA,Nordeste,5-20 mil,11025.0
2101608,,,0.0,,MA,Nordeste,50-100 mil,55430.0
2101707,78.39581818181432,3.2871818181814714,11.0,will_not_meet,MA,Nordeste,20-50 mil,25651.0
2101731,,,0.0,,MA,Nordeste,<5 mil,3638.0
2101772,,,0.0,,MA,Nordeste,<5 mil,4728.0
2101806,,,0.0,,MA,Nordeste,<5 mil,2902.0
2101905,,,1.0,,MA,Nordeste,5-20 mil,6916.0
2101939,,,0.0,,MA,Nordeste,<5 mil,2365.0
2101970,,,2.0,,MA,Nordeste,5-20 mil,6004.0
2102002,,,0.0,,MA,Nordeste,5-20 mil,17629.0
2102036,,,0.0,,MA,Nordeste,5-20 mil,16563.0
2102077,,,0.0,,MA,Nordeste,<5 mil,4678.0
2102101,,,0.0,,MA,Nordeste,5-20 mil,13650.0
2102150,,,0.0,,MA,Nordeste,<5 mil,4523.0
2102200,,,0.0,,MA,Nordeste,5-20 mil,8991.0
2102309,,,0.0,,MA,Nordeste,5-20 mil,17827.0
2102325,,,1.0,,MA,Nordeste,20-50 mil,40374.0
2102358,7.2642957746497245,-0.1438732394364987,7.0,will_not_meet,MA,Nordeste,<5 mil,4338.0
2102374,0.4646428571429695,-0.028214285714279107,7.0,will_not_meet,MA,Nordeste,<5 mil,4234.0
2102408,,,0.0,,MA,Nordeste,<5 mil,4128.0
2102507,,,0.0,,MA,Nordeste,<5 mil,4560.0
2102556,,,0.0,,MA,Nordeste,5-20 mil,11543.0
2102606,,,0.0,,MA,Nordeste,5-20 mil,13115.0
2102705,,,0.0,,MA,Nordeste,5-20 mil,14092.0
2102754,,,0.0,,MA,Nordeste,5-20 mil,5734.0
2102804,0.0,-0.47321428571423846,6.0,will_not_meet,MA,Nordeste,5-20 mil,16367.0
2102903,,,0.0,,MA,Nordeste,5-20 mil,17764.0
2103000,11.48384615384623,0.4930769230769038,14.0,will_not_meet,MA,Nordeste,100-500 mil,126962.0
2103109,,,1.0,,MA,Nordeste,<5 mil,2434.0
2103125,,,0.0,,MA,Nordeste,<5 mil,4528.0
2103158,,,0.0,,MA,Nordeste,5-20 mil,7325.0
2103174,,,0.0,,MA,Nordeste,5-20 mil,6585.0
2103208,,,0.0,,MA,Nordeste,50-100 mil,58185.0
2103257,,,1.0,,MA,Nordeste,5-20 mil,6554.0
2103307,5.152072072072087,-0.1500225225225176,16.0,will_not_meet,MA,Nordeste,50-100 mil,84705.0
2103406,,,0.0,,MA,Nordeste,20-50 mil,41259.0
2103505,,,0.0,,MA,Nordeste,20-50 mil,27085.0
2103554,,,1.0,,MA,Nordeste,5-20 mil,7879.0
2103604,3.342999999999165,-0.22100000000008418,5.0,will_not_meet,MA,Nordeste,20-50 mil,45891.0
2103703,,,0.0,,MA,Nordeste,20-50 mil,22207.0
2103752,,,1.0,,MA,Nordeste,5-20 mil,10774.0
2103802,,,0.0,,MA,Nordeste,5-20 mil,15740.0
2103901,,,0.0,,MA,Nordeste,5-20 mil,5742.0
2104008,,,0.0,,MA,Nordeste,5-20 mil,9230.0
2104057,44.699459459451646,2.5805405405399084,5.0,will_not_meet,MA,Nordeste,20-50 mil,30592.0
2104073,,,1.0,,MA,Nordeste,<5 mil,2012.0
2104099,,,1.0,,MA,Nordeste,5-20 mil,6260.0
2104107,,,1.0,,MA,Nordeste,5-20 mil,7631.0
2104206,,,0.0,,MA,Nordeste,5-20 mil,11212.0
2104305,,,0.0,,MA,Nordeste,5-20 mil,7652.0
2104404,,,0.0,,MA,Nordeste,5-20 mil,7979.0
2104503,,,0.0,,MA,Nordeste,5-20 mil,7102.0
2104552,,,0.0,,MA,Nordeste,5-20 mil,8202.0
2104602,,,0.0,,MA,Nordeste,<5 mil,4312.0
2104628,,,0.0,,MA,Nordeste,5-20 mil,5569.0
2104651,,,0.0,,MA,Nordeste,<5 mil,3643.0
2104677,,,0.0,,MA,Nordeste,5-20 mil,16008.0
2104701,,,0.0,,MA,Nordeste,<5 mil,2969.0
2104800,,,0.0,,MA,Nordeste,20-50 mil,42171.0
2104909,,,0.0,,MA,Nordeste,5-20 mil,6843.0
2105005,,,1.0,,MA,Nordeste,5-20 mil,11691.0
2105104,,,0.0,,MA,Nordeste,5-20 mil,8524.0
2105153,,,0.0,,MA,Nordeste,5-20 mil,7157.0
2105203,150.0,12.070000000000293,3.0,on_track,MA,Nordeste,5-20 mil,6913.0
2105302,66.36140598531847,0.8958159232071929,22.0,will_not_meet,MA,Nordeste,100-500 mil,246369.0
2105351,,,0.0,,MA,Nordeste,<5 mil,4855.0
2105401,94.55000000001019,6.715000000000319,4.0,on_track,MA,Nordeste,20-50 mil,38644.0
2105427,,,0.0,,MA,Nordeste,5-20 mil,18542.0
2105450,,,1.0,,MA,Nordeste,<5 mil,4590.0
2105476,,,0.0,,MA,Nordeste,<5 mil,2647.0
2105500,,,0.0,,MA,Nordeste,5-20 mil,17816.0
2105609,,,0.0,,MA,Nordeste,5-20 mil,6267.0
2105658,,,0.0,,MA,Nordeste,<5 mil,3039.0
2105708,,,0.0,,MA,Nordeste,20-50 mil,33225.0
2105807,,,0.0,,MA,Nordeste,<5 mil,3975.0
2105906,,,0.0,,MA,Nordeste,5-20 mil,5366.0
2105922,,,0.0,,MA,Nordeste,<5 mil,4594.0
2105948,,,0.0,,MA,Nordeste,5-20 mil,5510.0
2105963,,,0.0,,MA,Nordeste,,
2105989,100.00000000000014,8.875514052403242e-15,4.0,on_track,MA,Nordeste,<5 mil,3458.0
2106003,,,0.0,,MA,Nordeste,5-20 mil,7102.0
2106102,,,0.0,,MA,Nordeste,5-20 mil,6852.0
2106201,,,0.0,,MA,Nordeste,5-20 mil,5931.0
2106300,,,0.0,,MA,Nordeste,5-20 mil,10309.0
2106326,,,1.0,,MA,Nordeste,5-20 mil,17680.0
2106359,,,0.0,,MA,Nordeste,<5 mil,1116.0
2106375,,,0.0,,MA,Nordeste,5-20 mil,10744.0
2106409,,,0.0,,MA,Nordeste,5-20 mil,8060.0
2106508,100.00000000000003,2.858731204861001e-15,3.0,on_track,MA,Nordeste,5-20 mil,9575.0
2106607,,,0.0,,MA,Nordeste,5-20 mil,12120.0
2106631,,,0.0,,MA,Nordeste,5-20 mil,5874.0
2106706,,,0.0,,MA,Nordeste,5-20 mil,9645.0
2106755,,,0.0,,MA,Nordeste,20-50 mil,23270.0
2106805,,,0.0,,MA,Nordeste,5-20 mil,9565.0
2106904,,,0.0,,MA,Nordeste,5-20 mil,12556.0
2107001,,,0.0,,MA,Nordeste,<5 mil,4936.0
2107100,,,0.0,,MA,Nordeste,5-20 mil,7447.0
2107209,,,0.0,,MA,Nordeste,5-20 mil,5280.0
2107258,,,0.0,,MA,Nordeste,<5 mil,2474.0
2107308,,,0.0,,MA,Nordeste,<5 mil,2934.0
2107357,100.00000000000009,5.492489383127289e-15,3.0,on_track,MA,Nordeste,5-20 mil,13160.0
2107407,,,0.0,,MA,Nordeste,5-20 mil,10115.0
2107506,90.42924444444543,3.3985333333333902,9.0,on_track,MA,Nordeste,50-100 mil,93913.0
2107605,,,0.0,,MA,Nordeste,<5 mil,3657.0
2107704,,,0.0,,MA,Nordeste,5-20 mil,16896.0
2107803,,,0.0,,MA,Nordeste,5-20 mil,13734.0
2107902,,,0.0,,MA,Nordeste,,
2108009,,,0.0,,MA,Nordeste,5-20 mil,13415.0
2108058,,,0.0,,MA,Nordeste,5-20 mil,5223.0
2108108,,,1.0,,MA,Nordeste,5-20 mil,11371.0
2108207,,,2.0,,MA,Nordeste,20-50 mil,32691.0
2108256,,,0.0,,MA,Nordeste,5-20 mil,6623.0
2108306,,,0.0,,MA,Nordeste,5-20 mil,18879.0
2108405,,,0.0,,MA,Nordeste,<5 mil,3819.0
2108454,,,0.0,,MA,Nordeste,5-20 mil,8604.0
2108504,,,0.0,,MA,Nordeste,20-50 mil,23881.0
2108603,,,0.0,,MA,Nordeste,50-100 mil,50054.0
2108702,,,0.0,,MA,Nordeste,5-20 mil,12039.0
2108801,,,0.0,,MA,Nordeste,5-20 mil,12065.0
2108900,,,0.0,,MA,Nordeste,5-20 mil,7363.0
2109007,1.4699999999999633,0.024999999999995835,3.0,will_not_meet,MA,Nordeste,5-20 mil,18873.0
2109056,,,0.0,,MA,Nordeste,<5 mil,2373.0
2109106,,,0.0,,MA,Nordeste,20-50 mil,34527.0
2109205,,,0.0,,MA,Nordeste,<5 mil,4619.0
2109239,35.2740000000008,1.5583225806451544,6.0,will_not_meet,MA,Nordeste,<5 mil,4363.0
2109270,,,0.0,,MA,Nordeste,<5 mil,4801.0
2109304,,,1.0,,MA,Nordeste,<5 mil,4842.0
2109403,,,0.0,,MA,Nordeste,<5 mil,4778.0
2109452,,,0.0,,MA,Nordeste,5-20 mil,19215.0
2109502,,,0.0,,MA,Nordeste,5-20 mil,10245.0
2109551,9.540000000000077,0.06600000000000628,4.0,will_not_meet,MA,Nordeste,<5 mil,3864.0
2109601,,,0.0,,MA,Nordeste,20-50 mil,25406.0
2109700,,,0.0,,MA,Nordeste,<5 mil,2939.0
2109759,,,0.0,,MA,Nordeste,<5 mil,2558.0
2109809,,,0.0,,MA,Nordeste,20-50 mil,21440.0
2109908,,,0.0,,MA,Nordeste,50-100 mil,85174.0
2110005,,,0.0,,MA,Nordeste,20-50 mil,25462.0
2110039,,,1.0,,MA,Nordeste,5-20 mil,14172.0
2110104,,,0.0,,MA,Nordeste,5-20 mil,12539.0
2110203,,,0.0,,MA,Nordeste,5-20 mil,17849.0
2110237,,,0.0,,MA,Nordeste,<5 mil,2165.0
2110302,,,1.0,,MA,Nordeste,5-20 mil,5823.0
2110401,,,2.0,,MA,Nordeste,5-20 mil,11651.0
2110500,,,0.0,,MA,Nordeste,20-50 mil,26539.0
2110609,,,1.0,,MA,Nordeste,5-20 mil,12847.0
2110658,,,0.0,,MA,Nordeste,5-20 mil,5291.0
2110708,,,0.0,,MA,Nordeste,5-20 mil,17717.0
2110807,,,0.0,,MA,Nordeste,<5 mil,1572.0
2110856,,,0.0,,MA,Nordeste,5-20 mil,5694.0
2110906,,,0.0,,MA,Nordeste,<5 mil,4131.0
2111003,,,0.0,,MA,Nordeste,5-20 mil,5563.0
2111029,,,0.0,,MA,Nordeste,<5 mil,3310.0
2111052,,,0.0,,MA,Nordeste,5-20 mil,5461.0
2111078,,,0.0,,MA,Nordeste,5-20 mil,7227.0
2111102,,,0.0,,MA,Nordeste,20-50 mil,21503.0
2111201,72.668115942035,1.1912681159423222,7.0,will_not_meet,MA,Nordeste,20-50 mil,41710.0
2111250,,,0.0,,MA,Nordeste,<5 mil,3063.0
2111300,97.9695822102426,1.0807508663842775,24.0,on_track,MA,Nordeste,500 mil+,1054007.0
2111409,,,0.0,,MA,Nordeste,5-20 mil,7288.0
2111508,,,1.0,,MA,Nordeste,20-50 mil,30663.0
2111532,,,0.0,,MA,Nordeste,5-20 mil,11381.0
2111573,,,1.0,,MA,Nordeste,<5 mil,2580.0
2111607,,,0.0,,MA,Nordeste,5-20 mil,13692.0
2111631,,,1.0,,MA,Nordeste,<5 mil,1444.0
2111672,,,0.0,,MA,Nordeste,<5 mil,3274.0
2111706,,,0.0,,MA,Nordeste,5-20 mil,5845.0
2111722,,,0.0,,MA,Nordeste,<5 mil,4326.0
2111748,,,0.0,,MA,Nordeste,5-20 mil,6782.0
2111763,,,0.0,,MA,Nordeste,5-20 mil,6789.0
2111789,,,0.0,,MA,Nordeste,<5 mil,3979.0
2111805,,,0.0,,MA,Nordeste,5-20 mil,5441.0
2111904,,,0.0,,MA,Nordeste,5-20 mil,5033.0
2111953,,,0.0,,MA,Nordeste,<5 mil,3531.0
2112001,68.83999999999833,-1.935000000000102,3.0,will_not_meet,MA,Nordeste,5-20 mil,5152.0
2112100,,,0.0,,MA,Nordeste,5-20 mil,18247.0
2112209,125.6260000000184,8.834000000002389,5.0,on_track,MA,Nordeste,100-500 mil,148917.0
2112233,,,2.0,,MA,Nordeste,5-20 mil,18960.0
2112274,,,0.0,,MA,Nordeste,<5 mil,2865.0
2112308,,,0.0,,MA,Nordeste,5-20 mil,19327.0
2112407,,,0.0,,MA,Nordeste,5-20 mil,11503.0
2112456,,,0.0,,MA,Nordeste,5-20 mil,11833.0
2112506,150.0,11.591000000001534,4.0,on_track,MA,Nordeste,20-50 mil,21206.0
2112605,,,0.0,,MA,Nordeste,20-50 mil,23891.0
2112704,,,0.0,,MA,Nordeste,20-50 mil,31224.0
2112803,,,0.0,,MA,Nordeste,20-50 mil,27720.0
2112852,50.0,1.671317815196574e-16,3.0,will_not_meet,MA,Nordeste,5-20 mil,7585.0
2112902,,,0.0,,MA,Nordeste,5-20 mil,15636.0
2113009,,,0.0,,MA,Nordeste,5-20 mil,16105.0
2114007,,,0.0,,MA,Nordeste,20-50 mil,32105.0
2200053,,,0.0,,PI,Nordeste,<5 mil,950.0
2200103,,,0.0,,PI,Nordeste,<5 mil,3620.0
2200202,81.73428571428758,3.7085714285715445,7.0,at_risk,PI,Nordeste,5-20 mil,15488.0
2200251,,,1.0,,PI,Nordeste,<5 mil,2792.0
2200277,,,0.0,,PI,Nordeste,<5 mil,2709.0
2200301,,,0.0,,PI,Nordeste,5-20 mil,7071.0
2200400,5.586025641025515,-0.1151398601398659,12.0,will_not_meet,PI,Nordeste,20-50 mil,28699.0
2200459,,,0.0,,PI,Nordeste,<5 mil,2002.0
2200509,,,0.0,,PI,Nordeste,5-20 mil,9015.0
2200608,,,0.0,,PI,Nordeste,5-20 mil,5298.0
2200707,,,0.0,,PI,Nordeste,<5 mil,4946.0
2200806,99.99999999999997,-4.586495415190095e-17,7.0,on_track,PI,Nordeste,<5 mil,2324.0
2200905,,,0.0,,PI,Nordeste,<5 mil,3454.0
2200954,,,1.0,,PI,Nordeste,,
2201002,,,0.0,,PI,Nordeste,<5 mil,2446.0
2201051,,,0.0,,PI,Nordeste,<5 mil,3547.0
2201101,,,0.0,,PI,Nordeste,5-20 mil,6892.0
2201150,,,0.0,,PI,Nordeste,5-20 mil,7249.0
2201200,,,0.0,,PI,Nordeste,20-50 mil,23334.0
2201309,,,0.0,,PI,Nordeste,<5 mil,1946.0
2201408,,,1.0,,PI,Nordeste,5-20 mil,5090.0
2201507,,,0.0,,PI,Nordeste,5-20 mil,10046.0
2201556,,,0.0,,PI,Nordeste,<5 mil,1331.0
2201572,,,0.0,,PI,Nordeste,<5 mil,1761.0
2201606,,,1.0,,PI,Nordeste,5-20 mil,6620.0
2201705,,,0.0,,PI,Nordeste,<5 mil,4035.0
2201770,,,0.0,,PI,Nordeste,<5 mil,1658.0
2201804,57.29500000000371,3.2360000000001525,4.0,will_not_meet,PI,Nordeste,<5 mil,1802.0
2201903,129.50099999999657,7.1469999999997285,5.0,on_track,PI,Nordeste,5-20 mil,19924.0
2201919,,,0.0,,PI,Nordeste,<5 mil,1762.0
2201929,,,0.0,,PI,Nordeste,<5 mil,1728.0
2201945,,,0.0,,PI,Nordeste,<5 mil,2774.0
2201960,,,0.0,,PI,Nordeste,<5 mil,3657.0
2201988,,,0.0,,PI,Nordeste,<5 mil,1416.0
2202000,,,0.0,,PI,Nordeste,5-20 mil,10703.0
2202026,,,0.0,,PI,Nordeste,<5 mil,2515.0
2202059,,,0.0,,PI,Nordeste,<5 mil,1781.0
2202075,,,2.0,,PI,Nordeste,<5 mil,1193.0
2202083,,,0.0,,PI,Nordeste,<5 mil,2779.0
2202091,,,0.0,,PI,Nordeste,<5 mil,1662.0
2202109,,,0.0,,PI,Nordeste,<5 mil,1881.0
2202133,52.62033762058127,2.0619131832799034,7.0,will_not_meet,PI,Nordeste,<5 mil,1680.0
2202174,,,0.0,,PI,Nordeste,<5 mil,1475.0
2202208,,,0.0,,PI,Nordeste,20-50 mil,34837.0
2202251,,,0.0,,PI,Nordeste,<5 mil,1746.0
2202307,,,0.0,,PI,Nordeste,5-20 mil,11856.0
2202406,,,0.0,,PI,Nordeste,5-20 mil,6647.0
2202455,,,0.0,,PI,Nordeste,<5 mil,1233.0
2202505,,,0.0,,PI,Nordeste,<5 mil,4342.0
2202539,,,0.0,,PI,Nordeste,<5 mil,1040.0
2202554,39.300000000000864,-0.9999999999999666,3.0,will_not_meet,PI,Nordeste,<5 mil,1669.0
2202604,,,0.0,,PI,Nordeste,5-20 mil,12343.0
2202653,,,0.0,,PI,Nordeste,<5 mil,1050.0
2202703,,,1.0,,PI,Nordeste,5-20 mil,12881.0
2202711,,,0.0,,PI,Nordeste,<5 mil,2893.0
2202729,,,0.0,,PI,Nordeste,<5 mil,1976.0
2202737,,,0.0,,PI,Nordeste,<5 mil,1245.0
2202752,,,0.0,,PI,Nordeste,5-20 mil,5259.0
2202778,,,0.0,,PI,Nordeste,<5 mil,2727.0
2202802,,,0.0,,PI,Nordeste,<5 mil,2540.0
2202851,,,0.0,,PI,Nordeste,<5 mil,1539.0
2202901,28.0212332495812,0.5790148659966586,17.0,will_not_meet,PI,Nordeste,5-20 mil,16535.0
2203008,,,0.0,,PI,Nordeste,<5 mil,3140.0
2203107,,,1.0,,PI,Nordeste,5-20 mil,7613.0
2203206,,,0.0,,PI,Nordeste,5-20 mil,7545.0
2203230,,,0.0,,PI,Nordeste,<5 mil,979.0
2203271,,,0.0,,PI,Nordeste,<5 mil,1527.0
2203305,,,0.0,,PI,Nordeste,5-20 mil,11351.0
2203354,,,0.0,,PI,Nordeste,<5 mil,2501.0
2203404,,,0.0,,PI,Nordeste,<5 mil,3774.0
2203420,,,0.0,,PI,Nordeste,<5 mil,978.0
2203453,,,1.0,,PI,Nordeste,<5 mil,2047.0
2203503,,,0.0,,PI,Nordeste,5-20 mil,10151.0
2203602,,,0.0,,PI,Nordeste,<5 mil,4049.0
2203701,,,1.0,,PI,Nordeste,20-50 mil,24498.0
2203750,0.0,-11.903571428572201,3.0,will_not_meet,PI,Nordeste,<5 mil,1403.0
2203800,,,1.0,,PI,Nordeste,<5 mil,2030.0
2203859,,,0.0,,PI,Nordeste,<5 mil,888.0
2203909,14.934285714288308,0.6585714285716509,8.0,will_not_meet,PI,Nordeste,50-100 mil,52067.0
2204006,,,0.0,,PI,Nordeste,<5 mil,3344.0
2204105,,,0.0,,PI,Nordeste,<5 mil,2069.0
2204154,,,0.0,,PI,Nordeste,<5 mil,1295.0
2204204,,,0.0,,PI,Nordeste,<5 mil,4364.0
2204303,26.44835616438104,-5.577945205479694,3.0,will_not_meet,PI,Nordeste,5-20 mil,7664.0
2204352,,,0.0,,PI,Nordeste,<5 mil,1216.0
2204402,,,0.0,,PI,Nordeste,5-20 mil,6161.0
2204501,124.65000000001055,5.627000000000481,4.0,on_track,PI,Nordeste,5-20 mil,10061.0
2204550,,,0.0,,PI,Nordeste,<5 mil,1325.0
2204600,,,0.0,,PI,Nordeste,<5 mil,3188.0
2204659,24.923333333326696,0.4824999999995183,6.0,will_not_meet,PI,Nordeste,5-20 mil,7924.0
2204709,,,1.0,,PI,Nordeste,5-20 mil,7517.0
2204808,,,0.0,,PI,Nordeste,5-20 mil,6076.0
2204907,,,0.0,,PI,Nordeste,<5 mil,1947.0
2205003,,,0.0,,PI,Nordeste,<5 mil,2635.0
2205102,,,0.0,,PI,Nordeste,5-20 mil,6149.0
2205151,,,0.0,,PI,Nordeste,<5 mil,1023.0
2205201,,,0.0,,PI,Nordeste,5-20 mil,9073.0
2205250,,,0.0,,PI,Nordeste,<5 mil,1241.0
2205276,,,0.0,,PI,Nordeste,<5 mil,932.0
2205300,,,0.0,,PI,Nordeste,<5 mil,2499.0
2205359,114.96921212121015,5.398787878787564,10.0,on_track,PI,Nordeste,<5 mil,711.0
2205409,,,2.0,,PI,Nordeste,<5 mil,4434.0
2205458,,,0.0,,PI,Nordeste,,
2205508,5.216761904761893,-0.0008571428571437568,6.0,will_not_meet,PI,Nordeste,20-50 mil,22983.0
2205516,,,0.0,,PI,Nordeste,<5 mil,1707.0
2205524,,,0.0,,PI,Nordeste,<5 mil,1702.0
2205532,,,0.0,,PI,Nordeste,<5 mil,918.0
2205540,,,0.0,,PI,Nordeste,<5 mil,1695.0
2205557,,,0.0,,PI,Nordeste,<5 mil,3271.0
2205565,,,0.0,,PI,Nordeste,<5 mil,1024.0
2205573,,,0.0,,PI,Nordeste,<5 mil,2214.0
2205581,,,0.0,,PI,Nordeste,<5 mil,1769.0
2205599,,,0.0,,PI,Nordeste,<5 mil,1854.0
2205607,,,0.0,,PI,Nordeste,<5 mil,3950.0
2205706,0.0,-49.94000000000285,3.0,will_not_meet,PI,Nordeste,5-20 mil,13603.0
2205805,,,0.0,,PI,Nordeste,5-20 mil,13697.0
2205854,,,2.0,,PI,Nordeste,<5 mil,3590.0
2205904,,,0.0,,PI,Nordeste,<5 mil,3403.0
2205953,,,1.0,,PI,Nordeste,5-20 mil,7335.0
2206001,,,2.0,,PI,Nordeste,<5 mil,3923.0
2206050,,,0.0,,PI,Nordeste,<5 mil,731.0
2206100,,,0.0,,PI,Nordeste,5-20 mil,5028.0
2206209,,,0.0,,PI,Nordeste,5-20 mil,11246.0
2206308,,,0.0,,PI,Nordeste,<5 mil,850.0
2206357,,,0.0,,PI,Nordeste,<5 mil,1659.0
2206407,,,0.0,,PI,Nordeste,5-20 mil,5427.0
2206506,,,0.0,,PI,Nordeste,<5 mil,3671.0
2206605,,,0.0,,PI,Nordeste,<5 mil,3060.0
2206654,,,2.0,,PI,Nordeste,<5 mil,1563.0
2206670,,,0.0,,PI,Nordeste,<5 mil,2413.0
2206696,,,2.0,,PI,Nordeste,<5 mil,1847.0
2206704,,,0.0,,PI,Nordeste,<5 mil,3496.0
2206720,,,0.0,,PI,Nordeste,<5 mil,1767.0
2206753,,,1.0,,PI,Nordeste,<5 mil,1469.0
2206803,,,0.0,,PI,Nordeste,<5 mil,3938.0
2206902,,,0.0,,PI,Nordeste,<5 mil,3305.0
2206951,,,0.0,,PI,Nordeste,<5 mil,823.0
2207009,63.47055274608874,1.358507585558,16.0,will_not_meet,PI,Nordeste,20-50 mil,22922.0
2207108,,,2.0,,PI,Nordeste,<5 mil,1004.0
2207207,,,0.0,,PI,Nordeste,<5 mil,2430.0
2207306,,,0.0,,PI,Nordeste,<5 mil,2414.0
2207355,,,0.0,,PI,Nordeste,<5 mil,1448.0
2207405,,,0.0,,PI,Nordeste,<5 mil,1777.0
2207504,,,0.0,,PI,Nordeste,5-20 mil,5687.0
2207553,,,0.0,,PI,Nordeste,<5 mil,528.0
2207603,,,0.0,,PI,Nordeste,5-20 mil,5635.0
2207702,57.870000000003074,1.951333333333745,9.0,will_not_meet,PI,Nordeste,100-500 mil,145183.0
2207751,,,0.0,,PI,Nordeste,<5 mil,2365.0
2207777,,,0.0,,PI,Nordeste,<5 mil,1776.0
2207801,0.2799999999998306,-0.11400000000000762,4.0,will_not_meet,PI,Nordeste,5-20 mil,11086.0
2207850,,,0.0,,PI,Nordeste,<5 mil,1793.0
2207900,,,1.0,,PI,Nordeste,20-50 mil,23462.0
2207934,,,0.0,,PI,Nordeste,<5 mil,868.0
2207959,,,0.0,,PI,Nordeste,<5 mil,738.0
2208007,81.58007747068405,2.804165619765547,17.0,at_risk,PI,Nordeste,50-100 mil,62447.0
2208106,,,0.0,,PI,Nordeste,<5 mil,4965.0
2208205,,,1.0,,PI,Nordeste,5-20 mil,5537.0
2208304,,,0.0,,PI,Nordeste,20-50 mil,20224.0
2208403,,,1.0,,PI,Nordeste,20-50 mil,45977.0
2208502,128.41428571428696,6.212857142857175,7.0,on_track,PI,Nordeste,5-20 mil,7975.0
2208551,100.00000000000003,2.858731204861001e-15,3.0,on_track,PI,Nordeste,<5 mil,1921.0
2208601,,,0.0,,PI,Nordeste,<5 mil,2605.0
2208650,,,0.0,,PI,Nordeste,<5 mil,1222.0
2208700,,,1.0,,PI,Nordeste,5-20 mil,5598.0
2208809,,,0.0,,PI,Nordeste,5-20 mil,14138.0
2208858,,,0.0,,PI,Nordeste,<5 mil,2256.0
2208874,,,0.0,,PI,Nordeste,<5 mil,1087.0
2208908,48.167238095238645,-0.9251428571428291,6.0,will_not_meet,PI,Nordeste,<5 mil,4815.0
2209005,,,0.0,,PI,Nordeste,<5 mil,4199.0
2209104,,,0.0,,PI,Nordeste,<5 mil,4220.0
2209153,,,0.0,,PI,Nordeste,<5 mil,2261.0
2209203,,,0.0,,PI,Nordeste,<5 mil,3637.0
2209302,,,0.0,,PI,Nordeste,<5 mil,3329.0
2209351,,,0.0,,PI,Nordeste,<5 mil,1834.0
2209377,,,0.0,,PI,Nordeste,<5 mil,3730.0
2209401,,,0.0,,PI,Nordeste,<5 mil,4220.0
2209450,,,0.0,,PI,Nordeste,<5 mil,851.0
2209500,,,0.0,,PI,Nordeste,<5 mil,2398.0
2209559,,,0.0,,PI,Nordeste,<5 mil,1054.0
2209609,,,0.0,,PI,Nordeste,<5 mil,1563.0
2209658,,,0.0,,PI,Nordeste,<5 mil,1489.0
2209708,,,0.0,,PI,Nordeste,<5 mil,2020.0
2209757,0.0,-9.885000000001027,3.0,will_not_meet,PI,Nordeste,<5 mil,1319.0
2209807,,,1.0,,PI,Nordeste,<5 mil,3510.0
2209856,,,0.0,,PI,Nordeste,<5 mil,1281.0
2209872,4.683333333333167,0.11999999999998459,3.0,will_not_meet,PI,Nordeste,<5 mil,2465.0
2209906,,,0.0,,PI,Nordeste,<5 mil,3418.0
2209955,,,0.0,,PI,Nordeste,<5 mil,1450.0
2209971,16.675479452056607,-1.0599315068492279,7.0,will_not_meet,PI,Nordeste,<5 mil,4030.0
2210003,,,2.0,,PI,Nordeste,5-20 mil,14278.0
2210052,,,0.0,,PI,Nordeste,<5 mil,2822.0
2210102,,,0.0,,PI,Nordeste,<5 mil,1908.0
2210201,,,0.0,,PI,Nordeste,<5 mil,1960.0
2210300,,,1.0,,PI,Nordeste,<5 mil,2617.0
2210359,,,0.0,,PI,Nordeste,<5 mil,1152.0
2210375,,,0.0,,PI,Nordeste,<5 mil,842.0
2210383,,,2.0,,PI,Nordeste,<5 mil,1581.0
2210391,,,0.0,,PI,Nordeste,,
2210409,68.84771428572094,2.7491428571434,6.0,will_not_meet,PI,Nordeste,5-20 mil,6485.0
2210508,,,0.0,,PI,Nordeste,5-20 mil,8626.0
2210607,,,1.0,,PI,Nordeste,20-50 mil,23047.0
2210623,,,0.0,,PI,Nordeste,<5 mil,507.0
2210631,,,0.0,,PI,Nordeste,<5 mil,2013.0
2210656,,,0.0,,PI,Nordeste,<5 mil,3326.0
2210706,100.00000000000011,8.158132115154597e-15,3.0,on_track,PI,Nordeste,5-20 mil,5883.0
2210805,5.865523809523779,-0.24971428571428356,6.0,will_not_meet,PI,Nordeste,5-20 mil,7579.0
2210904,,,0.0,,PI,Nordeste,<5 mil,1643.0
2210938,,,0.0,,PI,Nordeste,<5 mil,1727.0
2210953,,,0.0,,PI,Nordeste,<5 mil,1056.0
2210979,,,0.0,,PI,Nordeste,<5 mil,915.0
2211001,28.265505594032902,0.539317527970164,21.0,will_not_meet,PI,Nordeste,500 mil+,821192.0
2211100,150.0,9.292000000002368,5.0,on_track,PI,Nordeste,20-50 mil,21946.0
2211209,,,0.0,,PI,Nordeste,5-20 mil,16734.0
2211308,,,0.0,,PI,Nordeste,5-20 mil,16275.0
2211357,,,0.0,,PI,Nordeste,<5 mil,1151.0
2211407,,,0.0,,PI,Nordeste,<5 mil,2608.0
2211506,,,2.0,,PI,Nordeste,<5 mil,997.0
2211605,,,0.0,,PI,Nordeste,<5 mil,724.0
2211704,,,0.0,,PI,Nordeste,<5 mil,1220.0
2300101,,,0.0,,CE,Nordeste,5-20 mil,5189.0
2300150,9.407017543859183,-0.9370175438596718,19.0,will_not_meet,CE,Nordeste,5-20 mil,7879.0
2300200,15.539864661654349,0.22548120300751626,20.0,will_not_meet,CE,Nordeste,20-50 mil,31189.0
2300309,7.821758241758289,-0.5765934065933789,14.0,will_not_meet,CE,Nordeste,20-50 mil,26967.0
2300408,,,0.0,,CE,Nordeste,<5 mil,4288.0
2300507,13.694615384615645,-1.4338461538461449,13.0,will_not_meet,CE,Nordeste,<5 mil,3792.0
2300606,3.6437142857143954,-0.5115714285714286,15.0,will_not_meet,CE,Nordeste,5-20 mil,5576.0
2300705,,,0.0,,CE,Nordeste,5-20 mil,7902.0
2300754,17.74504504504648,0.5631531531531991,8.0,will_not_meet,CE,Nordeste,5-20 mil,17662.0
2300804,130.22333333332608,6.8199999999993945,3.0,on_track,CE,Nordeste,5-20 mil,5298.0
2300903,,,0.0,,CE,Nordeste,5-20 mil,6111.0
2301000,24.969962406014474,-1.3059774436089948,20.0,will_not_meet,CE,Nordeste,50-100 mil,75352.0
2301109,43.94275939849649,1.5497443609022121,20.0,will_not_meet,CE,Nordeste,20-50 mil,48004.0
2301208,,,0.0,,CE,Nordeste,5-20 mil,14391.0
2301257,,,0.0,,CE,Nordeste,5-20 mil,5136.0
2301307,,,0.0,,CE,Nordeste,5-20 mil,13362.0
2301406,0.0,-1.9296323529412303,17.0,will_not_meet,CE,Nordeste,<5 mil,3844.0
2301505,,,0.0,,CE,Nordeste,<5 mil,3979.0
2301604,,,2.0,,CE,Nordeste,5-20 mil,12533.0
2301703,7.114333333333548,-0.4265000000000001,15.0,will_not_meet,CE,Nordeste,5-20 mil,11825.0
2301802,,,0.0,,CE,Nordeste,<5 mil,3464.0
2301851,,,0.0,,CE,Nordeste,5-20 mil,9258.0
2301901,8.40490977443585,-0.1593458646616626,20.0,will_not_meet,CE,Nordeste,20-50 mil,42379.0
2301950,9.637598039215732,-0.3044607843137291,17.0,will_not_meet,CE,Nordeste,5-20 mil,9432.0
2302008,2.148333333333426,-0.36750000000000477,15.0,will_not_meet,CE,Nordeste,5-20 mil,13967.0
2302057,21.319019607842847,0.5307843137255023,17.0,will_not_meet,CE,Nordeste,5-20 mil,10170.0
2302107,0.0,-0.14403759398495905,20.0,will_not_meet,CE,Nordeste,20-50 mil,26495.0
2302206,6.869972480220895,-1.7309700722394432,18.0,will_not_meet,CE,Nordeste,20-50 mil,23804.0
2302305,61.38730769230733,1.045594405594392,12.0,will_not_meet,CE,Nordeste,5-20 mil,13827.0
2302404,117.62018939394056,2.4203787878788354,8.0,on_track,CE,Nordeste,20-50 mil,27710.0
2302503,43.240322580645255,0.07238709677420381,4.0,will_not_meet,CE,Nordeste,20-50 mil,31160.0
2302602,58.96534818941427,1.8065738161558802,16.0,will_not_meet,CE,Nordeste,20-50 mil,47618.0
2302701,24.71976190476201,0.048357142857148545,15.0,will_not_meet,CE,Nordeste,5-20 mil,19806.0
2302800,18.450769230769254,-0.14395604395603848,14.0,will_not_meet,CE,Nordeste,20-50 mil,48770.0
2302909,,,0.0,,CE,Nordeste,5-20 mil,6492.0
2303006,,,0.0,,CE,Nordeste,5-20 mil,13245.0
2303105,95.27666666665209,6.859999999998896,3.0,on_track,CE,Nordeste,5-20 mil,8357.0
2303204,,,0.0,,CE,Nordeste,5-20 mil,14358.0
2303303,,,0.0,,CE,Nordeste,5-20 mil,8370.0
2303402,,,0.0,,CE,Nordeste,5-20 mil,8443.0
2303501,0.756157894736873,-0.11689473684210108,20.0,will_not_meet,CE,Nordeste,50-100 mil,61730.0
2303600,16.27838095238087,-0.49657142857143727,15.0,will_not_meet,CE,Nordeste,5-20 mil,9797.0
2303659,,,0.0,,CE,Nordeste,5-20 mil,5643.0
2303709,63.40922926326675,1.5822009273570454,21.0,will_not_meet,CE,Nordeste,100-500 mil,328992.0
2303808,1.0600549450546168,-0.258186813186837,13.0,will_not_meet,CE,Nordeste,5-20 mil,15830.0
2303907,,,0.0,,CE,Nordeste,5-20 mil,9529.0
2303931,,,0.0,,CE,Nordeste,<5 mil,4017.0
2303956,99.99999999999983,-8.271816140634226e-15,3.0,on_track,CE,Nordeste,5-20 mil,12254.0
2304004,0.0,-13.164340659336913,13.0,will_not_meet,CE,Nordeste,5-20 mil,15121.0
2304103,51.93002255639135,0.9295864661653953,20.0,will_not_meet,CE,Nordeste,50-100 mil,54400.0
2304202,70.46153144016216,1.4615922920892523,16.0,will_not_meet,CE,Nordeste,100-500 mil,111292.0
2304236,0.0,-1.1026470588235675,17.0,will_not_meet,CE,Nordeste,5-20 mil,9637.0
2304251,,,0.0,,CE,Nordeste,5-20 mil,10694.0
2304269,,,0.0,,CE,Nordeste,<5 mil,4407.0
2304277,,,1.0,,CE,Nordeste,<5 mil,3667.0
2304285,13.077809523809492,0.1542857142857124,15.0,will_not_meet,CE,Nordeste,50-100 mil,55035.0
2304301,,,0.0,,CE,Nordeste,5-20 mil,9022.0
2304350,38.88156277436292,0.8216330114135104,16.0,will_not_meet,CE,Nordeste,5-20 mil,17528.0
2304400,59.14190262751132,0.04646522411127066,21.0,will_not_meet,CE,Nordeste,500 mil+,2703391.0
2304459,,,0.0,,CE,Nordeste,5-20 mil,10878.0
2304509,10.196923076921905,-0.1007692307692979,13.0,will_not_meet,CE,Nordeste,5-20 mil,8344.0
2304608,,,0.0,,CE,Nordeste,<5 mil,4557.0
2304657,5.293602941176346,-0.3891911764706152,17.0,will_not_meet,CE,Nordeste,5-20 mil,5570.0
2304707,0.0,-0.31881818181816035,11.0,will_not_meet,CE,Nordeste,20-50 mil,27134.0
2304806,0.0,-2.259464285714298,15.0,will_not_meet,CE,Nordeste,<5 mil,1416.0
2304905,0.0,-14.591517857143478,6.0,will_not_meet,CE,Nordeste,5-20 mil,7762.0
2304954,13.169661654135446,-0.024796992481196885,20.0,will_not_meet,CE,Nordeste,20-50 mil,20771.0
2305001,15.019725274725715,0.18708791208793787,13.0,will_not_meet,CE,Nordeste,5-20 mil,18852.0
2305100,43.113684210525435,-0.8264736842105685,19.0,will_not_meet,CE,Nordeste,<5 mil,3040.0
2305209,,,0.0,,CE,Nordeste,5-20 mil,11512.0
2305233,18.79181203007508,-0.08388721804511563,20.0,will_not_meet,CE,Nordeste,50-100 mil,64463.0
2305266,,,0.0,,CE,Nordeste,<5 mil,4606.0
2305308,7.373684210514057,-1.0689473684217035,3.0,will_not_meet,CE,Nordeste,5-20 mil,11355.0
2305332,150.0,22.665000000001005,3.0,on_track,CE,Nordeste,5-20 mil,6449.0
2305357,,,0.0,,CE,Nordeste,5-20 mil,6351.0
2305407,35.256029411766576,-0.6701470588234663,17.0,will_not_meet,CE,Nordeste,20-50 mil,31788.0
2305506,27.934731884058237,0.7684695652173797,24.0,will_not_meet,CE,Nordeste,50-100 mil,80147.0
2305605,0.45578571428586656,-1.3336785714285844,15.0,will_not_meet,CE,Nordeste,5-20 mil,11753.0
2305654,,,0.0,,CE,Nordeste,<5 mil,4229.0
2305704,,,1.0,,CE,Nordeste,5-20 mil,7429.0
2305803,,,0.0,,CE,Nordeste,20-50 mil,26757.0
2305902,,,0.0,,CE,Nordeste,5-20 mil,18456.0
2306009,99.99999999999997,-1.7816088083109486e-15,9.0,on_track,CE,Nordeste,5-20 mil,10269.0
2306108,,,1.0,,CE,Nordeste,5-20 mil,15709.0
2306207,,,0.0,,CE,Nordeste,<5 mil,4623.0
2306256,0.0,-0.21220300751879148,20.0,will_not_meet,CE,Nordeste,20-50 mil,38389.0
2306306,150.0,7.868921568626283,9.0,on_track,CE,Nordeste,20-50 mil,37574.0
2306405,40.22578947368271,-0.1706842105263958,19.0,will_not_meet,CE,Nordeste,50-100 mil,75915.0
2306504,,,1.0,,CE,Nordeste,5-20 mil,9779.0
2306553,0.0,-1.4155494505492785,13.0,will_not_meet,CE,Nordeste,5-20 mil,18117.0
2306603,,,0.0,,CE,Nordeste,5-20 mil,11096.0
2306702,0.517307692307611,-0.1250000000000062,13.0,will_not_meet,CE,Nordeste,5-20 mil,8597.0
2306801,0.0,-3.734821428571444,15.0,will_not_meet,CE,Nordeste,5-20 mil,8031.0
2306900,50.67072727272853,1.5192727272727105,10.0,will_not_meet,CE,Nordeste,20-50 mil,23392.0
2307007,,,1.0,,CE,Nordeste,20-50 mil,20158.0
2307106,0.0,-4.377481481481396,10.0,will_not_meet,CE,Nordeste,5-20 mil,9162.0
2307205,125.67910000000029,2.444399999999847,4.0,on_track,CE,Nordeste,<5 mil,4776.0
2307254,94.31739849624137,3.2623609022555597,20.0,on_track,CE,Nordeste,5-20 mil,6650.0
2307304,32.953836166924475,0.5972272024729622,21.0,will_not_meet,CE,Nordeste,100-500 mil,267341.0
2307403,42.29768000000024,0.15034000000001557,15.0,will_not_meet,CE,Nordeste,5-20 mil,14829.0
2307502,111.78666666666595,1.0399999999999407,3.0,on_track,CE,Nordeste,5-20 mil,18357.0
2307601,40.0844436090224,0.9585338345864414,20.0,will_not_meet,CE,Nordeste,20-50 mil,34774.0
2307635,,,0.0,,CE,Nordeste,5-20 mil,9873.0
2307650,70.15932134096136,0.3503041700734285,19.0,will_not_meet,CE,Nordeste,100-500 mil,229402.0
2307700,14.341127819548888,0.30632330827066623,20.0,will_not_meet,CE,Nordeste,100-500 mil,100078.0
2307809,0.0,-1.2076373626373536,3.0,will_not_meet,CE,Nordeste,5-20 mil,17384.0
2307908,,,1.0,,CE,Nordeste,5-20 mil,8942.0
2308005,22.87263736263708,0.25164835164833527,13.0,will_not_meet,CE,Nordeste,20-50 mil,26811.0
2308104,0.0,-1.5458791208787535,13.0,will_not_meet,CE,Nordeste,20-50 mil,25459.0
2308203,,,0.0,,CE,Nordeste,5-20 mil,8296.0
2308302,9.318571428570976,-1.7792857142857428,7.0,will_not_meet,CE,Nordeste,5-20 mil,13124.0
2308351,,,1.0,,CE,Nordeste,,
2308377,,,0.0,,CE,Nordeste,5-20 mil,7470.0
2308401,1.3577472527471173,-0.08126373626374066,13.0,will_not_meet,CE,Nordeste,5-20 mil,16000.0
2308500,150.0,14.862857142856482,3.0,on_track,CE,Nordeste,5-20 mil,19357.0
2308609,,,0.0,,CE,Nordeste,5-20 mil,9675.0
2308708,2.314392844857241,0.0006811145510835819,18.0,will_not_meet,CE,Nordeste,20-50 mil,35130.0
2308807,,,0.0,,CE,Nordeste,<5 mil,3945.0
2308906,,,0.0,,CE,Nordeste,5-20 mil,10601.0
2309003,9.110714285714494,-0.20642857142856108,13.0,will_not_meet,CE,Nordeste,5-20 mil,9361.0
2309102,5.515964912280197,-0.6250175438596723,19.0,will_not_meet,CE,Nordeste,<5 mil,4041.0
2309201,,,1.0,,CE,Nordeste,5-20 mil,10745.0
2309300,38.82564814814714,1.098734567901124,7.0,will_not_meet,CE,Nordeste,20-50 mil,24386.0
2309409,21.188351648352523,-0.3982417582417074,13.0,will_not_meet,CE,Nordeste,5-20 mil,14896.0
2309458,0.0,-1.145035714285733,15.0,will_not_meet,CE,Nordeste,5-20 mil,8223.0
2309508,,,2.0,,CE,Nordeste,5-20 mil,15988.0
2309607,18.317390197326404,-0.1138090388287817,16.0,will_not_meet,CE,Nordeste,50-100 mil,60760.0
2309706,76.99912030075257,1.856127819548856,20.0,will_not_meet,CE,Nordeste,50-100 mil,73559.0
2309805,31.355269607841365,-2.966936274509946,17.0,will_not_meet,CE,Nordeste,5-20 mil,5034.0
2309904,99.99999999999991,-4.2597287279506574e-15,4.0,on_track,CE,Nordeste,<5 mil,4083.0
2310001,,,1.0,,CE,Nordeste,<5 mil,4816.0
2310100,15.005438596490876,-0.6734912280702101,19.0,will_not_meet,CE,Nordeste,5-20 mil,5596.0
2310209,20.289473684210407,-1.2775263157894854,19.0,will_not_meet,CE,Nordeste,20-50 mil,23121.0
2310258,29.97649122806979,-0.9078070175439018,19.0,will_not_meet,CE,Nordeste,5-20 mil,14862.0
2310308,,,2.0,,CE,Nordeste,5-20 mil,14143.0
2310407,4.442452380952545,-0.5746785714285787,15.0,will_not_meet,CE,Nordeste,5-20 mil,6014.0
2310506,,,1.0,,CE,Nordeste,20-50 mil,25370.0
2310605,,,1.0,,CE,Nordeste,5-20 mil,7162.0
2310704,51.85124579124158,0.6167003367000732,5.0,will_not_meet,CE,Nordeste,20-50 mil,22993.0
2310803,,,0.0,,CE,Nordeste,5-20 mil,5640.0
2310852,,,0.0,,CE,Nordeste,5-20 mil,12657.0
2310902,,,0.0,,CE,Nordeste,5-20 mil,8278.0
2310951,,,0.0,,CE,Nordeste,<5 mil,3628.0
2311009,41.7020098039211,1.1493627450980368,17.0,will_not_meet,CE,Nordeste,5-20 mil,8030.0
2311108,8.331703296704632,-0.3245604395603605,13.0,will_not_meet,CE,Nordeste,5-20 mil,6131.0
2311207,,,0.0,,CE,Nordeste,5-20 mil,6208.0
2311231,,,0.0,,CE,Nordeste,<5 mil,2848.0
2311264,,,1.0,,CE,Nordeste,5-20 mil,6724.0
2311306,21.989398496240824,0.35036090225563027,20.0,will_not_meet,CE,Nordeste,50-100 mil,63401.0
2311355,9.505054945056145,-2.1553846153845235,14.0,will_not_meet,CE,Nordeste,5-20 mil,5296.0
2311405,,,0.0,,CE,Nordeste,20-50 mil,49808.0
2311504,,,1.0,,CE,Nordeste,5-20 mil,13786.0
2311603,0.0,-0.4055614035087753,19.0,will_not_meet,CE,Nordeste,5-20 mil,16751.0
2311702,,,0.0,,CE,Nordeste,5-20 mil,9950.0
2311801,6.877921807123585,-1.2641086012163254,19.0,will_not_meet,CE,Nordeste,50-100 mil,51207.0
2311900,2.5961984196662513,-0.037006145741885765,16.0,will_not_meet,CE,Nordeste,5-20 mil,8458.0
2311959,0.0,-2.791071428571641,7.0,will_not_meet,CE,Nordeste,5-20 mil,6774.0
2312007,,,1.0,,CE,Nordeste,5-20 mil,16863.0
2312106,,,1.0,,CE,Nordeste,5-20 mil,9108.0
2312205,150.0,7.13931914893514,4.0,on_track,CE,Nordeste,20-50 mil,22758.0
2312304,22.97691729323344,-0.21015037593982208,20.0,will_not_meet,CE,Nordeste,20-50 mil,26875.0
2312403,150.0,4.53737593984952,20.0,on_track,CE,Nordeste,20-50 mil,32058.0
2312502,0.0,-2.49127272727222,10.0,will_not_meet,CE,Nordeste,<5 mil,3153.0
2312601,0.0,-10.154833333334116,9.0,will_not_meet,CE,Nordeste,5-20 mil,8448.0
2312700,,,2.0,,CE,Nordeste,5-20 mil,15082.0
2312809,,,0.0,,CE,Nordeste,5-20 mil,5738.0
2312908,71.54945826051744,1.1290879150423132,23.0,will_not_meet,CE,Nordeste,100-500 mil,187695.0
2313005,,,0.0,,CE,Nordeste,5-20 mil,9479.0
2313104,0.16114285714274956,-0.662285714285699,20.0,will_not_meet,CE,Nordeste,20-50 mil,20657.0
2313203,,,1.0,,CE,Nordeste,5-20 mil,14619.0
2313252,3.379571428571296,-0.1643571428571495,15.0,will_not_meet,CE,Nordeste,<5 mil,2519.0
2313302,15.143586466165516,0.3732481203007445,20.0,will_not_meet,CE,Nordeste,20-50 mil,34310.0
2313351,,,0.0,,CE,Nordeste,5-20 mil,7361.0
2313401,28.788014705881096,0.2834558823528931,17.0,will_not_meet,CE,Nordeste,50-100 mil,51285.0
2313500,5.176436090225479,-0.6316616541353136,20.0,will_not_meet,CE,Nordeste,20-50 mil,20695.0
2313559,,,0.0,,CE,Nordeste,5-20 mil,6088.0
2313609,,,0.0,,CE,Nordeste,5-20 mil,17044.0
2313708,0.0,-10.383478260868856,7.0,will_not_meet,CE,Nordeste,<5 mil,4019.0
2313757,,,0.0,,CE,Nordeste,5-20 mil,11784.0
2313807,,,0.0,,CE,Nordeste,5-20 mil,16516.0
2313906,27.446923076922985,0.6336013986013777,12.0,will_not_meet,CE,Nordeste,5-20 mil,8329.0
2313955,,,0.0,,CE,Nordeste,5-20 mil,15176.0
2314003,82.56999999999789,-1.245000000000071,11.0,at_risk,CE,Nordeste,20-50 mil,25540.0
2314102,148.54222952255623,6.69428383705607,12.0,on_track,CE,Nordeste,20-50 mil,20085.0
2400109,123.21137686860584,2.364527930763009,15.0,on_track,RN,Nordeste,5-20 mil,8959.0
2400208,,,0.0,,RN,Nordeste,20-50 mil,43438.0
2400307,69.11342172655851,0.09672614622053606,18.0,will_not_meet,RN,Nordeste,5-20 mil,5855.0
2400406,,,0.0,,RN,Nordeste,<5 mil,2108.0
2400505,139.3819444444598,5.461166666668247,9.0,on_track,RN,Nordeste,5-20 mil,9204.0
2400604,,,2.0,,RN,Nordeste,<5 mil,3346.0
2400703,0.4418137651821894,-0.08347252747252779,19.0,will_not_meet,RN,Nordeste,5-20 mil,10761.0
2400802,,,0.0,,RN,Nordeste,5-20 mil,10212.0
2400901,74.06101437258212,1.280809839690422,11.0,will_not_meet,RN,Nordeste,<5 mil,3924.0
2401008,,,0.0,,RN,Nordeste,5-20 mil,18106.0
2401107,,,0.0,,RN,Nordeste,20-50 mil,22597.0
2401206,62.997779783394435,2.2177075812276237,5.0,will_not_meet,RN,Nordeste,5-20 mil,9069.0
2401305,,,0.0,,RN,Nordeste,5-20 mil,5216.0
2401404,,,0.0,,RN,Nordeste,5-20 mil,7793.0
2401453,,,0.0,,RN,Nordeste,5-20 mil,18311.0
2401503,,,0.0,,RN,Nordeste,<5 mil,1773.0
2401602,,,0.0,,RN,Nordeste,<5 mil,2244.0
2401651,,,0.0,,RN,Nordeste,<5 mil,1247.0
2401701,,,0.0,,RN,Nordeste,5-20 mil,7401.0
2401800,,,0.0,,RN,Nordeste,5-20 mil,9644.0
2401859,,,0.0,,RN,Nordeste,5-20 mil,6439.0
2401909,20.875289497306994,-0.28208482944344787,17.0,will_not_meet,RN,Nordeste,<5 mil,2860.0
2402006,20.353804197016643,0.489601109954898,20.0,will_not_meet,RN,Nordeste,50-100 mil,62974.0
2402105,13.14418568056658,-0.3124350904799149,15.0,will_not_meet,RN,Nordeste,5-20 mil,5752.0
2402204,,,1.0,,RN,Nordeste,20-50 mil,22786.0
2402303,,,0.0,,RN,Nordeste,5-20 mil,14412.0
2402402,11.264000000000124,-1.8120000000000316,4.0,will_not_meet,RN,Nordeste,5-20 mil,6732.0
2402501,100.26173092053796,1.7829779701023645,15.0,on_track,RN,Nordeste,5-20 mil,5347.0
2402600,0.0,-1.6387871503497191,23.0,will_not_meet,RN,Nordeste,20-50 mil,38685.0
2402709,143.11000000001513,8.609000000000835,4.0,on_track,RN,Nordeste,<5 mil,4858.0
2402808,,,0.0,,RN,Nordeste,<5 mil,2313.0
2402907,,,0.0,,RN,Nordeste,<5 mil,1831.0
2403004,150.0,4.631498559078,10.0,on_track,RN,Nordeste,5-20 mil,6522.0
2403103,119.21084373916119,2.0541900797780035,20.0,on_track,RN,Nordeste,20-50 mil,39876.0
2403202,63.05149488591633,1.8673446105428004,15.0,will_not_meet,RN,Nordeste,<5 mil,3030.0
2403251,9.041453441295403,0.3108461538461508,19.0,will_not_meet,RN,Nordeste,100-500 mil,272490.0
2403301,0.0,-7.996081081081176,4.0,will_not_meet,RN,Nordeste,<5 mil,2320.0
2403400,,,0.0,,RN,Nordeste,5-20 mil,5010.0
2403509,26.772557041700225,0.2126947285602219,15.0,will_not_meet,RN,Nordeste,<5 mil,4994.0
2403608,,,0.0,,RN,Nordeste,5-20 mil,18794.0
2403707,,,0.0,,RN,Nordeste,<5 mil,4061.0
2403756,,,0.0,,RN,Nordeste,<5 mil,2631.0
2403806,107.23707248653545,1.4214508527827696,17.0,on_track,RN,Nordeste,5-20 mil,7479.0
2403905,,,0.0,,RN,Nordeste,<5 mil,1605.0
2404002,,,0.0,,RN,Nordeste,<5 mil,2667.0
2404200,36.59215660770019,0.6717273673256889,20.0,will_not_meet,RN,Nordeste,5-20 mil,18591.0
2404309,,,0.0,,RN,Nordeste,5-20 mil,7214.0
2404408,,,0.0,,RN,Nordeste,5-20 mil,7899.0
2404507,150.0,10.064999999998877,3.0,on_track,RN,Nordeste,5-20 mil,5777.0
2404606,,,0.0,,RN,Nordeste,<5 mil,1783.0
2404705,,,0.0,,RN,Nordeste,5-20 mil,6122.0
2404804,,,0.0,,RN,Nordeste,<5 mil,2059.0
2404853,,,0.0,,RN,Nordeste,5-20 mil,6284.0
2404903,,,0.0,,RN,Nordeste,5-20 mil,5092.0
2405009,50.45800000000372,1.3520000000004382,5.0,will_not_meet,RN,Nordeste,5-20 mil,6286.0
2405108,,,0.0,,RN,Nordeste,<5 mil,4016.0
2405207,,,0.0,,RN,Nordeste,<5 mil,3905.0
2405306,,,0.0,,RN,Nordeste,<5 mil,3692.0
2405405,,,0.0,,RN,Nordeste,<5 mil,3670.0
2405504,,,0.0,,RN,Nordeste,<5 mil,432.0
2405603,0.0,-5.397023809524156,8.0,will_not_meet,RN,Nordeste,5-20 mil,11803.0
2405702,73.19999999999936,-1.199999999999953,4.0,will_not_meet,RN,Nordeste,5-20 mil,10066.0
2405801,87.22628205128149,3.3884615384615686,12.0,at_risk,RN,Nordeste,20-50 mil,24860.0
2405900,,,0.0,,RN,Nordeste,<5 mil,1189.0
2406007,18.091502753737018,0.33719905586149396,15.0,will_not_meet,RN,Nordeste,<5 mil,3586.0
2406106,29.69794995511677,0.18796117594254938,17.0,will_not_meet,RN,Nordeste,5-20 mil,10951.0
2406155,,,0.0,,RN,Nordeste,<5 mil,1057.0
2406205,,,0.0,,RN,Nordeste,<5 mil,4381.0
2406304,,,0.0,,RN,Nordeste,<5 mil,2440.0
2406403,,,0.0,,RN,Nordeste,<5 mil,1836.0
2406502,11.421671210241584,-1.2378785625775885,18.0,will_not_meet,RN,Nordeste,5-20 mil,7724.0
2406601,,,0.0,,RN,Nordeste,5-20 mil,5524.0
2406700,79.36338756732516,0.9289957360861795,17.0,will_not_meet,RN,Nordeste,5-20 mil,8868.0
2406809,21.167226593235682,-1.5686919748228554,15.0,will_not_meet,RN,Nordeste,<5 mil,2471.0
2406908,114.41656176239167,1.1636073957513322,15.0,on_track,RN,Nordeste,<5 mil,2544.0
2407005,,,1.0,,RN,Nordeste,5-20 mil,7079.0
2407104,18.14555555555603,0.5766666666666945,18.0,will_not_meet,RN,Nordeste,50-100 mil,50830.0
2407203,146.30803304419442,4.070701363073153,18.0,on_track,RN,Nordeste,20-50 mil,24474.0
2407252,,,0.0,,RN,Nordeste,<5 mil,3331.0
2407302,,,0.0,,RN,Nordeste,<5 mil,4930.0
2407401,,,0.0,,RN,Nordeste,5-20 mil,5387.0
2407500,,,0.0,,RN,Nordeste,<5 mil,4736.0
2407609,,,0.0,,RN,Nordeste,<5 mil,4052.0
2407708,,,0.0,,RN,Nordeste,5-20 mil,8678.0
2407807,8.807067998204687,0.032568447037702446,17.0,will_not_meet,RN,Nordeste,5-20 mil,9878.0
2407906,,,0.0,,RN,Nordeste,<5 mil,1171.0
2408003,74.46822667360311,1.7220516822753713,20.0,will_not_meet,RN,Nordeste,100-500 mil,277397.0
2408102,65.66470863683708,1.1493444328823983,20.0,will_not_meet,RN,Nordeste,500 mil+,896708.0
2408201,6.2650000000006685,0.3700000000000303,4.0,will_not_meet,RN,Nordeste,5-20 mil,11148.0
2408300,93.30388888889502,4.5416666666675525,9.0,on_track,RN,Nordeste,20-50 mil,25798.0
2408409,20.417000000000314,0.17900000000003802,5.0,will_not_meet,RN,Nordeste,<5 mil,3192.0
2408508,150.0,8.366398305084408,7.0,on_track,RN,Nordeste,<5 mil,3337.0
2408607,,,0.0,,RN,Nordeste,<5 mil,893.0
2408706,,,0.0,,RN,Nordeste,<5 mil,3225.0
2408805,150.0,13.411000000000557,4.0,on_track,RN,Nordeste,<5 mil,3436.0
2408904,101.72918961447704,1.0949921321793175,15.0,on_track,RN,Nordeste,5-20 mil,18139.0
2408953,,,0.0,,RN,Nordeste,<5 mil,4084.0
2409100,0.0,-8.67926406926343,10.0,will_not_meet,RN,Nordeste,5-20 mil,8317.0
2409209,,,0.0,,RN,Nordeste,<5 mil,1281.0
2409308,,,1.0,,RN,Nordeste,5-20 mil,10921.0
2409332,25.201000000002296,1.057000000000169,4.0,will_not_meet,RN,Nordeste,<5 mil,3645.0
2409407,27.433130419701683,0.6649601109954794,20.0,will_not_meet,RN,Nordeste,20-50 mil,28366.0
2409506,,,0.0,,RN,Nordeste,<5 mil,1043.0
2409605,,,0.0,,RN,Nordeste,<5 mil,925.0
2409704,82.5308558446909,1.1359653035935446,18.0,at_risk,RN,Nordeste,<5 mil,3787.0
2409803,27.679216832261545,0.3769783752191549,16.0,will_not_meet,RN,Nordeste,5-20 mil,7642.0
2409902,78.47714285713664,2.126483516483183,13.0,will_not_meet,RN,Nordeste,5-20 mil,12132.0
2410009,,,1.0,,RN,Nordeste,<5 mil,2861.0
2410108,,,0.0,,RN,Nordeste,5-20 mil,8319.0
2410207,,,0.0,,RN,Nordeste,<5 mil,4171.0
2410256,,,0.0,,RN,Nordeste,<5 mil,3832.0
2410306,28.285595776771288,0.6464856711914961,8.0,will_not_meet,RN,Nordeste,5-20 mil,6451.0
2410405,,,0.0,,RN,Nordeste,<5 mil,3494.0
2410504,,,0.0,,RN,Nordeste,<5 mil,2978.0
2410603,,,0.0,,RN,Nordeste,<5 mil,2028.0
2410702,0.0,-10.929516129032448,6.0,will_not_meet,RN,Nordeste,<5 mil,3082.0
2410801,,,0.0,,RN,Nordeste,<5 mil,1726.0
2410900,77.60696695515423,0.3111113296617106,15.0,will_not_meet,RN,Nordeste,5-20 mil,5106.0
2411007,,,0.0,,RN,Nordeste,<5 mil,3767.0
2411056,,,0.0,,RN,Nordeste,<5 mil,3209.0
2411106,,,0.0,,RN,Nordeste,<5 mil,1731.0
2411205,91.50853521126669,0.7376619718309425,14.0,on_track,RN,Nordeste,20-50 mil,33796.0
2411403,,,0.0,,RN,Nordeste,5-20 mil,5896.0
2411429,112.52427222659321,1.0459638080251235,15.0,on_track,RN,Nordeste,<5 mil,1766.0
2411502,19.729695915619573,0.17321701077199533,17.0,will_not_meet,RN,Nordeste,5-20 mil,15698.0
2411601,,,0.0,,RN,Nordeste,<5 mil,938.0
2411700,89.34342960288723,0.4686559289085675,14.0,at_risk,RN,Nordeste,<5 mil,2191.0
2411809,15.114135338342749,-4.214511278195719,5.0,will_not_meet,RN,Nordeste,<5 mil,2435.0
2411908,,,0.0,,RN,Nordeste,<5 mil,3258.0
2412005,29.902259740259865,-0.26683116883115937,21.0,will_not_meet,RN,Nordeste,50-100 mil,88680.0
2412104,34.49000000000029,0.25300000000001244,4.0,will_not_meet,RN,Nordeste,<5 mil,4996.0
2412203,0.8961801730920484,-0.014333202202989071,15.0,will_not_meet,RN,Nordeste,20-50 mil,20428.0
2412302,22.26142857142895,0.4350000000000341,7.0,will_not_meet,RN,Nordeste,5-20 mil,10725.0
2412401,144.6799960660892,3.425072777340553,15.0,on_track,RN,Nordeste,<5 mil,3665.0
2412500,,,0.0,,RN,Nordeste,5-20 mil,15568.0
2412559,100.00000000000003,2.858731204861001e-15,3.0,on_track,RN,Nordeste,<5 mil,4975.0
2412609,16.823338195691292,0.14128927289048585,17.0,will_not_meet,RN,Nordeste,5-20 mil,12927.0
2412708,,,0.0,,RN,Nordeste,<5 mil,3300.0
2412807,95.87504720692277,1.616626671911756,15.0,on_track,RN,Nordeste,5-20 mil,5587.0
2412906,41.380671005386034,0.20791965888689418,17.0,will_not_meet,RN,Nordeste,5-20 mil,6064.0
2413003,,,0.0,,RN,Nordeste,<5 mil,4045.0
2413102,,,0.0,,RN,Nordeste,<5 mil,2651.0
2413201,,,0.0,,RN,Nordeste,<5 mil,4477.0
2413300,,,0.0,,RN,Nordeste,<5 mil,3260.0
2413359,,,0.0,,RN,Nordeste,<5 mil,3206.0
2413409,90.52754475703227,0.44568414322245664,16.0,on_track,RN,Nordeste,5-20 mil,5212.0
2413508,,,0.0,,RN,Nordeste,<5 mil,1975.0
2413557,,,0.0,,RN,Nordeste,<5 mil,2559.0
2413607,,,0.0,,RN,Nordeste,<5 mil,642.0
2413706,0.0,-2.834999999999999,3.0,will_not_meet,RN,Nordeste,<5 mil,2666.0
2413805,,,0.0,,RN,Nordeste,<5 mil,2122.0
2413904,,,1.0,,RN,Nordeste,<5 mil,4249.0
2414001,150.0,5.389069767443093,5.0,on_track,RN,Nordeste,5-20 mil,10993.0
2414100,150.0,4.594845814978135,6.0,on_track,RN,Nordeste,5-20 mil,7543.0
2414159,,,1.0,,RN,Nordeste,<5 mil,1297.0
2414209,105.9188447653396,3.5492057761730242,14.0,on_track,RN,Nordeste,5-20 mil,8855.0
2414308,0.0,-4.83500000000055,3.0,will_not_meet,RN,Nordeste,<5 mil,1827.0
2414407,6.678427543679419,-0.033165467625894424,7.0,will_not_meet,RN,Nordeste,5-20 mil,8591.0
2414456,,,0.0,,RN,Nordeste,<5 mil,2084.0
2414506,,,0.0,,RN,Nordeste,5-20 mil,8921.0
2414605,116.31333333332987,6.429999999999766,3.0,on_track,RN,Nordeste,5-20 mil,7241.0
2414704,,,0.0,,RN,Nordeste,<5 mil,4563.0
2414753,,,1.0,,RN,Nordeste,<5 mil,1328.0
2414803,,,0.0,,RN,Nordeste,5-20 mil,5602.0
2414902,0.0,-22.50424403183319,6.0,will_not_meet,RN,Nordeste,<5 mil,1649.0
2415008,,,0.0,,RN,Nordeste,<5 mil,3118.0
2500106,99.9999999999999,-8.780449625817782e-15,5.0,on_track,PB,Nordeste,<5 mil,4459.0
2500205,,,0.0,,PB,Nordeste,<5 mil,2746.0
2500304,61.71122770199395,0.9929422875130869,22.0,will_not_meet,PB,Nordeste,5-20 mil,17473.0
2500403,94.46999999998661,2.129999999999331,3.0,on_track,PB,Nordeste,5-20 mil,10446.0
2500502,,,0.0,,PB,Nordeste,5-20 mil,9689.0
2500536,150.0,12.071999999997477,5.0,on_track,PB,Nordeste,<5 mil,2156.0
2500577,,,0.0,,PB,Nordeste,<5 mil,1347.0
2500601,36.85666666666748,2.19500000000012,3.0,will_not_meet,PB,Nordeste,5-20 mil,12304.0
2500700,0.0,-8.889285714285881,4.0,will_not_meet,PB,Nordeste,5-20 mil,6817.0
2500734,150.0,8.283000000001572,4.0,on_track,PB,Nordeste,<5 mil,1152.0
2500775,100.00000000000003,2.858731204861001e-15,3.0,on_track,PB,Nordeste,<5 mil,4020.0
2500809,150.0,8.467857142857122,4.0,on_track,PB,Nordeste,5-20 mil,6659.0
2500908,99.99999999999996,-1.9577134295788873e-15,3.0,on_track,PB,Nordeste,5-20 mil,9601.0
2501005,85.28019525343504,0.13763526395372067,20.0,at_risk,PB,Nordeste,5-20 mil,10183.0
2501104,,,1.0,,PB,Nordeste,5-20 mil,13780.0
2501153,100.00000000000009,7.521658780740102e-15,7.0,on_track,PB,Nordeste,<5 mil,1111.0
2501203,,,2.0,,PB,Nordeste,5-20 mil,5015.0
2501302,,,0.0,,PB,Nordeste,5-20 mil,9531.0
2501351,,,1.0,,PB,Nordeste,<5 mil,3286.0
2501401,,,0.0,,PB,Nordeste,<5 mil,3549.0
2501500,,,0.0,,PB,Nordeste,5-20 mil,8418.0
2501575,,,0.0,,PB,Nordeste,<5 mil,743.0
2501609,99.99999999999997,-1.170558944970434e-15,4.0,on_track,PB,Nordeste,5-20 mil,8771.0
2501708,,,1.0,,PB,Nordeste,<5 mil,2568.0
2501807,13.280704036475164,-0.015716105672550933,23.0,will_not_meet,PB,Nordeste,50-100 mil,96616.0
2501906,,,0.0,,PB,Nordeste,5-20 mil,14640.0
2502003,57.0099999999984,-1.5800000000001284,3.0,will_not_meet,PB,Nordeste,5-20 mil,5417.0
2502052,,,0.0,,PB,Nordeste,<5 mil,996.0
2502102,,,0.0,,PB,Nordeste,<5 mil,3214.0
2502151,,,1.0,,PB,Nordeste,<5 mil,3719.0
2502201,99.99999999999999,-2.001781672181456e-15,3.0,on_track,PB,Nordeste,<5 mil,1065.0
2502300,,,2.0,,PB,Nordeste,<5 mil,1990.0
2502409,150.0,6.7683783783784515,5.0,on_track,PB,Nordeste,5-20 mil,8304.0
2502508,99.99999999999997,-1.7816088083109486e-15,9.0,on_track,PB,Nordeste,5-20 mil,12750.0
2502607,,,0.0,,PB,Nordeste,<5 mil,4078.0
2502706,19.999999999999982,-1.2300645438421335e-15,3.0,will_not_meet,PB,Nordeste,<5 mil,3878.0
2502805,99.99999999999999,5.2345891394789777e-17,3.0,on_track,PB,Nordeste,5-20 mil,10776.0
2502904,,,2.0,,PB,Nordeste,<5 mil,4844.0
2503001,,,0.0,,PB,Nordeste,5-20 mil,19028.0
2503100,,,2.0,,PB,Nordeste,<5 mil,2514.0
2503209,29.23227006771424,0.419173624350809,20.0,will_not_meet,PB,Nordeste,50-100 mil,69763.0
2503308,31.880000000000848,0.19500000000007103,3.0,will_not_meet,PB,Nordeste,<5 mil,3695.0
2503407,150.0,6.380653710247525,7.0,on_track,PB,Nordeste,<5 mil,1745.0
2503506,,,2.0,,PB,Nordeste,5-20 mil,9388.0
2503555,99.99999999999991,-2.9714815982966923e-15,3.0,on_track,PB,Nordeste,<5 mil,1740.0
2503605,,,0.0,,PB,Nordeste,5-20 mil,5163.0
2503704,19.611605456453447,-0.04184470094437788,22.0,will_not_meet,PB,Nordeste,50-100 mil,50858.0
2503753,12.237818181818625,-0.47381818181814606,10.0,will_not_meet,PB,Nordeste,<5 mil,1061.0
2503803,,,0.0,,PB,Nordeste,<5 mil,3476.0
2503902,6.655674542683755,-0.1543838922763742,17.0,will_not_meet,PB,Nordeste,<5 mil,3037.0
2504009,103.46625854901231,1.4396627330025282,23.0,on_track,PB,Nordeste,100-500 mil,394489.0
2504033,,,0.0,,PB,Nordeste,<5 mil,4923.0
2504074,46.61653846153786,-3.780209790209793,12.0,will_not_meet,PB,Nordeste,<5 mil,1636.0
2504108,,,1.0,,PB,Nordeste,<5 mil,1955.0
2504157,,,2.0,,PB,Nordeste,<5 mil,3689.0
2504207,8.230733944954409,-3.5107339449539703,6.0,will_not_meet,PB,Nordeste,<5 mil,2960.0
2504306,45.097004141739035,1.2129498389323605,20.0,will_not_meet,PB,Nordeste,20-50 mil,22850.0
2504355,,,0.0,,PB,Nordeste,<5 mil,1104.0
2504405,0.0,-13.51858064516165,4.0,will_not_meet,PB,Nordeste,5-20 mil,11848.0
2504504,,,2.0,,PB,Nordeste,<5 mil,4616.0
2504603,,,0.0,,PB,Nordeste,5-20 mil,17155.0
2504702,,,2.0,,PB,Nordeste,<5 mil,3005.0
2504801,,,0.0,,PB,Nordeste,5-20 mil,10904.0
2504850,0.0,-163.2817307692235,5.0,will_not_meet,PB,Nordeste,<5 mil,860.0
2504900,,,1.0,,PB,Nordeste,5-20 mil,8054.0
2505006,7.326592071610207,-0.3195396419437885,16.0,will_not_meet,PB,Nordeste,5-20 mil,5464.0
2505105,,,0.0,,PB,Nordeste,5-20 mil,13700.0
2505204,,,0.0,,PB,Nordeste,5-20 mil,5493.0
2505238,,,0.0,,PB,Nordeste,<5 mil,2122.0
2505279,,,0.0,,PB,Nordeste,<5 mil,476.0
2505303,,,1.0,,PB,Nordeste,<5 mil,1422.0
2505352,,,0.0,,PB,Nordeste,<5 mil,2515.0
2505402,,,0.0,,PB,Nordeste,5-20 mil,5098.0
2505501,,,1.0,,PB,Nordeste,<5 mil,1739.0
2505600,150.0,17.677999999999546,4.0,on_track,PB,Nordeste,<5 mil,3755.0
2505709,,,0.0,,PB,Nordeste,<5 mil,4592.0
2505808,,,0.0,,PB,Nordeste,<5 mil,2785.0
2505907,,,1.0,,PB,Nordeste,<5 mil,2286.0
2506004,,,0.0,,PB,Nordeste,20-50 mil,23225.0
2506103,,,2.0,,PB,Nordeste,5-20 mil,5357.0
2506202,58.6730817610096,-3.011257861634985,7.0,will_not_meet,PB,Nordeste,<5 mil,1842.0
2506251,,,0.0,,PB,Nordeste,<5 mil,899.0
2506301,76.66790009751821,0.8954697150287246,21.0,will_not_meet,PB,Nordeste,50-100 mil,52555.0
2506400,,,0.0,,PB,Nordeste,5-20 mil,5901.0
2506509,,,0.0,,PB,Nordeste,<5 mil,2342.0
2506608,,,0.0,,PB,Nordeste,<5 mil,3592.0
2506707,,,0.0,,PB,Nordeste,5-20 mil,5297.0
2506806,,,0.0,,PB,Nordeste,5-20 mil,11602.0
2506905,,,0.0,,PB,Nordeste,5-20 mil,19636.0
2507002,21.087273810813258,-0.6278112471557431,21.0,will_not_meet,PB,Nordeste,5-20 mil,18973.0
2507101,,,0.0,,PB,Nordeste,5-20 mil,12121.0
2507200,,,2.0,,PB,Nordeste,5-20 mil,6462.0
2507309,,,0.0,,PB,Nordeste,5-20 mil,8334.0
2507408,150.0,11.805000000001984,4.0,on_track,PB,Nordeste,<5 mil,4863.0
2507507,93.78527490947954,1.2597918063564333,23.0,on_track,PB,Nordeste,500 mil+,822680.0
2507606,,,0.0,,PB,Nordeste,5-20 mil,6287.0
2507705,,,1.0,,PB,Nordeste,5-20 mil,10019.0
2507804,136.01000000000113,2.9750000000001076,4.0,on_track,PB,Nordeste,<5 mil,4760.0
2507903,,,0.0,,PB,Nordeste,5-20 mil,10141.0
2508000,100.00000000000003,2.858731204861001e-15,3.0,on_track,PB,Nordeste,<5 mil,4361.0
2508109,,,2.0,,PB,Nordeste,<5 mil,2284.0
2508208,48.450000000000045,0.37000000000000494,3.0,will_not_meet,PB,Nordeste,<5 mil,4182.0
2508307,1.2392840236677785,-0.12813017751484473,14.0,will_not_meet,PB,Nordeste,5-20 mil,11316.0
2508406,,,1.0,,PB,Nordeste,<5 mil,1268.0
2508505,,,0.0,,PB,Nordeste,<5 mil,3810.0
2508554,,,0.0,,PB,Nordeste,<5 mil,1926.0
2508604,,,0.0,,PB,Nordeste,5-20 mil,11549.0
2508703,95.03845238096073,1.070595238095601,8.0,on_track,PB,Nordeste,<5 mil,1557.0
2508802,,,0.0,,PB,Nordeste,5-20 mil,5020.0
2508901,48.2389743589747,1.3833216783217142,12.0,will_not_meet,PB,Nordeste,20-50 mil,36728.0
2509008,111.9581891891903,1.0698108108108642,9.0,on_track,PB,Nordeste,5-20 mil,6155.0
2509057,,,0.0,,PB,Nordeste,<5 mil,3275.0
2509107,,,0.0,,PB,Nordeste,5-20 mil,18048.0
2509156,,,0.0,,PB,Nordeste,5-20 mil,5805.0
2509206,,,0.0,,PB,Nordeste,<5 mil,4892.0
2509305,,,0.0,,PB,Nordeste,5-20 mil,7640.0
2509339,146.11969696969754,3.402272727272767,6.0,on_track,PB,Nordeste,<5 mil,715.0
2509370,,,2.0,,PB,Nordeste,<5 mil,1309.0
2509396,0.0,-28.90614699331821,6.0,will_not_meet,PB,Nordeste,<5 mil,4345.0
2509404,,,2.0,,PB,Nordeste,5-20 mil,5917.0
2509503,,,1.0,,PB,Nordeste,<5 mil,3672.0
2509602,0.0,-11.442857142854969,3.0,will_not_meet,PB,Nordeste,<5 mil,2700.0
2509701,63.663857406001625,-1.0834944197638645,21.0,will_not_meet,PB,Nordeste,20-50 mil,22091.0
2509800,150.0,25.321428571429024,3.0,on_track,PB,Nordeste,<5 mil,4772.0
2509909,,,2.0,,PB,Nordeste,<5 mil,3594.0
2510006,,,1.0,,PB,Nordeste,<5 mil,3180.0
2510105,,,0.0,,PB,Nordeste,5-20 mil,7953.0
2510204,,,2.0,,PB,Nordeste,<5 mil,3132.0
2510303,100.15109137055856,0.6009390862944052,5.0,on_track,PB,Nordeste,<5 mil,2932.0
2510402,0.0,-10.253225806452107,6.0,will_not_meet,PB,Nordeste,<5 mil,3571.0
2510501,150.0,15.865431034480423,5.0,on_track,PB,Nordeste,<5 mil,2092.0
2510600,141.05249999999796,3.323166666666322,8.0,on_track,PB,Nordeste,<5 mil,2134.0
2510659,,,1.0,,PB,Nordeste,<5 mil,972.0
2510709,,,0.0,,PB,Nordeste,<5 mil,1218.0
2510808,13.507380984309918,0.14126391310178177,23.0,will_not_meet,PB,Nordeste,100-500 mil,105097.0
2510907,,,2.0,,PB,Nordeste,5-20 mil,6022.0
2511004,69.25755681817736,2.6712689393935047,10.0,will_not_meet,PB,Nordeste,<5 mil,2416.0
2511103,91.63778601694912,-0.31359110169490734,11.0,on_track,PB,Nordeste,<5 mil,3272.0
2511202,0.0,-1.4233609467459294,14.0,will_not_meet,PB,Nordeste,5-20 mil,17311.0
2511301,,,0.0,,PB,Nordeste,5-20 mil,11775.0
2511400,,,2.0,,PB,Nordeste,5-20 mil,12463.0
2511509,,,0.0,,PB,Nordeste,5-20 mil,8252.0
2511608,,,0.0,,PB,Nordeste,<5 mil,3112.0
2511707,,,0.0,,PB,Nordeste,<5 mil,2631.0
2511806,,,0.0,,PB,Nordeste,5-20 mil,8096.0
2511905,,,0.0,,PB,Nordeste,5-20 mil,11881.0
2512002,150.0,4.280714285714365,6.0,on_track,PB,Nordeste,5-20 mil,10643.0
2512036,119.61104477611934,1.3830597014925186,8.0,on_track,PB,Nordeste,<5 mil,1010.0
2512077,28.75333333333323,0.02499999999999652,3.0,will_not_meet,PB,Nordeste,<5 mil,1564.0
2512101,65.96847222222186,-2.3072222222221934,8.0,will_not_meet,PB,Nordeste,20-50 mil,26309.0
2512200,0.0,-7.2110465116283695,5.0,will_not_meet,PB,Nordeste,<5 mil,2705.0
2512309,,,0.0,,PB,Nordeste,5-20 mil,16211.0
2512408,,,0.0,,PB,Nordeste,<5 mil,4504.0
2512507,0.0,-0.16313186813186098,13.0,will_not_meet,PB,Nordeste,20-50 mil,24045.0
2512606,147.10149321267818,6.354977375566176,8.0,on_track,PB,Nordeste,<5 mil,748.0
2512705,150.0,12.671084337351168,4.0,on_track,PB,Nordeste,5-20 mil,14715.0
2512721,,,0.0,,PB,Nordeste,<5 mil,2287.0
2512747,,,0.0,,PB,Nordeste,<5 mil,2264.0
2512754,,,0.0,,PB,Nordeste,<5 mil,2849.0
2512762,,,0.0,,PB,Nordeste,<5 mil,1403.0
2512788,,,1.0,,PB,Nordeste,<5 mil,1377.0
2512804,,,1.0,,PB,Nordeste,<5 mil,4142.0
2512903,,,0.0,,PB,Nordeste,5-20 mil,13786.0
2513000,130.71747422680528,5.062938144329799,5.0,on_track,PB,Nordeste,<5 mil,1363.0
2513109,,,1.0,,PB,Nordeste,5-20 mil,5314.0
2513208,0.0,-8.396999999999762,4.0,will_not_meet,PB,Nordeste,<5 mil,3038.0
2513307,100.00000000000003,-1.9057810575918642e-15,9.0,on_track,PB,Nordeste,<5 mil,2946.0
2513356,92.77300000000287,0.6610000000001763,5.0,on_track,PB,Nordeste,<5 mil,1451.0
2513406,139.50777542373544,3.042097457627289,7.0,on_track,PB,Nordeste,5-20 mil,14167.0
2513505,,,0.0,,PB,Nordeste,<5 mil,2133.0
2513604,,,0.0,,PB,Nordeste,<5 mil,3569.0
2513653,,,0.0,,PB,Nordeste,<5 mil,848.0
2513703,0.3864973767055062,-0.3707362014690238,22.0,will_not_meet,PB,Nordeste,100-500 mil,119047.0
2513802,,,0.0,,PB,Nordeste,<5 mil,2193.0
2513851,,,0.0,,PB,Nordeste,<5 mil,818.0
2513901,56.391999999988,-3.160000000000506,10.0,will_not_meet,PB,Nordeste,20-50 mil,28098.0
2513927,,,1.0,,PB,Nordeste,<5 mil,3164.0
2513943,100.00000000000001,-1.5843971354233428e-15,10.0,on_track,PB,Nordeste,<5 mil,1130.0
2513968,,,0.0,,PB,Nordeste,<5 mil,1086.0
2513984,,,2.0,,PB,Nordeste,<5 mil,1368.0
2514008,0.0,-9.159999999998671,3.0,will_not_meet,PB,Nordeste,<5 mil,2253.0
2514107,,,1.0,,PB,Nordeste,<5 mil,1525.0
2514206,100.0,3.342635630393148e-16,3.0,on_track,PB,Nordeste,<5 mil,3340.0
2514305,,,1.0,,PB,Nordeste,<5 mil,2903.0
2514404,,,0.0,,PB,Nordeste,<5 mil,1573.0
2514453,100.00000000000014,8.133437218693123e-15,3.0,on_track,PB,Nordeste,<5 mil,2601.0
2514503,14.410000000002583,-3.784999999999825,3.0,will_not_meet,PB,Nordeste,5-20 mil,11536.0
2514552,,,1.0,,PB,Nordeste,<5 mil,651.0
2514602,,,0.0,,PB,Nordeste,<5 mil,1523.0
2514651,147.9198787878804,3.5681212121211145,10.0,on_track,PB,Nordeste,<5 mil,1036.0
2514701,0.0,-38.56000000000426,10.0,will_not_meet,PB,Nordeste,<5 mil,2671.0
2514800,,,1.0,,PB,Nordeste,<5 mil,1487.0
2514909,147.13646856158994,4.924099913867781,10.0,on_track,PB,Nordeste,5-20 mil,5878.0
2515005,114.27295489890912,3.1526749611196943,9.0,on_track,PB,Nordeste,<5 mil,3294.0
2515104,,,2.0,,PB,Nordeste,<5 mil,4976.0
2515203,109.09002164502226,0.8183549783549923,10.0,on_track,PB,Nordeste,<5 mil,2277.0
2515302,40.35724658971742,0.2768029380902621,22.0,will_not_meet,PB,Nordeste,20-50 mil,40297.0
2515401,,,1.0,,PB,Nordeste,<5 mil,4907.0
2515500,,,2.0,,PB,Nordeste,5-20 mil,8959.0
2515609,,,1.0,,PB,Nordeste,<5 mil,2075.0
2515708,63.11247826087401,-2.0954347826083217,5.0,will_not_meet,PB,Nordeste,<5 mil,1744.0
2515807,,,0.0,,PB,Nordeste,<5 mil,3583.0
2515906,,,1.0,,PB,Nordeste,<5 mil,3355.0
2515930,,,1.0,,PB,Nordeste,<5 mil,3769.0
2515971,,,0.0,,PB,Nordeste,<5 mil,940.0
2516003,86.38217391304352,3.375518394648816,4.0,at_risk,PB,Nordeste,5-20 mil,18867.0
2516102,,,0.0,,PB,Nordeste,5-20 mil,11327.0
2516151,,,0.0,,PB,Nordeste,<5 mil,1813.0
2516201,148.24443330294616,3.9072835004557964,12.0,on_track,PB,Nordeste,50-100 mil,54261.0
2516300,1.1958333333345763,-1.9941666666667162,8.0,will_not_meet,PB,Nordeste,5-20 mil,13025.0
2516409,,,1.0,,PB,Nordeste,<5 mil,4692.0
2516508,,,1.0,,PB,Nordeste,5-20 mil,9280.0
2516607,78.34244161358492,2.525626326963688,8.0,will_not_meet,PB,Nordeste,5-20 mil,6939.0
2516706,150.0,8.295779220779705,4.0,on_track,PB,Nordeste,5-20 mil,10434.0
2516755,35.46999999999525,1.4585714285710953,8.0,will_not_meet,PB,Nordeste,<5 mil,1819.0
2516805,150.0,8.118072289157677,4.0,on_track,PB,Nordeste,<5 mil,4427.0
2516904,,,0.0,,PB,Nordeste,5-20 mil,10897.0
2517001,,,1.0,,PB,Nordeste,<5 mil,4250.0
2517100,54.05161290322576,-2.2587903225806993,9.0,will_not_meet,PB,Nordeste,<5 mil,2103.0
2517209,,,0.0,,PB,Nordeste,<5 mil,1065.0
2517407,,,0.0,,PB,Nordeste,<5 mil,1610.0
2600054,4.0276341050234805,-1.586431394692367,22.0,will_not_meet,PE,Nordeste,50-100 mil,92376.0
2600104,0.0,-6.0019479495270245,9.0,will_not_meet,PE,Nordeste,20-50 mil,29322.0
2600203,99.99999999999997,5.831730075829461e-17,6.0,on_track,PE,Nordeste,5-20 mil,6659.0
2600302,39.67295238094994,-4.106571428571393,6.0,will_not_meet,PE,Nordeste,5-20 mil,18872.0
2600401,,,0.0,,PE,Nordeste,20-50 mil,21181.0
2600500,149.26153846153102,4.310384615383675,3.0,on_track,PE,Nordeste,20-50 mil,26816.0
2600609,65.69248447205018,-1.7740372670808315,6.0,will_not_meet,PE,Nordeste,5-20 mil,8356.0
2600708,,,0.0,,PE,Nordeste,20-50 mil,20784.0
2600807,150.0,10.489528301887399,5.0,on_track,PE,Nordeste,5-20 mil,13144.0
2600906,,,0.0,,PE,Nordeste,5-20 mil,16560.0
2601003,,,0.0,,PE,Nordeste,5-20 mil,6743.0
2601052,,,0.0,,PE,Nordeste,5-20 mil,17606.0
2601102,84.92902393418171,-0.9911331338817959,13.0,at_risk,PE,Nordeste,50-100 mil,51762.0
2601201,2.304234895538741,-0.14658949745908254,22.0,will_not_meet,PE,Nordeste,50-100 mil,68591.0
2601300,11.786483516483486,0.3120329670329687,3.0,will_not_meet,PE,Nordeste,5-20 mil,13045.0
2601409,47.48016666666672,1.2367500000000053,15.0,will_not_meet,PE,Nordeste,20-50 mil,35762.0
2601508,,,0.0,,PE,Nordeste,5-20 mil,8565.0
2601607,4.553333333326009,-2.7750000000006674,3.0,will_not_meet,PE,Nordeste,5-20 mil,12878.0
2601706,81.85588785046775,1.9785981308411136,8.0,at_risk,PE,Nordeste,50-100 mil,61849.0
2601805,0.0,-7.443408239700384,5.0,will_not_meet,PE,Nordeste,<5 mil,3962.0
2601904,,,1.0,,PE,Nordeste,50-100 mil,51683.0
2602001,55.96900000000005,0.6503333333333435,9.0,will_not_meet,PE,Nordeste,5-20 mil,14081.0
2602100,,,1.0,,PE,Nordeste,20-50 mil,32051.0
2602209,19.24907894736907,0.5648355263158111,7.0,will_not_meet,PE,Nordeste,5-20 mil,16084.0
2602308,,,2.0,,PE,Nordeste,20-50 mil,26581.0
2602407,,,0.0,,PE,Nordeste,<5 mil,3619.0
2602506,,,2.0,,PE,Nordeste,<5 mil,3470.0
2602605,34.24284341978637,-4.432430355427528,10.0,will_not_meet,PE,Nordeste,20-50 mil,40190.0
2602704,,,0.0,,PE,Nordeste,5-20 mil,8351.0
2602803,100.00000000000003,2.858731204861001e-15,3.0,on_track,PE,Nordeste,20-50 mil,24182.0
2602902,0.0,-0.24185770750992316,22.0,will_not_meet,PE,Nordeste,100-500 mil,191152.0
2603009,84.31128571428576,-0.07185714285713647,10.0,at_risk,PE,Nordeste,20-50 mil,22302.0
2603108,68.50750000000062,-1.7243749999998552,7.0,will_not_meet,PE,Nordeste,5-20 mil,16659.0
2603207,,,0.0,,PE,Nordeste,5-20 mil,8224.0
2603306,,,0.0,,PE,Nordeste,<5 mil,3761.0
2603405,,,1.0,,PE,Nordeste,<5 mil,2217.0
2603454,3.095027092113199,0.03689042745334165,21.0,will_not_meet,PE,Nordeste,100-500 mil,159945.0
2603504,0.0,-35.6092857142842,3.0,will_not_meet,PE,Nordeste,5-20 mil,15942.0
2603603,,,0.0,,PE,Nordeste,5-20 mil,6883.0
2603702,68.56824561403573,2.4634210526316394,3.0,will_not_meet,PE,Nordeste,5-20 mil,14234.0
2603801,,,1.0,,PE,Nordeste,5-20 mil,6408.0
2603900,0.0,-8.03601684717217,8.0,will_not_meet,PE,Nordeste,5-20 mil,8072.0
2603926,49.89318435754194,-2.670446927374268,4.0,will_not_meet,PE,Nordeste,<5 mil,2191.0
2604007,,,0.0,,PE,Nordeste,50-100 mil,81944.0
2604106,47.74000000000109,0.1000000000000507,22.0,will_not_meet,PE,Nordeste,100-500 mil,327915.0
2604155,99.99999999999996,-3.1904382361505076e-15,4.0,on_track,PE,Nordeste,<5 mil,1782.0
2604205,,,0.0,,PE,Nordeste,20-50 mil,33408.0
2604304,78.11545454545148,-1.5631818181819077,11.0,will_not_meet,PE,Nordeste,5-20 mil,6988.0
2604403,,,0.0,,PE,Nordeste,5-20 mil,10519.0
2604502,0.0,-7.8658913043476275,7.0,will_not_meet,PE,Nordeste,5-20 mil,14910.0
2604601,,,0.0,,PE,Nordeste,20-50 mil,24942.0
2604700,,,1.0,,PE,Nordeste,5-20 mil,10867.0
2604809,,,1.0,,PE,Nordeste,5-20 mil,7970.0
2604908,,,0.0,,PE,Nordeste,<5 mil,4442.0
2605004,72.8028571428539,-0.4264285714287988,7.0,will_not_meet,PE,Nordeste,20-50 mil,21540.0
2605103,,,0.0,,PE,Nordeste,20-50 mil,24139.0
2605152,63.265641025641344,0.23104895104897,12.0,will_not_meet,PE,Nordeste,5-20 mil,6831.0
2605202,,,0.0,,PE,Nordeste,50-100 mil,59218.0
2605301,112.38476190476013,3.787142857142534,6.0,on_track,PE,Nordeste,5-20 mil,16341.0
2605400,,,1.0,,PE,Nordeste,5-20 mil,17732.0
2605459,77.11864935064966,0.4287792207792289,21.0,will_not_meet,PE,Nordeste,<5 mil,3140.0
2605509,,,0.0,,PE,Nordeste,5-20 mil,9792.0
2605608,,,0.0,,PE,Nordeste,5-20 mil,9551.0
2605707,150.0,4.145833333333386,9.0,on_track,PE,Nordeste,20-50 mil,22840.0
2605806,,,0.0,,PE,Nordeste,<5 mil,3707.0
2605905,,,0.0,,PE,Nordeste,20-50 mil,22066.0
2606002,7.0903549783550375,-0.11254545454545403,21.0,will_not_meet,PE,Nordeste,100-500 mil,125999.0
2606101,,,0.0,,PE,Nordeste,5-20 mil,16406.0
2606200,111.75333333333037,8.570000000000103,3.0,on_track,PE,Nordeste,50-100 mil,61631.0
2606309,0.0,-9.46550000000358,9.0,will_not_meet,PE,Nordeste,<5 mil,3517.0
2606408,6.423828689370396,0.2041279669762714,18.0,will_not_meet,PE,Nordeste,50-100 mil,76301.0
2606507,0.0,-17.515000000015878,3.0,will_not_meet,PE,Nordeste,5-20 mil,7281.0
2606606,99.99999999999997,-4.586495415190095e-17,7.0,on_track,PE,Nordeste,5-20 mil,16349.0
2606705,150.0,5.953025477706978,3.0,on_track,PE,Nordeste,<5 mil,3240.0
2606804,8.411208356860527,0.2407961603613713,22.0,will_not_meet,PE,Nordeste,100-500 mil,110199.0
2606903,,,2.0,,PE,Nordeste,5-20 mil,6362.0
2607000,2.3649999999988722,-1.5950000000000664,4.0,will_not_meet,PE,Nordeste,5-20 mil,9147.0
2607109,,,0.0,,PE,Nordeste,<5 mil,2478.0
2607208,15.495454545454592,-0.03545454545454058,10.0,will_not_meet,PE,Nordeste,50-100 mil,73393.0
2607307,61.0052380952302,1.3588095238090405,8.0,will_not_meet,PE,Nordeste,5-20 mil,19364.0
2607406,,,2.0,,PE,Nordeste,<5 mil,4255.0
2607505,,,0.0,,PE,Nordeste,5-20 mil,9692.0
2607604,,,0.0,,PE,Nordeste,20-50 mil,21025.0
2607653,,,2.0,,PE,Nordeste,20-50 mil,29476.0
2607703,0.0,-15.219759036144556,4.0,will_not_meet,PE,Nordeste,5-20 mil,8190.0
2607752,0.0,-6.390912951167922,8.0,will_not_meet,PE,Nordeste,20-50 mil,20921.0
2607802,,,0.0,,PE,Nordeste,5-20 mil,13113.0
2607901,6.006453980800416,-0.6045623941276838,22.0,will_not_meet,PE,Nordeste,500 mil+,695854.0
2607950,,,0.0,,PE,Nordeste,5-20 mil,7170.0
2608008,,,0.0,,PE,Nordeste,5-20 mil,10047.0
2608057,52.377117117116086,1.388918918918861,3.0,will_not_meet,PE,Nordeste,5-20 mil,6492.0
2608107,,,2.0,,PE,Nordeste,5-20 mil,16401.0
2608206,,,2.0,,PE,Nordeste,5-20 mil,11669.0
2608255,,,1.0,,PE,Nordeste,<5 mil,3079.0
2608305,,,0.0,,PE,Nordeste,5-20 mil,9150.0
2608404,,,2.0,,PE,Nordeste,5-20 mil,9320.0
2608453,,,0.0,,PE,Nordeste,5-20 mil,13392.0
2608503,,,0.0,,PE,Nordeste,5-20 mil,17807.0
2608602,,,0.0,,PE,Nordeste,5-20 mil,6609.0
2608701,100.00000000000003,2.858731204861001e-15,3.0,on_track,PE,Nordeste,5-20 mil,9045.0
2608750,150.0,4.634965034964997,12.0,on_track,PE,Nordeste,5-20 mil,11940.0
2608800,,,1.0,,PE,Nordeste,20-50 mil,29461.0
2608909,,,0.0,,PE,Nordeste,20-50 mil,45131.0
2609006,,,0.0,,PE,Nordeste,5-20 mil,15850.0
2609105,,,0.0,,PE,Nordeste,5-20 mil,10290.0
2609154,,,0.0,,PE,Nordeste,<5 mil,4668.0
2609204,,,0.0,,PE,Nordeste,5-20 mil,7767.0
2609303,21.98333333332448,-4.910000000000889,3.0,will_not_meet,PE,Nordeste,5-20 mil,7760.0
2609402,55.61019607843082,1.7301960784314254,17.0,will_not_meet,PE,Nordeste,50-100 mil,56480.0
2609501,64.26931372548916,2.3799019607843923,17.0,will_not_meet,PE,Nordeste,20-50 mil,28839.0
2609600,44.847690570299505,-0.30837380011291243,22.0,will_not_meet,PE,Nordeste,100-500 mil,385972.0
2609709,0.0,-7.337931034483266,5.0,will_not_meet,PE,Nordeste,5-20 mil,8631.0
2609808,,,2.0,,PE,Nordeste,5-20 mil,5363.0
2609907,,,0.0,,PE,Nordeste,20-50 mil,35690.0
2610004,,,0.0,,PE,Nordeste,50-100 mil,50209.0
2610103,,,0.0,,PE,Nordeste,<5 mil,4748.0
2610202,100.00000000000001,2.901572717401482e-15,7.0,on_track,PE,Nordeste,5-20 mil,14396.0
2610301,,,0.0,,PE,Nordeste,<5 mil,2365.0
2610400,86.08563843236607,2.717067003792871,8.0,at_risk,PE,Nordeste,5-20 mil,9195.0
2610509,,,1.0,,PE,Nordeste,5-20 mil,14056.0
2610608,,,0.0,,PE,Nordeste,20-50 mil,40569.0
2610707,24.665239977412966,-1.1591643139469643,22.0,will_not_meet,PE,Nordeste,100-500 mil,336919.0
2610806,,,0.0,,PE,Nordeste,5-20 mil,13013.0
2610905,150.0,4.561092814371042,7.0,on_track,PE,Nordeste,20-50 mil,48809.0
2611002,0.0,-6.738547486033264,4.0,will_not_meet,PE,Nordeste,20-50 mil,27077.0
2611101,51.124601919818815,-1.2164878599661098,22.0,will_not_meet,PE,Nordeste,100-500 mil,267993.0
2611200,118.37124999999878,1.3608333333332872,8.0,on_track,PE,Nordeste,5-20 mil,7029.0
2611309,,,0.0,,PE,Nordeste,5-20 mil,18114.0
2611408,,,0.0,,PE,Nordeste,5-20 mil,9723.0
2611507,128.41788844621624,4.7858167330675645,4.0,on_track,PE,Nordeste,5-20 mil,12850.0
2611533,100.00000000000003,1.478563421816164e-16,6.0,on_track,PE,Nordeste,<5 mil,2516.0
2611606,80.71959909655607,0.5843365330321987,22.0,at_risk,PE,Nordeste,500 mil+,1661017.0
2611705,99.01999999999984,-0.07000000000001774,5.0,on_track,PE,Nordeste,5-20 mil,9485.0
2611804,,,0.0,,PE,Nordeste,20-50 mil,36585.0
2611903,27.921796992481177,-0.34227819548870614,20.0,will_not_meet,PE,Nordeste,5-20 mil,14320.0
2612000,,,1.0,,PE,Nordeste,5-20 mil,5385.0
2612109,,,0.0,,PE,Nordeste,<5 mil,3687.0
2612208,68.77521212121337,2.6167878787878402,10.0,will_not_meet,PE,Nordeste,20-50 mil,49694.0
2612307,,,1.0,,PE,Nordeste,5-20 mil,7954.0
2612406,,,0.0,,PE,Nordeste,5-20 mil,15548.0
2612455,78.111571428567,1.8878571428567377,5.0,will_not_meet,PE,Nordeste,5-20 mil,5140.0
2612471,,,0.0,,PE,Nordeste,5-20 mil,5699.0
2612505,34.57221330274933,-3.0547591743123195,9.0,will_not_meet,PE,Nordeste,100-500 mil,109274.0
2612554,29.068965517248216,-4.164511494252198,7.0,will_not_meet,PE,Nordeste,<5 mil,2438.0
2612604,0.0,-9.512580645162888,4.0,will_not_meet,PE,Nordeste,5-20 mil,15944.0
2612703,,,0.0,,PE,Nordeste,<5 mil,3599.0
2612802,,,2.0,,PE,Nordeste,5-20 mil,7453.0
2612901,,,1.0,,PE,Nordeste,5-20 mil,8338.0
2613008,29.6009477124162,-3.600212418300741,7.0,will_not_meet,PE,Nordeste,20-50 mil,31737.0
2613107,,,2.0,,PE,Nordeste,20-50 mil,28779.0
2613206,,,2.0,,PE,Nordeste,5-20 mil,10422.0
2613305,59.2432258064473,-0.36703225806477885,4.0,will_not_meet,PE,Nordeste,5-20 mil,14778.0
2613404,,,0.0,,PE,Nordeste,5-20 mil,16162.0
2613503,125.10648648648385,1.982162162162135,6.0,on_track,PE,Nordeste,5-20 mil,16894.0
2613602,100.00000000000001,-1.1953998855742578e-16,3.0,on_track,PE,Nordeste,20-50 mil,22528.0
2613701,21.598808582721333,0.021530208921499518,22.0,will_not_meet,PE,Nordeste,100-500 mil,108078.0
2613800,,,2.0,,PE,Nordeste,5-20 mil,11959.0
2613909,90.59269230769405,3.1325874125875743,12.0,on_track,PE,Nordeste,50-100 mil,67644.0
2614006,100.00000000000003,1.478563421816164e-16,6.0,on_track,PE,Nordeste,5-20 mil,6666.0
2614105,107.99985714285731,1.3757857142857137,6.0,on_track,PE,Nordeste,5-20 mil,19876.0
2614204,49.86359523809506,1.5396071428571374,15.0,will_not_meet,PE,Nordeste,20-50 mil,24976.0
2614303,0.0,-33.15235059760931,4.0,will_not_meet,PE,Nordeste,5-20 mil,6922.0
2614402,0.0,-13.300000000001777,3.0,will_not_meet,PE,Nordeste,<5 mil,1923.0
2614501,75.18500000000677,5.073000000000193,4.0,will_not_meet,PE,Nordeste,20-50 mil,49813.0
2614600,,,2.0,,PE,Nordeste,20-50 mil,21589.0
2614709,150.0,11.266000000000771,5.0,on_track,PE,Nordeste,5-20 mil,7151.0
2614808,,,1.0,,PE,Nordeste,5-20 mil,11013.0
2614857,88.49192307692101,1.8254195804194495,12.0,at_risk,PE,Nordeste,5-20 mil,17467.0
2615003,0.5542105263339181,-6.704210526315077,4.0,will_not_meet,PE,Nordeste,20-50 mil,21256.0
2615102,,,0.0,,PE,Nordeste,<5 mil,3068.0
2615201,0.0,-10.052857142859349,6.0,will_not_meet,PE,Nordeste,5-20 mil,5574.0
2615300,,,2.0,,PE,Nordeste,20-50 mil,45301.0
2615409,,,2.0,,PE,Nordeste,20-50 mil,45195.0
2615508,,,0.0,,PE,Nordeste,5-20 mil,11642.0
2615607,0.0,-4.450000000000394,3.0,will_not_meet,PE,Nordeste,20-50 mil,26754.0
2615706,,,2.0,,PE,Nordeste,5-20 mil,8064.0
2615805,99.99999999999997,-7.500293758918914e-16,4.0,on_track,PE,Nordeste,5-20 mil,9711.0
2615904,,,1.0,,PE,Nordeste,5-20 mil,6624.0
2616001,0.0,-7.116860465115928,9.0,will_not_meet,PE,Nordeste,5-20 mil,12136.0
2616100,55.246030927834795,-0.033041237113414744,5.0,will_not_meet,PE,Nordeste,<5 mil,2819.0
2616183,,,0.0,,PE,Nordeste,<5 mil,1733.0
2616209,,,2.0,,PE,Nordeste,5-20 mil,15036.0
2616308,,,0.0,,PE,Nordeste,5-20 mil,14778.0
2616407,15.01399774138963,-0.896431394692226,22.0,will_not_meet,PE,Nordeste,100-500 mil,122518.0
2616506,,,0.0,,PE,Nordeste,5-20 mil,9623.0
2700102,150.0,8.275769230771335,3.0,on_track,AL,Nordeste,5-20 mil,5334.0
2700201,,,0.0,,AL,Nordeste,5-20 mil,8992.0
2700300,0.0,-15.563703703704604,8.0,will_not_meet,AL,Nordeste,100-500 mil,198698.0
2700409,,,0.0,,AL,Nordeste,20-50 mil,24087.0
2700508,,,1.0,,AL,Nordeste,5-20 mil,15076.0
2700607,27.210987654322707,1.1871252204586296,8.0,will_not_meet,AL,Nordeste,5-20 mil,7261.0
2700706,136.39557575758045,5.936424242424063,10.0,on_track,AL,Nordeste,5-20 mil,13004.0
2700805,,,0.0,,AL,Nordeste,,
2700904,,,0.0,,AL,Nordeste,<5 mil,1119.0
2701001,,,0.0,,AL,Nordeste,5-20 mil,18569.0
2701100,,,2.0,,AL,Nordeste,5-20 mil,6574.0
2701209,,,0.0,,AL,Nordeste,5-20 mil,5786.0
2701308,12.862564102564079,0.33646853146853484,12.0,will_not_meet,AL,Nordeste,5-20 mil,17282.0
2701357,87.41000000000054,-0.6346428571427958,6.0,at_risk,AL,Nordeste,5-20 mil,5854.0
2701407,51.97073798239717,1.201760324983091,13.0,will_not_meet,AL,Nordeste,20-50 mil,25293.0
2701506,,,0.0,,AL,Nordeste,<5 mil,4437.0
2701605,,,0.0,,AL,Nordeste,5-20 mil,5687.0
2701704,0.0,-1.1514285714280224,7.0,will_not_meet,AL,Nordeste,5-20 mil,12524.0
2701803,,,0.0,,AL,Nordeste,5-20 mil,5427.0
2701902,,,0.0,,AL,Nordeste,<5 mil,4592.0
2702009,,,0.0,,AL,Nordeste,<5 mil,3623.0
2702108,,,0.0,,AL,Nordeste,5-20 mil,16785.0
2702207,,,0.0,,AL,Nordeste,5-20 mil,5293.0
2702306,0.0,-2.805410418310945,13.0,will_not_meet,AL,Nordeste,50-100 mil,50916.0
2702355,,,0.0,,AL,Nordeste,5-20 mil,7896.0
2702405,0.0,-6.0167682926827695,9.0,will_not_meet,AL,Nordeste,20-50 mil,38046.0
2702504,,,0.0,,AL,Nordeste,5-20 mil,5169.0
2702553,,,0.0,,AL,Nordeste,<5 mil,4275.0
2702603,,,1.0,,AL,Nordeste,<5 mil,3561.0
2702702,,,1.0,,AL,Nordeste,<5 mil,3848.0
2702801,99.99999999999996,-3.1904382361505076e-15,4.0,on_track,AL,Nordeste,5-20 mil,8341.0
2702900,,,0.0,,AL,Nordeste,5-20 mil,12826.0
2703007,,,2.0,,AL,Nordeste,5-20 mil,9636.0
2703106,131.82000000000426,3.64500000000038,3.0,on_track,AL,Nordeste,5-20 mil,6284.0
2703205,,,2.0,,AL,Nordeste,5-20 mil,5057.0
2703304,,,0.0,,AL,Nordeste,5-20 mil,6886.0
2703403,,,0.0,,AL,Nordeste,<5 mil,2904.0
2703502,0.0,-3.623121998079003,10.0,will_not_meet,AL,Nordeste,<5 mil,4352.0
2703601,,,0.0,,AL,Nordeste,<5 mil,3602.0
2703700,,,2.0,,AL,Nordeste,<5 mil,3014.0
2703759,,,0.0,,AL,Nordeste,<5 mil,2751.0
2703809,,,1.0,,AL,Nordeste,5-20 mil,15498.0
2703908,,,0.0,,AL,Nordeste,<5 mil,2771.0
2704005,,,2.0,,AL,Nordeste,5-20 mil,8091.0
2704104,,,0.0,,AL,Nordeste,5-20 mil,8885.0
2704203,,,0.0,,AL,Nordeste,<5 mil,2396.0
2704302,47.541769991014974,-0.22122256449751085,24.0,will_not_meet,AL,Nordeste,500 mil+,1030912.0
2704401,,,0.0,,AL,Nordeste,5-20 mil,9811.0
2704500,63.20842647058839,-0.38988235294117723,16.0,will_not_meet,AL,Nordeste,20-50 mil,21606.0
2704609,,,0.0,,AL,Nordeste,<5 mil,4421.0
2704708,41.48418498168485,1.0863736263735928,12.0,will_not_meet,AL,Nordeste,20-50 mil,49877.0
2704807,,,0.0,,AL,Nordeste,5-20 mil,9615.0
2704906,54.10666666666475,1.4149999999998473,3.0,will_not_meet,AL,Nordeste,<5 mil,1558.0
2705002,,,0.0,,AL,Nordeste,5-20 mil,5789.0
2705101,,,0.0,,AL,Nordeste,20-50 mil,22878.0
2705200,150.0,41.134999999977275,3.0,on_track,AL,Nordeste,5-20 mil,16554.0
2705309,,,0.0,,AL,Nordeste,<5 mil,2269.0
2705408,,,0.0,,AL,Nordeste,<5 mil,2601.0
2705507,,,2.0,,AL,Nordeste,20-50 mil,23530.0
2705606,,,1.0,,AL,Nordeste,5-20 mil,7800.0
2705705,,,0.0,,AL,Nordeste,5-20 mil,14900.0
2705804,,,0.0,,AL,Nordeste,<5 mil,4509.0
2705903,,,0.0,,AL,Nordeste,<5 mil,1246.0
2706000,,,0.0,,AL,Nordeste,<5 mil,3317.0
2706109,,,0.0,,AL,Nordeste,5-20 mil,7297.0
2706208,,,0.0,,AL,Nordeste,<5 mil,3205.0
2706307,2.1038181818186104,-0.16663636363633189,11.0,will_not_meet,AL,Nordeste,50-100 mil,53872.0
2706406,,,0.0,,AL,Nordeste,5-20 mil,10993.0
2706422,,,0.0,,AL,Nordeste,<5 mil,2873.0
2706448,,,0.0,,AL,Nordeste,5-20 mil,11942.0
2706505,,,0.0,,AL,Nordeste,5-20 mil,7476.0
2706604,0.0,-3.4980606060604242,10.0,will_not_meet,AL,Nordeste,<5 mil,4994.0
2706703,,,0.0,,AL,Nordeste,20-50 mil,47724.0
2706802,,,2.0,,AL,Nordeste,5-20 mil,10839.0
2706901,22.120413533834835,0.654548872180469,5.0,will_not_meet,AL,Nordeste,20-50 mil,33715.0
2707008,,,0.0,,AL,Nordeste,<5 mil,1658.0
2707107,29.90389302556605,-1.8112012906426467,20.0,will_not_meet,AL,Nordeste,5-20 mil,14493.0
2707206,,,0.0,,AL,Nordeste,<5 mil,2128.0
2707305,,,0.0,,AL,Nordeste,20-50 mil,21472.0
2707404,,,1.0,,AL,Nordeste,<5 mil,4336.0
2707503,,,0.0,,AL,Nordeste,5-20 mil,6606.0
2707602,0.0,-8.296223849373007,9.0,will_not_meet,AL,Nordeste,5-20 mil,6317.0
2707701,53.70285714285319,1.8407142857139756,7.0,will_not_meet,AL,Nordeste,50-100 mil,61814.0
2707800,150.0,10.727746478874376,5.0,on_track,AL,Nordeste,5-20 mil,5824.0
2707909,,,0.0,,AL,Nordeste,5-20 mil,6578.0
2708006,39.35630303030348,1.981696969696889,10.0,will_not_meet,AL,Nordeste,20-50 mil,28987.0
2708105,21.699999999999974,-2.1726630245754527e-15,3.0,will_not_meet,AL,Nordeste,5-20 mil,5491.0
2708204,,,2.0,,AL,Nordeste,<5 mil,3306.0
2708303,,,2.0,,AL,Nordeste,5-20 mil,16326.0
2708402,,,0.0,,AL,Nordeste,5-20 mil,12555.0
2708501,,,0.0,,AL,Nordeste,5-20 mil,16782.0
2708600,98.54347274856809,1.4018666023564812,18.0,on_track,AL,Nordeste,50-100 mil,60031.0
2708709,,,0.0,,AL,Nordeste,<5 mil,2548.0
2708808,,,0.0,,AL,Nordeste,5-20 mil,13237.0
2708907,,,0.0,,AL,Nordeste,5-20 mil,12301.0
2708956,,,0.0,,AL,Nordeste,<5 mil,4200.0
2709004,,,0.0,,AL,Nordeste,<5 mil,2146.0
2709103,56.31283582089554,1.8010447761193624,5.0,will_not_meet,AL,Nordeste,5-20 mil,7753.0
2709152,78.79916666666259,-1.214500000000453,9.0,will_not_meet,AL,Nordeste,20-50 mil,37674.0
2709202,,,0.0,,AL,Nordeste,5-20 mil,8724.0
2709301,76.0288888888972,2.177333333334044,9.0,will_not_meet,AL,Nordeste,50-100 mil,50406.0
2709400,,,0.0,,AL,Nordeste,5-20 mil,18492.0
2800100,,,0.0,,SE,Nordeste,<5 mil,1930.0
2800209,,,1.0,,SE,Nordeste,5-20 mil,12451.0
2800308,75.78492812219201,1.5337697343088206,24.0,will_not_meet,SE,Nordeste,500 mil+,672614.0
2800407,,,0.0,,SE,Nordeste,<5 mil,4059.0
2800506,100.00000000000006,5.685720621135328e-15,5.0,on_track,SE,Nordeste,5-20 mil,9147.0
2800605,71.1185454545471,0.02218181818192016,11.0,will_not_meet,SE,Nordeste,20-50 mil,26291.0
2800670,,,0.0,,SE,Nordeste,5-20 mil,16900.0
2800704,150.0,9.512307692305596,3.0,on_track,SE,Nordeste,<5 mil,4362.0
2801009,73.425714285695,4.9857142857128265,3.0,will_not_meet,SE,Nordeste,5-20 mil,9114.0
2801108,,,0.0,,SE,Nordeste,<5 mil,1517.0
2801207,57.21067567567479,0.9333783783783449,3.0,will_not_meet,SE,Nordeste,5-20 mil,17600.0
2801306,,,0.0,,SE,Nordeste,20-50 mil,22339.0
2801405,,,0.0,,SE,Nordeste,5-20 mil,12499.0
2801504,,,2.0,,SE,Nordeste,5-20 mil,13675.0
2801603,,,1.0,,SE,Nordeste,5-20 mil,5300.0
2801702,,,0.0,,SE,Nordeste,5-20 mil,9175.0
2801900,125.44000000000779,6.978999999999897,4.0,on_track,SE,Nordeste,<5 mil,2387.0
2802007,,,0.0,,SE,Nordeste,<5 mil,2567.0
2802106,9.095769230769406,0.40534965034966186,12.0,will_not_meet,SE,Nordeste,50-100 mil,59445.0
2802205,,,0.0,,SE,Nordeste,<5 mil,3784.0
2802304,,,0.0,,SE,Nordeste,5-20 mil,9287.0
2802403,,,2.0,,SE,Nordeste,<5 mil,2880.0
2802502,,,0.0,,SE,Nordeste,<5 mil,2153.0
2802601,,,1.0,,SE,Nordeste,<5 mil,2792.0
2802700,,,1.0,,SE,Nordeste,5-20 mil,5548.0
2802809,,,0.0,,SE,Nordeste,5-20 mil,6469.0
2802908,17.169816513760964,-0.17357798165140012,9.0,will_not_meet,SE,Nordeste,50-100 mil,75395.0
2803005,0.0,-6.925714285713836,4.0,will_not_meet,SE,Nordeste,20-50 mil,21149.0
2803104,,,1.0,,SE,Nordeste,<5 mil,2695.0
2803203,,,1.0,,SE,Nordeste,5-20 mil,13678.0
2803302,0.0,-14.739418604649726,3.0,will_not_meet,SE,Nordeste,5-20 mil,8935.0
2803401,,,1.0,,SE,Nordeste,<5 mil,4473.0
2803500,11.89393530997296,0.1511070465922212,24.0,will_not_meet,SE,Nordeste,50-100 mil,54613.0
2803609,,,0.0,,SE,Nordeste,20-50 mil,23963.0
2803708,0.0,-5.290158636897813,11.0,will_not_meet,SE,Nordeste,<5 mil,3351.0
2803807,,,0.0,,SE,Nordeste,<5 mil,1720.0
2803906,,,2.0,,SE,Nordeste,5-20 mil,5928.0
2804003,,,0.0,,SE,Nordeste,5-20 mil,12767.0
2804102,150.0,4.4104166666668005,8.0,on_track,SE,Nordeste,<5 mil,4751.0
2804201,,,1.0,,SE,Nordeste,5-20 mil,9039.0
2804300,,,0.0,,SE,Nordeste,<5 mil,3426.0
2804409,,,0.0,,SE,Nordeste,5-20 mil,10620.0
2804458,0.0,-10.020108303248659,8.0,will_not_meet,SE,Nordeste,<5 mil,3583.0
2804508,,,1.0,,SE,Nordeste,20-50 mil,25088.0
2804607,,,2.0,,SE,Nordeste,5-20 mil,17577.0
2804706,,,1.0,,SE,Nordeste,<5 mil,3434.0
2804805,52.946098886533036,0.7851497879109487,17.0,will_not_meet,SE,Nordeste,100-500 mil,181892.0
2804904,,,2.0,,SE,Nordeste,<5 mil,2998.0
2805000,,,0.0,,SE,Nordeste,<5 mil,1332.0
2805109,,,0.0,,SE,Nordeste,5-20 mil,7126.0
2805208,,,1.0,,SE,Nordeste,<5 mil,3711.0
2805307,,,0.0,,SE,Nordeste,5-20 mil,5531.0
2805406,,,1.0,,SE,Nordeste,5-20 mil,9805.0
2805505,,,0.0,,SE,Nordeste,5-20 mil,13443.0
2805604,119.35425742574625,5.302227722772464,4.0,on_track,SE,Nordeste,5-20 mil,10557.0
2805703,,,0.0,,SE,Nordeste,20-50 mil,25509.0
2805802,,,0.0,,SE,Nordeste,<5 mil,4979.0
2805901,,,0.0,,SE,Nordeste,5-20 mil,8694.0
2806008,,,2.0,,SE,Nordeste,5-20 mil,13121.0
2806107,100.00000000000001,-8.895924264374319e-17,6.0,on_track,SE,Nordeste,5-20 mil,7876.0
2806206,,,0.0,,SE,Nordeste,5-20 mil,6931.0
2806305,,,2.0,,SE,Nordeste,<5 mil,3193.0
2806404,,,1.0,,SE,Nordeste,5-20 mil,5081.0
2806503,,,0.0,,SE,Nordeste,<5 mil,2242.0
2806602,,,0.0,,SE,Nordeste,5-20 mil,8780.0
2806701,20.705803187451238,-0.7297723248166619,14.0,will_not_meet,SE,Nordeste,50-100 mil,77845.0
2806800,,,1.0,,SE,Nordeste,5-20 mil,5651.0
2806909,,,2.0,,SE,Nordeste,<5 mil,2690.0
2807006,,,2.0,,SE,Nordeste,<5 mil,1873.0
2807105,9.124195369847882,-0.2095934500282151,22.0,will_not_meet,SE,Nordeste,20-50 mil,21493.0
2807204,,,2.0,,SE,Nordeste,<5 mil,3595.0
2807303,,,0.0,,SE,Nordeste,<5 mil,1247.0
2807402,150.0,14.483023255811288,5.0,on_track,SE,Nordeste,20-50 mil,35462.0
2807501,,,2.0,,SE,Nordeste,5-20 mil,5066.0
2807600,,,0.0,,SE,Nordeste,5-20 mil,16012.0
2900108,,,1.0,,BA,Nordeste,,
2900207,44.00066666666771,-0.5566666666665958,10.0,will_not_meet,BA,Nordeste,5-20 mil,10897.0
2900306,,,0.0,,BA,Nordeste,5-20 mil,13263.0
2900355,,,2.0,,BA,Nordeste,5-20 mil,6107.0
2900405,,,0.0,,BA,Nordeste,5-20 mil,6278.0
2900504,,,0.0,,BA,Nordeste,<5 mil,1952.0
2900603,22.29130146082116,-3.025577689243232,6.0,will_not_meet,BA,Nordeste,<5 mil,2555.0
2900702,56.27059766763887,2.1070699708453966,17.0,will_not_meet,BA,Nordeste,100-500 mil,133719.0
2900801,,,0.0,,BA,Nordeste,5-20 mil,11730.0
2900900,,,0.0,,BA,Nordeste,<5 mil,4214.0
2901007,5.578589743589816,0.21860139860140004,12.0,will_not_meet,BA,Nordeste,20-50 mil,27268.0
2901106,,,0.0,,BA,Nordeste,5-20 mil,19804.0
2901155,,,0.0,,BA,Nordeste,5-20 mil,10917.0
2901205,,,0.0,,BA,Nordeste,<5 mil,4097.0
2901304,,,0.0,,BA,Nordeste,5-20 mil,7306.0
2901353,34.66499999973166,-4.065000000012972,3.0,will_not_meet,BA,Nordeste,5-20 mil,6209.0
2901403,,,0.0,,BA,Nordeste,5-20 mil,6452.0
2901502,,,0.0,,BA,Nordeste,<5 mil,4802.0
2901601,100.00000000000003,2.858731204861001e-15,3.0,on_track,BA,Nordeste,5-20 mil,7324.0
2901700,,,1.0,,BA,Nordeste,<5 mil,3257.0
2901809,,,0.0,,BA,Nordeste,5-20 mil,6277.0
2901908,,,0.0,,BA,Nordeste,5-20 mil,8557.0
2901957,,,0.0,,BA,Nordeste,<5 mil,4990.0
2902005,,,0.0,,BA,Nordeste,<5 mil,3714.0
2902054,,,0.0,,BA,Nordeste,5-20 mil,6147.0
2902104,22.37296395912017,-3.57117805271641,12.0,will_not_meet,BA,Nordeste,20-50 mil,20874.0
2902203,,,0.0,,BA,Nordeste,5-20 mil,5882.0
2902252,,,0.0,,BA,Nordeste,5-20 mil,5863.0
2902302,,,2.0,,BA,Nordeste,5-20 mil,5673.0
2902401,,,0.0,,BA,Nordeste,5-20 mil,9311.0
2902500,,,0.0,,BA,Nordeste,<5 mil,3514.0
2902609,0.0,-20.201000000002047,4.0,will_not_meet,BA,Nordeste,5-20 mil,8492.0
2902658,0.0,-2.7844891944988013,10.0,will_not_meet,BA,Nordeste,<5 mil,4534.0
2902708,,,1.0,,BA,Nordeste,20-50 mil,24381.0
2902807,106.03709090908706,3.4902727272724583,11.0,on_track,BA,Nordeste,5-20 mil,9918.0
2902906,0.9289264705881806,-0.051882352941179447,16.0,will_not_meet,BA,Nordeste,5-20 mil,19858.0
2903003,,,0.0,,BA,Nordeste,5-20 mil,5872.0
2903102,,,2.0,,BA,Nordeste,<5 mil,3325.0
2903201,103.23051383398979,3.5645059288536243,22.0,on_track,BA,Nordeste,100-500 mil,142654.0
2903235,,,0.0,,BA,Nordeste,5-20 mil,7481.0
2903276,,,0.0,,BA,Nordeste,5-20 mil,6511.0
2903300,,,0.0,,BA,Nordeste,5-20 mil,5012.0
2903409,150.0,3.8329649122807523,19.0,on_track,BA,Nordeste,5-20 mil,12333.0
2903508,,,0.0,,BA,Nordeste,5-20 mil,9588.0
2903607,24.594285714290436,-1.1742857142854803,3.0,will_not_meet,BA,Nordeste,<5 mil,3790.0
2903706,150.0,8.41902061855657,5.0,on_track,BA,Nordeste,<5 mil,4534.0
2903805,99.9999999999999,-8.780449625817782e-15,5.0,on_track,BA,Nordeste,5-20 mil,6776.0
2903904,79.9649323308272,1.6662406015037041,20.0,will_not_meet,BA,Nordeste,20-50 mil,47628.0
2903953,,,0.0,,BA,Nordeste,<5 mil,2674.0
2904001,,,0.0,,BA,Nordeste,<5 mil,4884.0
2904050,,,0.0,,BA,Nordeste,5-20 mil,7142.0
2904100,,,0.0,,BA,Nordeste,5-20 mil,7180.0
2904209,143.86333333332732,8.844999999999509,3.0,on_track,BA,Nordeste,<5 mil,3673.0
2904308,146.88750000000255,3.7025000000004193,8.0,on_track,BA,Nordeste,<5 mil,4893.0
2904407,,,0.0,,BA,Nordeste,<5 mil,1912.0
2904506,0.0,-58.17557319224117,8.0,will_not_meet,BA,Nordeste,<5 mil,3115.0
2904605,8.146177300959778,0.16531902879727908,22.0,will_not_meet,BA,Nordeste,20-50 mil,47133.0
2904704,,,0.0,,BA,Nordeste,5-20 mil,15001.0
2904753,,,0.0,,BA,Nordeste,5-20 mil,8620.0
2904803,,,1.0,,BA,Nordeste,<5 mil,2946.0
2904852,4.31912087912292,-0.1036263736262525,13.0,will_not_meet,BA,Nordeste,5-20 mil,5095.0
2904902,119.34627450980042,3.5639215686274923,17.0,on_track,BA,Nordeste,5-20 mil,17223.0
2905008,7.77249999999799,-0.4650000000001482,4.0,will_not_meet,BA,Nordeste,5-20 mil,14010.0
2905107,7.891999999997893,0.19799999999986365,5.0,will_not_meet,BA,Nordeste,<5 mil,3142.0
2905156,,,1.0,,BA,Nordeste,<5 mil,3540.0
2905206,,,0.0,,BA,Nordeste,20-50 mil,30644.0
2905305,,,0.0,,BA,Nordeste,5-20 mil,11408.0
2905404,30.053500000000135,-0.02899999999999253,16.0,will_not_meet,BA,Nordeste,5-20 mil,9891.0
2905503,,,0.0,,BA,Nordeste,<5 mil,4909.0
2905602,79.71837977295945,2.6387203302373736,18.0,will_not_meet,BA,Nordeste,20-50 mil,25117.0
2905701,57.97668912848167,1.6021255294570702,24.0,will_not_meet,BA,Nordeste,100-500 mil,295213.0
2905800,17.666043956044177,0.5208351648351491,14.0,will_not_meet,BA,Nordeste,5-20 mil,15735.0
2905909,,,2.0,,BA,Nordeste,5-20 mil,8343.0
2906006,6.614363636363549,0.05563636363635617,10.0,will_not_meet,BA,Nordeste,20-50 mil,26781.0
2906105,59.485151515154485,1.0608484848486106,10.0,will_not_meet,BA,Nordeste,<5 mil,3322.0
2906204,,,0.0,,BA,Nordeste,5-20 mil,12598.0
2906303,107.9158578431352,2.395416666666655,17.0,on_track,BA,Nordeste,20-50 mil,24610.0
2906402,,,0.0,,BA,Nordeste,<5 mil,3169.0
2906501,70.01687747035476,1.951778656126431,22.0,will_not_meet,BA,Nordeste,50-100 mil,80254.0
2906600,,,0.0,,BA,Nordeste,5-20 mil,8430.0
2906709,,,0.0,,BA,Nordeste,5-20 mil,17216.0
2906808,13.249999999996362,-3.311000000000096,4.0,will_not_meet,BA,Nordeste,5-20 mil,11698.0
2906824,99.99999999999997,-4.586495415190095e-17,7.0,on_track,BA,Nordeste,5-20 mil,9306.0
2906857,145.20756097560843,5.558292682926718,4.0,on_track,BA,Nordeste,5-20 mil,5629.0
2906873,0.5482417582418293,-0.2776923076922955,14.0,will_not_meet,BA,Nordeste,20-50 mil,25429.0
2906899,,,1.0,,BA,Nordeste,<5 mil,2129.0
2906907,91.6114285714284,4.471428571428505,7.0,on_track,BA,Nordeste,5-20 mil,11706.0
2907004,,,0.0,,BA,Nordeste,<5 mil,3063.0
2907103,70.20805555555853,3.02216666666722,9.0,will_not_meet,BA,Nordeste,5-20 mil,12912.0
2907202,16.777085674155842,-1.2537183988764762,15.0,will_not_meet,BA,Nordeste,20-50 mil,42256.0
2907301,2.061691176470589,-0.04551470588235472,17.0,will_not_meet,BA,Nordeste,5-20 mil,16279.0
2907400,,,0.0,,BA,Nordeste,<5 mil,1340.0
2907509,,,2.0,,BA,Nordeste,20-50 mil,46225.0
2907558,53.90916666665953,1.9641666666662987,8.0,will_not_meet,BA,Nordeste,<5 mil,2497.0
2907608,,,0.0,,BA,Nordeste,5-20 mil,8291.0
2907707,39.316529411764634,0.0666029411764675,16.0,will_not_meet,BA,Nordeste,<5 mil,2750.0
2907806,81.55361904761997,0.247428571428628,6.0,at_risk,BA,Nordeste,5-20 mil,17910.0
2907905,,,2.0,,BA,Nordeste,5-20 mil,12467.0
2908002,,,0.0,,BA,Nordeste,5-20 mil,14717.0
2908101,,,0.0,,BA,Nordeste,5-20 mil,8894.0
2908200,0.0,-0.1775151515151423,10.0,will_not_meet,BA,Nordeste,5-20 mil,14775.0
2908309,,,0.0,,BA,Nordeste,5-20 mil,7571.0
2908408,3.2661818181818774,-0.0661818181818109,10.0,will_not_meet,BA,Nordeste,20-50 mil,39409.0
2908507,0.0,-0.7989285714286011,7.0,will_not_meet,BA,Nordeste,20-50 mil,26280.0
2908606,58.21299999999883,1.85700000000004,5.0,will_not_meet,BA,Nordeste,5-20 mil,13466.0
2908705,,,0.0,,BA,Nordeste,5-20 mil,7557.0
2908804,,,0.0,,BA,Nordeste,<5 mil,1983.0
2908903,,,0.0,,BA,Nordeste,5-20 mil,9396.0
2909000,,,0.0,,BA,Nordeste,<5 mil,2707.0
2909109,,,0.0,,BA,Nordeste,5-20 mil,6112.0
2909208,51.46444723617151,0.810879396984302,7.0,will_not_meet,BA,Nordeste,5-20 mil,6417.0
2909307,77.4211904761869,2.314738095238073,9.0,will_not_meet,BA,Nordeste,5-20 mil,13005.0
2909406,,,0.0,,BA,Nordeste,5-20 mil,6707.0
2909505,63.53879120879196,-0.9701098901098006,14.0,will_not_meet,BA,Nordeste,<5 mil,3376.0
2909604,,,0.0,,BA,Nordeste,5-20 mil,9116.0
2909703,,,0.0,,BA,Nordeste,<5 mil,3298.0
2909802,146.46452380952542,7.472380952381733,8.0,on_track,BA,Nordeste,50-100 mil,54411.0
2909901,136.27068303095166,3.0574066168623544,18.0,on_track,BA,Nordeste,5-20 mil,14955.0
2910008,,,0.0,,BA,Nordeste,<5 mil,4103.0
2910057,129.36329757199292,3.4361998870693595,22.0,on_track,BA,Nordeste,50-100 mil,78707.0
2910107,,,0.0,,BA,Nordeste,<5 mil,2424.0
2910206,,,0.0,,BA,Nordeste,<5 mil,1851.0
2910305,,,0.0,,BA,Nordeste,<5 mil,3322.0
2910404,74.46521212121347,0.09478787878795915,10.0,will_not_meet,BA,Nordeste,<5 mil,3435.0
2910503,38.56671732522909,1.3536018237082528,17.0,will_not_meet,BA,Nordeste,20-50 mil,25121.0
2910602,,,0.0,,BA,Nordeste,20-50 mil,24059.0
2910701,50.72109890109732,1.9254945054944332,13.0,will_not_meet,BA,Nordeste,20-50 mil,29765.0
2910727,14.621052631578891,0.4103684210526199,20.0,will_not_meet,BA,Nordeste,100-500 mil,107550.0
2910750,71.3416279069761,0.9432558139534849,5.0,will_not_meet,BA,Nordeste,5-20 mil,6974.0
2910776,,,0.0,,BA,Nordeste,<5 mil,2966.0
2910800,110.13383647798582,2.225754716981134,24.0,on_track,BA,Nordeste,500 mil+,572524.0
2910859,,,1.0,,BA,Nordeste,5-20 mil,8792.0
2910909,,,0.0,,BA,Nordeste,<5 mil,4544.0
2911006,150.0,5.522285714285396,5.0,on_track,BA,Nordeste,5-20 mil,7250.0
2911105,,,0.0,,BA,Nordeste,5-20 mil,15818.0
2911204,145.17928571428638,5.2992857142852285,3.0,on_track,BA,Nordeste,20-50 mil,26848.0
2911253,63.41027027027303,-2.231081081080766,6.0,will_not_meet,BA,Nordeste,<5 mil,2458.0
2911303,87.5118787878805,1.3721212121212791,10.0,at_risk,BA,Nordeste,5-20 mil,5683.0
2911402,24.65436363636445,0.24981818181822374,11.0,will_not_meet,BA,Nordeste,<5 mil,2859.0
2911501,,,2.0,,BA,Nordeste,<5 mil,4393.0
2911600,,,0.0,,BA,Nordeste,5-20 mil,7785.0
2911659,,,0.0,,BA,Nordeste,<5 mil,1271.0
2911709,111.56121212121161,3.8707878787876777,10.0,on_track,BA,Nordeste,50-100 mil,67740.0
2911808,,,1.0,,BA,Nordeste,5-20 mil,9672.0
2911857,59.463333333338596,4.090000000000311,3.0,will_not_meet,BA,Nordeste,5-20 mil,5327.0
2911907,,,2.0,,BA,Nordeste,5-20 mil,18768.0
2912004,,,0.0,,BA,Nordeste,<5 mil,4139.0
2912103,,,0.0,,BA,Nordeste,5-20 mil,15535.0
2912202,66.52497237568946,-0.1401381215470388,7.0,will_not_meet,BA,Nordeste,5-20 mil,12679.0
2912301,26.683076923067347,-4.9538461538467224,4.0,will_not_meet,BA,Nordeste,5-20 mil,12326.0
2912400,,,0.0,,BA,Nordeste,5-20 mil,10884.0
2912509,,,0.0,,BA,Nordeste,5-20 mil,5453.0
2912608,,,0.0,,BA,Nordeste,<5 mil,2047.0
2912707,134.1433333333298,5.464999999999878,3.0,on_track,BA,Nordeste,5-20 mil,6391.0
2912806,100.45729323308274,0.9903007518797459,5.0,on_track,BA,Nordeste,<5 mil,4979.0
2912905,,,0.0,,BA,Nordeste,5-20 mil,12030.0
2913002,22.367696078431436,-1.2490686274510374,17.0,will_not_meet,BA,Nordeste,<5 mil,3649.0
2913101,,,0.0,,BA,Nordeste,5-20 mil,7968.0
2913200,128.79581818182214,3.7862727272728236,11.0,on_track,BA,Nordeste,20-50 mil,20768.0
2913309,,,0.0,,BA,Nordeste,<5 mil,3991.0
2913408,0.0,-6.877000000002243,5.0,will_not_meet,BA,Nordeste,5-20 mil,8100.0
2913457,,,0.0,,BA,Nordeste,<5 mil,4153.0
2913507,10.827892156862163,0.01406862745095026,17.0,will_not_meet,BA,Nordeste,5-20 mil,15318.0
2913606,71.85878035008443,0.3052286843591,22.0,will_not_meet,BA,Nordeste,100-500 mil,132864.0
2913705,99.99999999999997,-4.586495415190095e-17,7.0,on_track,BA,Nordeste,5-20 mil,17536.0
2913804,,,0.0,,BA,Nordeste,<5 mil,2447.0
2913903,56.48600490196077,2.3082107843138107,17.0,will_not_meet,BA,Nordeste,20-50 mil,41821.0
2914000,36.16139705882415,1.4817647058823604,16.0,will_not_meet,BA,Nordeste,20-50 mil,28979.0
2914109,98.79375757576054,2.536242424242487,10.0,on_track,BA,Nordeste,5-20 mil,6410.0
2914208,,,0.0,,BA,Nordeste,<5 mil,3410.0
2914307,,,1.0,,BA,Nordeste,<5 mil,3549.0
2914406,,,0.0,,BA,Nordeste,5-20 mil,7692.0
2914505,,,0.0,,BA,Nordeste,5-20 mil,11999.0
2914604,24.237779220779203,0.7376493506493593,21.0,will_not_meet,BA,Nordeste,50-100 mil,68274.0
2914653,0.28285714285709673,-0.26285714285713957,7.0,will_not_meet,BA,Nordeste,20-50 mil,23275.0
2914703,39.90631578947432,1.389947368421101,19.0,will_not_meet,BA,Nordeste,50-100 mil,50974.0
2914802,102.51306787082513,1.1196004378762765,28.0,on_track,BA,Nordeste,100-500 mil,208867.0
2914901,141.73390109889442,5.569505494505167,13.0,on_track,BA,Nordeste,5-20 mil,16297.0
2915007,,,0.0,,BA,Nordeste,5-20 mil,6725.0
2915106,0.0,-14.147510729614394,5.0,will_not_meet,BA,Nordeste,5-20 mil,9497.0
2915205,0.0,-1.5934285714284335,6.0,will_not_meet,BA,Nordeste,5-20 mil,9029.0
2915304,,,0.0,,BA,Nordeste,5-20 mil,5390.0
2915353,,,1.0,,BA,Nordeste,<5 mil,2881.0
2915403,123.91549450548973,3.929780219779885,13.0,on_track,BA,Nordeste,5-20 mil,5223.0
2915502,90.31318681318703,0.3259340659340766,13.0,on_track,BA,Nordeste,5-20 mil,16222.0
2915601,145.29140204429314,4.698105621805848,16.0,on_track,BA,Nordeste,50-100 mil,50854.0
2915700,,,0.0,,BA,Nordeste,5-20 mil,5889.0
2915809,11.121272727272867,0.4707272727272598,10.0,will_not_meet,BA,Nordeste,5-20 mil,19173.0
2915908,,,0.0,,BA,Nordeste,<5 mil,1970.0
2916005,100.00000000000004,3.6328552884716196e-15,5.0,on_track,BA,Nordeste,5-20 mil,13514.0
2916104,82.67698496240791,1.5676090225563826,20.0,at_risk,BA,Nordeste,20-50 mil,22440.0
2916203,,,0.0,,BA,Nordeste,5-20 mil,5420.0
2916302,,,0.0,,BA,Nordeste,5-20 mil,8014.0
2916401,51.66333333333387,-1.2713725490196492,17.0,will_not_meet,BA,Nordeste,50-100 mil,75144.0
2916500,100.00000000000003,2.858731204861001e-15,3.0,on_track,BA,Nordeste,5-20 mil,7484.0
2916609,62.495000000003984,-1.2949999999996993,3.0,will_not_meet,BA,Nordeste,5-20 mil,7648.0
2916708,,,2.0,,BA,Nordeste,5-20 mil,5026.0
2916807,0.0,-5.7688144329901085,5.0,will_not_meet,BA,Nordeste,5-20 mil,16456.0
2916856,,,0.0,,BA,Nordeste,5-20 mil,10158.0
2916906,141.36449748744235,4.695603015075546,8.0,on_track,BA,Nordeste,5-20 mil,9368.0
2917003,8.18994505494527,0.24357142857143904,13.0,will_not_meet,BA,Nordeste,5-20 mil,9706.0
2917102,0.0,-1.9693281653752013,10.0,will_not_meet,BA,Nordeste,5-20 mil,18531.0
2917201,18.5238356164391,-4.439041095890194,7.0,will_not_meet,BA,Nordeste,5-20 mil,6920.0
2917300,18.482857142856346,0.7642857142856817,7.0,will_not_meet,BA,Nordeste,20-50 mil,20902.0
2917334,91.58357142856835,0.5003571428569312,7.0,on_track,BA,Nordeste,5-20 mil,5351.0
2917359,51.44543859649252,0.8061988304094206,10.0,will_not_meet,BA,Nordeste,<5 mil,2770.0
2917409,0.0,-23.17857142857329,3.0,will_not_meet,BA,Nordeste,5-20 mil,5357.0
2917508,12.266666666666652,0.4613333333333176,10.0,will_not_meet,BA,Nordeste,50-100 mil,56927.0
2917607,61.497333333334154,1.3446666666666462,10.0,will_not_meet,BA,Nordeste,20-50 mil,41822.0
2917706,53.394220588235385,0.3028970588235336,16.0,will_not_meet,BA,Nordeste,5-20 mil,18568.0
2917805,,,0.0,,BA,Nordeste,5-20 mil,6165.0
2917904,,,0.0,,BA,Nordeste,5-20 mil,6392.0
2918001,110.38907906558825,1.1571390065460039,24.0,on_track,BA,Nordeste,100-500 mil,143448.0
2918100,137.2861780104722,2.765732984293098,8.0,on_track,BA,Nordeste,5-20 mil,18896.0
2918209,85.9843627450955,1.5499509803920812,17.0,at_risk,BA,Nordeste,5-20 mil,5762.0
2918308,,,1.0,,BA,Nordeste,5-20 mil,6869.0
2918357,,,0.0,,BA,Nordeste,5-20 mil,15409.0
2918407,26.052849002850735,-0.926794871794752,27.0,will_not_meet,BA,Nordeste,100-500 mil,178300.0
2918456,,,1.0,,BA,Nordeste,<5 mil,1973.0
2918506,,,0.0,,BA,Nordeste,5-20 mil,10178.0
2918555,,,0.0,,BA,Nordeste,<5 mil,4298.0
2918605,,,0.0,,BA,Nordeste,<5 mil,2207.0
2918704,150.0,4.114381188118689,7.0,on_track,BA,Nordeste,<5 mil,1976.0
2918753,,,0.0,,BA,Nordeste,<5 mil,3198.0
2918803,60.60924019607768,0.19968137254898943,17.0,will_not_meet,BA,Nordeste,5-20 mil,6631.0
2918902,60.22685714285717,-1.2217142857141963,6.0,will_not_meet,BA,Nordeste,<5 mil,2221.0
2919009,0.0,-4.098909090908738,10.0,will_not_meet,BA,Nordeste,<5 mil,1181.0
2919058,,,0.0,,BA,Nordeste,5-20 mil,5326.0
2919108,,,1.0,,BA,Nordeste,<5 mil,1762.0
2919157,,,2.0,,BA,Nordeste,5-20 mil,10707.0
2919207,116.53372893016967,3.0581114551084165,18.0,on_track,BA,Nordeste,100-500 mil,204669.0
2919306,83.81342647058636,1.4951176470587422,16.0,at_risk,BA,Nordeste,5-20 mil,8981.0
2919405,,,0.0,,BA,Nordeste,5-20 mil,6276.0
2919504,9.303333333352384,-2.6099999999990935,3.0,will_not_meet,BA,Nordeste,20-50 mil,22299.0
2919553,150.0,9.081000000002376,9.0,on_track,BA,Nordeste,50-100 mil,84617.0
2919603,116.18928571428569,2.654142857142918,6.0,on_track,BA,Nordeste,5-20 mil,6925.0
2919702,,,1.0,,BA,Nordeste,5-20 mil,15205.0
2919801,20.400150214592486,-1.217660944206068,5.0,will_not_meet,BA,Nordeste,5-20 mil,16534.0
2919900,,,0.0,,BA,Nordeste,<5 mil,2746.0
2919926,121.3587719298257,3.103438596491302,19.0,on_track,BA,Nordeste,20-50 mil,21100.0
2919959,48.1192307692304,1.5415384615384464,3.0,will_not_meet,BA,Nordeste,<5 mil,955.0
2920007,115.27871794871999,1.4247435897436302,3.0,on_track,BA,Nordeste,5-20 mil,8107.0
2920106,0.0,-22.61383495145699,3.0,will_not_meet,BA,Nordeste,5-20 mil,10660.0
2920205,,,0.0,,BA,Nordeste,5-20 mil,6912.0
2920304,,,0.0,,BA,Nordeste,<5 mil,3180.0
2920403,,,0.0,,BA,Nordeste,5-20 mil,6621.0
2920452,,,0.0,,BA,Nordeste,5-20 mil,5249.0
2920502,,,0.0,,BA,Nordeste,5-20 mil,14369.0
2920601,96.16121804511386,2.5236691729322858,20.0,on_track,BA,Nordeste,20-50 mil,26316.0
2920700,,,0.0,,BA,Nordeste,<5 mil,3852.0
2920809,,,0.0,,BA,Nordeste,5-20 mil,5240.0
2920908,,,2.0,,BA,Nordeste,5-20 mil,10865.0
2921005,99.78391084093528,2.3633941236069824,17.0,on_track,BA,Nordeste,20-50 mil,35362.0
2921054,,,0.0,,BA,Nordeste,<5 mil,3851.0
2921104,,,2.0,,BA,Nordeste,5-20 mil,17999.0
2921203,7.350424242424197,-0.7144242424242343,10.0,will_not_meet,BA,Nordeste,5-20 mil,15639.0
2921302,,,0.0,,BA,Nordeste,5-20 mil,8191.0
2921401,128.6821428571384,5.877499999999563,7.0,on_track,BA,Nordeste,5-20 mil,9004.0
2921450,57.707515923561914,-3.9421974522296215,3.0,will_not_meet,BA,Nordeste,<5 mil,1423.0
2921500,34.797999999998865,1.14365217391295,4.0,will_not_meet,BA,Nordeste,5-20 mil,8305.0
2921609,,,0.0,,BA,Nordeste,5-20 mil,5669.0
2921708,99.51921212121488,2.6107878787878844,10.0,on_track,BA,Nordeste,20-50 mil,20441.0
2921807,,,0.0,,BA,Nordeste,5-20 mil,5692.0
2921906,86.0600096758609,0.1770537010160868,12.0,at_risk,BA,Nordeste,<5 mil,3459.0
2922003,150.0,4.02304411764703,16.0,on_track,BA,Nordeste,20-50 mil,32607.0
2922052,,,0.0,,BA,Nordeste,5-20 mil,5059.0
2922102,150.0,5.723585657370722,6.0,on_track,BA,Nordeste,5-20 mil,15097.0
2922201,,,0.0,,BA,Nordeste,<5 mil,3462.0
2922250,0.0,-4.673696969696738,10.0,will_not_meet,BA,Nordeste,<5 mil,1434.0
2922300,89.4963235294108,3.3219117647059897,17.0,at_risk,BA,Nordeste,5-20 mil,18365.0
2922409,111.3120343137216,1.5551225490194782,17.0,on_track,BA,Nordeste,5-20 mil,10060.0
2922508,,,2.0,,BA,Nordeste,20-50 mil,24027.0
2922607,100.00000000000011,7.4653303952337e-15,4.0,on_track,BA,Nordeste,<5 mil,3508.0
2922656,,,0.0,,BA,Nordeste,<5 mil,4183.0
2922706,100.00000000000003,1.478563421816164e-16,6.0,on_track,BA,Nordeste,5-20 mil,6757.0
2922730,,,0.0,,BA,Nordeste,5-20 mil,5226.0
2922755,,,2.0,,BA,Nordeste,<5 mil,2752.0
2922805,,,1.0,,BA,Nordeste,<5 mil,3041.0
2922854,,,0.0,,BA,Nordeste,5-20 mil,5949.0
2922904,,,0.0,,BA,Nordeste,5-20 mil,13145.0
2923001,0.0,-0.8899999999997772,9.0,will_not_meet,BA,Nordeste,20-50 mil,38408.0
2923035,,,0.0,,BA,Nordeste,<5 mil,4155.0
2923050,99.99999999999997,-4.586495415190095e-17,7.0,on_track,BA,Nordeste,5-20 mil,7699.0
2923100,150.0,10.710697674418167,5.0,on_track,BA,Nordeste,5-20 mil,14529.0
2923209,,,0.0,,BA,Nordeste,5-20 mil,6574.0
2923308,,,1.0,,BA,Nordeste,<5 mil,2854.0
2923357,150.0,18.54999999999916,3.0,on_track,BA,Nordeste,5-20 mil,6782.0
2923407,,,0.0,,BA,Nordeste,5-20 mil,10336.0
2923506,119.87681318681825,3.2656043956047704,13.0,on_track,BA,Nordeste,5-20 mil,5683.0
2923605,,,0.0,,BA,Nordeste,5-20 mil,10400.0
2923704,,,0.0,,BA,Nordeste,5-20 mil,11880.0
2923803,,,0.0,,BA,Nordeste,5-20 mil,9995.0
2923902,,,2.0,,BA,Nordeste,5-20 mil,6496.0
2924009,79.64313235294048,3.095338235294113,16.0,will_not_meet,BA,Nordeste,100-500 mil,102725.0
2924058,,,1.0,,BA,Nordeste,5-20 mil,5092.0
2924108,0.0,-10.021201550388186,9.0,will_not_meet,BA,Nordeste,<5 mil,1856.0
2924207,,,1.0,,BA,Nordeste,<5 mil,2737.0
2924306,2.1300000000000097,0.015000000000000792,3.0,will_not_meet,BA,Nordeste,5-20 mil,7135.0
2924405,,,0.0,,BA,Nordeste,5-20 mil,10213.0
2924504,,,0.0,,BA,Nordeste,<5 mil,4507.0
2924603,10.645571428571088,-0.1421428571428651,5.0,will_not_meet,BA,Nordeste,5-20 mil,11196.0
2924652,92.23596072931377,2.8177279102385184,11.0,on_track,BA,Nordeste,5-20 mil,5846.0
2924678,,,1.0,,BA,Nordeste,<5 mil,3783.0
2924702,,,0.0,,BA,Nordeste,<5 mil,4969.0
2924801,0.0,-6.684230769233779,3.0,will_not_meet,BA,Nordeste,5-20 mil,17032.0
2924900,,,0.0,,BA,Nordeste,<5 mil,3885.0
2925006,,,0.0,,BA,Nordeste,5-20 mil,16144.0
2925105,,,0.0,,BA,Nordeste,20-50 mil,36352.0
2925204,0.0,-236.87653846154936,4.0,will_not_meet,BA,Nordeste,20-50 mil,34673.0
2925253,,,0.0,,BA,Nordeste,5-20 mil,7864.0
2925303,111.70245454545534,0.9886883116883366,21.0,on_track,BA,Nordeste,100-500 mil,125069.0
2925402,,,0.0,,BA,Nordeste,<5 mil,4459.0
2925501,,,0.0,,BA,Nordeste,5-20 mil,15803.0
2925600,,,0.0,,BA,Nordeste,5-20 mil,9998.0
2925709,80.75349397590207,-1.083614457831393,4.0,at_risk,BA,Nordeste,<5 mil,3699.0
2925758,,,1.0,,BA,Nordeste,5-20 mil,11345.0
2925808,75.44084848484954,1.7103030303030804,5.0,will_not_meet,BA,Nordeste,5-20 mil,12911.0
2925907,,,1.0,,BA,Nordeste,5-20 mil,6481.0
2925931,,,0.0,,BA,Nordeste,<5 mil,3427.0
2925956,,,2.0,,BA,Nordeste,5-20 mil,6781.0
2926004,57.98061407440653,-0.09029881966231236,19.0,will_not_meet,BA,Nordeste,20-50 mil,24896.0
2926103,,,0.0,,BA,Nordeste,5-20 mil,8134.0
2926202,,,0.0,,BA,Nordeste,5-20 mil,10936.0
2926301,0.9766798418972371,-0.06778656126482098,22.0,will_not_meet,BA,Nordeste,20-50 mil,20055.0
2926400,,,0.0,,BA,Nordeste,5-20 mil,15274.0
2926509,,,0.0,,BA,Nordeste,<5 mil,1969.0
2926608,,,2.0,,BA,Nordeste,20-50 mil,33876.0
2926657,,,2.0,,BA,Nordeste,<5 mil,2645.0
2926707,52.54565934066932,0.34906593406651576,13.0,will_not_meet,BA,Nordeste,5-20 mil,6246.0
2926806,,,2.0,,BA,Nordeste,5-20 mil,6279.0
2926905,,,0.0,,BA,Nordeste,5-20 mil,5158.0
2927002,,,0.0,,BA,Nordeste,20-50 mil,25847.0
2927101,129.0721794871797,3.4735664335665115,12.0,on_track,BA,Nordeste,5-20 mil,8031.0
2927200,9.679862401100706,0.0718163054695549,18.0,will_not_meet,BA,Nordeste,20-50 mil,22842.0
2927309,,,0.0,,BA,Nordeste,5-20 mil,7108.0
2927408,106.3748697214728,0.07995764343470504,24.0,on_track,BA,Nordeste,500 mil+,2899524.0
2927507,,,1.0,,BA,Nordeste,5-20 mil,9536.0
2927606,115.66296969697032,4.495030303030202,10.0,on_track,BA,Nordeste,5-20 mil,5185.0
2927705,72.62801470588329,0.8140441176471398,17.0,will_not_meet,BA,Nordeste,20-50 mil,20300.0
2927804,,,0.0,,BA,Nordeste,<5 mil,4747.0
2927903,117.74188725489785,2.964093137254881,17.0,on_track,BA,Nordeste,5-20 mil,9716.0
2928000,100.00000000000003,2.858731204861001e-15,3.0,on_track,BA,Nordeste,20-50 mil,23171.0
2928059,,,0.0,,BA,Nordeste,5-20 mil,7445.0
2928109,32.104835164833275,1.105714285714155,13.0,will_not_meet,BA,Nordeste,20-50 mil,23460.0
2928208,,,0.0,,BA,Nordeste,5-20 mil,14595.0
2928307,,,0.0,,BA,Nordeste,<5 mil,1724.0
2928406,0.0,-1.5367796256349735,20.0,will_not_meet,BA,Nordeste,5-20 mil,16249.0
2928505,150.0,7.580550847457142,7.0,on_track,BA,Nordeste,<5 mil,2545.0
2928604,56.50948051948046,0.36480519480519,21.0,will_not_meet,BA,Nordeste,20-50 mil,46617.0
2928703,35.80155639097757,1.1324661654135006,20.0,will_not_meet,BA,Nordeste,50-100 mil,89949.0
2928802,23.159975490196075,0.9471813725490543,17.0,will_not_meet,BA,Nordeste,20-50 mil,31036.0
2928901,,,0.0,,BA,Nordeste,5-20 mil,10851.0
2928950,,,0.0,,BA,Nordeste,5-20 mil,5826.0
2929008,134.38867647058396,2.9901470588234664,17.0,on_track,BA,Nordeste,5-20 mil,9716.0
2929057,,,0.0,,BA,Nordeste,5-20 mil,12611.0
2929107,,,0.0,,BA,Nordeste,5-20 mil,10196.0
2929206,68.87315789473541,1.9350000000000283,19.0,will_not_meet,BA,Nordeste,20-50 mil,33566.0
2929255,,,0.0,,BA,Nordeste,5-20 mil,10698.0
2929305,7.548545454546002,-0.042545454545416965,10.0,will_not_meet,BA,Nordeste,5-20 mil,19000.0
2929354,,,0.0,,BA,Nordeste,5-20 mil,5024.0
2929370,,,0.0,,BA,Nordeste,5-20 mil,7242.0
2929404,,,1.0,,BA,Nordeste,<5 mil,3786.0
2929503,0.0,-2.710166666669225,9.0,will_not_meet,BA,Nordeste,20-50 mil,34998.0
2929602,,,0.0,,BA,Nordeste,5-20 mil,8491.0
2929701,,,0.0,,BA,Nordeste,<5 mil,3959.0
2929750,,,0.0,,BA,Nordeste,5-20 mil,11888.0
2929800,0.0,-10.657197802197535,3.0,will_not_meet,BA,Nordeste,5-20 mil,7278.0
2929909,,,0.0,,BA,Nordeste,20-50 mil,21525.0
2930006,,,0.0,,BA,Nordeste,<5 mil,4562.0
2930105,0.0,-9.137696969696625,10.0,will_not_meet,BA,Nordeste,50-100 mil,61738.0
2930154,,,0.0,,BA,Nordeste,5-20 mil,6219.0
2930204,0.0,-10.579999999999227,3.0,will_not_meet,BA,Nordeste,20-50 mil,23908.0
2930303,,,0.0,,BA,Nordeste,5-20 mil,5720.0
2930402,,,1.0,,BA,Nordeste,5-20 mil,6529.0
2930501,14.834161490683073,0.3148447204968834,22.0,will_not_meet,BA,Nordeste,50-100 mil,50219.0
2930600,,,2.0,,BA,Nordeste,5-20 mil,7955.0
2930709,131.79964426877177,3.9284189723318894,22.0,on_track,BA,Nordeste,100-500 mil,122904.0
2930766,,,2.0,,BA,Nordeste,<5 mil,3874.0
2930774,110.1725960604208,1.9943953714336775,18.0,on_track,BA,Nordeste,20-50 mil,21160.0
2930808,,,0.0,,BA,Nordeste,5-20 mil,6502.0
2930907,,,0.0,,BA,Nordeste,<5 mil,4305.0
2931004,0.0,-5.581142857142828,6.0,will_not_meet,BA,Nordeste,5-20 mil,8443.0
2931053,,,1.0,,BA,Nordeste,5-20 mil,7948.0
2931103,,,0.0,,BA,Nordeste,5-20 mil,5660.0
2931202,58.453589743588964,-1.3732167832168307,12.0,will_not_meet,BA,Nordeste,5-20 mil,9969.0
2931301,150.0,3.6806993006992816,12.0,on_track,BA,Nordeste,5-20 mil,13111.0
2931350,100.2613608130996,3.5190062111799882,22.0,on_track,BA,Nordeste,100-500 mil,153509.0
2931400,,,0.0,,BA,Nordeste,5-20 mil,5860.0
2931509,11.999999999999659,-0.41485507246376224,9.0,will_not_meet,BA,Nordeste,5-20 mil,7037.0
2931608,65.0240384615372,-2.5240384615384057,3.0,will_not_meet,BA,Nordeste,5-20 mil,5157.0
2931707,,,0.0,,BA,Nordeste,5-20 mil,11681.0
2931806,,,0.0,,BA,Nordeste,<5 mil,3700.0
2931905,55.085256410255624,0.7213286713286508,12.0,will_not_meet,BA,Nordeste,20-50 mil,21323.0
2932002,,,0.0,,BA,Nordeste,5-20 mil,10627.0
2932101,115.02387254901623,3.077107843137259,17.0,on_track,BA,Nordeste,5-20 mil,8871.0
2932200,,,0.0,,BA,Nordeste,5-20 mil,15860.0
2932309,,,0.0,,BA,Nordeste,5-20 mil,19729.0
2932408,,,0.0,,BA,Nordeste,5-20 mil,8475.0
2932457,,,2.0,,BA,Nordeste,5-20 mil,8647.0
2932507,23.415030075188042,0.6057819548872012,20.0,will_not_meet,BA,Nordeste,5-20 mil,11288.0
2932606,0.0,-15.060000000000434,4.0,will_not_meet,BA,Nordeste,5-20 mil,6013.0
2932705,25.13266666666709,0.5813333333333401,10.0,will_not_meet,BA,Nordeste,5-20 mil,16157.0
2932804,,,0.0,,BA,Nordeste,5-20 mil,13626.0
2932903,127.5366031625108,2.8809582777672005,14.0,on_track,BA,Nordeste,50-100 mil,71046.0
2933000,,,2.0,,BA,Nordeste,5-20 mil,15986.0
2933059,,,0.0,,BA,Nordeste,5-20 mil,6645.0
2933109,,,2.0,,BA,Nordeste,5-20 mil,6181.0
2933158,138.8271515151555,4.0988484848484905,10.0,on_track,BA,Nordeste,5-20 mil,8215.0
2933174,,,0.0,,BA,Nordeste,<5 mil,3226.0
2933208,38.02032751354591,1.084630945213729,21.0,will_not_meet,BA,Nordeste,20-50 mil,41453.0
2933257,,,0.0,,BA,Nordeste,<5 mil,1238.0
2933307,121.80941599281323,2.3897362341162953,24.0,on_track,BA,Nordeste,100-500 mil,307666.0
2933406,,,0.0,,BA,Nordeste,5-20 mil,6741.0
2933455,,,0.0,,BA,Nordeste,5-20 mil,5709.0
2933505,,,0.0,,BA,Nordeste,5-20 mil,7062.0
2933604,34.97581089542882,0.7968872886662518,19.0,will_not_meet,BA,Nordeste,20-50 mil,33274.0
3100104,107.21688888888832,0.4706666666666456,9.0,on_track,MG,Sudeste,<5 mil,4388.0
3100203,0.0,-7.723928571428352,8.0,will_not_meet,MG,Sudeste,20-50 mil,20202.0
3100302,34.10840659340829,-2.4945054945052516,12.0,will_not_meet,MG,Sudeste,5-20 mil,7348.0
3100401,129.89539748954212,2.2594142259415544,9.0,on_track,MG,Sudeste,<5 mil,2602.0
3100500,0.0,-10.7465517241394,4.0,will_not_meet,MG,Sudeste,<5 mil,4335.0
3100609,100.0,5.559584257201696e-16,7.0,on_track,MG,Sudeste,5-20 mil,6166.0
3100708,71.38272727272488,-2.044090909091026,11.0,will_not_meet,MG,Sudeste,<5 mil,1491.0
3100807,45.07088235294077,-1.4261764705883115,17.0,will_not_meet,MG,Sudeste,<5 mil,2636.0
3100906,0.0,-2.323000000001783,9.0,will_not_meet,MG,Sudeste,5-20 mil,14943.0
3101003,40.85744117647005,0.7060441176470348,16.0,will_not_meet,MG,Sudeste,5-20 mil,9597.0
3101102,99.67523529411756,1.0083235294117545,16.0,on_track,MG,Sudeste,5-20 mil,19824.0
3101201,112.74581818181423,1.8185454545451347,11.0,on_track,MG,Sudeste,<5 mil,3015.0
3101300,,,1.0,,MG,Sudeste,<5 mil,1108.0
3101409,0.0,-5.886774193548403,9.0,will_not_meet,MG,Sudeste,<5 mil,2080.0
3101508,71.70254545454691,1.000272727272786,11.0,will_not_meet,MG,Sudeste,20-50 mil,33084.0
3101607,78.08140350877167,0.04028070175437329,19.0,will_not_meet,MG,Sudeste,50-100 mil,75926.0
3101631,129.49599999999646,2.4579999999999953,5.0,on_track,MG,Sudeste,<5 mil,4679.0
3101706,77.66077012920698,0.33008613767428563,20.0,will_not_meet,MG,Sudeste,20-50 mil,34702.0
3101805,150.0,9.462530120481869,4.0,on_track,MG,Sudeste,5-20 mil,5878.0
3101904,21.158444278236857,-3.7013462976814226,13.0,will_not_meet,MG,Sudeste,5-20 mil,16264.0
3102001,149.52106544078197,4.196787452677269,10.0,on_track,MG,Sudeste,5-20 mil,10621.0
3102050,70.86185714285875,-0.9115714285712528,6.0,will_not_meet,MG,Sudeste,<5 mil,4444.0
3102100,100.00000000000004,-9.868575590909105e-16,8.0,on_track,MG,Sudeste,<5 mil,4471.0
3102209,147.97083333334376,3.759833333334348,9.0,on_track,MG,Sudeste,<5 mil,1804.0
3102308,99.99999999999994,-3.903613537609694e-15,8.0,on_track,MG,Sudeste,5-20 mil,11339.0
3102407,108.89345454545378,0.6848181818180887,11.0,on_track,MG,Sudeste,<5 mil,1474.0
3102506,35.31778761061287,-4.29752212389396,4.0,will_not_meet,MG,Sudeste,<5 mil,2428.0
3102605,36.92000000000553,-4.566571428570908,14.0,will_not_meet,MG,Sudeste,20-50 mil,31360.0
3102704,,,0.0,,MG,Sudeste,<5 mil,4715.0
3102803,99.99999999999997,-4.586495415190095e-17,7.0,on_track,MG,Sudeste,5-20 mil,9823.0
3102852,95.03709090909297,1.2229090909091818,10.0,on_track,MG,Sudeste,<5 mil,4334.0
3102902,99.99999999999996,-7.365397757546244e-17,9.0,on_track,MG,Sudeste,5-20 mil,8077.0
3103009,150.0,5.237228915662033,4.0,on_track,MG,Sudeste,<5 mil,4510.0
3103108,0.0,-6.688604091455671,8.0,will_not_meet,MG,Sudeste,<5 mil,947.0
3103207,81.0337937384902,2.539926335175048,8.0,at_risk,MG,Sudeste,<5 mil,1876.0
3103306,100.00000000000026,2.294358549970857e-14,3.0,on_track,MG,Sudeste,<5 mil,1639.0
3103405,83.06988095238012,2.4381785714285678,15.0,at_risk,MG,Sudeste,20-50 mil,23892.0
3103504,76.02549409237372,-0.3661546723952597,24.0,will_not_meet,MG,Sudeste,100-500 mil,110580.0
3103603,103.65794444444634,0.48183333333342204,9.0,on_track,MG,Sudeste,<5 mil,2592.0
3103702,0.0,-32.05418181818357,11.0,will_not_meet,MG,Sudeste,<5 mil,3159.0
3103751,13.760181818187448,-3.500727272726829,11.0,will_not_meet,MG,Sudeste,5-20 mil,6712.0
3103801,0.0,-9.116571428571095,6.0,will_not_meet,MG,Sudeste,<5 mil,2134.0
3103900,84.53938524590126,-0.6930737704918577,7.0,at_risk,MG,Sudeste,5-20 mil,8229.0
3104007,78.37771929824561,0.04138596491228166,19.0,will_not_meet,MG,Sudeste,100-500 mil,106797.0
3104106,101.2686813186865,1.7332307692309528,14.0,on_track,MG,Sudeste,5-20 mil,9453.0
3104205,97.91378048779771,-0.023292682927229913,12.0,on_track,MG,Sudeste,20-50 mil,37729.0
3104304,,,1.0,,MG,Sudeste,5-20 mil,12832.0
3104403,97.99615384615402,0.5032517482517591,12.0,on_track,MG,Sudeste,<5 mil,2026.0
3104452,0.0,-12.8937362637361,14.0,will_not_meet,MG,Sudeste,<5 mil,1885.0
3104502,99.99999999999997,-4.586495415190095e-17,7.0,on_track,MG,Sudeste,5-20 mil,10962.0
3104601,86.56400000000133,-0.4641818181817569,10.0,at_risk,MG,Sudeste,5-20 mil,13074.0
3104700,51.849699248120714,0.4751804511278085,20.0,will_not_meet,MG,Sudeste,5-20 mil,6223.0
3104809,,,2.0,,MG,Sudeste,<5 mil,2849.0
3104908,65.1866666666665,-2.4866666666666326,10.0,will_not_meet,MG,Sudeste,5-20 mil,13929.0
3105004,102.33127272727353,0.24354545454549056,11.0,on_track,MG,Sudeste,<5 mil,4982.0
3105103,94.0111040339724,-0.1309341825900921,8.0,on_track,MG,Sudeste,20-50 mil,20371.0
3105202,92.92309090908839,0.9303636363634283,11.0,on_track,MG,Sudeste,<5 mil,2258.0
3105301,71.0432884615384,-0.549826923076929,16.0,will_not_meet,MG,Sudeste,5-20 mil,5299.0
3105400,89.98813186813231,-0.6531868131867729,13.0,at_risk,MG,Sudeste,20-50 mil,30129.0
3105509,,,0.0,,MG,Sudeste,<5 mil,3823.0
3105608,53.32319839142201,-0.7099454870419304,19.0,will_not_meet,MG,Sudeste,100-500 mil,127261.0
3105707,0.0,-221.7360000000018,4.0,will_not_meet,MG,Sudeste,<5 mil,1847.0
3105905,105.67060439560305,0.4145604395603623,13.0,on_track,MG,Sudeste,20-50 mil,20317.0
3106002,141.018698630136,3.508047945205109,7.0,on_track,MG,Sudeste,5-20 mil,9626.0
3106101,0.0,-14.653108108107556,3.0,will_not_meet,MG,Sudeste,<5 mil,1105.0
3106200,81.44325541125534,0.2783636363636375,21.0,at_risk,MG,Sudeste,500 mil+,2530701.0
3106309,104.46636260408877,1.3132134746404882,14.0,on_track,MG,Sudeste,20-50 mil,22946.0
3106408,99.99999999999997,-4.586495415190095e-17,7.0,on_track,MG,Sudeste,<5 mil,3377.0
3106507,52.51338235294091,-0.11191176470589818,16.0,will_not_meet,MG,Sudeste,<5 mil,3734.0
3106606,53.990476190480194,0.7051190476193597,8.0,will_not_meet,MG,Sudeste,<5 mil,2798.0
3106655,,,0.0,,MG,Sudeste,<5 mil,2725.0
3106705,79.2972813852814,0.8329090909090978,21.0,will_not_meet,MG,Sudeste,100-500 mil,446741.0
3106804,124.91833333333307,3.448286163522156,7.0,on_track,MG,Sudeste,<5 mil,1297.0
3106903,29.32309576836269,-4.687683741648596,6.0,will_not_meet,MG,Sudeste,5-20 mil,13867.0
3107000,,,0.0,,MG,Sudeste,<5 mil,1547.0
3107109,75.02315789473681,-0.15436842105263648,19.0,will_not_meet,MG,Sudeste,20-50 mil,33689.0
3107208,0.773333333334449,-7.324999999999806,3.0,will_not_meet,MG,Sudeste,<5 mil,2435.0
3107307,34.91394335352925,-2.2444309803633966,20.0,will_not_meet,MG,Sudeste,20-50 mil,39634.0
3107406,76.99516883116877,0.16568831168831316,21.0,will_not_meet,MG,Sudeste,20-50 mil,48436.0
3107505,28.257241379316838,-4.192758620689175,8.0,will_not_meet,MG,Sudeste,5-20 mil,5527.0
3107604,99.99999999999997,-4.586495415190095e-17,7.0,on_track,MG,Sudeste,<5 mil,3103.0
3107703,81.35634005763586,-1.3271757925072527,10.0,at_risk,MG,Sudeste,<5 mil,2833.0
3107802,150.0,7.920580762249358,8.0,on_track,MG,Sudeste,5-20 mil,9651.0
3107901,74.60789473684196,-0.15826315789474812,19.0,will_not_meet,MG,Sudeste,5-20 mil,5717.0
3108008,106.19846785714344,0.9521107142857423,11.0,on_track,MG,Sudeste,5-20 mil,14498.0
3108107,64.3992982456142,0.40407017543860985,19.0,will_not_meet,MG,Sudeste,<5 mil,3349.0
3108206,137.3700129366116,3.3946119016817136,11.0,on_track,MG,Sudeste,<5 mil,3807.0
3108255,,,0.0,,MG,Sudeste,<5 mil,2627.0
3108305,78.75696536796534,0.057701298701298205,21.0,will_not_meet,MG,Sudeste,5-20 mil,15875.0
3108404,79.28547619047504,1.3827857142856892,15.0,will_not_meet,MG,Sudeste,5-20 mil,11371.0
3108503,29.39036363636467,-0.43690909090901414,11.0,will_not_meet,MG,Sudeste,<5 mil,3343.0
3108552,0.0,-3.2936860670197214,8.0,will_not_meet,MG,Sudeste,5-20 mil,14741.0
3108602,63.53584415584413,-0.2144155844155866,21.0,will_not_meet,MG,Sudeste,20-50 mil,21501.0
3108701,150.0,4.732999999999657,6.0,on_track,MG,Sudeste,<5 mil,2040.0
3108800,,,0.0,,MG,Sudeste,<5 mil,1500.0
3108909,91.85217948717946,-0.5755244755244722,12.0,on_track,MG,Sudeste,5-20 mil,7731.0
3109006,94.78604863221881,2.08405775075986,17.0,on_track,MG,Sudeste,20-50 mil,34742.0
3109105,75.55095670995668,-0.004194805194805789,21.0,will_not_meet,MG,Sudeste,5-20 mil,5721.0
3109204,117.83719500480402,3.855235350624216,10.0,on_track,MG,Sudeste,5-20 mil,7805.0
3109253,0.0,-10.874721274173693,8.0,will_not_meet,MG,Sudeste,<5 mil,1528.0
3109303,52.849340659341124,1.6136263736263798,13.0,will_not_meet,MG,Sudeste,5-20 mil,17829.0
3109402,,,0.0,,MG,Sudeste,20-50 mil,24738.0
3109451,,,0.0,,MG,Sudeste,5-20 mil,5767.0
3109501,75.21102564102556,0.037132867132861104,12.0,will_not_meet,MG,Sudeste,5-20 mil,7765.0
3109600,89.94370231862365,0.3087808526551942,13.0,at_risk,MG,Sudeste,<5 mil,3457.0
3109709,124.73932067932174,1.9064535464535188,10.0,on_track,MG,Sudeste,5-20 mil,7432.0
3109808,61.5939669421482,-1.795096418732732,10.0,will_not_meet,MG,Sudeste,<5 mil,2416.0
3109907,0.0,-5.556564580558882,8.0,will_not_meet,MG,Sudeste,5-20 mil,9744.0
3110004,101.756870685688,0.9190105844454849,20.0,on_track,MG,Sudeste,20-50 mil,39448.0
3110103,99.99999999999997,7.625064772682127e-16,5.0,on_track,MG,Sudeste,<5 mil,2943.0
3110202,44.572000000002845,-2.0083636363635393,10.0,will_not_meet,MG,Sudeste,<5 mil,2051.0
3110301,56.14212121212097,-0.32212121212120876,10.0,will_not_meet,MG,Sudeste,5-20 mil,8288.0
3110400,78.0016417910449,-0.4720895522388027,5.0,will_not_meet,MG,Sudeste,<5 mil,1312.0
3110509,71.95659340659495,1.0247032967033511,14.0,will_not_meet,MG,Sudeste,5-20 mil,16020.0
3110608,81.39341176470576,0.0981911764705831,16.0,at_risk,MG,Sudeste,20-50 mil,25381.0
3110707,0.0,-3.5070356472800372,12.0,will_not_meet,MG,Sudeste,5-20 mil,10630.0
3110806,,,0.0,,MG,Sudeste,<5 mil,2781.0
3110905,75.67100490196066,-0.07149509803922531,17.0,will_not_meet,MG,Sudeste,5-20 mil,14554.0
3111002,103.34473885350423,0.23660509554144732,11.0,on_track,MG,Sudeste,5-20 mil,11153.0
3111101,87.63951470588131,0.8339264705881788,16.0,at_risk,MG,Sudeste,5-20 mil,14758.0
3111150,,,1.0,,MG,Sudeste,<5 mil,1612.0
3111200,79.03362745098083,-0.04519607843135344,17.0,will_not_meet,MG,Sudeste,50-100 mil,51262.0
3111309,74.27639705882382,-0.1755147058823488,17.0,will_not_meet,MG,Sudeste,5-20 mil,10210.0
3111408,85.34395588235236,0.5382205882352669,16.0,at_risk,MG,Sudeste,5-20 mil,6355.0
3111507,80.23454545454342,-1.4118181818182631,11.0,at_risk,MG,Sudeste,5-20 mil,14236.0
3111606,150.0,4.420484330484373,10.0,on_track,MG,Sudeste,20-50 mil,20064.0
3111705,100.00000000000003,1.478563421816164e-16,6.0,on_track,MG,Sudeste,<5 mil,1821.0
3111804,,,2.0,,MG,Sudeste,5-20 mil,10974.0
3111903,123.95333333332974,1.5415723270438804,9.0,on_track,MG,Sudeste,<5 mil,4065.0
3112000,97.73780451127868,0.8917518796992924,11.0,on_track,MG,Sudeste,5-20 mil,10412.0
3112059,,,2.0,,MG,Sudeste,<5 mil,2704.0
3112109,81.55100000000039,-0.7549047619047468,9.0,at_risk,MG,Sudeste,<5 mil,2104.0
3112208,28.04187035785344,-2.2777380148556747,10.0,will_not_meet,MG,Sudeste,<5 mil,2070.0
3112307,93.48457142857114,2.128142857142846,15.0,on_track,MG,Sudeste,20-50 mil,27255.0
3112406,79.20039766970785,3.270940982776212,17.0,will_not_meet,MG,Sudeste,5-20 mil,5728.0
3112505,0.0,-1.3253636363638832,11.0,will_not_meet,MG,Sudeste,5-20 mil,9015.0
3112604,114.96044776119652,2.9849253731344505,11.0,on_track,MG,Sudeste,5-20 mil,15241.0
3112653,82.17036561649161,0.0318086347724592,12.0,at_risk,MG,Sudeste,<5 mil,4033.0
3112703,91.57690476190692,3.5704761904766236,8.0,on_track,MG,Sudeste,5-20 mil,12479.0
3112802,120.15412371133698,3.7178350515456815,5.0,on_track,MG,Sudeste,5-20 mil,6907.0
3112901,118.5575000000008,1.3775000000001358,9.0,on_track,MG,Sudeste,<5 mil,3900.0
3113008,0.0,-87.11884078212358,9.0,will_not_meet,MG,Sudeste,5-20 mil,7683.0
3113107,62.79785714285936,2.0789285714286954,7.0,will_not_meet,MG,Sudeste,<5 mil,1127.0
3113206,92.92842975206554,-0.5137465564738292,10.0,on_track,MG,Sudeste,20-50 mil,20143.0
3113305,82.32041176470494,0.08769117647053751,16.0,at_risk,MG,Sudeste,20-50 mil,26645.0
3113404,70.76229004329025,0.4766623376623439,21.0,will_not_meet,MG,Sudeste,50-100 mil,76993.0
3113503,82.13638095238002,1.6254285714285515,15.0,at_risk,MG,Sudeste,5-20 mil,6941.0
3113602,99.99999999999997,-1.7816088083109486e-15,9.0,on_track,MG,Sudeste,5-20 mil,5096.0
3113701,77.40213419913403,0.9062467532467608,21.0,will_not_meet,MG,Sudeste,5-20 mil,11961.0
3113800,18.480492424243494,-3.28231060606034,10.0,will_not_meet,MG,Sudeste,<5 mil,1426.0
3113909,57.31868131868009,-0.9867692307692615,14.0,will_not_meet,MG,Sudeste,5-20 mil,9236.0
3114006,67.64865088757278,-0.6378816568047881,14.0,will_not_meet,MG,Sudeste,5-20 mil,9098.0
3114105,92.68754761904734,0.6486785714285725,15.0,on_track,MG,Sudeste,5-20 mil,11138.0
3114204,69.08020471463942,0.5527109181141144,16.0,will_not_meet,MG,Sudeste,5-20 mil,19842.0
3114303,80.56868131868399,0.10263736263752042,13.0,at_risk,MG,Sudeste,20-50 mil,25712.0
3114402,102.15785714285585,1.7872142857142532,15.0,on_track,MG,Sudeste,5-20 mil,14984.0
3114501,96.28454761904743,0.4371785714285644,15.0,on_track,MG,Sudeste,5-20 mil,13699.0
3114550,87.94447186147158,1.002480519480522,21.0,at_risk,MG,Sudeste,5-20 mil,7440.0
3114600,118.11206896551539,2.136724137931001,4.0,on_track,MG,Sudeste,<5 mil,2681.0
3114709,132.88230769230813,2.372412587412623,12.0,on_track,MG,Sudeste,<5 mil,2660.0
3114808,65.58947368421019,0.24778947368419998,19.0,will_not_meet,MG,Sudeste,<5 mil,2378.0
3114907,,,1.0,,MG,Sudeste,<5 mil,1126.0
3115003,111.75915274462841,1.752470167064253,7.0,on_track,MG,Sudeste,<5 mil,1954.0
3115102,126.53874999999789,1.9658333333332707,8.0,on_track,MG,Sudeste,5-20 mil,14490.0
3115201,72.56470099667331,1.3867898671094852,17.0,will_not_meet,MG,Sudeste,<5 mil,2782.0
3115300,80.47910256410114,1.6185314685313767,12.0,at_risk,MG,Sudeste,50-100 mil,72701.0
3115359,105.26064102564123,2.5778671328671727,12.0,on_track,MG,Sudeste,<5 mil,4782.0
3115409,41.526030534353595,-1.6900763358777884,4.0,will_not_meet,MG,Sudeste,<5 mil,1513.0
3115458,89.5291515151539,2.270848484848519,10.0,at_risk,MG,Sudeste,<5 mil,1565.0
3115474,44.39944444444791,1.2036666666669966,9.0,will_not_meet,MG,Sudeste,<5 mil,2886.0
3115508,76.94784415584411,-0.015272727272728912,21.0,will_not_meet,MG,Sudeste,20-50 mil,21116.0
3115607,150.0,5.367932067931867,10.0,on_track,MG,Sudeste,<5 mil,982.0
3115706,76.09168490153093,-0.29306345733046507,9.0,will_not_meet,MG,Sudeste,5-20 mil,5831.0
3115805,76.22121212121328,3.3507878787877785,10.0,will_not_meet,MG,Sudeste,5-20 mil,9384.0
3115904,65.7330476190482,-2.2274285714284523,6.0,will_not_meet,MG,Sudeste,<5 mil,2192.0
3116001,150.0,7.1475174825177765,12.0,on_track,MG,Sudeste,<5 mil,2809.0
3116100,,,2.0,,MG,Sudeste,5-20 mil,5748.0
3116159,,,0.0,,MG,Sudeste,5-20 mil,7580.0
3116209,54.67932330827534,-2.516791979949385,8.0,will_not_meet,MG,Sudeste,<5 mil,1425.0
3116308,76.01944272445735,-1.7492724458204785,11.0,will_not_meet,MG,Sudeste,<5 mil,3136.0
3116407,82.38792517006345,-0.5650680272112055,10.0,at_risk,MG,Sudeste,<5 mil,2714.0
3116506,43.26492647058808,0.8741176470588132,16.0,will_not_meet,MG,Sudeste,5-20 mil,5050.0
3116605,91.43060294117572,0.9714852941175967,16.0,on_track,MG,Sudeste,20-50 mil,23881.0
3116704,110.08154639175382,1.2773195876289936,6.0,on_track,MG,Sudeste,5-20 mil,5578.0
3116803,,,0.0,,MG,Sudeste,<5 mil,3724.0
3116902,132.59636363636037,3.1322727272725004,11.0,on_track,MG,Sudeste,<5 mil,1587.0
3117009,100.08297619047607,2.561535714285695,15.0,on_track,MG,Sudeste,<5 mil,2831.0
3117108,88.08805825242666,-0.6285922330097539,7.0,at_risk,MG,Sudeste,5-20 mil,6534.0
3117207,22.166727272727485,0.14309090909091615,11.0,will_not_meet,MG,Sudeste,<5 mil,1545.0
3117306,95.23769230769256,0.38529670329671506,14.0,on_track,MG,Sudeste,20-50 mil,26080.0
3117405,94.65252747252782,0.40373626373627125,14.0,on_track,MG,Sudeste,<5 mil,1566.0
3117504,103.09805882352794,2.608205882352859,16.0,on_track,MG,Sudeste,5-20 mil,11947.0
3117603,49.47842424242419,0.04157575757575095,10.0,will_not_meet,MG,Sudeste,<5 mil,2171.0
3117702,115.75387445887509,1.260541125541147,10.0,on_track,MG,Sudeste,5-20 mil,12144.0
3117801,82.99764235764087,-1.2176023976024481,10.0,at_risk,MG,Sudeste,5-20 mil,9268.0
3117836,,,0.0,,MG,Sudeste,<5 mil,2085.0
3117876,26.74117771211513,0.5782904178978818,11.0,will_not_meet,MG,Sudeste,5-20 mil,6867.0
3117900,78.90070175438592,0.02498245614034926,19.0,will_not_meet,MG,Sudeste,5-20 mil,9045.0
3118007,51.770147058823795,-0.6644852941176478,16.0,will_not_meet,MG,Sudeste,50-100 mil,54360.0
3118106,114.45748872180502,3.560120300751965,11.0,on_track,MG,Sudeste,<5 mil,2652.0
3118205,51.45906593407108,-1.621593406593125,13.0,will_not_meet,MG,Sudeste,5-20 mil,6080.0
3118304,72.70463636363638,0.22307792207792343,21.0,will_not_meet,MG,Sudeste,100-500 mil,124704.0
3118403,87.34181280258224,0.36417966648737427,12.0,at_risk,MG,Sudeste,5-20 mil,18181.0
3118502,72.19999999999936,-0.9268181818182131,12.0,will_not_meet,MG,Sudeste,<5 mil,982.0
3118601,84.73356277056291,0.8119610389610457,21.0,at_risk,MG,Sudeste,500 mil+,671569.0
3118700,87.28260869565219,0.25270750988141155,23.0,at_risk,MG,Sudeste,5-20 mil,6453.0
3118809,55.15573809523721,1.266392857142849,15.0,will_not_meet,MG,Sudeste,5-20 mil,15099.0
3118908,73.9388969258589,2.3284629294755583,15.0,will_not_meet,MG,Sudeste,5-20 mil,6123.0
3119005,35.30057971014503,-2.7242512077294485,5.0,will_not_meet,MG,Sudeste,<5 mil,2846.0
3119104,62.817038961038975,0.2806753246753247,21.0,will_not_meet,MG,Sudeste,20-50 mil,20922.0
3119203,88.94666666666694,-0.8499999999999946,3.0,at_risk,MG,Sudeste,<5 mil,4993.0
3119302,0.0,-6.8448076923077785,9.0,will_not_meet,MG,Sudeste,20-50 mil,21988.0
3119401,76.43178354978363,0.21316883116883342,21.0,will_not_meet,MG,Sudeste,100-500 mil,109322.0
3119500,46.38154761904735,0.22067857142855904,15.0,will_not_meet,MG,Sudeste,5-20 mil,6761.0
3119609,0.0,-4.789021739130139,9.0,will_not_meet,MG,Sudeste,<5 mil,2226.0
3119708,27.223994252888588,-5.316695402298185,9.0,will_not_meet,MG,Sudeste,<5 mil,1880.0
3119807,100.0,-3.721361183406115e-15,6.0,on_track,MG,Sudeste,<5 mil,1951.0
3119906,25.598164893616286,-1.3693351063831134,7.0,will_not_meet,MG,Sudeste,<5 mil,2024.0
3119955,75.28765737874073,1.984922600619192,18.0,will_not_meet,MG,Sudeste,<5 mil,4916.0
3120003,112.06293906810151,0.9494265232975385,10.0,on_track,MG,Sudeste,<5 mil,1752.0
3120102,95.65987179487092,0.9284265734265168,12.0,on_track,MG,Sudeste,<5 mil,4047.0
3120151,8.363296703299511,-1.6104395604393953,13.0,will_not_meet,MG,Sudeste,<5 mil,3932.0
3120201,99.99999999999996,5.062365929352921e-16,5.0,on_track,MG,Sudeste,5-20 mil,10235.0
3120300,50.83780882352903,1.0642058823529181,16.0,will_not_meet,MG,Sudeste,<5 mil,3176.0
3120409,,,2.0,,MG,Sudeste,<5 mil,4284.0
3120508,95.50478021977597,1.1446703296700924,13.0,on_track,MG,Sudeste,5-20 mil,5956.0
3120607,0.0,-48.08512987013408,10.0,will_not_meet,MG,Sudeste,<5 mil,3176.0
3120706,150.0,11.66923076923428,4.0,on_track,MG,Sudeste,<5 mil,3119.0
3120805,107.37890109891305,2.2852747252754684,13.0,on_track,MG,Sudeste,5-20 mil,14140.0
3120839,0.0,-14.585006369427298,11.0,will_not_meet,MG,Sudeste,<5 mil,4172.0
3120870,100.00000000000003,2.858731204861001e-15,3.0,on_track,MG,Sudeste,5-20 mil,6643.0
3120904,83.92105882352871,1.1812058823529117,16.0,at_risk,MG,Sudeste,50-100 mil,73616.0
3121001,40.20781914894019,-0.8919148936166865,8.0,will_not_meet,MG,Sudeste,<5 mil,3218.0
3121100,0.0,-5.570363636363285,11.0,will_not_meet,MG,Sudeste,<5 mil,3039.0
3121209,0.0,-7.364132762312782,10.0,will_not_meet,MG,Sudeste,5-20 mil,5070.0
3121258,76.8464095371645,-0.29201963534378345,11.0,will_not_meet,MG,Sudeste,5-20 mil,10308.0
3121308,100.00000000000001,-1.5843971354233428e-15,10.0,on_track,MG,Sudeste,<5 mil,4305.0
3121407,113.17525641025622,1.2608741258741416,12.0,on_track,MG,Sudeste,<5 mil,3732.0
3121506,91.15224999999873,1.582249999999948,16.0,on_track,MG,Sudeste,<5 mil,1322.0
3121605,61.9976796536796,-0.037298701298701435,21.0,will_not_meet,MG,Sudeste,20-50 mil,41849.0
3121704,64.76446428571717,-1.7959523809522397,8.0,will_not_meet,MG,Sudeste,<5 mil,1079.0
3121803,0.0,-50.14181818182103,11.0,will_not_meet,MG,Sudeste,5-20 mil,6143.0
3121902,28.88642857142804,-1.5475000000000605,7.0,will_not_meet,MG,Sudeste,<5 mil,2265.0
3122009,79.17543956044256,0.6764285714287652,13.0,will_not_meet,MG,Sudeste,5-20 mil,11296.0
3122108,112.33666666666704,3.315000000000198,3.0,on_track,MG,Sudeste,<5 mil,4135.0
3122207,31.433891328211757,-2.2114983534574955,11.0,will_not_meet,MG,Sudeste,5-20 mil,6277.0
3122306,11.898571428569085,-3.922285714285673,14.0,will_not_meet,MG,Sudeste,100-500 mil,236244.0
3122355,,,0.0,,MG,Sudeste,5-20 mil,6721.0
3122405,80.9460439560437,-0.6908791208791059,14.0,at_risk,MG,Sudeste,<5 mil,4882.0
3122454,65.71933333333345,2.4370000000000136,15.0,will_not_meet,MG,Sudeste,5-20 mil,8131.0
3122470,39.999999999999964,-2.460129087684267e-15,3.0,will_not_meet,MG,Sudeste,<5 mil,1956.0
3122504,99.99999999999997,-4.586495415190095e-17,7.0,on_track,MG,Sudeste,<5 mil,4444.0
3122603,131.06289855071282,3.421702898549566,7.0,on_track,MG,Sudeste,<5 mil,2858.0
3122702,100.00000000000001,-1.5843971354233428e-15,10.0,on_track,MG,Sudeste,<5 mil,4082.0
3122801,33.24769230769187,0.016923076923051637,13.0,will_not_meet,MG,Sudeste,<5 mil,997.0
3122900,71.05534272901923,-1.4566047405509661,10.0,will_not_meet,MG,Sudeste,5-20 mil,5700.0
3123007,55.68690909090947,-1.4280909090908096,11.0,will_not_meet,MG,Sudeste,5-20 mil,9359.0
3123106,,,0.0,,MG,Sudeste,<5 mil,1596.0
3123205,79.51368421052621,0.3003684210526318,19.0,will_not_meet,MG,Sudeste,5-20 mil,12243.0
3123304,112.24528301886744,1.0018867924527721,5.0,on_track,MG,Sudeste,<5 mil,1912.0
3123403,32.15404332129424,-0.8850180505417503,8.0,will_not_meet,MG,Sudeste,<5 mil,1205.0
3123502,59.13841666666758,-1.5692500000000065,9.0,will_not_meet,MG,Sudeste,<5 mil,1283.0
3123528,0.0,-7.156598877980578,11.0,will_not_meet,MG,Sudeste,<5 mil,3774.0
3123601,96.58355005159922,0.4551393188854427,18.0,on_track,MG,Sudeste,20-50 mil,23069.0
3123700,99.99999999999999,-5.0838732287204e-15,6.0,on_track,MG,Sudeste,5-20 mil,9125.0
3123809,82.14516483516582,2.534989010988976,14.0,at_risk,MG,Sudeste,<5 mil,4829.0
3123858,76.90285714285847,-1.2285714285713591,4.0,will_not_meet,MG,Sudeste,<5 mil,4045.0
3123908,148.3925641025644,3.9541958041958782,12.0,on_track,MG,Sudeste,5-20 mil,10721.0
3124005,126.59485714285893,2.1255714285716314,6.0,on_track,MG,Sudeste,5-20 mil,10036.0
3124104,13.032562770562777,-0.134753246753247,21.0,will_not_meet,MG,Sudeste,50-100 mil,67632.0
3124203,100.00000000000006,4.0869376224552804e-15,5.0,on_track,MG,Sudeste,5-20 mil,15682.0
3124302,31.535000000004402,2.2450000000000805,4.0,will_not_meet,MG,Sudeste,5-20 mil,18307.0
3124401,50.420032786882416,-0.35439344262311867,6.0,will_not_meet,MG,Sudeste,<5 mil,1797.0
3124500,121.23402352940957,2.09901176470579,6.0,on_track,MG,Sudeste,5-20 mil,5157.0
3124609,0.0,-7.738590308370011,6.0,will_not_meet,MG,Sudeste,<5 mil,1664.0
3124708,129.76226190475973,5.816190476190398,8.0,on_track,MG,Sudeste,<5 mil,2751.0
3124807,26.579065934071423,-1.1785164835161528,13.0,will_not_meet,MG,Sudeste,5-20 mil,6554.0
3124906,0.0,-17.558524590167323,7.0,will_not_meet,MG,Sudeste,5-20 mil,7997.0
3125002,,,2.0,,MG,Sudeste,<5 mil,3624.0
3125101,52.708955882353166,-0.6967794117646994,16.0,will_not_meet,MG,Sudeste,20-50 mil,34258.0
3125200,34.69377450980403,-0.4547549019608052,17.0,will_not_meet,MG,Sudeste,<5 mil,1530.0
3125309,49.594999999998436,-2.4478571428572846,5.0,will_not_meet,MG,Sudeste,<5 mil,2212.0
3125408,,,0.0,,MG,Sudeste,<5 mil,2082.0
3125507,63.055000000022346,0.8090000000017336,4.0,will_not_meet,MG,Sudeste,<5 mil,2032.0
3125606,77.80490909090804,-0.4529090909091446,10.0,will_not_meet,MG,Sudeste,5-20 mil,5584.0
3125705,16.16433962264091,-1.0264150943396826,5.0,will_not_meet,MG,Sudeste,5-20 mil,12010.0
3125804,100.00000000000003,2.858731204861001e-15,3.0,on_track,MG,Sudeste,<5 mil,2329.0
3125903,44.06142857142743,0.3871428571427847,7.0,will_not_meet,MG,Sudeste,<5 mil,4499.0
3125952,130.88948717948642,2.2600699300699207,12.0,on_track,MG,Sudeste,5-20 mil,5110.0
3126000,17.64300919206289,-3.7733526850508166,12.0,will_not_meet,MG,Sudeste,5-20 mil,6340.0
3126109,77.26894736842053,-0.44194736842109006,19.0,will_not_meet,MG,Sudeste,50-100 mil,62070.0
3126208,,,0.0,,MG,Sudeste,5-20 mil,6206.0
3126307,67.49021690351674,-2.2630815258040204,13.0,will_not_meet,MG,Sudeste,<5 mil,3211.0
3126406,54.64156555772979,0.4348336594911987,14.0,will_not_meet,MG,Sudeste,<5 mil,2046.0
3126505,0.0,-7.9400000000004685,3.0,will_not_meet,MG,Sudeste,<5 mil,3211.0
3126604,50.31809523809534,1.6638571428571527,15.0,will_not_meet,MG,Sudeste,<5 mil,3463.0
3126703,88.19081346423718,1.0242075736326575,11.0,at_risk,MG,Sudeste,5-20 mil,15822.0
3126752,87.70857142857153,-0.9157142857142511,13.0,at_risk,MG,Sudeste,<5 mil,2186.0
3126802,36.25872727273054,-2.087636363636108,11.0,will_not_meet,MG,Sudeste,<5 mil,1909.0
3126901,31.298148148149266,-1.1060493827159443,4.0,will_not_meet,MG,Sudeste,5-20 mil,7368.0
3126950,101.72321052631594,0.48215789473685616,7.0,on_track,MG,Sudeste,<5 mil,647.0
3127008,77.6369934640519,0.352352941176465,18.0,will_not_meet,MG,Sudeste,5-20 mil,17595.0
3127057,43.18945454545519,-1.8314545454544646,10.0,will_not_meet,MG,Sudeste,<5 mil,2944.0
3127073,,,0.0,,MG,Sudeste,<5 mil,1793.0
3127107,79.24245454545446,-0.055597402597403915,21.0,will_not_meet,MG,Sudeste,50-100 mil,52157.0
3127206,44.689450549451976,1.0641318681318892,14.0,will_not_meet,MG,Sudeste,<5 mil,2334.0
3127339,,,0.0,,MG,Sudeste,<5 mil,1398.0
3127354,67.65680882352899,1.1582058823529353,16.0,will_not_meet,MG,Sudeste,<5 mil,1124.0
3127370,105.51613933236649,1.6781277213353136,12.0,on_track,MG,Sudeste,<5 mil,2756.0
3127388,127.31772727272346,2.1103030303026764,10.0,on_track,MG,Sudeste,<5 mil,3257.0
3127404,2.888720588234719,-2.7663529411764913,16.0,will_not_meet,MG,Sudeste,<5 mil,1203.0
3127503,144.69512820512955,3.555209790209861,12.0,on_track,MG,Sudeste,<5 mil,3381.0
3127602,75.72728571428888,-1.6741428571427537,11.0,will_not_meet,MG,Sudeste,5-20 mil,8321.0
3127701,83.6049916387957,-0.2968311036789418,25.0,at_risk,MG,Sudeste,100-500 mil,271047.0
3127800,0.0,-6.740054945054417,13.0,will_not_meet,MG,Sudeste,5-20 mil,5721.0
3127909,,,0.0,,MG,Sudeste,<5 mil,1184.0
3128006,76.53430684554519,-0.4348503611971289,18.0,will_not_meet,MG,Sudeste,20-50 mil,28313.0
3128105,115.71104879594486,1.4462177862272585,17.0,on_track,MG,Sudeste,5-20 mil,7379.0
3128204,71.54117647058814,0.2498039215686285,18.0,will_not_meet,MG,Sudeste,<5 mil,3244.0
3128253,,,0.0,,MG,Sudeste,<5 mil,3209.0
3128303,150.0,5.658671328671428,12.0,on_track,MG,Sudeste,5-20 mil,17106.0
3128402,94.55674522293009,0.32521656050956205,11.0,on_track,MG,Sudeste,5-20 mil,7073.0
3128501,,,2.0,,MG,Sudeste,<5 mil,3333.0
3128600,98.55045063639318,1.4933849329204567,18.0,on_track,MG,Sudeste,<5 mil,3684.0
3128709,72.96212121212113,-0.15012121212120583,10.0,will_not_meet,MG,Sudeste,20-50 mil,49117.0
3128808,150.0,3.925723684210608,9.0,on_track,MG,Sudeste,5-20 mil,5069.0
3128907,72.29628205128216,-0.08153846153845558,12.0,will_not_meet,MG,Sudeste,5-20 mil,6660.0
3129004,83.53591639871593,0.32019292604516997,7.0,at_risk,MG,Sudeste,<5 mil,4026.0
3129103,0.0,-14.978271604938564,8.0,will_not_meet,MG,Sudeste,<5 mil,2420.0
3129202,99.9999999999999,-8.780449625817782e-15,5.0,on_track,MG,Sudeste,<5 mil,4793.0
3129301,0.0,-15.865287356321874,9.0,will_not_meet,MG,Sudeste,5-20 mil,7699.0
3129400,78.52392211404685,-1.6053546592489347,8.0,will_not_meet,MG,Sudeste,<5 mil,3432.0
3129509,87.97871750433296,0.4028704506065713,15.0,at_risk,MG,Sudeste,20-50 mil,21586.0
3129608,41.694999999997435,0.8536666666665939,9.0,will_not_meet,MG,Sudeste,5-20 mil,6493.0
3129657,,,0.0,,MG,Sudeste,<5 mil,2709.0
3129707,110.15519699812467,2.757288930581716,12.0,on_track,MG,Sudeste,5-20 mil,9524.0
3129806,89.70263157894624,1.6585263157894552,19.0,at_risk,MG,Sudeste,100-500 mil,183609.0
3129905,150.0,7.680000000000084,3.0,on_track,MG,Sudeste,<5 mil,2451.0
3130002,70.10116731517792,-0.6105058365756776,6.0,will_not_meet,MG,Sudeste,<5 mil,2604.0
3130051,51.93175757575909,1.4382424242424203,10.0,will_not_meet,MG,Sudeste,<5 mil,3390.0
3130101,42.39785294117578,0.034985294117610345,16.0,will_not_meet,MG,Sudeste,20-50 mil,41761.0
3130200,53.72022421524616,-2.8158295964125832,5.0,will_not_meet,MG,Sudeste,5-20 mil,9237.0
3130309,93.02583333335951,2.536166666668719,9.0,on_track,MG,Sudeste,5-20 mil,6608.0
3130408,87.7535164835188,0.09450549450563243,13.0,at_risk,MG,Sudeste,5-20 mil,6378.0
3130507,83.13060439560377,1.828406593406595,13.0,at_risk,MG,Sudeste,5-20 mil,9906.0
3130556,48.1633076923099,-2.99476923076907,6.0,will_not_meet,MG,Sudeste,<5 mil,2222.0
3130606,143.3533606557412,4.443852459016612,4.0,on_track,MG,Sudeste,<5 mil,3933.0
3130655,18.086281389749956,-0.6035810113518647,18.0,will_not_meet,MG,Sudeste,<5 mil,2741.0
3130705,110.5333333333333,1.2649999999999841,3.0,on_track,MG,Sudeste,<5 mil,4593.0
3130804,100.00000000000003,2.858731204861001e-15,3.0,on_track,MG,Sudeste,<5 mil,1727.0
3130903,33.45148351648231,-1.2610439560440243,13.0,will_not_meet,MG,Sudeste,5-20 mil,13835.0
3131000,36.42458144062232,0.4074075275794692,11.0,will_not_meet,MG,Sudeste,<5 mil,4638.0
3131109,104.35552036198942,1.6350678733031385,8.0,on_track,MG,Sudeste,5-20 mil,5364.0
3131158,84.8280219780213,-0.26386813186816915,14.0,at_risk,MG,Sudeste,5-20 mil,17023.0
3131208,116.6376056338031,1.2329859154929197,19.0,on_track,MG,Sudeste,5-20 mil,15734.0
3131307,86.55979653679648,0.08429870129870103,21.0,at_risk,MG,Sudeste,100-500 mil,264542.0
3131406,88.62233276157758,0.656835334476814,9.0,at_risk,MG,Sudeste,<5 mil,3848.0
3131505,66.66846153846234,0.34562637362640836,14.0,will_not_meet,MG,Sudeste,5-20 mil,7945.0
3131604,150.0,17.61799999999897,6.0,on_track,MG,Sudeste,5-20 mil,5637.0
3131703,85.25541196581219,0.3217196581196551,26.0,at_risk,MG,Sudeste,100-500 mil,113438.0
3131802,82.98017543859464,0.8625087719297527,19.0,at_risk,MG,Sudeste,5-20 mil,9110.0
3131901,78.68257997936018,0.46261093911250956,18.0,will_not_meet,MG,Sudeste,50-100 mil,50800.0
3132008,,,0.0,,MG,Sudeste,<5 mil,1099.0
3132107,71.16736263735856,2.733736263736049,13.0,will_not_meet,MG,Sudeste,5-20 mil,14153.0
3132206,89.4534895539241,0.41377752682098573,22.0,at_risk,MG,Sudeste,5-20 mil,10402.0
3132305,14.84213017751972,-3.675147928993862,12.0,will_not_meet,MG,Sudeste,5-20 mil,5409.0
3132404,72.74740259740256,-0.04311688311688404,21.0,will_not_meet,MG,Sudeste,50-100 mil,89268.0
3132503,93.372307692307,2.2055944055943866,12.0,on_track,MG,Sudeste,20-50 mil,24007.0
3132602,,,2.0,,MG,Sudeste,<5 mil,3459.0
3132701,106.30555555555839,3.188066666666904,9.0,on_track,MG,Sudeste,5-20 mil,15384.0
3132800,121.69352702702736,1.6444729729729735,9.0,on_track,MG,Sudeste,<5 mil,808.0
3132909,103.80615384615487,0.4788461538462072,12.0,on_track,MG,Sudeste,5-20 mil,7589.0
3133006,130.08623255812927,3.5578139534877162,7.0,on_track,MG,Sudeste,5-20 mil,10876.0
3133105,128.57972145614895,2.3283535576392715,13.0,on_track,MG,Sudeste,5-20 mil,13049.0
3133204,99.9999999999999,-8.780449625817782e-15,5.0,on_track,MG,Sudeste,5-20 mil,8861.0
3133303,64.81502380952315,2.054464285714289,15.0,will_not_meet,MG,Sudeste,5-20 mil,15776.0
3133402,68.88815331011483,-2.0885017421597976,11.0,will_not_meet,MG,Sudeste,5-20 mil,10856.0
3133501,65.3431176470582,0.4496617647058466,16.0,will_not_meet,MG,Sudeste,5-20 mil,16799.0
3133600,78.25678787879133,1.4372121212122375,10.0,will_not_meet,MG,Sudeste,5-20 mil,5194.0
3133709,138.61328571429112,3.371857142857637,6.0,on_track,MG,Sudeste,5-20 mil,7115.0
3133758,95.99736263736224,-0.27410989010989706,14.0,on_track,MG,Sudeste,5-20 mil,15869.0
3133808,79.60499999999996,-0.014647302904567165,22.0,will_not_meet,MG,Sudeste,50-100 mil,88916.0
3133907,,,2.0,,MG,Sudeste,<5 mil,2354.0
3134004,57.73654545454221,-0.1184545454547415,11.0,will_not_meet,MG,Sudeste,5-20 mil,6848.0
3134103,139.34860398860837,4.686866096866107,10.0,on_track,MG,Sudeste,<5 mil,3437.0
3134202,84.77668945868834,0.20671937321933295,25.0,at_risk,MG,Sudeste,100-500 mil,101412.0
3134301,116.94701657458336,2.826132596684831,7.0,on_track,MG,Sudeste,<5 mil,4581.0
3134400,70.89138095238093,-0.3024285714285758,21.0,will_not_meet,MG,Sudeste,20-50 mil,37939.0
3134509,0.0,-23.03636363636495,11.0,will_not_meet,MG,Sudeste,<5 mil,2640.0
3134608,26.79163636363228,-2.0220000000001748,11.0,will_not_meet,MG,Sudeste,5-20 mil,12965.0
3134707,72.36640476190405,1.5203928571428393,15.0,will_not_meet,MG,Sudeste,5-20 mil,9338.0
3134806,86.08043956043934,-0.9879340659340274,14.0,at_risk,MG,Sudeste,<5 mil,4688.0
3134905,92.96211453744586,0.07709251101327566,4.0,on_track,MG,Sudeste,20-50 mil,22001.0
3135001,107.50067408079894,1.2336427598729502,13.0,on_track,MG,Sudeste,<5 mil,2253.0
3135050,39.98680952380937,1.0847857142857098,15.0,will_not_meet,MG,Sudeste,20-50 mil,20923.0
3135076,,,1.0,,MG,Sudeste,<5 mil,3461.0
3135100,38.45419117646952,1.155514705882369,17.0,will_not_meet,MG,Sudeste,50-100 mil,65621.0
3135209,26.56899134199125,0.5288181818181861,21.0,will_not_meet,MG,Sudeste,20-50 mil,42897.0
3135308,65.12901098900943,-0.4210989010989953,13.0,will_not_meet,MG,Sudeste,<5 mil,2860.0
3135357,,,0.0,,MG,Sudeste,<5 mil,2937.0
3135407,62.81679487179622,-0.7638811188810414,12.0,will_not_meet,MG,Sudeste,<5 mil,2656.0
3135456,65.59363636363946,0.7750000000001771,11.0,will_not_meet,MG,Sudeste,<5 mil,3152.0
3135506,114.88032967032996,1.3799780219779783,14.0,on_track,MG,Sudeste,5-20 mil,6951.0
3135605,,,0.0,,MG,Sudeste,5-20 mil,5093.0
3135704,116.04040816326324,2.292448979591724,8.0,on_track,MG,Sudeste,<5 mil,1981.0
3135803,88.32814285714176,2.336785714285712,15.0,at_risk,MG,Sudeste,5-20 mil,18068.0
3135902,99.69677966102336,1.5887288135597946,6.0,on_track,MG,Sudeste,<5 mil,3098.0
3136009,70.67526190476121,0.5331071428571098,15.0,will_not_meet,MG,Sudeste,5-20 mil,10641.0
3136108,125.47164343786335,2.113118466899053,12.0,on_track,MG,Sudeste,<5 mil,1666.0
3136207,86.07341159207681,-0.5246441672780262,13.0,at_risk,MG,Sudeste,50-100 mil,80537.0
3136306,97.28065413533977,1.4720075187970143,20.0,on_track,MG,Sudeste,20-50 mil,38978.0
3136405,0.0,-6.948363417569406,8.0,will_not_meet,MG,Sudeste,<5 mil,2791.0
3136504,0.0,-124.02714285714671,6.0,will_not_meet,MG,Sudeste,5-20 mil,7604.0
3136520,51.64490909090682,-1.824181818181918,11.0,will_not_meet,MG,Sudeste,<5 mil,1118.0
3136553,129.68233333333774,2.5485000000002893,6.0,on_track,MG,Sudeste,<5 mil,1829.0
3136579,83.10033823529375,2.099308823529364,16.0,at_risk,MG,Sudeste,<5 mil,2629.0
3136603,99.99999999999997,7.625064772682127e-16,5.0,on_track,MG,Sudeste,<5 mil,2967.0
3136652,29.43460784313669,0.04049019607840268,17.0,will_not_meet,MG,Sudeste,20-50 mil,27353.0
3136702,77.05602360602416,-0.16036630036626304,27.0,will_not_meet,MG,Sudeste,500 mil+,570966.0
3136801,72.49294117647082,1.042941176470631,17.0,will_not_meet,MG,Sudeste,<5 mil,2408.0
3136900,150.0,4.888221415607862,7.0,on_track,MG,Sudeste,5-20 mil,5275.0
3136959,17.241428571429196,0.8753571428572524,8.0,will_not_meet,MG,Sudeste,<5 mil,4390.0
3137007,111.03018181818516,2.4924545454546942,11.0,on_track,MG,Sudeste,<5 mil,4634.0
3137106,9.678994974874513,-6.316665470208337,13.0,will_not_meet,MG,Sudeste,5-20 mil,5120.0
3137205,83.99936274509753,-0.29799019607847704,17.0,at_risk,MG,Sudeste,50-100 mil,52025.0
3137304,0.0,-19.002181818183217,11.0,will_not_meet,MG,Sudeste,<5 mil,2960.0
3137403,149.3759890109768,4.043021978021219,13.0,on_track,MG,Sudeste,5-20 mil,7372.0
3137502,59.67543956044028,-1.547417582417523,13.0,will_not_meet,MG,Sudeste,5-20 mil,13728.0
3137536,63.96556245150941,-1.8310318076030037,10.0,will_not_meet,MG,Sudeste,5-20 mil,7188.0
3137601,67.92723376623371,1.8604805194805352,21.0,will_not_meet,MG,Sudeste,50-100 mil,62206.0
3137700,97.06424158852678,1.1300220628791897,13.0,on_track,MG,Sudeste,5-20 mil,12441.0
3137809,73.86658066735458,-0.6355314757482259,18.0,will_not_meet,MG,Sudeste,5-20 mil,15070.0
3137908,,,2.0,,MG,Sudeste,<5 mil,1473.0
3138005,107.91948648648645,0.6165135135134976,9.0,on_track,MG,Sudeste,5-20 mil,5025.0
3138104,,,0.0,,MG,Sudeste,<5 mil,3888.0
3138203,84.7414035087711,0.5814912280701443,19.0,at_risk,MG,Sudeste,100-500 mil,100773.0
3138302,0.0,-13.897987371744142,13.0,will_not_meet,MG,Sudeste,<5 mil,2163.0
3138351,56.62090909091057,-1.3749999999998506,11.0,will_not_meet,MG,Sudeste,<5 mil,1805.0
3138401,139.6562499999991,2.9374999999999036,8.0,on_track,MG,Sudeste,20-50 mil,47098.0
3138500,,,1.0,,MG,Sudeste,<5 mil,3614.0
3138609,84.43401098901546,-0.19917582417555754,13.0,at_risk,MG,Sudeste,5-20 mil,12822.0
3138625,99.11997549019452,2.0136519607843626,17.0,on_track,MG,Sudeste,5-20 mil,5563.0
3138658,79.37773809524242,3.8238095238099783,8.0,will_not_meet,MG,Sudeste,5-20 mil,6548.0
3138674,109.67363636363916,1.0809090909092203,11.0,on_track,MG,Sudeste,<5 mil,1840.0
3138682,,,0.0,,MG,Sudeste,<5 mil,3145.0
3138708,0.07158498435728688,-3.220208550573625,8.0,will_not_meet,MG,Sudeste,<5 mil,4173.0
3138807,135.03813186813022,2.505274725274557,13.0,on_track,MG,Sudeste,5-20 mil,16438.0
3138906,150.0,4.102597402597764,10.0,on_track,MG,Sudeste,5-20 mil,5861.0
3139003,91.7935087719305,0.07412280701758063,19.0,on_track,MG,Sudeste,20-50 mil,35379.0
3139102,108.49638888890331,4.5138333333347,9.0,on_track,MG,Sudeste,<5 mil,3896.0
3139201,71.16488235294139,0.4058382352941269,16.0,will_not_meet,MG,Sudeste,5-20 mil,11680.0
3139250,0.0,-1.138399999999961,6.0,will_not_meet,MG,Sudeste,<5 mil,2921.0
3139300,40.57535714285859,2.1857142857145613,8.0,will_not_meet,MG,Sudeste,5-20 mil,12616.0
3139409,85.3850490196071,-0.2558333333333919,17.0,at_risk,MG,Sudeste,50-100 mil,75024.0
3139508,117.29961538461566,1.7784615384615492,12.0,on_track,MG,Sudeste,5-20 mil,18248.0
3139607,124.50234966409789,1.8326675405536412,16.0,on_track,MG,Sudeste,20-50 mil,21681.0
3139706,109.98018804566641,0.7495768972462947,10.0,on_track,MG,Sudeste,5-20 mil,5545.0
3139805,93.69001584786054,-0.46925515055467193,8.0,on_track,MG,Sudeste,5-20 mil,11881.0
3139904,66.45999999999913,-2.4742622950818918,8.0,will_not_meet,MG,Sudeste,5-20 mil,8267.0
3140001,103.40313475760058,1.9734798685291044,14.0,on_track,MG,Sudeste,50-100 mil,54330.0
3140100,73.22260355030085,-1.8644916621835852,12.0,will_not_meet,MG,Sudeste,<5 mil,3309.0
3140159,67.93288888889128,-2.0913333333332513,9.0,will_not_meet,MG,Sudeste,5-20 mil,14934.0
3140209,64.69263736263838,-2.346648351648351,13.0,will_not_meet,MG,Sudeste,<5 mil,2438.0
3140308,60.972849162011926,-0.35371857541896445,13.0,will_not_meet,MG,Sudeste,<5 mil,2857.0
3140407,61.7501818181787,-0.4161818181820018,11.0,will_not_meet,MG,Sudeste,<5 mil,1417.0
3140506,80.35982456140391,2.501543859649174,19.0,at_risk,MG,Sudeste,5-20 mil,11784.0
3140530,,,0.0,,MG,Sudeste,<5 mil,3526.0
3140555,95.37240476190345,2.210392857142847,15.0,on_track,MG,Sudeste,5-20 mil,7058.0
3140605,99.99999999999997,-4.586495415190095e-17,7.0,on_track,MG,Sudeste,<5 mil,1932.0
3140704,54.319230769236356,0.6438461538464917,13.0,will_not_meet,MG,Sudeste,20-50 mil,28023.0
3140803,100.00000000000003,-1.3400742165244803e-15,7.0,on_track,MG,Sudeste,5-20 mil,14091.0
3140852,,,1.0,,MG,Sudeste,5-20 mil,5847.0
3140902,99.99999999999993,-5.171934240635505e-15,5.0,on_track,MG,Sudeste,5-20 mil,14976.0
3141009,83.0966666666609,5.479999999999631,3.0,at_risk,MG,Sudeste,5-20 mil,9223.0
3141108,69.90546753246758,0.9548181818181901,21.0,will_not_meet,MG,Sudeste,20-50 mil,34982.0
3141207,0.0,-15.884510204083323,9.0,will_not_meet,MG,Sudeste,<5 mil,2673.0
3141306,0.0,-8.82643617021261,9.0,will_not_meet,MG,Sudeste,<5 mil,2184.0
3141405,97.08019117646927,1.613794117646963,16.0,on_track,MG,Sudeste,5-20 mil,14859.0
3141504,,,2.0,,MG,Sudeste,<5 mil,3518.0
3141603,99.99999999999994,-1.992704917178461e-15,8.0,on_track,MG,Sudeste,5-20 mil,7541.0
3141702,110.18604457451784,2.3291107609185997,13.0,on_track,MG,Sudeste,<5 mil,3454.0
3141801,49.81141025640909,0.872762237762166,12.0,will_not_meet,MG,Sudeste,5-20 mil,12876.0
3141900,87.75485829959769,-0.34095141700390724,12.0,at_risk,MG,Sudeste,<5 mil,3441.0
3142007,79.11490909091026,2.989090909090842,10.0,will_not_meet,MG,Sudeste,5-20 mil,10496.0
3142106,80.72936708860925,-0.9017405063290251,5.0,at_risk,MG,Sudeste,5-20 mil,5985.0
3142205,,,1.0,,MG,Sudeste,5-20 mil,11456.0
3142254,,,0.0,,MG,Sudeste,<5 mil,1172.0
3142304,,,0.0,,MG,Sudeste,<5 mil,1888.0
3142403,105.45714285714303,1.646428571428576,7.0,on_track,MG,Sudeste,5-20 mil,6522.0
3142502,,,0.0,,MG,Sudeste,<5 mil,1298.0
3142601,99.99999999999997,-4.586495415190095e-17,7.0,on_track,MG,Sudeste,5-20 mil,6586.0
3142700,23.128060606060444,1.1779393939393465,10.0,will_not_meet,MG,Sudeste,5-20 mil,9438.0
3142809,59.32580952380803,0.057714285714171476,6.0,will_not_meet,MG,Sudeste,5-20 mil,15785.0
3142908,0.0,-0.5998221757321701,9.0,will_not_meet,MG,Sudeste,5-20 mil,11599.0
3143005,4.4500000000000455,-0.0899999999999978,3.0,will_not_meet,MG,Sudeste,5-20 mil,9112.0
3143104,95.40718137254953,0.35938725490199913,17.0,on_track,MG,Sudeste,20-50 mil,42095.0
3143153,81.59490909090684,0.01899999999985618,11.0,at_risk,MG,Sudeste,<5 mil,1803.0
3143203,133.6753554502393,3.9149763033175504,13.0,on_track,MG,Sudeste,5-20 mil,16632.0
3143302,83.18470129870138,0.25444155844155986,21.0,at_risk,MG,Sudeste,100-500 mil,397305.0
3143401,117.0848571428578,2.480571428571437,21.0,on_track,MG,Sudeste,5-20 mil,18604.0
3143450,150.0,4.668458149779471,6.0,on_track,MG,Sudeste,<5 mil,3456.0
3143500,133.0078571428603,6.403214285714892,8.0,on_track,MG,Sudeste,5-20 mil,7005.0
3143609,99.76022332506203,0.002729528535981528,5.0,on_track,MG,Sudeste,<5 mil,1381.0
3143708,,,0.0,,MG,Sudeste,<5 mil,2374.0
3143807,,,2.0,,MG,Sudeste,<5 mil,3161.0
3143906,72.30512478632454,-0.7336444444444208,26.0,will_not_meet,MG,Sudeste,100-500 mil,101766.0
3144003,57.72559523809349,0.26952380952370303,8.0,will_not_meet,MG,Sudeste,5-20 mil,13937.0
3144102,150.0,7.519296375266708,11.0,on_track,MG,Sudeste,5-20 mil,15800.0
3144201,75.65762326169397,-1.6184702907712063,8.0,will_not_meet,MG,Sudeste,<5 mil,2021.0
3144300,60.383883728930236,-0.02726522187822377,18.0,will_not_meet,MG,Sudeste,20-50 mil,36563.0
3144359,150.0,6.02722891566264,4.0,on_track,MG,Sudeste,5-20 mil,6678.0
3144375,,,2.0,,MG,Sudeste,<5 mil,2543.0
3144409,72.96505494505891,0.8591208791210988,13.0,will_not_meet,MG,Sudeste,<5 mil,2801.0
3144508,138.55615384615703,5.835979020979129,12.0,on_track,MG,Sudeste,5-20 mil,6621.0
3144607,123.09245614035126,1.686912280701803,19.0,on_track,MG,Sudeste,20-50 mil,20826.0
3144656,,,1.0,,MG,Sudeste,<5 mil,2767.0
3144672,78.59999999999576,0.215384615384367,13.0,will_not_meet,MG,Sudeste,<5 mil,1108.0
3144706,93.94074534161837,1.0537888198760754,6.0,on_track,MG,Sudeste,5-20 mil,15416.0
3144805,33.87844117647046,1.1395441176470469,16.0,will_not_meet,MG,Sudeste,50-100 mil,95255.0
3144904,72.3525000000011,0.7481666666668383,9.0,will_not_meet,MG,Sudeste,<5 mil,2179.0
3145000,70.4603296703292,-0.7137362637363004,13.0,will_not_meet,MG,Sudeste,5-20 mil,13765.0
3145059,32.449749999999426,0.47849999999996884,16.0,will_not_meet,MG,Sudeste,<5 mil,4121.0
3145109,,,0.0,,MG,Sudeste,5-20 mil,9759.0
3145208,79.16095238095238,0.22142857142857128,21.0,will_not_meet,MG,Sudeste,100-500 mil,102360.0
3145307,93.31954411764582,2.379029411764641,16.0,on_track,MG,Sudeste,5-20 mil,10732.0
3145356,86.61981818182153,0.9281818181819982,10.0,at_risk,MG,Sudeste,<5 mil,4618.0
3145372,0.0,-1.5942424242423736,10.0,will_not_meet,MG,Sudeste,<5 mil,1850.0
3145406,88.06166666667013,3.624166666667144,8.0,at_risk,MG,Sudeste,<5 mil,786.0
3145455,,,0.0,,MG,Sudeste,<5 mil,3397.0
3145505,150.0,3.6974505494505125,14.0,on_track,MG,Sudeste,<5 mil,2512.0
3145604,92.42705263157893,0.48636842105261646,20.0,on_track,MG,Sudeste,20-50 mil,37433.0
3145703,39.113393501811515,-4.968772563176743,5.0,will_not_meet,MG,Sudeste,<5 mil,1180.0
3145802,100.00000000000004,-9.868575590909105e-16,8.0,on_track,MG,Sudeste,<5 mil,1569.0
3145851,57.02105263157705,-0.8210526315790607,3.0,will_not_meet,MG,Sudeste,<5 mil,3364.0
3145877,100.00000000000003,1.975142625095712e-16,3.0,on_track,MG,Sudeste,<5 mil,2481.0
3145901,77.56545776205189,0.2169836355594754,18.0,will_not_meet,MG,Sudeste,20-50 mil,36047.0
3146008,93.21500866551196,0.9171512131715783,15.0,on_track,MG,Sudeste,20-50 mil,25547.0
3146107,48.477860114403484,-1.3331643265730853,17.0,will_not_meet,MG,Sudeste,50-100 mil,65071.0
3146206,58.67499999999791,-1.010000000000053,4.0,will_not_meet,MG,Sudeste,<5 mil,3556.0
3146255,53.12703030302873,1.1769696969695282,10.0,will_not_meet,MG,Sudeste,<5 mil,3837.0
3146305,58.04106194690576,-3.027964601769956,8.0,will_not_meet,MG,Sudeste,5-20 mil,12435.0
3146404,,,0.0,,MG,Sudeste,<5 mil,3450.0
3146503,78.65170329669616,-0.1530219780223957,13.0,will_not_meet,MG,Sudeste,5-20 mil,6850.0
3146552,,,0.0,,MG,Sudeste,<5 mil,1797.0
3146602,,,1.0,,MG,Sudeste,<5 mil,1187.0
3146701,,,2.0,,MG,Sudeste,5-20 mil,5171.0
3146750,150.0,5.579618644068016,7.0,on_track,MG,Sudeste,<5 mil,3365.0
3146909,98.8118131868082,1.213681318681004,13.0,on_track,MG,Sudeste,5-20 mil,13389.0
3147006,82.54616883116887,0.7238311688311724,21.0,at_risk,MG,Sudeste,50-100 mil,82324.0
3147105,103.63017543859723,1.1914561403509125,19.0,on_track,MG,Sudeste,50-100 mil,90375.0
3147204,75.7001444788443,-0.10990712074303012,18.0,will_not_meet,MG,Sudeste,5-20 mil,17872.0
3147303,58.636649466804954,0.21022703818373614,18.0,will_not_meet,MG,Sudeste,5-20 mil,17694.0
3147402,70.23760722347606,1.0495033860044232,10.0,will_not_meet,MG,Sudeste,20-50 mil,21660.0
3147501,57.28583333334291,1.5275000000007914,9.0,will_not_meet,MG,Sudeste,<5 mil,928.0
3147600,105.160776614312,1.2818062827225571,12.0,on_track,MG,Sudeste,5-20 mil,12644.0
3147709,22.038727272731194,-4.2326363636361295,11.0,will_not_meet,MG,Sudeste,5-20 mil,6256.0
3147808,,,2.0,,MG,Sudeste,<5 mil,1270.0
3147907,79.85481025641026,-0.00688205128205145,26.0,will_not_meet,MG,Sudeste,100-500 mil,110026.0
3147956,,,0.0,,MG,Sudeste,<5 mil,2487.0
3148004,95.33021978022316,1.152461538461646,14.0,on_track,MG,Sudeste,100-500 mil,142393.0
3148103,76.87416666666655,-0.2196568627451145,17.0,will_not_meet,MG,Sudeste,50-100 mil,81267.0
3148202,150.0,4.17571428571408,8.0,on_track,MG,Sudeste,<5 mil,4680.0
3148301,74.20528864059497,-0.9113966480448187,6.0,will_not_meet,MG,Sudeste,5-20 mil,5110.0
3148400,58.20142857145038,-2.4389285714272955,6.0,will_not_meet,MG,Sudeste,<5 mil,2245.0
3148509,115.3788484848501,2.5111515151515396,10.0,on_track,MG,Sudeste,5-20 mil,5083.0
3148608,134.1856216216238,2.5447162162161763,7.0,on_track,MG,Sudeste,5-20 mil,9241.0
3148707,111.8265384615379,2.817062937062843,12.0,on_track,MG,Sudeste,20-50 mil,21441.0
3148756,80.5962255639106,-0.821406015037559,11.0,at_risk,MG,Sudeste,<5 mil,1930.0
3148806,53.036769230770005,-1.7956923076922973,4.0,will_not_meet,MG,Sudeste,<5 mil,1928.0
3148905,21.206049926584456,-4.137136563876336,6.0,will_not_meet,MG,Sudeste,<5 mil,2107.0
3149002,121.85426262626288,1.8095555555554894,11.0,on_track,MG,Sudeste,<5 mil,1520.0
3149101,67.18070175438584,-0.26417543859650305,19.0,will_not_meet,MG,Sudeste,5-20 mil,5384.0
3149150,55.299047619048,3.2085714285712883,6.0,will_not_meet,MG,Sudeste,5-20 mil,7554.0
3149200,0.0,-6.5389541008270395,10.0,will_not_meet,MG,Sudeste,<5 mil,3062.0
3149309,65.92369264069293,0.9404025974026026,21.0,will_not_meet,MG,Sudeste,50-100 mil,55403.0
3149408,150.0,21.039999999998773,3.0,on_track,MG,Sudeste,<5 mil,975.0
3149507,136.2279735682805,3.303215859030809,4.0,on_track,MG,Sudeste,<5 mil,3077.0
3149606,64.08785714285534,-0.43178571428583956,7.0,will_not_meet,MG,Sudeste,<5 mil,3229.0
3149705,69.96133333333455,-1.319333333333225,10.0,will_not_meet,MG,Sudeste,5-20 mil,10581.0
3149804,100.0,-1.0140964894892227e-15,7.0,on_track,MG,Sudeste,5-20 mil,11359.0
3149903,93.27064102563918,1.6160489510488851,12.0,on_track,MG,Sudeste,5-20 mil,19095.0
3149952,0.0,-11.818912768648469,8.0,will_not_meet,MG,Sudeste,5-20 mil,5065.0
3150000,0.0,-32.728867469884,9.0,will_not_meet,MG,Sudeste,<5 mil,3364.0
3150109,150.0,11.480955414013673,8.0,on_track,MG,Sudeste,<5 mil,1607.0
3150158,,,0.0,,MG,Sudeste,5-20 mil,5717.0
3150208,,,0.0,,MG,Sudeste,<5 mil,3240.0
3150307,100.0825034770495,0.4848122392210186,8.0,on_track,MG,Sudeste,<5 mil,3275.0
3150406,,,0.0,,MG,Sudeste,<5 mil,2302.0
3150505,93.2000000000005,0.3209473684210808,19.0,on_track,MG,Sudeste,5-20 mil,7349.0
3150539,123.18329136690727,1.7620683453237511,7.0,on_track,MG,Sudeste,<5 mil,4591.0
3150570,150.0,10.855483870966337,3.0,on_track,MG,Sudeste,<5 mil,2648.0
3150604,77.82731642189492,0.6636982643523831,11.0,will_not_meet,MG,Sudeste,<5 mil,3025.0
3150703,12.565572176514252,-4.4853702318624205,13.0,will_not_meet,MG,Sudeste,5-20 mil,5759.0
3150802,141.69172635445193,3.5326538108355106,10.0,on_track,MG,Sudeste,5-20 mil,6099.0
3150901,56.07190476190408,1.722857142857058,6.0,will_not_meet,MG,Sudeste,<5 mil,1869.0
3151008,79.92025641025702,2.3422377622378003,12.0,will_not_meet,MG,Sudeste,5-20 mil,5365.0
3151107,76.35909090909075,0.2804545454545183,10.0,will_not_meet,MG,Sudeste,5-20 mil,9477.0
3151206,62.34945054945183,2.1361318681318324,14.0,will_not_meet,MG,Sudeste,50-100 mil,55798.0
3151305,66.45807692307653,-0.91769230769235,12.0,will_not_meet,MG,Sudeste,5-20 mil,8709.0
3151404,73.04633082706823,-1.8741954887217613,11.0,will_not_meet,MG,Sudeste,20-50 mil,25415.0
3151503,70.91494736842105,-0.03918575851393181,16.0,will_not_meet,MG,Sudeste,20-50 mil,31479.0
3151602,100.00000000000001,-1.5843971354233428e-15,10.0,on_track,MG,Sudeste,5-20 mil,12094.0
3151701,0.0,-40.23984293193474,9.0,will_not_meet,MG,Sudeste,5-20 mil,9828.0
3151800,110.17710180623953,1.1558292282430094,28.0,on_track,MG,Sudeste,100-500 mil,165701.0
3151909,99.93709138840131,2.3493321616870975,12.0,on_track,MG,Sudeste,<5 mil,4980.0
3152006,149.16005418719215,3.614320197044502,11.0,on_track,MG,Sudeste,20-50 mil,28520.0
3152105,81.96991120396977,0.028895272917213954,20.0,at_risk,MG,Sudeste,50-100 mil,53515.0
3152131,150.0,14.529000000000703,4.0,on_track,MG,Sudeste,<5 mil,2802.0
3152170,,,0.0,,MG,Sudeste,<5 mil,4347.0
3152204,21.702690476190327,-0.11503571428572668,15.0,will_not_meet,MG,Sudeste,5-20 mil,19439.0
3152303,15.40519230769496,-5.334807692307525,3.0,will_not_meet,MG,Sudeste,5-20 mil,5293.0
3152402,82.72564285714316,1.3405357142857115,15.0,at_risk,MG,Sudeste,5-20 mil,9938.0
3152501,77.12493506493503,-0.04064935064935172,21.0,will_not_meet,MG,Sudeste,100-500 mil,141269.0
3152709,67.99525641025645,0.18132867132867447,12.0,will_not_meet,MG,Sudeste,5-20 mil,6457.0
3152808,64.06217761557036,-2.3224330900244183,10.0,will_not_meet,MG,Sudeste,20-50 mil,21162.0
3152907,66.8609090909099,-1.714090909090776,11.0,will_not_meet,MG,Sudeste,5-20 mil,7548.0
3153004,43.961923076922176,-2.1045804195804543,12.0,will_not_meet,MG,Sudeste,<5 mil,1971.0
3153103,36.69207063376416,-2.573657474601064,12.0,will_not_meet,MG,Sudeste,<5 mil,1576.0
3153202,0.0,-5.455096418732566,10.0,will_not_meet,MG,Sudeste,<5 mil,1687.0
3153301,97.04357142857543,1.2121428571432136,8.0,on_track,MG,Sudeste,<5 mil,2045.0
3153400,100.00000000000003,2.858731204861001e-15,3.0,on_track,MG,Sudeste,5-20 mil,13931.0
3153509,150.0,6.918589743589876,9.0,on_track,MG,Sudeste,<5 mil,4283.0
3153608,64.94786445013006,1.7414194373401806,16.0,will_not_meet,MG,Sudeste,5-20 mil,10504.0
3153707,102.00300000001153,6.753000000001497,5.0,on_track,MG,Sudeste,<5 mil,3017.0
3153806,0.0,-1.5593551358822635,12.0,will_not_meet,MG,Sudeste,<5 mil,887.0
3153905,70.60884415584411,0.28144155844155916,21.0,will_not_meet,MG,Sudeste,5-20 mil,15651.0
3154002,85.07041666666599,0.09909313725486947,17.0,at_risk,MG,Sudeste,5-20 mil,15383.0
3154101,110.46516483516507,1.354417582417543,14.0,on_track,MG,Sudeste,5-20 mil,9269.0
3154150,64.23671850699748,-0.7639580093313141,9.0,will_not_meet,MG,Sudeste,<5 mil,4025.0
3154200,81.19390476190529,3.7248571428569464,6.0,at_risk,MG,Sudeste,5-20 mil,9311.0
3154309,78.80551282051192,1.0817482517481671,12.0,will_not_meet,MG,Sudeste,5-20 mil,13063.0
3154408,24.99538095237949,-4.132428571428352,6.0,will_not_meet,MG,Sudeste,<5 mil,3097.0
3154457,,,0.0,,MG,Sudeste,<5 mil,4504.0
3154507,60.20824242424305,0.5617575757575825,10.0,will_not_meet,MG,Sudeste,<5 mil,4552.0
3154606,85.50847619047636,1.3794285714285845,21.0,at_risk,MG,Sudeste,100-500 mil,338922.0
3154705,66.35716981132032,0.6622012578616104,8.0,will_not_meet,MG,Sudeste,<5 mil,3761.0
3154804,34.36276629570784,-2.011346051934252,8.0,will_not_meet,MG,Sudeste,5-20 mil,9197.0
3154903,73.26274725274902,0.6147692307692898,14.0,will_not_meet,MG,Sudeste,5-20 mil,10682.0
3155009,121.41219780219762,2.283472527472445,14.0,on_track,MG,Sudeste,<5 mil,1764.0
3155108,102.16412121212306,2.455878787878809,10.0,on_track,MG,Sudeste,<5 mil,2678.0
3155207,100.00000000000011,7.4653303952337e-15,4.0,on_track,MG,Sudeste,<5 mil,2111.0
3155306,,,0.0,,MG,Sudeste,<5 mil,3155.0
3155405,100.00000000000003,6.54763176235941e-16,4.0,on_track,MG,Sudeste,5-20 mil,7757.0
3155504,,,2.0,,MG,Sudeste,5-20 mil,7577.0
3155603,38.89535714285671,0.773964285714272,15.0,will_not_meet,MG,Sudeste,5-20 mil,12525.0
3155702,150.0,9.185769230768887,12.0,on_track,MG,Sudeste,5-20 mil,11412.0
3155801,98.76520479520366,0.33555444555435976,10.0,on_track,MG,Sudeste,5-20 mil,15212.0
3155900,,,0.0,,MG,Sudeste,<5 mil,4620.0
3156007,99.99999999999997,-4.586495415190095e-17,7.0,on_track,MG,Sudeste,5-20 mil,5075.0
3156106,,,1.0,,MG,Sudeste,<5 mil,3128.0
3156205,81.57510063559377,-0.07029131355928853,11.0,at_risk,MG,Sudeste,<5 mil,2112.0
3156304,105.46054945054925,0.4158681318680997,14.0,on_track,MG,Sudeste,5-20 mil,6742.0
3156452,2.505423340960988,-7.423867276887878,8.0,will_not_meet,MG,Sudeste,<5 mil,2513.0
3156502,28.370544117646205,-0.19122058823534532,16.0,will_not_meet,MG,Sudeste,<5 mil,1816.0
3156601,100.00000000000003,2.858731204861001e-15,3.0,on_track,MG,Sudeste,5-20 mil,7975.0
3156700,60.17194190424965,-0.08249596557288053,12.0,will_not_meet,MG,Sudeste,100-500 mil,134399.0
3156809,107.33395604395537,1.2368791208790222,14.0,on_track,MG,Sudeste,5-20 mil,9917.0
3156908,71.11736485469044,-0.17560721276916053,23.0,will_not_meet,MG,Sudeste,20-50 mil,21421.0
3157005,65.16891176470551,0.4249411764705778,16.0,will_not_meet,MG,Sudeste,20-50 mil,32822.0
3157104,,,2.0,,MG,Sudeste,5-20 mil,5879.0
3157203,0.0,-10.730799438990358,12.0,will_not_meet,MG,Sudeste,20-50 mil,28349.0
3157252,,,1.0,,MG,Sudeste,<5 mil,4248.0
3157278,,,1.0,,MG,Sudeste,<5 mil,1647.0
3157302,,,2.0,,MG,Sudeste,<5 mil,2098.0
3157336,68.29223140495992,-0.7352479338842128,5.0,will_not_meet,MG,Sudeste,5-20 mil,8723.0
3157377,41.951090909095,-1.324818181817881,11.0,will_not_meet,MG,Sudeste,<5 mil,1066.0
3157401,100.00000000000001,-1.5843971354233428e-15,10.0,on_track,MG,Sudeste,<5 mil,1626.0
3157500,,,0.0,,MG,Sudeste,<5 mil,2890.0
3157609,,,1.0,,MG,Sudeste,<5 mil,2197.0
3157658,20.18180830039819,-3.5065415019758763,12.0,will_not_meet,MG,Sudeste,<5 mil,3987.0
3157708,150.0,4.520524475524563,12.0,on_track,MG,Sudeste,5-20 mil,12525.0
3157807,74.4301861471863,0.5439090909090935,21.0,will_not_meet,MG,Sudeste,100-500 mil,221089.0
3157906,142.53319327731242,3.025735294117733,7.0,on_track,MG,Sudeste,5-20 mil,8328.0
3158003,123.07972222222452,3.15513888888898,8.0,on_track,MG,Sudeste,5-20 mil,6525.0
3158102,95.13963636363485,0.2700909090908039,11.0,on_track,MG,Sudeste,<5 mil,3685.0
3158201,81.65858974358844,1.7645104895104187,12.0,at_risk,MG,Sudeste,5-20 mil,10880.0
3158300,79.74368421052637,0.1310000000000033,19.0,will_not_meet,MG,Sudeste,5-20 mil,5144.0
3158409,99.99999999999999,-5.0838732287204e-15,6.0,on_track,MG,Sudeste,<5 mil,3148.0
3158508,143.56054187191785,3.291330049260848,9.0,on_track,MG,Sudeste,<5 mil,3135.0
3158607,,,0.0,,MG,Sudeste,<5 mil,1449.0
3158706,16.64558333333298,-4.541416666666711,9.0,will_not_meet,MG,Sudeste,<5 mil,1844.0
3158805,138.65575688073386,2.894564220183515,9.0,on_track,MG,Sudeste,<5 mil,4659.0
3158904,31.67156626506221,-3.9555421686746923,4.0,will_not_meet,MG,Sudeste,<5 mil,4180.0
3158953,95.1774019607833,1.1653431372548892,17.0,on_track,MG,Sudeste,20-50 mil,33385.0
3159001,,,0.0,,MG,Sudeste,<5 mil,2455.0
3159100,150.0,5.975900621118405,6.0,on_track,MG,Sudeste,<5 mil,2251.0
3159209,91.15564285714208,1.5625357142856862,15.0,on_track,MG,Sudeste,5-20 mil,5575.0
3159308,133.75303030303076,2.4946969696969967,10.0,on_track,MG,Sudeste,<5 mil,3656.0
3159357,110.44119402985098,0.9902985074627324,5.0,on_track,MG,Sudeste,5-20 mil,5339.0
3159407,,,1.0,,MG,Sudeste,<5 mil,2106.0
3159506,,,2.0,,MG,Sudeste,<5 mil,2200.0
3159605,73.50329004329001,-0.08376623376623422,21.0,will_not_meet,MG,Sudeste,20-50 mil,38022.0
3159704,,,2.0,,MG,Sudeste,<5 mil,2059.0
3159803,113.80956043956121,3.4876483516482066,14.0,on_track,MG,Sudeste,5-20 mil,16456.0
3159902,54.12257270693681,-2.228366890380029,7.0,will_not_meet,MG,Sudeste,5-20 mil,16371.0
3160009,68.04920382165983,3.1155732484079577,5.0,will_not_meet,MG,Sudeste,<5 mil,2420.0
3160108,,,2.0,,MG,Sudeste,<5 mil,3180.0
3160207,0.0,-18.67499999999938,3.0,will_not_meet,MG,Sudeste,<5 mil,1119.0
3160306,103.68455801105245,0.24129834254159008,7.0,on_track,MG,Sudeste,5-20 mil,6247.0
3160405,76.08399509803931,0.01943627450980866,17.0,will_not_meet,MG,Sudeste,20-50 mil,24438.0
3160454,76.89423529411624,0.6060735294116814,16.0,will_not_meet,MG,Sudeste,<5 mil,1673.0
3160504,16.956000000000017,-0.06800000000000067,5.0,will_not_meet,MG,Sudeste,<5 mil,907.0
3160603,,,0.0,,MG,Sudeste,<5 mil,2114.0
3160702,71.82175824176102,1.070263736263855,14.0,will_not_meet,MG,Sudeste,20-50 mil,41385.0
3160801,145.20892672858736,3.232327141382898,11.0,on_track,MG,Sudeste,5-20 mil,5010.0
3160900,,,0.0,,MG,Sudeste,<5 mil,3358.0
3160959,150.0,-4.354999999997652,3.0,on_track,MG,Sudeste,<5 mil,2704.0
3161007,132.90307692305578,2.5069230769218227,13.0,on_track,MG,Sudeste,5-20 mil,10468.0
3161056,0.0,-7.276342857144452,11.0,will_not_meet,MG,Sudeste,<5 mil,2072.0
3161106,55.7375714285713,1.0766428571428512,15.0,will_not_meet,MG,Sudeste,20-50 mil,35981.0
3161205,100.0,-1.0140964894892227e-15,7.0,on_track,MG,Sudeste,<5 mil,4672.0
3161304,100.00000000000004,-9.868575590909105e-16,8.0,on_track,MG,Sudeste,<5 mil,4732.0
3161403,99.70793931731919,0.7193678887484206,8.0,on_track,MG,Sudeste,<5 mil,2878.0
3161502,150.0,4.752197802199219,4.0,on_track,MG,Sudeste,5-20 mil,9032.0
3161601,125.77956043955828,2.067032967032875,12.0,on_track,MG,Sudeste,<5 mil,927.0
3161650,107.24863247863914,1.8216239316244107,10.0,on_track,MG,Sudeste,<5 mil,2873.0
3161700,75.95018796992474,0.47379699248121276,11.0,will_not_meet,MG,Sudeste,5-20 mil,5674.0
3161809,150.0,4.3333333333343536,8.0,on_track,MG,Sudeste,5-20 mil,9780.0
3161908,130.55555555555475,2.3333333333335475,9.0,on_track,MG,Sudeste,5-20 mil,5285.0
3162005,0.0,-8.11714285714232,6.0,will_not_meet,MG,Sudeste,20-50 mil,21199.0
3162104,103.57428571428409,1.9835714285714015,15.0,on_track,MG,Sudeste,20-50 mil,34090.0
3162203,77.96045060658716,0.12436308492207687,15.0,will_not_meet,MG,Sudeste,5-20 mil,6139.0
3162252,,,0.0,,MG,Sudeste,<5 mil,2588.0
3162302,106.83582417582465,1.128659340659296,14.0,on_track,MG,Sudeste,<5 mil,1760.0
3162401,48.50690476190539,1.9479761904764175,8.0,will_not_meet,MG,Sudeste,5-20 mil,8545.0
3162450,,,0.0,,MG,Sudeste,<5 mil,2763.0
3162500,121.55780538662202,2.3616185925282194,19.0,on_track,MG,Sudeste,50-100 mil,85934.0
3162559,73.53403508771908,-0.05182456140351973,19.0,will_not_meet,MG,Sudeste,5-20 mil,5528.0
3162575,66.92036829463518,-0.7487189751801606,10.0,will_not_meet,MG,Sudeste,<5 mil,3346.0
3162609,99.99999999999991,-5.330652710112715e-15,3.0,on_track,MG,Sudeste,5-20 mil,5939.0
3162658,,,0.0,,MG,Sudeste,<5 mil,2118.0
3162708,54.95814285714255,1.0187857142857006,15.0,will_not_meet,MG,Sudeste,5-20 mil,10913.0
3162807,109.09348101265368,1.949862869197749,7.0,on_track,MG,Sudeste,5-20 mil,10243.0
3162906,3.982142857141298,-4.557499999999881,7.0,will_not_meet,MG,Sudeste,20-50 mil,25236.0
3162922,47.04483516484038,1.0234065934068985,13.0,will_not_meet,MG,Sudeste,20-50 mil,23813.0
3162948,121.40994659546323,1.5132576769025874,11.0,on_track,MG,Sudeste,5-20 mil,5438.0
3162955,92.0,2.3442857142857316,21.0,on_track,MG,Sudeste,5-20 mil,14101.0
3163003,44.56214285714293,0.43178571428570733,7.0,will_not_meet,MG,Sudeste,<5 mil,3101.0
3163102,28.001231313926496,-0.24277930763175362,15.0,will_not_meet,MG,Sudeste,<5 mil,2910.0
3163201,150.0,4.159963768116058,8.0,on_track,MG,Sudeste,<5 mil,3065.0
3163300,81.3786073619634,0.046730061349709535,11.0,at_risk,MG,Sudeste,<5 mil,2737.0
3163409,0.0,-39.11711009174127,9.0,will_not_meet,MG,Sudeste,<5 mil,3506.0
3163508,66.18238095238007,0.1964285714285261,15.0,will_not_meet,MG,Sudeste,<5 mil,1962.0
3163607,116.034516129032,1.3998387096772429,3.0,on_track,MG,Sudeste,<5 mil,1577.0
3163706,88.26083333333332,0.2687745098039252,17.0,at_risk,MG,Sudeste,20-50 mil,46539.0
3163805,150.0,9.945000000001142,5.0,on_track,MG,Sudeste,<5 mil,3851.0
3163904,74.45790476190541,-0.6611428571427878,6.0,will_not_meet,MG,Sudeste,<5 mil,2518.0
3164001,,,2.0,,MG,Sudeste,5-20 mil,6197.0
3164100,150.0,8.467500000000275,7.0,on_track,MG,Sudeste,<5 mil,2133.0
3164209,43.265272727273214,0.840272727272728,11.0,will_not_meet,MG,Sudeste,5-20 mil,8003.0
3164308,115.53441455696338,2.883528481012697,15.0,on_track,MG,Sudeste,<5 mil,4483.0
3164407,131.53792553191397,2.146356382978607,7.0,on_track,MG,Sudeste,<5 mil,3242.0
3164431,38.93666666666559,-2.085000000000083,3.0,will_not_meet,MG,Sudeste,<5 mil,1741.0
3164472,30.75882882883343,-6.364324324324065,3.0,will_not_meet,MG,Sudeste,<5 mil,4913.0
3164506,77.1319523809509,1.0400714285714012,15.0,will_not_meet,MG,Sudeste,<5 mil,3017.0
3164605,113.86575757575747,1.1562424242423706,10.0,on_track,MG,Sudeste,<5 mil,3886.0
3164704,81.51807692307659,0.3768531468531296,12.0,at_risk,MG,Sudeste,50-100 mil,66351.0
3164803,,,0.0,,MG,Sudeste,<5 mil,803.0
3164902,116.04719112988596,1.766462513199821,11.0,on_track,MG,Sudeste,<5 mil,1414.0
3165008,64.40884415584401,0.750012987012989,21.0,will_not_meet,MG,Sudeste,5-20 mil,8806.0
3165107,101.31563636363646,0.09427272727272865,11.0,on_track,MG,Sudeste,5-20 mil,5434.0
3165206,136.7764179104488,2.8755223880595993,5.0,on_track,MG,Sudeste,<5 mil,4144.0
3165305,52.263296703278684,-3.2573626373636513,13.0,will_not_meet,MG,Sudeste,5-20 mil,6676.0
3165404,63.11877192982445,-0.327298245614045,19.0,will_not_meet,MG,Sudeste,<5 mil,4270.0
3165503,12.010999999996784,-0.9370000000002812,5.0,will_not_meet,MG,Sudeste,<5 mil,2292.0
3165537,89.71141025641009,1.4454895104894938,12.0,at_risk,MG,Sudeste,20-50 mil,33678.0
3165552,125.83891891892381,5.826621621622263,8.0,on_track,MG,Sudeste,<5 mil,3216.0
3165560,113.64000000001715,1.8940000000009065,5.0,on_track,MG,Sudeste,<5 mil,1479.0
3165578,104.39181818181896,1.0890909090909413,11.0,on_track,MG,Sudeste,<5 mil,3188.0
3165602,68.33395604395054,0.17978021977989847,13.0,will_not_meet,MG,Sudeste,<5 mil,1522.0
3165701,33.696483516483795,-0.9259560439560116,14.0,will_not_meet,MG,Sudeste,5-20 mil,5118.0
3165800,48.31466666666847,-1.4319999999998254,6.0,will_not_meet,MG,Sudeste,<5 mil,520.0
3165909,96.51093078758913,1.0977088305488754,7.0,on_track,MG,Sudeste,<5 mil,1599.0
3166006,125.41153846153975,2.0779720279721006,12.0,on_track,MG,Sudeste,<5 mil,3315.0
3166105,,,0.0,,MG,Sudeste,<5 mil,1293.0
3166204,120.3014285714271,4.556428571428586,7.0,on_track,MG,Sudeste,<5 mil,3524.0
3166303,150.0,6.427142857142302,6.0,on_track,MG,Sudeste,<5 mil,3829.0
3166402,82.8552801894237,-0.08266377269140482,13.0,at_risk,MG,Sudeste,<5 mil,1539.0
3166501,72.66233333333298,0.9334999999999772,15.0,will_not_meet,MG,Sudeste,<5 mil,1739.0
3166600,98.26688725489976,1.7073284313724846,17.0,on_track,MG,Sudeste,<5 mil,499.0
3166709,79.88892857142764,3.031607142857173,15.0,will_not_meet,MG,Sudeste,5-20 mil,7026.0
3166808,96.17383333333362,-0.1814166666666355,9.0,on_track,MG,Sudeste,5-20 mil,8638.0
3166907,119.30658333333622,1.454125000000101,9.0,on_track,MG,Sudeste,5-20 mil,6685.0
3166956,,,0.0,,MG,Sudeste,<5 mil,1888.0
3167004,0.0,-8.928474576271284,4.0,will_not_meet,MG,Sudeste,<5 mil,1518.0
3167103,70.31673809523681,1.1978928571428311,15.0,will_not_meet,MG,Sudeste,5-20 mil,12945.0
3167202,93.9677282051289,0.12004615384618081,24.0,on_track,MG,Sudeste,100-500 mil,238031.0
3167301,150.0,8.790285714284966,6.0,on_track,MG,Sudeste,<5 mil,1478.0
3167400,26.592729885053814,-2.6896839080463573,9.0,will_not_meet,MG,Sudeste,<5 mil,3785.0
3167509,147.3774999999987,6.507499999999459,9.0,on_track,MG,Sudeste,<5 mil,1546.0
3167608,100.00000000000001,-1.5843971354233428e-15,10.0,on_track,MG,Sudeste,5-20 mil,7692.0
3167707,,,2.0,,MG,Sudeste,<5 mil,3878.0
3167806,0.0,-3.598935226264471,11.0,will_not_meet,MG,Sudeste,<5 mil,4125.0
3167905,,,2.0,,MG,Sudeste,<5 mil,2430.0
3168002,87.87648351647931,3.4178021978019264,13.0,at_risk,MG,Sudeste,20-50 mil,28088.0
3168051,89.41802997858758,1.6694932191291807,10.0,at_risk,MG,Sudeste,<5 mil,1385.0
3168101,0.0,-35.50000000000029,3.0,will_not_meet,MG,Sudeste,<5 mil,3263.0
3168200,146.51713248638953,3.708511796733187,7.0,on_track,MG,Sudeste,<5 mil,1083.0
3168309,40.57884848484878,0.9931515151514941,10.0,will_not_meet,MG,Sudeste,<5 mil,1906.0
3168408,150.0,13.422261904763669,8.0,on_track,MG,Sudeste,5-20 mil,8012.0
3168507,,,1.0,,MG,Sudeste,5-20 mil,7841.0
3168606,72.6381731601731,0.304493506493509,21.0,will_not_meet,MG,Sudeste,100-500 mil,115406.0
3168705,112.24024242424184,2.5717575757573563,10.0,on_track,MG,Sudeste,50-100 mil,91134.0
3168804,88.56705128205067,2.0356293706292776,12.0,at_risk,MG,Sudeste,5-20 mil,6302.0
3168903,145.20530469529876,4.750509490508897,10.0,on_track,MG,Sudeste,<5 mil,4441.0
3169000,88.97538461538556,0.727447552447629,12.0,at_risk,MG,Sudeste,5-20 mil,13681.0
3169059,150.0,4.3560000000007975,4.0,on_track,MG,Sudeste,<5 mil,1061.0
3169109,,,0.0,,MG,Sudeste,<5 mil,2407.0
3169208,71.83417582416928,0.3708791208787295,13.0,will_not_meet,MG,Sudeste,5-20 mil,6124.0
3169307,75.5450223598212,0.03370485036120113,18.0,will_not_meet,MG,Sudeste,50-100 mil,72879.0
3169356,58.247069264069125,-0.13440259740260058,21.0,will_not_meet,MG,Sudeste,20-50 mil,31336.0
3169406,79.99823185414539,-0.5206604747162193,18.0,will_not_meet,MG,Sudeste,20-50 mil,49087.0
3169505,100.00000000000001,7.95999220879053e-16,6.0,on_track,MG,Sudeste,<5 mil,4669.0
3169604,141.94593406592776,3.092747252746969,13.0,on_track,MG,Sudeste,20-50 mil,23207.0
3169703,77.11835714285644,1.2624642857142578,15.0,will_not_meet,MG,Sudeste,5-20 mil,14519.0
3169802,123.80819444444523,1.4359027777778222,7.0,on_track,MG,Sudeste,<5 mil,3186.0
3169901,61.89717948717953,-0.7618881118880959,12.0,will_not_meet,MG,Sudeste,100-500 mil,113482.0
3170008,,,0.0,,MG,Sudeste,5-20 mil,6140.0
3170057,3.900322580635475,-5.007612903226625,4.0,will_not_meet,MG,Sudeste,5-20 mil,6687.0
3170107,81.24443975225302,-0.3339428490990491,26.0,at_risk,MG,Sudeste,100-500 mil,332676.0
3170206,93.39496989600457,0.664750957854415,28.0,on_track,MG,Sudeste,500 mil+,687006.0
3170305,150.0,9.400571428571457,6.0,on_track,MG,Sudeste,<5 mil,1487.0
3170404,76.1130095990971,-0.08607566346694127,22.0,will_not_meet,MG,Sudeste,50-100 mil,68674.0
3170438,81.38986466165417,0.1344812030075158,20.0,at_risk,MG,Sudeste,<5 mil,2632.0
3170479,0.0,-16.495000000002094,3.0,will_not_meet,MG,Sudeste,<5 mil,1830.0
3170503,18.91000000000895,-5.829999999999725,9.0,will_not_meet,MG,Sudeste,5-20 mil,7978.0
3170529,16.77210126582284,-0.10298734177214837,9.0,will_not_meet,MG,Sudeste,5-20 mil,7917.0
3170578,0.0,-7.391510791366696,4.0,will_not_meet,MG,Sudeste,<5 mil,4770.0
3170602,0.0,-5.687765957446568,7.0,will_not_meet,MG,Sudeste,<5 mil,1131.0
3170651,,,0.0,,MG,Sudeste,<5 mil,2581.0
3170701,77.12671861471858,-0.02748051948052021,21.0,will_not_meet,MG,Sudeste,100-500 mil,133114.0
3170750,91.37942675159024,-0.8358917197453327,3.0,on_track,MG,Sudeste,5-20 mil,6000.0
3170800,46.32557142857058,1.754642857142871,15.0,will_not_meet,MG,Sudeste,20-50 mil,35066.0
3170909,13.225438596491049,0.011771929824552853,19.0,will_not_meet,MG,Sudeste,5-20 mil,8985.0
3171006,93.34554761904701,1.4496785714285387,15.0,on_track,MG,Sudeste,5-20 mil,16701.0
3171030,,,0.0,,MG,Sudeste,5-20 mil,5436.0
3171071,61.80490909090895,-1.0150909090908657,11.0,will_not_meet,MG,Sudeste,<5 mil,3894.0
3171105,92.53500000000167,2.6290000000003086,5.0,on_track,MG,Sudeste,<5 mil,2392.0
3171154,63.28967032967148,-1.743692307692184,14.0,will_not_meet,MG,Sudeste,<5 mil,1916.0
3171204,99.00380519480495,1.9256233766233897,21.0,on_track,MG,Sudeste,100-500 mil,131849.0
3171303,67.18576883385026,-0.6574819401444514,18.0,will_not_meet,MG,Sudeste,50-100 mil,74472.0
3171402,91.78388888888958,1.7630555555557188,8.0,on_track,MG,Sudeste,<5 mil,1773.0
3171501,,,0.0,,MG,Sudeste,<5 mil,2867.0
3171600,100.00000000000003,2.858731204861001e-15,3.0,on_track,MG,Sudeste,5-20 mil,6895.0
3171709,0.0,-20.820000000001663,3.0,will_not_meet,MG,Sudeste,<5 mil,4046.0
3171808,150.0,4.337578313252054,9.0,on_track,MG,Sudeste,5-20 mil,6142.0
3171907,65.07630136986154,-2.6828767123289587,3.0,will_not_meet,MG,Sudeste,<5 mil,3189.0
3172004,0.0,-8.363869387756168,11.0,will_not_meet,MG,Sudeste,20-50 mil,35854.0
3172103,100.07512820512787,-0.0002447552447751669,12.0,on_track,MG,Sudeste,<5 mil,3952.0
3172202,,,2.0,,MG,Sudeste,<5 mil,1265.0
3200102,150.0,9.289398496240642,11.0,on_track,ES,Sudeste,5-20 mil,15465.0
3200136,,,2.0,,ES,Sudeste,<5 mil,3084.0
3200169,96.65513513513599,-0.22513513513507613,5.0,on_track,ES,Sudeste,5-20 mil,6147.0
3200201,62.8296238757157,-0.8449795584627483,13.0,will_not_meet,ES,Sudeste,20-50 mil,20883.0
3200300,106.57458502024201,1.6054251012145744,12.0,on_track,ES,Sudeste,5-20 mil,6880.0
3200359,150.0,5.800285714286577,4.0,on_track,ES,Sudeste,<5 mil,4602.0
3200409,78.67614035087718,2.259912280701829,19.0,will_not_meet,ES,Sudeste,20-50 mil,23011.0
3200508,0.0,-20.319999999995932,3.0,will_not_meet,ES,Sudeste,5-20 mil,5232.0
3200607,70.30605882352893,-0.16754411764708224,16.0,will_not_meet,ES,Sudeste,50-100 mil,91629.0
3200706,150.0,5.770735930735654,10.0,on_track,ES,Sudeste,5-20 mil,7619.0
3200805,100.11883333333367,0.6927499999999986,15.0,on_track,ES,Sudeste,20-50 mil,24201.0
3200904,34.3025974025976,0.5116883116883088,21.0,will_not_meet,ES,Sudeste,20-50 mil,29373.0
3201001,64.93730769230751,-2.4903146853147144,12.0,will_not_meet,ES,Sudeste,5-20 mil,10922.0
3201100,74.55508771929823,0.23738596491228525,19.0,will_not_meet,ES,Sudeste,5-20 mil,9169.0
3201159,0.0,-11.723644501278562,11.0,will_not_meet,ES,Sudeste,<5 mil,3569.0
3201209,74.40650598290566,-0.07564786324787434,26.0,will_not_meet,ES,Sudeste,100-500 mil,193959.0
3201308,52.502051572684195,1.5438197789742565,23.0,will_not_meet,ES,Sudeste,100-500 mil,374199.0
3201407,76.52650510571016,0.5003689055084244,23.0,will_not_meet,ES,Sudeste,20-50 mil,23832.0
3201506,113.12653846153808,1.6351538461538442,25.0,on_track,ES,Sudeste,100-500 mil,109393.0
3201605,4.1785454545458975,-0.05690909090906282,11.0,will_not_meet,ES,Sudeste,20-50 mil,24979.0
3201704,,,2.0,,ES,Sudeste,5-20 mil,6507.0
3201803,72.93843283581964,1.3885820895521106,5.0,will_not_meet,ES,Sudeste,<5 mil,1634.0
3201902,82.08583458646672,1.5666992481202942,20.0,at_risk,ES,Sudeste,5-20 mil,8293.0
3202009,99.99999999999999,5.2345891394789777e-17,3.0,on_track,ES,Sudeste,<5 mil,3767.0
3202108,30.578060606060717,1.515939393939332,10.0,will_not_meet,ES,Sudeste,5-20 mil,14484.0
3202207,23.06448484848488,0.31551515151514886,10.0,will_not_meet,ES,Sudeste,5-20 mil,18900.0
3202256,94.62848484848516,-0.10448484848482409,10.0,on_track,ES,Sudeste,5-20 mil,5073.0
3202306,75.67431154156546,-0.03898466505247643,19.0,will_not_meet,ES,Sudeste,20-50 mil,25233.0
3202405,105.93483314660807,2.909275368117897,23.0,on_track,ES,Sudeste,100-500 mil,122697.0
3202454,,,2.0,,ES,Sudeste,5-20 mil,16007.0
3202504,76.20351648351993,-0.1571868131866095,14.0,will_not_meet,ES,Sudeste,5-20 mil,9619.0
3202553,94.94799999999991,-0.031545454545461406,11.0,on_track,ES,Sudeste,<5 mil,3132.0
3202603,104.55406593406724,1.112109890109927,14.0,on_track,ES,Sudeste,5-20 mil,8184.0
3202652,0.0,-10.962716049382895,8.0,will_not_meet,ES,Sudeste,5-20 mil,5175.0
3202702,64.67285714285794,0.17314285714289573,14.0,will_not_meet,ES,Sudeste,5-20 mil,7967.0
3202801,14.974968873795206,-0.7201471420487819,20.0,will_not_meet,ES,Sudeste,20-50 mil,21806.0
3202900,76.31341085271322,-0.27825581395348475,9.0,will_not_meet,ES,Sudeste,<5 mil,3926.0
3203007,,,1.0,,ES,Sudeste,5-20 mil,16814.0
3203056,28.504241706161793,-1.9016172985781836,15.0,will_not_meet,ES,Sudeste,5-20 mil,19243.0
3203106,107.20454135338355,0.769075187969922,20.0,on_track,ES,Sudeste,5-20 mil,9678.0
3203130,97.77987203232851,0.5856373126788964,22.0,on_track,ES,Sudeste,5-20 mil,13530.0
3203163,49.80441176470549,-0.47676470588239783,17.0,will_not_meet,ES,Sudeste,<5 mil,3558.0
3203205,95.27402393162401,1.090023931623904,26.0,on_track,ES,Sudeste,100-500 mil,154645.0
3203304,55.26596491228008,-0.32707017543863326,19.0,will_not_meet,ES,Sudeste,5-20 mil,9944.0
3203320,61.80698529411916,0.572720588235388,17.0,will_not_meet,ES,Sudeste,20-50 mil,31754.0
3203346,150.0,13.210000000003443,5.0,on_track,ES,Sudeste,5-20 mil,8919.0
3203353,127.57615384615565,2.4189230769230585,14.0,on_track,ES,Sudeste,5-20 mil,6657.0
3203403,59.20617647058816,-1.0146323529411727,16.0,will_not_meet,ES,Sudeste,5-20 mil,16343.0
3203502,54.54595238095271,1.807071428571469,15.0,will_not_meet,ES,Sudeste,5-20 mil,14359.0
3203601,108.03701754385929,2.1992982456140555,19.0,on_track,ES,Sudeste,<5 mil,3471.0
3203700,0.0,-2.3917132867131206,12.0,will_not_meet,ES,Sudeste,5-20 mil,8095.0
3203809,96.57975903614488,-0.25924698795177925,7.0,on_track,ES,Sudeste,5-20 mil,10089.0
3203908,140.97100000001592,9.12100000000204,5.0,on_track,ES,Sudeste,20-50 mil,33992.0
3204005,0.0,-6.764900990099237,5.0,will_not_meet,ES,Sudeste,5-20 mil,10979.0
3204054,86.85754385964901,2.4972982456140858,19.0,at_risk,ES,Sudeste,20-50 mil,24631.0
3204104,0.0,-25.1800000000023,4.0,will_not_meet,ES,Sudeste,20-50 mil,21621.0
3204203,72.46605392156926,1.1620833333334246,17.0,will_not_meet,ES,Sudeste,20-50 mil,21555.0
3204252,64.13156862745086,0.8868627450980568,17.0,will_not_meet,ES,Sudeste,5-20 mil,6418.0
3204302,,,1.0,,ES,Sudeste,<5 mil,3916.0
3204351,76.79896516231298,-0.15352098178933374,19.0,will_not_meet,ES,Sudeste,5-20 mil,7511.0
3204401,107.50142857143419,2.8735714285717258,4.0,on_track,ES,Sudeste,5-20 mil,6106.0
3204500,,,0.0,,ES,Sudeste,<5 mil,2600.0
3204559,62.91155279503198,0.5202202145680763,22.0,will_not_meet,ES,Sudeste,5-20 mil,14356.0
3204609,69.71703431372407,0.9912990196077992,17.0,will_not_meet,ES,Sudeste,5-20 mil,12863.0
3204658,81.86087912087942,1.3429890109889724,14.0,at_risk,ES,Sudeste,<5 mil,3752.0
3204708,61.085087719298485,0.510017543859662,19.0,will_not_meet,ES,Sudeste,20-50 mil,29842.0
3204807,47.1021052631595,-2.401052631578943,8.0,will_not_meet,ES,Sudeste,5-20 mil,8453.0
3204906,95.76590926867493,1.2071920219006451,20.0,on_track,ES,Sudeste,100-500 mil,104392.0
3204955,32.13333333333503,-3.2399999999997973,6.0,will_not_meet,ES,Sudeste,5-20 mil,6242.0
3205002,53.00279424977589,1.3154158644589962,24.0,will_not_meet,ES,Sudeste,500 mil+,533070.0
3205010,79.28748756218897,-0.2423880597015061,12.0,will_not_meet,ES,Sudeste,20-50 mil,22135.0
3205036,150.0,6.247010989010767,14.0,on_track,ES,Sudeste,5-20 mil,7652.0
3205069,98.79877192982462,0.9232280701754422,19.0,on_track,ES,Sudeste,5-20 mil,18979.0
3205101,47.958643306379145,0.8399037350789383,24.0,will_not_meet,ES,Sudeste,50-100 mil,74066.0
3205150,99.99999999999999,-1.7551976572789983e-15,8.0,on_track,ES,Sudeste,<5 mil,3208.0
3205176,70.13404761903428,-0.4452380952390385,8.0,will_not_meet,ES,Sudeste,5-20 mil,5128.0
3205200,98.41190287972768,3.211631846414359,22.0,on_track,ES,Sudeste,500 mil+,506188.0
3205309,109.43540880503224,2.6616846361186077,24.0,on_track,ES,Sudeste,100-500 mil,369534.0
3300100,104.42769230769318,2.939010989010866,14.0,on_track,RJ,Sudeste,100-500 mil,202458.0
3300159,8.924999999988358,-4.569642857143799,7.0,will_not_meet,RJ,Sudeste,5-20 mil,10463.0
3300209,23.200604395607115,-3.12851648351628,13.0,will_not_meet,RJ,Sudeste,100-500 mil,129399.0
3300225,,,0.0,,RJ,Sudeste,5-20 mil,11005.0
3300233,66.93192848532908,-1.5640036159103734,18.0,will_not_meet,RJ,Sudeste,20-50 mil,35060.0
3300258,14.632098765425326,-6.288430335097094,8.0,will_not_meet,RJ,Sudeste,20-50 mil,30827.0
3300308,59.094191176470986,-0.5997058823529294,16.0,will_not_meet,RJ,Sudeste,50-100 mil,98129.0
3300407,124.62955117679212,1.4656376573617935,28.0,on_track,RJ,Sudeste,100-500 mil,183549.0
3300456,58.93241899020313,1.4885779954785467,22.0,will_not_meet,RJ,Sudeste,500 mil+,515239.0
3300506,0.0,-7.999999999999415,6.0,will_not_meet,RJ,Sudeste,5-20 mil,16740.0
3300605,14.311774193546626,-3.6189882697947633,7.0,will_not_meet,RJ,Sudeste,20-50 mil,31529.0
3300704,98.12239252711657,-0.15451386098848907,18.0,on_track,RJ,Sudeste,100-500 mil,176583.0
3300803,51.722487804879734,0.42317073170740993,10.0,will_not_meet,RJ,Sudeste,50-100 mil,51597.0
3300902,0.0,-10.188333333333272,9.0,will_not_meet,RJ,Sudeste,5-20 mil,11821.0
3300936,78.68610410094561,-1.5766088328076082,9.0,will_not_meet,RJ,Sudeste,5-20 mil,13304.0
3300951,108.56683417085469,0.9788442211055236,7.0,on_track,RJ,Sudeste,5-20 mil,8256.0
3301009,86.20282608695652,1.4953260869564853,23.0,at_risk,RJ,Sudeste,100-500 mil,464696.0
3301108,0.0,-10.403820895522085,11.0,will_not_meet,RJ,Sudeste,5-20 mil,14257.0
3301157,21.892400000000748,0.30720000000005615,5.0,will_not_meet,RJ,Sudeste,5-20 mil,8909.0
3301207,,,0.0,,RJ,Sudeste,5-20 mil,13720.0
3301306,55.532323529412395,0.12438235294120996,16.0,will_not_meet,RJ,Sudeste,20-50 mil,37007.0
3301405,,,2.0,,RJ,Sudeste,20-50 mil,20369.0
3301504,0.0,-3.2439010989005705,13.0,will_not_meet,RJ,Sudeste,20-50 mil,21536.0
3301603,0.0,-2.4914985590778893,10.0,will_not_meet,RJ,Sudeste,5-20 mil,8184.0
3301702,59.55004074889894,1.61152312775333,19.0,will_not_meet,RJ,Sudeste,500 mil+,926286.0
3301801,99.99999999999999,-8.455945452403877e-16,3.0,on_track,RJ,Sudeste,5-20 mil,10171.0
3301850,,,0.0,,RJ,Sudeste,50-100 mil,60126.0
3301876,150.0,4.128337405326229,17.0,on_track,RJ,Sudeste,20-50 mil,29344.0
3301900,80.16975849256869,2.346713552724662,17.0,at_risk,RJ,Sudeste,100-500 mil,241506.0
3302007,68.60318681318086,1.7790109890106394,13.0,will_not_meet,RJ,Sudeste,100-500 mil,130436.0
3302056,150.0,4.916691769768632,12.0,on_track,RJ,Sudeste,5-20 mil,11206.0
3302106,0.5442857142879802,-5.837857142856942,7.0,will_not_meet,RJ,Sudeste,5-20 mil,17562.0
3302205,112.98345238094953,4.652057823128921,10.0,on_track,RJ,Sudeste,50-100 mil,96217.0
3302254,13.176189993241678,-2.1100676132519323,16.0,will_not_meet,RJ,Sudeste,20-50 mil,31223.0
3302270,,,2.0,,RJ,Sudeste,100-500 mil,106296.0
3302304,150.0,6.774814814814609,8.0,on_track,RJ,Sudeste,5-20 mil,5495.0
3302403,79.19802197802073,2.596989010988796,14.0,will_not_meet,RJ,Sudeste,100-500 mil,261155.0
3302452,0.0,-1.91774725274695,13.0,will_not_meet,RJ,Sudeste,<5 mil,4922.0
3302502,20.70524431543231,-0.936894049346861,12.0,will_not_meet,RJ,Sudeste,100-500 mil,234569.0
3302601,9.94714285714285,-0.04857142857142905,7.0,will_not_meet,RJ,Sudeste,20-50 mil,40477.0
3302700,0.0,-0.942978996999565,20.0,will_not_meet,RJ,Sudeste,100-500 mil,165077.0
3302809,68.33225263158147,2.68345263157902,9.0,will_not_meet,RJ,Sudeste,5-20 mil,18437.0
3302858,28.817032967033242,-0.2332967032966892,13.0,will_not_meet,RJ,Sudeste,100-500 mil,177016.0
3302908,21.344452466908024,-0.36919374247889913,8.0,will_not_meet,RJ,Sudeste,20-50 mil,22356.0
3303005,136.47414285714785,2.3722517006804233,11.0,on_track,RJ,Sudeste,20-50 mil,25009.0
3303104,124.13211956522173,4.220489130434865,10.0,on_track,RJ,Sudeste,5-20 mil,12224.0
3303203,0.0,-4.7329370629367915,12.0,will_not_meet,RJ,Sudeste,100-500 mil,162893.0
3303302,97.92997027212478,-0.046702492568012614,25.0,on_track,RJ,Sudeste,500 mil+,516981.0
3303401,105.32376811594258,0.7626304347826047,24.0,on_track,RJ,Sudeste,100-500 mil,167759.0
3303500,75.05386652951074,2.1353028159958773,20.0,will_not_meet,RJ,Sudeste,500 mil+,816376.0
3303609,150.0,7.633241758240696,13.0,on_track,RJ,Sudeste,20-50 mil,47007.0
3303708,56.76644144144302,-2.0244594594593823,3.0,will_not_meet,RJ,Sudeste,20-50 mil,39372.0
3303807,,,2.0,,RJ,Sudeste,20-50 mil,32589.0
3303856,86.54834448161182,1.497675585284687,10.0,at_risk,RJ,Sudeste,5-20 mil,19701.0
3303906,134.2388317057712,1.2546323398858863,26.0,on_track,RJ,Sudeste,100-500 mil,291958.0
3303955,150.0,4.777713736791544,10.0,on_track,RJ,Sudeste,20-50 mil,22966.0
3304003,17.624395604397932,-0.6064835164833882,13.0,will_not_meet,RJ,Sudeste,20-50 mil,23598.0
3304102,59.099999999998545,2.6078787878789145,10.0,will_not_meet,RJ,Sudeste,5-20 mil,14913.0
3304110,138.35345112781852,4.084112781954897,11.0,on_track,RJ,Sudeste,20-50 mil,20138.0
3304128,4.383461538462143,-2.9143356643356304,12.0,will_not_meet,RJ,Sudeste,5-20 mil,13692.0
3304144,30.23892773892817,-0.3632517482517,12.0,will_not_meet,RJ,Sudeste,100-500 mil,152311.0
3304151,140.64118529269763,5.324078374455613,12.0,on_track,RJ,Sudeste,5-20 mil,16394.0
3304201,104.42772291466895,0.8064432954389437,23.0,on_track,RJ,Sudeste,100-500 mil,124969.0
3304300,150.0,5.722857142857205,7.0,on_track,RJ,Sudeste,20-50 mil,45254.0
3304409,36.06000000000222,0.6180000000000969,4.0,will_not_meet,RJ,Sudeste,5-20 mil,14758.0
3304508,59.57644270593573,-1.0158559595030912,13.0,will_not_meet,RJ,Sudeste,5-20 mil,6544.0
3304524,76.39472527472208,2.3620879120876364,13.0,will_not_meet,RJ,Sudeste,100-500 mil,150817.0
3304557,82.01026031928791,0.5045836329642233,23.0,at_risk,RJ,Sudeste,500 mil+,6775561.0
3304607,77.74897435897492,2.615139860139899,12.0,will_not_meet,RJ,Sudeste,5-20 mil,5966.0
3304706,80.93799999999874,-0.7740000000000254,5.0,at_risk,RJ,Sudeste,20-50 mil,32721.0
3304755,0.0,-0.13244956772334926,10.0,will_not_meet,RJ,Sudeste,20-50 mil,21531.0
3304805,133.94066666667004,2.515333333333559,9.0,on_track,RJ,Sudeste,20-50 mil,30632.0
3304904,81.49960223808375,2.0407327570746725,22.0,at_risk,RJ,Sudeste,500 mil+,1097556.0
3305000,150.0,7.572409028097744,12.0,on_track,RJ,Sudeste,20-50 mil,28819.0
3305109,73.05673206750998,2.1625105485230267,20.0,will_not_meet,RJ,Sudeste,100-500 mil,473385.0
3305133,,,0.0,,RJ,Sudeste,<5 mil,3203.0
3305158,125.11000000000149,3.0109999999998887,4.0,on_track,RJ,Sudeste,5-20 mil,9799.0
3305208,136.29397930436699,3.388649366128543,21.0,on_track,RJ,Sudeste,100-500 mil,100546.0
3305307,0.0,-4.447527472527298,3.0,will_not_meet,RJ,Sudeste,<5 mil,4882.0
3305406,55.556666666669116,1.285000000000184,3.0,will_not_meet,RJ,Sudeste,5-20 mil,13837.0
3305505,65.50478021978108,-0.21686813186807663,13.0,will_not_meet,RJ,Sudeste,50-100 mil,87259.0
3305554,20.422747252749787,-0.8024175824174232,13.0,will_not_meet,RJ,Sudeste,50-100 mil,68935.0
3305604,125.20820740460658,3.3357366830373887,16.0,on_track,RJ,Sudeste,5-20 mil,16443.0
3305703,150.0,5.918618925831111,11.0,on_track,RJ,Sudeste,5-20 mil,5735.0
3305752,120.09000483792897,3.2735268505078357,12.0,on_track,RJ,Sudeste,20-50 mil,31146.0
3305802,17.708444444444545,0.012666666666672089,9.0,will_not_meet,RJ,Sudeste,100-500 mil,165917.0
3305901,,,1.0,,RJ,Sudeste,<5 mil,4949.0
3306008,117.5919117647054,1.4016176470588702,17.0,on_track,RJ,Sudeste,50-100 mil,80054.0
3306107,45.14465034965042,0.7117832167832283,13.0,will_not_meet,RJ,Sudeste,50-100 mil,66865.0
3306156,,,2.0,,RJ,Sudeste,5-20 mil,6849.0
3306206,51.19000000000051,1.5545454545454427,11.0,will_not_meet,RJ,Sudeste,20-50 mil,25122.0
3306305,88.45937777777816,0.07337777777779042,26.0,at_risk,RJ,Sudeste,100-500 mil,274800.0
3500105,113.64025764895314,1.355233494363862,19.0,on_track,SP,Sudeste,20-50 mil,33230.0
3500204,118.4217481203018,1.5378007518797667,18.0,on_track,SP,Sudeste,<5 mil,3189.0
3500303,30.52962193234498,-1.8664448374971636,12.0,will_not_meet,SP,Sudeste,20-50 mil,33361.0
3500402,124.00818086040454,2.32448112379286,16.0,on_track,SP,Sudeste,5-20 mil,7376.0
3500501,91.76472527472652,0.4172087912088426,14.0,on_track,SP,Sudeste,5-20 mil,18738.0
3500550,96.96354872695383,1.7700228270413085,16.0,on_track,SP,Sudeste,<5 mil,4670.0
3500600,107.24054347825995,1.0831956521738482,19.0,on_track,SP,Sudeste,<5 mil,3588.0
3500709,114.63215378421773,1.7294049919483752,19.0,on_track,SP,Sudeste,20-50 mil,35915.0
3500758,74.35723441615482,0.999244951712055,16.0,will_not_meet,SP,Sudeste,<5 mil,4685.0
3500808,121.16482879719024,2.0110008779631787,16.0,on_track,SP,Sudeste,<5 mil,3514.0
3500907,125.38538847117889,2.1878446115289165,18.0,on_track,SP,Sudeste,<5 mil,3336.0
3501004,86.83450549450276,0.5256043956042242,13.0,at_risk,SP,Sudeste,5-20 mil,14172.0
3501103,125.19142109500717,2.062459742350956,19.0,on_track,SP,Sudeste,<5 mil,3215.0
3501152,71.02518115942055,0.1533985507246447,19.0,will_not_meet,SP,Sudeste,5-20 mil,15854.0
3501202,86.13224407374878,0.32072695346795477,16.0,at_risk,SP,Sudeste,<5 mil,2457.0
3501301,130.17960842844604,2.375366110623412,16.0,on_track,SP,Sudeste,20-50 mil,22593.0
3501400,117.9400161030594,1.556702093397671,19.0,on_track,SP,Sudeste,<5 mil,3377.0
3501509,121.80893317230175,1.89298631239927,19.0,on_track,SP,Sudeste,<5 mil,2918.0
3501608,80.52957948717895,0.00865641025638731,26.0,at_risk,SP,Sudeste,100-500 mil,243228.0
3501707,80.21423018292685,0.04392022357723584,17.0,at_risk,SP,Sudeste,20-50 mil,41231.0
3501806,37.38791666666839,-3.1735416666663054,9.0,will_not_meet,SP,Sudeste,5-20 mil,5029.0
3501905,99.09819760773371,0.7265590693101316,16.0,on_track,SP,Sudeste,50-100 mil,57569.0
3502002,133.65767908308953,2.6525692454628707,8.0,on_track,SP,Sudeste,<5 mil,4061.0
3502101,82.65977984176072,-0.31109391124875707,18.0,at_risk,SP,Sudeste,50-100 mil,53433.0
3502200,93.42478196896627,1.09025013376127,17.0,on_track,SP,Sudeste,5-20 mil,18477.0
3502309,128.68508165057028,2.2779841966637986,16.0,on_track,SP,Sudeste,5-20 mil,5221.0
3502408,120.99281123792844,1.8604881474978516,16.0,on_track,SP,Sudeste,<5 mil,3414.0
3502507,18.841818181824237,-2.893636363635937,11.0,will_not_meet,SP,Sudeste,20-50 mil,35684.0
3502606,119.89490235419908,1.883179507758007,17.0,on_track,SP,Sudeste,<5 mil,3376.0
3502705,89.4453007518805,1.7068796992481943,18.0,at_risk,SP,Sudeste,5-20 mil,17415.0
3502754,64.61129629629613,0.5355185185184954,19.0,will_not_meet,SP,Sudeste,20-50 mil,23343.0
3502804,108.5048330642378,0.6349927920655237,25.0,on_track,SP,Sudeste,100-500 mil,195368.0
3502903,35.69887737478416,0.40027058146228345,17.0,will_not_meet,SP,Sudeste,20-50 mil,24325.0
3503000,87.72666666666714,0.6100000000000263,3.0,at_risk,SP,Sudeste,5-20 mil,5318.0
3503109,123.71892537313488,1.8978208955224392,16.0,on_track,SP,Sudeste,<5 mil,4802.0
3503158,128.5002140181905,3.2763188871051425,17.0,on_track,SP,Sudeste,<5 mil,1844.0
3503208,117.5126048026068,1.1513431013431354,27.0,on_track,SP,Sudeste,100-500 mil,233704.0
3503307,72.16443397975445,-0.7911502094997974,22.0,will_not_meet,SP,Sudeste,100-500 mil,129376.0
3503356,125.42065847234426,2.0092273924495694,16.0,on_track,SP,Sudeste,<5 mil,1000.0
3503406,106.166662640901,1.3379911433171616,19.0,on_track,SP,Sudeste,5-20 mil,6825.0
3503505,40.70857142857085,1.2542857142856165,6.0,will_not_meet,SP,Sudeste,<5 mil,2619.0
3503604,110.44168276972596,1.2023687600643527,19.0,on_track,SP,Sudeste,5-20 mil,9940.0
3503703,103.43456521739154,0.8373913043477973,6.0,on_track,SP,Sudeste,5-20 mil,8950.0
3503802,84.91430232558037,-0.14082364341091905,17.0,at_risk,SP,Sudeste,50-100 mil,50926.0
3503901,81.21905969613545,2.230374446704052,16.0,at_risk,SP,Sudeste,50-100 mil,88764.0
3503950,123.28239859525866,1.8344389815628217,16.0,on_track,SP,Sudeste,<5 mil,1261.0
3504008,113.54072061191573,1.3209186795490508,19.0,on_track,SP,Sudeste,100-500 mil,101151.0
3504107,99.847406015037,1.37155639097736,20.0,on_track,SP,Sudeste,100-500 mil,132317.0
3504206,117.63337078651602,1.6920224719099666,17.0,on_track,SP,Sudeste,5-20 mil,13964.0
3504305,114.79301932367116,1.4986425120772249,19.0,on_track,SP,Sudeste,<5 mil,3671.0
3504404,93.26989010988837,0.327626373626264,14.0,on_track,SP,Sudeste,5-20 mil,11891.0
3504503,118.50166666666746,1.5850000000000668,18.0,on_track,SP,Sudeste,50-100 mil,87871.0
3504602,36.69722589167759,-2.0375640686922396,14.0,will_not_meet,SP,Sudeste,5-20 mil,16849.0
3504701,125.89942054433686,3.231079894644523,16.0,on_track,SP,Sudeste,<5 mil,1971.0
3504800,119.99593984962257,1.9939849624059969,11.0,on_track,SP,Sudeste,5-20 mil,8435.0
3504909,100.62951288244722,1.120261674718148,19.0,on_track,SP,Sudeste,5-20 mil,8808.0
3505005,128.50857769973754,3.0644688323091285,16.0,on_track,SP,Sudeste,<5 mil,2164.0
3505104,107.74340659340987,1.2067252747254347,14.0,on_track,SP,Sudeste,5-20 mil,6369.0
3505203,75.80666269368385,-0.5996483909415397,11.0,will_not_meet,SP,Sudeste,20-50 mil,34008.0
3505302,69.86067647058826,-0.6238823529411868,16.0,will_not_meet,SP,Sudeste,20-50 mil,35368.0
3505351,115.57688849868282,3.4743441615452952,16.0,on_track,SP,Sudeste,<5 mil,1706.0
3505401,134.6499262510988,3.305046532045741,16.0,on_track,SP,Sudeste,<5 mil,3123.0
3505500,102.69159658119702,0.6314427350427314,26.0,on_track,SP,Sudeste,100-500 mil,119782.0
3505609,89.88752191700746,0.6943074225598852,13.0,at_risk,SP,Sudeste,20-50 mil,33165.0
3505708,74.3263093671485,0.8842050484507142,16.0,will_not_meet,SP,Sudeste,100-500 mil,279704.0
3505807,118.35130818619473,1.5884991974316442,17.0,on_track,SP,Sudeste,5-20 mil,18045.0
3505906,105.92390831252123,1.718935069568329,15.0,on_track,SP,Sudeste,50-100 mil,56102.0
3506003,82.1402849002855,0.06670940170942506,27.0,at_risk,SP,Sudeste,100-500 mil,375321.0
3506102,55.983917293232025,-1.6791503759398139,20.0,will_not_meet,SP,Sudeste,50-100 mil,73959.0
3506201,118.09478260869537,1.5445217391303612,19.0,on_track,SP,Sudeste,<5 mil,2768.0
3506300,115.41661030595742,1.3172093397744928,19.0,on_track,SP,Sudeste,5-20 mil,10010.0
3506359,103.72741143317035,3.249638486312257,19.0,on_track,SP,Sudeste,50-100 mil,65074.0
3506409,120.69381818181773,1.9519999999998807,11.0,on_track,SP,Sudeste,5-20 mil,7538.0
3506508,104.80858119658171,0.4701196581196607,26.0,on_track,SP,Sudeste,100-500 mil,122335.0
3506607,86.50641706924398,1.0887842190016224,19.0,at_risk,SP,Sudeste,20-50 mil,28550.0
3506706,97.27225895316815,0.852589531680471,4.0,on_track,SP,Sudeste,5-20 mil,13071.0
3506805,119.87062656641729,1.7730827067669996,18.0,on_track,SP,Sudeste,5-20 mil,11584.0
3506904,115.90494644424962,1.8172361720808228,16.0,on_track,SP,Sudeste,5-20 mil,7719.0
3507001,95.53971553994779,1.300893766461854,16.0,on_track,SP,Sudeste,50-100 mil,59554.0
3507100,40.45690909091354,-2.4335454545451136,11.0,will_not_meet,SP,Sudeste,20-50 mil,23370.0
3507159,128.37834942932386,2.3958033362599394,16.0,on_track,SP,Sudeste,<5 mil,2731.0
3507209,124.0806233538201,1.8902019315189247,16.0,on_track,SP,Sudeste,<5 mil,653.0
3507308,123.06945566286277,1.830105355575115,16.0,on_track,SP,Sudeste,<5 mil,4405.0
3507407,116.53337016574596,1.9849281767956326,11.0,on_track,SP,Sudeste,5-20 mil,14671.0
3507456,71.99247030878894,-0.3948218527315907,8.0,will_not_meet,SP,Sudeste,<5 mil,2366.0
3507506,107.02793062805267,1.3193374305438264,21.0,on_track,SP,Sudeste,100-500 mil,144250.0
3507605,75.51925523349439,0.3950281803542561,19.0,will_not_meet,SP,Sudeste,100-500 mil,167074.0
3507704,100.3645933014352,0.974688995215283,13.0,on_track,SP,Sudeste,5-20 mil,5067.0
3507753,91.63261984196674,0.7492993854258364,16.0,on_track,SP,Sudeste,<5 mil,2387.0
3507803,96.8364285714274,0.721373626373554,13.0,on_track,SP,Sudeste,20-50 mil,24986.0
3507902,85.27513587891349,-0.22646026831783705,18.0,at_risk,SP,Sudeste,20-50 mil,21428.0
3508009,118.21798068481166,1.981035996488202,16.0,on_track,SP,Sudeste,5-20 mil,16193.0
3508108,75.39483516483483,-0.5698461538461431,14.0,will_not_meet,SP,Sudeste,5-20 mil,16407.0
3508207,116.22545088566812,1.4306586151368061,19.0,on_track,SP,Sudeste,<5 mil,3709.0
3508306,95.98141025641121,0.4686713286713786,12.0,on_track,SP,Sudeste,<5 mil,3653.0
3508405,87.99106280193246,0.9923381642511698,19.0,at_risk,SP,Sudeste,20-50 mil,43335.0
3508504,95.66129060579442,1.2716856892010948,16.0,on_track,SP,Sudeste,50-100 mil,81929.0
3508603,97.80407809983899,1.166305152979019,19.0,on_track,SP,Sudeste,20-50 mil,27623.0
3508702,33.452527472530164,-1.2004395604394165,13.0,will_not_meet,SP,Sudeste,5-20 mil,12975.0
3508801,108.18665803108524,1.3716528497406706,14.0,on_track,SP,Sudeste,5-20 mil,15564.0
3508900,125.71561018437296,2.621817383669951,16.0,on_track,SP,Sudeste,<5 mil,3415.0
3509007,65.66900586194515,0.3035638234238381,16.0,will_not_meet,SP,Sudeste,100-500 mil,101467.0
3509106,94.22461538461505,0.487552447552432,12.0,on_track,SP,Sudeste,<5 mil,2305.0
3509205,66.18261272141717,0.45641465378420837,19.0,will_not_meet,SP,Sudeste,50-100 mil,77443.0
3509254,109.84779631255515,2.30365232660234,16.0,on_track,SP,Sudeste,20-50 mil,20770.0
3509304,108.21910736322434,1.0677252159605382,16.0,on_track,SP,Sudeste,5-20 mil,9957.0
3509403,109.23380837358991,1.2510450885667712,19.0,on_track,SP,Sudeste,20-50 mil,23680.0
3509452,128.06998244073657,2.7954872695347497,16.0,on_track,SP,Sudeste,5-20 mil,5151.0
3509502,84.87272256728784,0.5865211301912165,27.0,at_risk,SP,Sudeste,500 mil+,1202203.0
3509601,103.46765700483047,2.090845410627899,19.0,on_track,SP,Sudeste,50-100 mil,86407.0
3509700,100.97440821256032,1.8276980676327688,19.0,on_track,SP,Sudeste,50-100 mil,52384.0
3509809,18.5836111111077,-0.2491666666669203,9.0,will_not_meet,SP,Sudeste,<5 mil,3908.0
3509908,119.43395363408672,2.969918546366037,18.0,on_track,SP,Sudeste,5-20 mil,10706.0
3509957,100.87804750402665,1.8283711755232992,19.0,on_track,SP,Sudeste,<5 mil,4890.0
3510005,118.96711764705879,1.8061617647058965,16.0,on_track,SP,Sudeste,20-50 mil,29531.0
3510104,125.06677787532999,1.971913959613749,16.0,on_track,SP,Sudeste,<5 mil,2264.0
3510153,127.78620000000228,4.37460000000025,5.0,on_track,SP,Sudeste,<5 mil,4694.0
3510203,104.11887681159396,1.149528985507191,19.0,on_track,SP,Sudeste,20-50 mil,38578.0
3510302,88.62762479871162,1.6074412238324474,19.0,at_risk,SP,Sudeste,5-20 mil,17607.0
3510401,80.19852941176441,-0.4688970588235549,16.0,at_risk,SP,Sudeste,50-100 mil,53839.0
3510500,143.91323671497412,4.143120772946717,19.0,on_track,SP,Sudeste,100-500 mil,120021.0
3510609,80.12624835506585,1.3191530087330332,16.0,at_risk,SP,Sudeste,100-500 mil,405375.0
3510708,119.95688808373507,2.149820450885557,19.0,on_track,SP,Sudeste,5-20 mil,11244.0
3510807,101.79104000000007,0.676020000000007,15.0,on_track,SP,Sudeste,20-50 mil,25075.0
3510906,107.0490315676825,1.3486570358479322,17.0,on_track,SP,Sudeste,<5 mil,1696.0
3511003,129.3549130434767,2.483543478260896,14.0,on_track,SP,Sudeste,5-20 mil,16241.0
3511102,101.60834188034278,0.6375726495726545,26.0,on_track,SP,Sudeste,100-500 mil,122125.0
3511201,112.23068840579663,1.3375144927535598,19.0,on_track,SP,Sudeste,5-20 mil,7286.0
3511300,107.608909487461,0.9563958560523651,11.0,on_track,SP,Sudeste,5-20 mil,7478.0
3511409,111.4431318681402,0.7733516483521319,13.0,on_track,SP,Sudeste,5-20 mil,18279.0
3511508,90.24177941176453,0.2656029411764612,16.0,on_track,SP,Sudeste,20-50 mil,48011.0
3511607,94.8891613162109,1.2579253611555923,17.0,on_track,SP,Sudeste,5-20 mil,12555.0
3511706,80.3438525021952,0.9820930640913353,16.0,at_risk,SP,Sudeste,5-20 mil,15912.0
3511904,102.97969635627533,0.8284817813765256,12.0,on_track,SP,Sudeste,5-20 mil,8477.0
3512001,119.33928571428305,1.632582417582288,13.0,on_track,SP,Sudeste,5-20 mil,17372.0
3512100,115.0735547504014,1.5884871175522544,19.0,on_track,SP,Sudeste,<5 mil,4498.0
3512209,102.8615515075378,0.8615138190955177,15.0,on_track,SP,Sudeste,20-50 mil,26921.0
3512308,115.55467778753382,1.894191395961424,16.0,on_track,SP,Sudeste,5-20 mil,14696.0
3512407,135.02649999999812,4.029607142856967,14.0,on_track,SP,Sudeste,20-50 mil,22559.0
3512506,115.93092995169081,1.6660458937197427,19.0,on_track,SP,Sudeste,5-20 mil,5019.0
3512605,130.40128007023668,2.470978050921928,16.0,on_track,SP,Sudeste,<5 mil,3548.0
3512704,83.8309890109893,-0.05274725274723405,13.0,at_risk,SP,Sudeste,<5 mil,2200.0
3512803,101.75086956521704,0.7378197726862664,22.0,on_track,SP,Sudeste,50-100 mil,69340.0
3512902,15.24764705882535,-3.5763467492256926,11.0,will_not_meet,SP,Sudeste,<5 mil,4996.0
3513009,48.43786457710212,0.7931786098815236,16.0,will_not_meet,SP,Sudeste,100-500 mil,257882.0
3513108,88.74558823529367,0.11455882352938616,16.0,at_risk,SP,Sudeste,20-50 mil,34965.0
3513207,100.96636363636344,1.0013636363635765,11.0,on_track,SP,Sudeste,5-20 mil,6413.0
3513306,142.68775065847422,3.293919227392531,16.0,on_track,SP,Sudeste,<5 mil,1342.0
3513405,124.2093576741031,1.5971467207572236,16.0,on_track,SP,Sudeste,50-100 mil,80783.0
3513504,70.6923531522907,1.4734776887186678,16.0,will_not_meet,SP,Sudeste,100-500 mil,132521.0
3513603,48.51942857142865,0.45514285714285807,6.0,will_not_meet,SP,Sudeste,5-20 mil,11893.0
3513702,85.41539215686231,0.2924509803921485,17.0,at_risk,SP,Sudeste,20-50 mil,30426.0
3513801,84.66369914529974,0.2173914529914726,26.0,at_risk,SP,Sudeste,100-500 mil,429550.0
3513850,126.20342405618976,2.179982440737541,16.0,on_track,SP,Sudeste,<5 mil,1367.0
3513900,99.37530289727829,1.2228446005268094,16.0,on_track,SP,Sudeste,5-20 mil,7379.0
3514007,102.88857142856887,1.0597802197800956,13.0,on_track,SP,Sudeste,5-20 mil,8885.0
3514106,104.19804411764699,0.7937794117647083,16.0,on_track,SP,Sudeste,20-50 mil,26233.0
3514205,126.31011237928033,2.0708814749781035,16.0,on_track,SP,Sudeste,<5 mil,1960.0
3514304,116.00425523349395,1.51802818035419,19.0,on_track,SP,Sudeste,5-20 mil,8119.0
3514403,115.42989610389668,1.3149610389610609,21.0,on_track,SP,Sudeste,20-50 mil,43667.0
3514502,119.64475040257639,1.679117552334861,19.0,on_track,SP,Sudeste,5-20 mil,11150.0
3514601,61.28959205020601,-1.4002615062763637,9.0,will_not_meet,SP,Sudeste,5-20 mil,9132.0
3514700,117.9084098228659,1.6891682769725445,19.0,on_track,SP,Sudeste,<5 mil,4799.0
3514809,117.8006829573942,2.188226817042703,18.0,on_track,SP,Sudeste,5-20 mil,7673.0
3514908,128.68915539947466,2.254937664618146,16.0,on_track,SP,Sudeste,5-20 mil,14405.0
3514924,97.05666666666707,0.6607246376811521,9.0,on_track,SP,Sudeste,<5 mil,3428.0
3514957,80.79424377404314,6.0741040607541066e-06,17.0,at_risk,SP,Sudeste,<5 mil,2082.0
3515004,70.89135662160538,1.0176277066634467,16.0,will_not_meet,SP,Sudeste,100-500 mil,279264.0
3515103,42.20672688120612,0.2619141045579611,16.0,will_not_meet,SP,Sudeste,50-100 mil,68524.0
3515129,119.78774187884119,1.721662862159835,16.0,on_track,SP,Sudeste,<5 mil,2677.0
3515152,112.79595588235225,0.9739705882352716,16.0,on_track,SP,Sudeste,5-20 mil,15880.0
3515186,103.47321434584956,0.9215010944603116,21.0,on_track,SP,Sudeste,20-50 mil,39645.0
3515194,122.16623705004395,1.8589218612818754,16.0,on_track,SP,Sudeste,<5 mil,4213.0
3515202,116.88199170679309,1.6512426431245286,17.0,on_track,SP,Sudeste,5-20 mil,7007.0
3515301,127.55254258121204,2.1474433713784538,16.0,on_track,SP,Sudeste,<5 mil,2191.0
3515350,122.46697980684894,2.153810359964941,16.0,on_track,SP,Sudeste,5-20 mil,5917.0
3515400,106.78326086956486,1.1511739130434213,19.0,on_track,SP,Sudeste,5-20 mil,12863.0
3515509,111.57392914653747,1.2713107890498572,19.0,on_track,SP,Sudeste,50-100 mil,67545.0
3515608,121.16279719051863,1.8928779631256032,16.0,on_track,SP,Sudeste,<5 mil,4928.0
3515657,125.67946795434545,2.0192642669008416,16.0,on_track,SP,Sudeste,<5 mil,946.0
3515707,76.50994018423239,0.6346548630218607,16.0,will_not_meet,SP,Sudeste,100-500 mil,189747.0
3515806,129.5725566286219,2.2850535557507152,16.0,on_track,SP,Sudeste,<5 mil,1131.0
3515905,125.95261633011478,2.0323968393327996,16.0,on_track,SP,Sudeste,<5 mil,2342.0
3516002,126.3531273046533,2.0517172958736243,16.0,on_track,SP,Sudeste,5-20 mil,11784.0
3516101,125.5913292361729,2.057613696224812,16.0,on_track,SP,Sudeste,<5 mil,2336.0
3516200,115.56312594713017,1.297392237750421,21.0,on_track,SP,Sudeste,100-500 mil,352245.0
3516309,50.0563763608086,0.9077916018662201,16.0,will_not_meet,SP,Sudeste,100-500 mil,179007.0
3516408,63.49312956095241,0.7232575666945672,16.0,will_not_meet,SP,Sudeste,100-500 mil,145966.0
3516507,117.43000805152951,1.5373510466988027,19.0,on_track,SP,Sudeste,<5 mil,2314.0
3516606,116.71419887278489,1.4865708534620912,19.0,on_track,SP,Sudeste,<5 mil,4784.0
3516705,61.0106919642858,-1.2260491071427622,16.0,will_not_meet,SP,Sudeste,20-50 mil,40386.0
3516804,125.3567585601404,1.988949956101892,16.0,on_track,SP,Sudeste,<5 mil,4399.0
3516853,63.12999999999829,-0.9631250000001222,9.0,will_not_meet,SP,Sudeste,<5 mil,3916.0
3516903,126.5546175523341,2.236825281803446,19.0,on_track,SP,Sudeste,5-20 mil,9242.0
3517000,124.28614168618151,1.8616949648710526,13.0,on_track,SP,Sudeste,5-20 mil,8891.0
3517109,130.2823265306115,2.3192448979591043,11.0,on_track,SP,Sudeste,<5 mil,3566.0
3517208,126.5141304347826,1.9754347826086955,14.0,on_track,SP,Sudeste,5-20 mil,11280.0
3517307,102.8006410256412,1.0642307692307937,12.0,on_track,SP,Sudeste,5-20 mil,5073.0
3517406,72.97013235294139,-0.6889117647058681,16.0,will_not_meet,SP,Sudeste,20-50 mil,39799.0
3517505,90.38540476190485,0.42589285714286623,15.0,on_track,SP,Sudeste,5-20 mil,19536.0
3517604,74.59130465320413,1.359295873573338,16.0,will_not_meet,SP,Sudeste,5-20 mil,6790.0
3517703,94.08944267209904,0.14917400161432842,22.0,on_track,SP,Sudeste,20-50 mil,20710.0
3517802,99.1444285714283,0.8983571428571538,15.0,on_track,SP,Sudeste,5-20 mil,6514.0
3517901,78.79450549450746,-0.20978021978010225,13.0,will_not_meet,SP,Sudeste,5-20 mil,10185.0
3518008,128.4538349429322,2.247580333626048,16.0,on_track,SP,Sudeste,<5 mil,1758.0
3518107,119.68761326861068,1.4143203883495945,12.0,on_track,SP,Sudeste,5-20 mil,5702.0
3518206,101.1404852941173,1.1435735294117617,16.0,on_track,SP,Sudeste,20-50 mil,30780.0
3518305,74.6045933977457,1.196772141706858,19.0,will_not_meet,SP,Sudeste,20-50 mil,26217.0
3518404,90.50038632478629,0.015155555555554588,26.0,on_track,SP,Sudeste,100-500 mil,117355.0
3518503,59.34044943820197,0.3542696629213137,17.0,will_not_meet,SP,Sudeste,5-20 mil,11116.0
3518602,111.98699275362242,1.1213840579709584,19.0,on_track,SP,Sudeste,20-50 mil,40007.0
3518701,85.26172705313957,1.25979951690817,19.0,at_risk,SP,Sudeste,100-500 mil,324914.0
3518800,69.26107187668029,-0.1164778634163878,22.0,will_not_meet,SP,Sudeste,500 mil+,1404694.0
3518859,73.97128205128047,1.5211888111887228,12.0,will_not_meet,SP,Sudeste,5-20 mil,5699.0
3518909,125.72294117647107,2.0258823529412266,16.0,on_track,SP,Sudeste,<5 mil,4522.0
3519006,2.225412087911536,-2.661593406593466,12.0,will_not_meet,SP,Sudeste,5-20 mil,8789.0
3519055,0.0,-7.479268182502906,14.0,will_not_meet,SP,Sudeste,5-20 mil,11303.0
3519071,150.0,5.73213607085321,19.0,on_track,SP,Sudeste,100-500 mil,237570.0
3519105,56.5065934065924,-2.0567252747252165,14.0,will_not_meet,SP,Sudeste,5-20 mil,10459.0
3519204,123.08578919207912,1.8664258962010198,17.0,on_track,SP,Sudeste,<5 mil,4932.0
3519253,112.98395610184389,1.580718173836749,16.0,on_track,SP,Sudeste,<5 mil,4354.0
3519303,72.9133888888891,-0.12149999999998948,9.0,will_not_meet,SP,Sudeste,20-50 mil,34401.0
3519402,106.77953948476147,1.0571186226637004,21.0,on_track,SP,Sudeste,5-20 mil,11652.0
3519501,64.28224940805057,-1.457300710339394,13.0,will_not_meet,SP,Sudeste,5-20 mil,7321.0
3519600,84.81164523670346,0.08374634716539336,16.0,at_risk,SP,Sudeste,50-100 mil,58733.0
3519709,37.57965378421878,0.13590499194845818,19.0,will_not_meet,SP,Sudeste,20-50 mil,28030.0
3519808,105.08897278314271,1.1460052677787769,16.0,on_track,SP,Sudeste,5-20 mil,7177.0
3519907,11.688653045782303,-2.8410442678774817,12.0,will_not_meet,SP,Sudeste,5-20 mil,7306.0
3520004,88.28285582680763,-0.23836941501612371,12.0,at_risk,SP,Sudeste,20-50 mil,24679.0
3520103,106.60312399355826,1.0962061191625887,19.0,on_track,SP,Sudeste,20-50 mil,29040.0
3520202,42.18888498683056,-0.046558384547850315,16.0,will_not_meet,SP,Sudeste,5-20 mil,7640.0
3520301,100.83223684210589,1.7796052631579715,18.0,on_track,SP,Sudeste,20-50 mil,26635.0
3520400,106.10070061457463,3.9420579455663716,16.0,on_track,SP,Sudeste,20-50 mil,35945.0
3520426,95.04181035996498,2.6832625109745933,16.0,on_track,SP,Sudeste,5-20 mil,11552.0
3520442,122.9109705882338,2.827147058823517,16.0,on_track,SP,Sudeste,20-50 mil,25230.0
3520509,101.68946048632392,0.7146998480243691,25.0,on_track,SP,Sudeste,100-500 mil,258069.0
3520608,137.0942857142909,5.938571428571943,7.0,on_track,SP,Sudeste,<5 mil,4168.0
3520707,127.95332221246736,2.399808604038693,16.0,on_track,SP,Sudeste,<5 mil,3356.0
3520806,126.40119227392461,2.0684143985953094,16.0,on_track,SP,Sudeste,<5 mil,3540.0
3520905,104.583717948718,1.1951748251748375,12.0,on_track,SP,Sudeste,5-20 mil,13972.0
3521002,85.46825684380087,1.0274983896939986,19.0,at_risk,SP,Sudeste,20-50 mil,23924.0
3521101,100.26833333333161,2.1981818181816877,12.0,on_track,SP,Sudeste,5-20 mil,6734.0
3521150,99.91409871244605,0.7067596566523756,5.0,on_track,SP,Sudeste,<5 mil,3358.0
3521200,140.18590225564094,3.20897243107783,18.0,on_track,SP,Sudeste,<5 mil,2335.0
3521309,41.31428571428569,-1.973428571428494,14.0,will_not_meet,SP,Sudeste,5-20 mil,16098.0
3521408,111.64345679012467,0.9249382716049577,8.0,on_track,SP,Sudeste,20-50 mil,24467.0
3521507,119.26645799892822,1.614922418405426,17.0,on_track,SP,Sudeste,5-20 mil,7226.0
3521606,47.30836363636308,-1.8223636363635716,10.0,will_not_meet,SP,Sudeste,5-20 mil,5908.0
3521705,106.94550658472326,1.5231922739245356,16.0,on_track,SP,Sudeste,5-20 mil,11831.0
3521804,109.95083515743454,1.1371998652971502,21.0,on_track,SP,Sudeste,20-50 mil,21698.0
3521903,79.70941176470552,-0.20647058823532055,17.0,will_not_meet,SP,Sudeste,5-20 mil,12788.0
3522000,92.59846153846206,0.6506643356643507,12.0,on_track,SP,Sudeste,<5 mil,2864.0
3522109,98.43595645412006,3.2906687402797616,16.0,on_track,SP,Sudeste,100-500 mil,103374.0
3522158,82.87097278314286,2.3320052677788157,16.0,at_risk,SP,Sudeste,<5 mil,1817.0
3522208,62.70948917334499,2.065152530206857,16.0,will_not_meet,SP,Sudeste,100-500 mil,178086.0
3522307,103.10645310658492,1.1249465398214968,21.0,on_track,SP,Sudeste,100-500 mil,151681.0
3522406,97.23347423510472,1.0269766505635523,19.0,on_track,SP,Sudeste,50-100 mil,80267.0
3522505,64.79367627706642,0.8793121186744512,16.0,will_not_meet,SP,Sudeste,100-500 mil,244131.0
3522604,96.41177941176409,-0.14189705882356174,16.0,on_track,SP,Sudeste,50-100 mil,70205.0
3522653,95.16540100250677,1.7858395989975777,18.0,on_track,SP,Sudeste,<5 mil,2094.0
3522703,104.63460294117635,0.9692352941176409,16.0,on_track,SP,Sudeste,20-50 mil,39486.0
3522802,109.18206140350958,1.6243421052632303,18.0,on_track,SP,Sudeste,5-20 mil,11524.0
3522901,126.32770627062746,3.0791914191421217,8.0,on_track,SP,Sudeste,5-20 mil,13659.0
3523008,57.29157575757472,-1.5175757575757594,10.0,will_not_meet,SP,Sudeste,<5 mil,3991.0
3523107,58.030800334968376,0.3539179327670649,16.0,will_not_meet,SP,Sudeste,100-500 mil,379082.0
3523206,113.52419172932423,1.7351566416040858,18.0,on_track,SP,Sudeste,20-50 mil,46897.0
3523305,97.38981738367056,2.051067603160717,16.0,on_track,SP,Sudeste,5-20 mil,11337.0
3523404,96.19115539452446,0.923875201288194,19.0,on_track,SP,Sudeste,100-500 mil,104900.0
3523503,120.82606672519796,1.7491483757682655,16.0,on_track,SP,Sudeste,5-20 mil,19228.0
3523602,88.35778571428591,-0.8616785714285883,15.0,at_risk,SP,Sudeste,5-20 mil,16784.0
3523701,113.04463388937756,1.5129095697981083,16.0,on_track,SP,Sudeste,5-20 mil,5490.0
3523800,110.8031852502204,1.4206093064091663,16.0,on_track,SP,Sudeste,5-20 mil,7085.0
3523909,111.29535834078729,0.901673468246884,25.0,on_track,SP,Sudeste,100-500 mil,165798.0
3524006,84.33438808373603,0.8383204508856327,19.0,at_risk,SP,Sudeste,50-100 mil,55863.0
3524105,90.74844117647037,0.09329411764704801,16.0,on_track,SP,Sudeste,20-50 mil,39785.0
3524204,116.4020245829679,1.3243178226514831,16.0,on_track,SP,Sudeste,5-20 mil,6513.0
3524303,118.98598039215494,1.305980392156853,17.0,on_track,SP,Sudeste,50-100 mil,75704.0
3524402,75.36721367521352,-0.25509401709401885,26.0,will_not_meet,SP,Sudeste,100-500 mil,233844.0
3524501,116.71227594339734,1.8905070754717723,9.0,on_track,SP,Sudeste,5-20 mil,6305.0
3524600,122.02488323090529,2.3529903424056795,16.0,on_track,SP,Sudeste,5-20 mil,9752.0
3524709,97.70178994918092,0.6846075663466713,22.0,on_track,SP,Sudeste,50-100 mil,58193.0
3524808,114.71372032328736,1.3842098838187715,21.0,on_track,SP,Sudeste,20-50 mil,46384.0
3524907,67.94218437225618,0.6833836698858806,16.0,will_not_meet,SP,Sudeste,<5 mil,3269.0
3525003,67.53264266060523,0.7725481516927424,16.0,will_not_meet,SP,Sudeste,100-500 mil,127734.0
3525102,63.258842127303524,-1.3559610552764323,15.0,will_not_meet,SP,Sudeste,20-50 mil,43706.0
3525201,46.94803160667334,0.5361229148376195,16.0,will_not_meet,SP,Sudeste,20-50 mil,24091.0
3525300,114.49044991511118,1.2316723259762863,20.0,on_track,SP,Sudeste,100-500 mil,148665.0
3525409,124.57166286215988,1.9433555750658982,16.0,on_track,SP,Sudeste,<5 mil,2592.0
3525508,71.72504126426695,0.0836049165935054,16.0,will_not_meet,SP,Sudeste,5-20 mil,13453.0
3525607,48.835219780226,-1.6762087912084367,13.0,will_not_meet,SP,Sudeste,<5 mil,3908.0
3525706,94.43017857142786,0.8268749999998981,14.0,on_track,SP,Sudeste,20-50 mil,34163.0
3525805,10.460000000000008,0.08000000000000279,3.0,will_not_meet,SP,Sudeste,<5 mil,4589.0
3525854,71.99911602209977,0.8409392265193296,13.0,will_not_meet,SP,Sudeste,<5 mil,2011.0
3525904,122.9901001902349,1.3930221940393275,26.0,on_track,SP,Sudeste,100-500 mil,408569.0
3526001,29.266963350784863,-1.8164136125654582,13.0,will_not_meet,SP,Sudeste,5-20 mil,17251.0
3526100,102.2511716791987,2.0000313283208833,18.0,on_track,SP,Sudeste,5-20 mil,11749.0
3526209,49.839842995168965,1.1196545893719405,19.0,will_not_meet,SP,Sudeste,20-50 mil,24645.0
3526308,125.55429373996549,2.071147672551991,17.0,on_track,SP,Sudeste,<5 mil,3165.0
3526407,126.1341091492759,2.3133226324235605,17.0,on_track,SP,Sudeste,20-50 mil,26011.0
3526506,56.76433727810354,-1.287029585798995,14.0,will_not_meet,SP,Sudeste,5-20 mil,6141.0
3526605,87.81448067632846,1.8558574879226228,19.0,at_risk,SP,Sudeste,5-20 mil,6757.0
3526704,109.96131623931751,0.8882393162393202,26.0,on_track,SP,Sudeste,100-500 mil,103100.0
3526803,110.05610294117582,1.0377205882353062,17.0,on_track,SP,Sudeste,50-100 mil,67974.0
3526902,88.62734228734297,-0.14475579975575986,27.0,at_risk,SP,Sudeste,100-500 mil,301509.0
3527009,84.99560439560423,0.5539120879120619,14.0,at_risk,SP,Sudeste,5-20 mil,8201.0
3527108,94.81087893584743,0.5349966324296616,21.0,on_track,SP,Sudeste,50-100 mil,78055.0
3527207,105.1037600644122,1.066938808373543,19.0,on_track,SP,Sudeste,50-100 mil,86968.0
3527256,118.00933172302666,1.5298631239934868,19.0,on_track,SP,Sudeste,<5 mil,1894.0
3527306,0.0,-6.949795321637574,13.0,will_not_meet,SP,Sudeste,20-50 mil,49042.0
3527405,124.40344863915743,1.9383002633889894,16.0,on_track,SP,Sudeste,5-20 mil,19072.0
3527504,113.14319578577715,1.4913169446883603,16.0,on_track,SP,Sudeste,<5 mil,1909.0
3527603,73.32358974358931,-0.6523076923077263,12.0,will_not_meet,SP,Sudeste,5-20 mil,15095.0
3527702,116.87821658615121,1.4627431561996083,19.0,on_track,SP,Sudeste,5-20 mil,5425.0
3527801,116.84245974235046,1.5467447665055647,19.0,on_track,SP,Sudeste,<5 mil,4091.0
3527900,125.63257594381093,2.038017559262567,16.0,on_track,SP,Sudeste,<5 mil,2086.0
3528007,89.98780027220153,0.3717318815923641,18.0,at_risk,SP,Sudeste,5-20 mil,16750.0
3528106,98.53561448899745,2.146565329883172,11.0,on_track,SP,Sudeste,5-20 mil,7225.0
3528205,124.78519227392508,1.9604143985953102,16.0,on_track,SP,Sudeste,<5 mil,2794.0
3528304,131.64994505493996,2.407417582417236,13.0,on_track,SP,Sudeste,<5 mil,2560.0
3528403,58.52296280678013,-0.44686219111077174,21.0,will_not_meet,SP,Sudeste,20-50 mil,38302.0
3528502,32.93763687600662,-0.052532206119153095,19.0,will_not_meet,SP,Sudeste,50-100 mil,90579.0
3528601,51.344230769235764,-1.574999999999685,13.0,will_not_meet,SP,Sudeste,5-20 mil,8626.0
3528700,146.0102352941176,3.2924705882353034,16.0,on_track,SP,Sudeste,<5 mil,2688.0
3528809,124.16152487961244,2.003772070625835,17.0,on_track,SP,Sudeste,5-20 mil,12753.0
3528858,126.08103971318178,2.1555515719801295,13.0,on_track,SP,Sudeste,<5 mil,2587.0
3528908,141.1801316944693,3.0738454784899583,16.0,on_track,SP,Sudeste,<5 mil,3283.0
3529005,91.99214635383657,0.27854128091313035,26.0,on_track,SP,Sudeste,100-500 mil,231381.0
3529104,124.86664091308239,2.012714661984245,16.0,on_track,SP,Sudeste,<5 mil,1662.0
3529203,80.8326470588222,-0.1332352941177223,16.0,at_risk,SP,Sudeste,20-50 mil,22501.0
3529302,115.9547877045552,1.129080053073846,18.0,on_track,SP,Sudeste,50-100 mil,82526.0
3529401,114.21841162227565,1.635518159806301,21.0,on_track,SP,Sudeste,100-500 mil,481725.0
3529500,30.021397379909104,-4.28318777292591,7.0,will_not_meet,SP,Sudeste,<5 mil,4609.0
3529609,137.88112203687524,2.910363476734051,16.0,on_track,SP,Sudeste,<5 mil,2645.0
3529658,125.980165057068,2.3144196663740715,16.0,on_track,SP,Sudeste,<5 mil,1481.0
3529708,116.72855475040205,1.4634871175522588,19.0,on_track,SP,Sudeste,20-50 mil,21176.0
3529807,84.69500000000068,0.1959090909091317,12.0,at_risk,SP,Sudeste,5-20 mil,12441.0
3529906,134.4440649692724,3.7946971027217753,16.0,on_track,SP,Sudeste,5-20 mil,10030.0
3530003,125.15073924495164,1.9679859525900403,16.0,on_track,SP,Sudeste,<5 mil,2084.0
3530102,68.75887760038826,-0.05325108853403189,12.0,will_not_meet,SP,Sudeste,20-50 mil,26556.0
3530201,149.72496240601504,4.286015037594048,18.0,on_track,SP,Sudeste,5-20 mil,10843.0
3530300,118.42647058823468,1.2094117647058975,17.0,on_track,SP,Sudeste,50-100 mil,59233.0
3530409,148.35214285714756,4.988928571428775,7.0,on_track,SP,Sudeste,<5 mil,4038.0
3530508,103.4464348370932,0.9629260651629477,18.0,on_track,SP,Sudeste,50-100 mil,63715.0
3530607,60.32413135313436,-1.0856792079208653,24.0,will_not_meet,SP,Sudeste,100-500 mil,419794.0
3530706,86.44742747673695,0.3112506841816848,28.0,at_risk,SP,Sudeste,100-500 mil,146340.0
3530805,105.85095548379672,0.7716647445508054,25.0,on_track,SP,Sudeste,50-100 mil,88050.0
3530904,102.70635820895541,1.3520597014925704,16.0,on_track,SP,Sudeste,<5 mil,2896.0
3531001,126.65941527655832,2.1357260755048824,16.0,on_track,SP,Sudeste,<5 mil,1958.0
3531100,150.0,4.869162579255648,16.0,on_track,SP,Sudeste,50-100 mil,58311.0
3531209,0.0,-4.568938437253363,13.0,will_not_meet,SP,Sudeste,<5 mil,4680.0
3531308,101.99005012531245,0.4153132832079843,18.0,on_track,SP,Sudeste,20-50 mil,48742.0
3531407,111.70712962962898,1.4463518518517817,19.0,on_track,SP,Sudeste,20-50 mil,23359.0
3531506,143.09217948717924,4.17447552447548,12.0,on_track,SP,Sudeste,5-20 mil,17710.0
3531605,124.31698778832924,2.565033921302488,12.0,on_track,SP,Sudeste,<5 mil,3311.0
3531704,107.26068438003085,1.9748389694040862,19.0,on_track,SP,Sudeste,<5 mil,2045.0
3531803,110.57097826086738,2.904152173912902,19.0,on_track,SP,Sudeste,50-100 mil,57962.0
3531902,32.56330383481236,-2.98050884955712,15.0,will_not_meet,SP,Sudeste,20-50 mil,32203.0
3532009,130.23143810360034,2.441592625109807,16.0,on_track,SP,Sudeste,5-20 mil,11902.0
3532058,46.77000000000044,-1.583999999999899,14.0,will_not_meet,SP,Sudeste,<5 mil,3500.0
3532108,70.15743589743522,0.3508041958041452,12.0,will_not_meet,SP,Sudeste,<5 mil,2781.0
3532157,109.33206117021246,1.2929920212764663,10.0,on_track,SP,Sudeste,<5 mil,2855.0
3532207,127.63976294995518,2.129078138718228,16.0,on_track,SP,Sudeste,<5 mil,3584.0
3532306,59.91712121211867,-1.32519607843149,11.0,will_not_meet,SP,Sudeste,<5 mil,2765.0
3532405,14.704942932396989,-0.6396663740123019,16.0,will_not_meet,SP,Sudeste,5-20 mil,15989.0
3532504,150.0,11.826000000003791,5.0,on_track,SP,Sudeste,5-20 mil,8047.0
3532603,116.11700642054484,1.5404895666130312,17.0,on_track,SP,Sudeste,5-20 mil,9377.0
3532702,121.45855311676951,1.916151009657644,16.0,on_track,SP,Sudeste,<5 mil,4780.0
3532801,0.6638095238122332,-5.80428571428534,6.0,will_not_meet,SP,Sudeste,5-20 mil,5933.0
3532827,117.27493766461885,1.6649798068481487,16.0,on_track,SP,Sudeste,5-20 mil,6741.0
3532843,145.79391044776185,3.840985074626936,16.0,on_track,SP,Sudeste,<5 mil,759.0
3532868,,,2.0,,SP,Sudeste,<5 mil,746.0
3532900,77.9858503401365,-0.402278911564595,11.0,will_not_meet,SP,Sudeste,5-20 mil,10683.0
3533007,126.23187884108938,2.2028621597893463,16.0,on_track,SP,Sudeste,20-50 mil,20269.0
3533106,120.48865539452436,1.710375201288168,19.0,on_track,SP,Sudeste,<5 mil,2025.0
3533205,93.5419008264463,0.24471074380164282,10.0,on_track,SP,Sudeste,<5 mil,3297.0
3533254,103.01175824175789,0.8380219780219645,13.0,on_track,SP,Sudeste,5-20 mil,5515.0
3533304,115.69054173354607,1.548182182985422,17.0,on_track,SP,Sudeste,<5 mil,3783.0
3533403,97.27847024644404,0.3291695051092046,22.0,on_track,SP,Sudeste,50-100 mil,60710.0
3533502,105.20616344605423,1.0122262479870703,19.0,on_track,SP,Sudeste,20-50 mil,38860.0
3533601,86.7802683504334,-0.2786779794791121,13.0,at_risk,SP,Sudeste,5-20 mil,6825.0
3533700,54.905879120887676,-1.793681318680824,13.0,will_not_meet,SP,Sudeste,<5 mil,3429.0
3533809,121.76573671497408,2.3646207729467483,19.0,on_track,SP,Sudeste,<5 mil,1614.0
3533908,80.00299826689798,-0.3844302426342881,15.0,at_risk,SP,Sudeste,50-100 mil,52394.0
3534005,106.13494995610199,1.194138718173868,16.0,on_track,SP,Sudeste,<5 mil,3496.0
3534104,117.86291867954833,1.535754428341313,19.0,on_track,SP,Sudeste,5-20 mil,6136.0
3534203,99.17628621597896,0.8355575065847453,16.0,on_track,SP,Sudeste,5-20 mil,6735.0
3534302,71.73198529411638,-1.4999264705882902,16.0,will_not_meet,SP,Sudeste,20-50 mil,43531.0
3534401,82.22711178045574,1.4103915662651036,18.0,at_risk,SP,Sudeste,500 mil+,701428.0
3534500,119.92087761674702,1.68726409017705,19.0,on_track,SP,Sudeste,<5 mil,2154.0
3534609,125.10611764705936,1.994235294117699,16.0,on_track,SP,Sudeste,20-50 mil,29760.0
3534708,60.864034188033656,-1.0382735042734905,26.0,will_not_meet,SP,Sudeste,100-500 mil,112165.0
3534757,130.08810995184558,2.3390088282502193,17.0,on_track,SP,Sudeste,5-20 mil,9617.0
3534807,57.8916621129315,-1.2570901639344798,18.0,will_not_meet,SP,Sudeste,5-20 mil,7982.0
3534906,43.89548728813497,-1.6081991525423174,11.0,will_not_meet,SP,Sudeste,5-20 mil,10555.0
3535002,118.3390109890106,1.8640659340658663,14.0,on_track,SP,Sudeste,5-20 mil,11045.0
3535101,114.79223832528169,1.3355909822865706,19.0,on_track,SP,Sudeste,5-20 mil,13297.0
3535200,125.32781166399036,2.0956393793470687,17.0,on_track,SP,Sudeste,5-20 mil,6956.0
3535309,58.879526315788326,-0.7853157894737192,20.0,will_not_meet,SP,Sudeste,20-50 mil,20469.0
3535408,27.413350207085387,-2.431607608529029,16.0,will_not_meet,SP,Sudeste,5-20 mil,15407.0
3535507,124.2020105355582,1.9167076382792414,16.0,on_track,SP,Sudeste,20-50 mil,41850.0
3535606,9.428272685389857,-3.4998065407651744,12.0,will_not_meet,SP,Sudeste,5-20 mil,5518.0
3535705,130.77333333333172,2.615714285714159,6.0,on_track,SP,Sudeste,5-20 mil,5749.0
3535804,93.32976650563569,0.882819645732643,19.0,on_track,SP,Sudeste,5-20 mil,16737.0
3535903,126.9337050043905,2.1021861281826677,16.0,on_track,SP,Sudeste,<5 mil,3658.0
3536000,121.01785714285779,1.754523809523888,18.0,on_track,SP,Sudeste,5-20 mil,8970.0
3536109,114.95716417910626,2.0811940298507996,16.0,on_track,SP,Sudeste,5-20 mil,5173.0
3536208,123.09897629499574,2.4629078138718827,16.0,on_track,SP,Sudeste,5-20 mil,13588.0
3536257,75.93318681318647,-0.278021978021982,14.0,will_not_meet,SP,Sudeste,<5 mil,1760.0
3536307,105.6872205022346,1.078689370484983,18.0,on_track,SP,Sudeste,5-20 mil,12067.0
3536406,15.813837443116881,-1.4408022012910184,14.0,will_not_meet,SP,Sudeste,5-20 mil,6268.0
3536505,98.43687198067573,1.3391183574878605,19.0,on_track,SP,Sudeste,100-500 mil,114402.0
3536570,120.19332125603842,1.8733067632849585,19.0,on_track,SP,Sudeste,<5 mil,1250.0
3536604,99.9260714285715,0.8660714285714679,18.0,on_track,SP,Sudeste,5-20 mil,8096.0
3536703,121.83226163301197,1.95523968393333,16.0,on_track,SP,Sudeste,20-50 mil,44196.0
3536802,60.75789727126846,-0.21783306581056255,17.0,will_not_meet,SP,Sudeste,<5 mil,1526.0
3536901,127.27840035118697,2.4208902546093714,16.0,on_track,SP,Sudeste,<5 mil,1535.0
3537008,111.11262172284523,1.41490636704108,17.0,on_track,SP,Sudeste,5-20 mil,12451.0
3537107,62.64219913419879,-0.9852467532467676,21.0,will_not_meet,SP,Sudeste,20-50 mil,48581.0
3537156,123.96411589113268,1.8997840210711638,16.0,on_track,SP,Sudeste,<5 mil,2623.0
3537206,90.5896821773481,2.0003195785777512,16.0,on_track,SP,Sudeste,5-20 mil,7931.0
3537305,79.0116691729323,-0.058601503759396996,20.0,will_not_meet,SP,Sudeste,50-100 mil,61219.0
3537404,136.73454411764578,3.552779411764657,16.0,on_track,SP,Sudeste,20-50 mil,23908.0
3537503,100.99018090452265,0.08681909547739182,11.0,on_track,SP,Sudeste,5-20 mil,5927.0
3537602,150.0,4.759693743270505,16.0,on_track,SP,Sudeste,50-100 mil,68918.0
3537701,116.88888888888869,1.543555555555486,19.0,on_track,SP,Sudeste,5-20 mil,5374.0
3537800,85.59815543071136,1.5912265917601633,17.0,at_risk,SP,Sudeste,20-50 mil,25395.0
3537909,81.0590449438198,0.7734269662920628,17.0,at_risk,SP,Sudeste,20-50 mil,23267.0
3538006,109.80541062801922,1.4099033816424584,19.0,on_track,SP,Sudeste,100-500 mil,165703.0
3538105,91.8936904761905,0.48246428571428707,15.0,on_track,SP,Sudeste,5-20 mil,16449.0
3538204,67.85131621187793,0.335361155698209,17.0,will_not_meet,SP,Sudeste,5-20 mil,7666.0
3538303,139.99796136962232,3.0580719929763633,16.0,on_track,SP,Sudeste,<5 mil,2797.0
3538501,107.28631868131697,1.8577472527471486,13.0,on_track,SP,Sudeste,5-20 mil,12639.0
3538600,59.119342105263144,0.11109649122807505,18.0,will_not_meet,SP,Sudeste,20-50 mil,27617.0
3538709,110.75519332519525,0.9527472527472891,27.0,on_track,SP,Sudeste,100-500 mil,401466.0
3538808,116.25477455716509,1.5251706924314852,19.0,on_track,SP,Sudeste,20-50 mil,26912.0
3538907,89.81630136986143,0.23435616438348314,13.0,at_risk,SP,Sudeste,20-50 mil,21137.0
3539004,144.72450549451605,4.086373626374214,13.0,on_track,SP,Sudeste,5-20 mil,10336.0
3539103,64.65696027633885,1.1519890616004502,17.0,will_not_meet,SP,Sudeste,5-20 mil,19453.0
3539202,123.40164705882398,2.097294117647108,16.0,on_track,SP,Sudeste,20-50 mil,26578.0
3539301,86.34832862789375,0.24894974590625962,22.0,at_risk,SP,Sudeste,50-100 mil,70858.0
3539400,104.03342592592571,1.1708703703703023,19.0,on_track,SP,Sudeste,5-20 mil,11911.0
3539509,109.38791176470522,1.265191176470577,16.0,on_track,SP,Sudeste,20-50 mil,38874.0
3539608,123.28038279192333,1.9623775241440342,16.0,on_track,SP,Sudeste,<5 mil,4531.0
3539707,124.41957682177417,1.9132431957858256,16.0,on_track,SP,Sudeste,<5 mil,2839.0
3539806,95.60654384495751,0.5667579854049409,16.0,on_track,SP,Sudeste,100-500 mil,117337.0
3539905,122.63898331870132,1.8367129060579934,16.0,on_track,SP,Sudeste,5-20 mil,5488.0
3540002,88.42222222222085,0.48218771566585933,10.0,at_risk,SP,Sudeste,20-50 mil,20772.0
3540101,117.43826892109428,1.501524959742279,19.0,on_track,SP,Sudeste,<5 mil,2844.0
3540200,106.630236953456,1.1998110014105363,14.0,on_track,SP,Sudeste,50-100 mil,50751.0
3540259,124.84788235294172,1.9577647058824037,16.0,on_track,SP,Sudeste,<5 mil,3916.0
3540309,117.64330114135237,1.6583933274802907,16.0,on_track,SP,Sudeste,<5 mil,2172.0
3540408,125.92458266452604,2.0581781701443003,17.0,on_track,SP,Sudeste,<5 mil,3342.0
3540507,41.81400702370506,-0.04419490781386998,16.0,will_not_meet,SP,Sudeste,<5 mil,4927.0
3540606,106.66318695723407,0.9269932819924191,16.0,on_track,SP,Sudeste,20-50 mil,45135.0
3540705,56.344313725493066,-1.566274509803832,17.0,will_not_meet,SP,Sudeste,50-100 mil,55828.0
3540754,92.20500000000402,0.845000000000361,5.0,on_track,SP,Sudeste,5-20 mil,19415.0
3540804,137.59092857142696,2.9316071428571355,15.0,on_track,SP,Sudeste,5-20 mil,15878.0
3540853,130.0293819139588,2.305151887620774,16.0,on_track,SP,Sudeste,<5 mil,2073.0
3540903,98.15545454545442,0.011363636363626847,11.0,on_track,SP,Sudeste,20-50 mil,20605.0
3541000,98.65766479243848,2.1321258523745903,16.0,on_track,SP,Sudeste,100-500 mil,336454.0
3541059,120.33680070237097,1.791780509218663,16.0,on_track,SP,Sudeste,<5 mil,4070.0
3541109,120.0864009661841,1.6980821256037866,19.0,on_track,SP,Sudeste,<5 mil,3384.0
3541208,114.14130465320522,1.7692958735733528,16.0,on_track,SP,Sudeste,5-20 mil,10015.0
3541307,120.40184210526377,2.0119298245614896,18.0,on_track,SP,Sudeste,20-50 mil,41581.0
3541406,117.17087761674702,1.4932640901770606,19.0,on_track,SP,Sudeste,100-500 mil,227221.0
3541505,59.138323529412446,-0.7746176470587957,16.0,will_not_meet,SP,Sudeste,20-50 mil,37935.0
3541604,92.621287051482,-0.19852184087363492,17.0,on_track,SP,Sudeste,20-50 mil,34737.0
3541653,67.14868656716442,0.4484477611940514,16.0,will_not_meet,SP,Sudeste,<5 mil,998.0
3541703,122.24451979668129,1.8027594970570953,17.0,on_track,SP,Sudeste,5-20 mil,13428.0
3541802,124.64497453906961,1.9424565408253376,16.0,on_track,SP,Sudeste,<5 mil,2984.0
3541901,80.23354669887294,1.1351360708534117,19.0,at_risk,SP,Sudeste,5-20 mil,11308.0
3542008,126.01897805092267,2.1613590869184014,16.0,on_track,SP,Sudeste,5-20 mil,6164.0
3542107,89.49280701754435,0.5026666666667045,19.0,at_risk,SP,Sudeste,5-20 mil,8044.0
3542206,105.63888789771113,0.8728010704728134,18.0,on_track,SP,Sudeste,20-50 mil,26670.0
3542305,138.9030412642669,3.7376049165935967,16.0,on_track,SP,Sudeste,<5 mil,2187.0
3542404,125.88715364354721,2.0404863915716063,16.0,on_track,SP,Sudeste,5-20 mil,18919.0
3542503,105.0497802197774,1.1673626373624937,13.0,on_track,SP,Sudeste,5-20 mil,5985.0
3542602,119.18956924315535,2.209719001610214,19.0,on_track,SP,Sudeste,50-100 mil,50124.0
3542701,119.8249007901668,1.91750307287099,16.0,on_track,SP,Sudeste,5-20 mil,6103.0
3542800,57.73869359086939,1.262252853380197,16.0,will_not_meet,SP,Sudeste,<5 mil,1222.0
3542909,119.71162657502873,1.4771706758304328,11.0,on_track,SP,Sudeste,5-20 mil,12367.0
3543006,115.95721685689205,2.7447322212467675,16.0,on_track,SP,Sudeste,5-20 mil,8131.0
3543105,123.40014047409977,1.946101843722613,16.0,on_track,SP,Sudeste,<5 mil,3805.0
3543204,114.29079710144879,1.4797536231883288,19.0,on_track,SP,Sudeste,<5 mil,3362.0
3543238,126.70118173836727,2.1077067603161237,16.0,on_track,SP,Sudeste,<5 mil,1880.0
3543253,64.94185425812157,1.0745443371378705,16.0,will_not_meet,SP,Sudeste,<5 mil,2427.0
3543303,73.793299437732,0.6516377557123928,16.0,will_not_meet,SP,Sudeste,100-500 mil,125238.0
3543402,108.63616147859875,1.065876945525272,26.0,on_track,SP,Sudeste,500 mil+,718072.0
3543501,139.17395961369675,3.0676207199298426,16.0,on_track,SP,Sudeste,<5 mil,3910.0
3543600,125.30913959613736,2.23887620719936,16.0,on_track,SP,Sudeste,<5 mil,3196.0
3543709,106.11812417437227,0.9131519154557535,14.0,on_track,SP,Sudeste,5-20 mil,8793.0
3543808,64.76257142857276,0.739714285714432,6.0,will_not_meet,SP,Sudeste,5-20 mil,8659.0
3543907,104.55431452991547,0.8449299145298955,26.0,on_track,SP,Sudeste,100-500 mil,204448.0
3544004,97.84583333333403,0.1075000000000322,15.0,on_track,SP,Sudeste,20-50 mil,35080.0
3544103,122.16916975714685,2.603409498743826,16.0,on_track,SP,Sudeste,50-100 mil,52009.0
3544202,106.4046115288229,1.1171553884712266,18.0,on_track,SP,Sudeste,5-20 mil,10171.0
3544251,121.13152882205623,1.7187218045113517,18.0,on_track,SP,Sudeste,5-20 mil,12828.0
3544301,106.41150966183523,1.125321256038589,19.0,on_track,SP,Sudeste,5-20 mil,10340.0
3544400,149.90989533011088,3.6504363929145036,19.0,on_track,SP,Sudeste,<5 mil,1830.0
3544509,110.34598595259013,2.2903898156278117,16.0,on_track,SP,Sudeste,<5 mil,2626.0
3544608,102.81075736325533,0.636676016830408,11.0,on_track,SP,Sudeste,<5 mil,4944.0
3544707,128.75407726075537,2.2938560140474737,16.0,on_track,SP,Sudeste,<5 mil,1843.0
3544806,43.651989431967195,-2.5967556142670634,14.0,will_not_meet,SP,Sudeste,5-20 mil,5834.0
3544905,109.32179699248127,1.3786992481203044,11.0,on_track,SP,Sudeste,5-20 mil,10959.0
3545001,72.468542673108,0.3134605475040259,19.0,will_not_meet,SP,Sudeste,5-20 mil,11054.0
3545100,144.92307989464462,3.2735329236172666,16.0,on_track,SP,Sudeste,<5 mil,4818.0
3545159,121.62151925518447,1.5673804485822787,12.0,on_track,SP,Sudeste,5-20 mil,7092.0
3545209,97.92088321253266,0.263221592237562,25.0,on_track,SP,Sudeste,100-500 mil,119930.0
3545308,74.82376409017684,0.8316143317229878,19.0,will_not_meet,SP,Sudeste,20-50 mil,36287.0
3545407,93.6263736263736,2.2372527472527555,13.0,on_track,SP,Sudeste,5-20 mil,8483.0
3545506,150.0,3.8388410886742657,16.0,on_track,SP,Sudeste,<5 mil,3074.0
3545605,84.4699523809521,0.1640714285714126,15.0,at_risk,SP,Sudeste,5-20 mil,14796.0
3545704,121.39203007518927,1.7885213032582241,18.0,on_track,SP,Sudeste,5-20 mil,5158.0
3545803,106.98163170703447,0.6135826862903866,25.0,on_track,SP,Sudeste,100-500 mil,193745.0
3546009,115.77420382165747,1.5994267515924208,11.0,on_track,SP,Sudeste,5-20 mil,13165.0
3546108,126.40933801580331,2.073870061457471,16.0,on_track,SP,Sudeste,<5 mil,1591.0
3546207,103.3595604395623,1.4385054945055147,14.0,on_track,SP,Sudeste,<5 mil,3102.0
3546256,115.61124799357822,1.5920345104332545,17.0,on_track,SP,Sudeste,<5 mil,1467.0
3546306,115.72434468524239,0.90065015479877,18.0,on_track,SP,Sudeste,20-50 mil,34009.0
3546405,111.76091483757682,1.4431132572432324,16.0,on_track,SP,Sudeste,20-50 mil,44072.0
3546504,123.15786654960448,1.9017032484636127,16.0,on_track,SP,Sudeste,5-20 mil,5153.0
3546603,109.98593739249918,1.5076264189886246,18.0,on_track,SP,Sudeste,20-50 mil,31505.0
3546702,7.70871428571445,-4.799071428571428,15.0,will_not_meet,SP,Sudeste,20-50 mil,27554.0
3546801,72.574912280702,0.12157894736842924,18.0,will_not_meet,SP,Sudeste,20-50 mil,45928.0
3546900,76.57164835164485,-1.591824175824308,14.0,will_not_meet,SP,Sudeste,5-20 mil,8357.0
3547007,50.84192975532751,0.06744672454617137,13.0,will_not_meet,SP,Sudeste,5-20 mil,5552.0
3547106,122.4744484702087,2.382453301127106,19.0,on_track,SP,Sudeste,<5 mil,2559.0
3547205,127.40530816505816,2.1281984196664276,16.0,on_track,SP,Sudeste,<5 mil,968.0
3547304,38.06307095773468,0.24537999224500065,18.0,will_not_meet,SP,Sudeste,100-500 mil,145073.0
3547403,80.03978021978105,-0.8070329670329087,14.0,at_risk,SP,Sudeste,<5 mil,1726.0
3547502,90.1756514913651,0.24124018838299874,15.0,on_track,SP,Sudeste,20-50 mil,24742.0
3547601,112.34722222222126,1.3118888888888254,19.0,on_track,SP,Sudeste,20-50 mil,25700.0
3547650,128.6763248463576,2.231485513608484,16.0,on_track,SP,Sudeste,<5 mil,882.0
3547700,115.73831368917354,1.4188091429533214,21.0,on_track,SP,Sudeste,5-20 mil,19434.0
3547809,66.48040293039821,-1.308455433455552,27.0,will_not_meet,SP,Sudeste,500 mil+,723889.0
3547908,85.17664835165047,-0.015219780219653022,13.0,at_risk,SP,Sudeste,5-20 mil,5202.0
3548005,150.0,5.291796936370581,18.0,on_track,SP,Sudeste,20-50 mil,21654.0
3548054,93.6034347826087,0.37253260869565397,14.0,on_track,SP,Sudeste,5-20 mil,6687.0
3548104,123.24873924495205,2.0719859525900475,16.0,on_track,SP,Sudeste,<5 mil,3522.0
3548203,61.38024582967512,0.5231782265144962,16.0,will_not_meet,SP,Sudeste,<5 mil,4067.0
3548302,134.9865882352933,3.3491764705883122,16.0,on_track,SP,Sudeste,<5 mil,2793.0
3548401,127.67867552334883,2.1197528180352996,19.0,on_track,SP,Sudeste,<5 mil,4693.0
3548500,111.1541883019986,1.1612279916442592,17.0,on_track,SP,Sudeste,100-500 mil,433666.0
3548609,87.90187181738429,1.3490570676031877,16.0,at_risk,SP,Sudeste,5-20 mil,5251.0
3548708,66.94062373876352,-0.36317006053934864,18.0,will_not_meet,SP,Sudeste,500 mil+,835657.0
3548807,84.32813768115881,0.004991304347798095,24.0,at_risk,SP,Sudeste,100-500 mil,162763.0
3548906,83.51960864805591,-0.18752326217848,28.0,at_risk,SP,Sudeste,100-500 mil,246626.0
3549003,124.9499350307292,1.967302897278365,16.0,on_track,SP,Sudeste,<5 mil,2183.0
3549102,117.41771202809468,1.7279912203687895,16.0,on_track,SP,Sudeste,50-100 mil,88632.0
3549201,126.29727528089643,2.215365168539124,17.0,on_track,SP,Sudeste,<5 mil,1953.0
3549250,83.89281334535679,0.2577547339946085,11.0,at_risk,SP,Sudeste,<5 mil,1584.0
3549300,110.32466400000021,0.7932880000000142,12.0,on_track,SP,Sudeste,<5 mil,1699.0
3549409,79.67501470588286,0.6894264705882722,16.0,will_not_meet,SP,Sudeste,50-100 mil,51791.0
3549508,97.89425953627483,0.797243829468939,13.0,on_track,SP,Sudeste,5-20 mil,8006.0
3549607,102.01578578578665,0.6717817817818499,8.0,on_track,SP,Sudeste,<5 mil,2914.0
3549706,105.69869047619113,1.2899642857143128,15.0,on_track,SP,Sudeste,20-50 mil,48968.0
3549805,101.425348249026,0.32155690661473435,26.0,on_track,SP,Sudeste,100-500 mil,440709.0
3549904,110.29633331458535,1.1998970695764728,20.0,on_track,SP,Sudeste,500 mil+,722310.0
3549953,77.54314412238455,1.403583735909793,19.0,will_not_meet,SP,Sudeste,5-20 mil,14680.0
3550001,108.68729871175447,1.7207238325281198,19.0,on_track,SP,Sudeste,5-20 mil,6356.0
3550100,109.4284259259257,1.2638703703703067,19.0,on_track,SP,Sudeste,20-50 mil,40287.0
3550209,100.13795785777074,1.5111694468832744,16.0,on_track,SP,Sudeste,20-50 mil,22610.0
3550308,79.19479036108635,0.33755520740077133,17.0,will_not_meet,SP,Sudeste,500 mil+,12284940.0
3550407,131.8892857142855,2.7710714285714704,15.0,on_track,SP,Sudeste,20-50 mil,30503.0
3550506,70.73760063141299,-0.9888792423046391,13.0,will_not_meet,SP,Sudeste,5-20 mil,5526.0
3550605,81.02348228663436,0.8423276972624493,19.0,at_risk,SP,Sudeste,50-100 mil,84417.0
3550704,105.61132205513877,2.269304511278279,18.0,on_track,SP,Sudeste,50-100 mil,90605.0
3550803,140.01620879119946,3.2864285714279444,13.0,on_track,SP,Sudeste,5-20 mil,7996.0
3550902,29.737999999999374,0.5184545454545006,11.0,will_not_meet,SP,Sudeste,5-20 mil,13919.0
3551009,91.51926546237564,1.4499617179088,16.0,on_track,SP,Sudeste,100-500 mil,370138.0
3551108,83.97010359964952,1.768625109745437,16.0,at_risk,SP,Sudeste,5-20 mil,7725.0
3551207,108.95194041867944,1.4636022544282896,19.0,on_track,SP,Sudeste,<5 mil,2958.0
3551306,123.98460052677729,1.8923353819140092,16.0,on_track,SP,Sudeste,<5 mil,2784.0
3551405,87.0935064412239,0.3503808373590861,19.0,at_risk,SP,Sudeste,5-20 mil,10892.0
3551504,116.68495588235282,1.484220588235303,16.0,on_track,SP,Sudeste,20-50 mil,45677.0
3551603,102.72818086040434,1.7444811237928441,16.0,on_track,SP,Sudeste,20-50 mil,25740.0
3551702,73.72549019607948,-0.39215686274506073,17.0,will_not_meet,SP,Sudeste,100-500 mil,126913.0
3551801,93.63299736611089,1.5963230904302415,16.0,on_track,SP,Sudeste,5-20 mil,7039.0
3551900,125.05732793522202,2.4066396761133166,12.0,on_track,SP,Sudeste,5-20 mil,16984.0
3552007,115.35527822364838,2.036214553236849,17.0,on_track,SP,Sudeste,<5 mil,3169.0
3552106,71.77714170692428,0.05837842190015824,19.0,will_not_meet,SP,Sudeste,20-50 mil,28346.0
3552205,94.98212172442913,0.4207354184276894,27.0,on_track,SP,Sudeste,500 mil+,688252.0
3552304,130.63571658615183,2.3472431561995886,19.0,on_track,SP,Sudeste,5-20 mil,6649.0
3552403,86.37349903973967,0.21840559905450477,23.0,at_risk,SP,Sudeste,100-500 mil,286462.0
3552502,77.62212944132044,0.07828687642060474,16.0,will_not_meet,SP,Sudeste,100-500 mil,292717.0
3552551,15.395104039167563,-2.78752141982862,11.0,will_not_meet,SP,Sudeste,<5 mil,2712.0
3552601,99.75759523809552,0.7136071428571502,15.0,on_track,SP,Sudeste,5-20 mil,11628.0
3552700,85.65759090908932,0.8098636363635731,9.0,at_risk,SP,Sudeste,5-20 mil,14377.0
3552809,80.86197033137933,0.7672688120588229,16.0,at_risk,SP,Sudeste,100-500 mil,297528.0
3552908,112.09653917543255,1.2100731199730055,20.0,on_track,SP,Sudeste,5-20 mil,5410.0
3553005,109.41109098228662,1.237066827697196,19.0,on_track,SP,Sudeste,5-20 mil,10327.0
3553104,88.42399999999873,0.005363636363555089,11.0,at_risk,SP,Sudeste,5-20 mil,5748.0
3553203,105.41332436793891,0.7006024744485885,12.0,on_track,SP,Sudeste,5-20 mil,5072.0
3553302,112.76440476190419,1.1323928571428805,15.0,on_track,SP,Sudeste,20-50 mil,20663.0
3553401,96.591602941176,0.5537352941176344,16.0,on_track,SP,Sudeste,20-50 mil,23701.0
3553500,122.55673748902609,2.237534679543514,16.0,on_track,SP,Sudeste,5-20 mil,5523.0
3553609,24.442142857154067,-3.2289285714276836,7.0,will_not_meet,SP,Sudeste,5-20 mil,10671.0
3553658,98.8578571428572,-0.02749999999999339,7.0,on_track,SP,Sudeste,<5 mil,2698.0
3553708,81.51254901960806,-0.5715686274510068,17.0,at_risk,SP,Sudeste,50-100 mil,54541.0
3553807,124.1055697980687,1.9374381035997013,16.0,on_track,SP,Sudeste,20-50 mil,20458.0
3553856,77.90771905179963,1.331796312554905,16.0,will_not_meet,SP,Sudeste,<5 mil,3257.0
3553906,120.303364661655,1.677487468671753,18.0,on_track,SP,Sudeste,5-20 mil,7035.0
3553955,117.6110678466066,1.5692949852506994,16.0,on_track,SP,Sudeste,5-20 mil,14456.0
3554003,99.01150563607075,0.948645732689164,19.0,on_track,SP,Sudeste,100-500 mil,118270.0
3554102,120.04213768116006,1.8967028985506393,19.0,on_track,SP,Sudeste,100-500 mil,313898.0
3554201,106.2727450980392,1.2319117647058495,6.0,on_track,SP,Sudeste,<5 mil,2888.0
3554300,122.4050877192999,1.99096491228078,18.0,on_track,SP,Sudeste,5-20 mil,18996.0
3554409,118.88743634767388,1.5011413520632515,16.0,on_track,SP,Sudeste,5-20 mil,9057.0
3554508,99.42789349112536,0.9097988165681218,14.0,on_track,SP,Sudeste,20-50 mil,39045.0
3554607,118.47150966183426,1.617321256038564,19.0,on_track,SP,Sudeste,<5 mil,1925.0
3554656,96.60859174714551,2.182079016681361,16.0,on_track,SP,Sudeste,<5 mil,1585.0
3554706,138.84907225964616,3.4772596448254482,13.0,on_track,SP,Sudeste,5-20 mil,8594.0
3554755,57.04220701454233,-1.545132591958954,11.0,will_not_meet,SP,Sudeste,<5 mil,1609.0
3554805,103.29551887620755,1.722351185250265,16.0,on_track,SP,Sudeste,20-50 mil,43465.0
3554904,128.0495545746362,2.414161316211669,17.0,on_track,SP,Sudeste,<5 mil,4961.0
3554953,121.25142647059147,4.324838235293942,9.0,on_track,SP,Sudeste,<5 mil,3534.0
3555000,114.4770370370361,1.384814814814747,19.0,on_track,SP,Sudeste,50-100 mil,62983.0
3555109,108.34632467532492,0.877103896103903,21.0,on_track,SP,Sudeste,5-20 mil,12306.0
3555208,125.34043546970997,1.9959157155400002,16.0,on_track,SP,Sudeste,<5 mil,1657.0
3555307,127.7988428446015,2.1706110623354373,16.0,on_track,SP,Sudeste,<5 mil,1186.0
3555356,69.99999999999997,-1.3539373568682287e-15,7.0,will_not_meet,SP,Sudeste,5-20 mil,5943.0
3555406,57.33399297629512,1.2981949078138957,16.0,will_not_meet,SP,Sudeste,50-100 mil,90588.0
3555505,110.35566022544299,1.4077858293074994,19.0,on_track,SP,Sudeste,<5 mil,3521.0
3555604,109.07000000000062,1.0073333333332992,10.0,on_track,SP,Sudeste,5-20 mil,9470.0
3555703,124.01355575065872,1.9138279192274446,16.0,on_track,SP,Sudeste,<5 mil,1444.0
3555802,121.57037319422034,1.7440810593899005,17.0,on_track,SP,Sudeste,5-20 mil,7679.0
3555901,126.48528884986808,2.095234416154575,16.0,on_track,SP,Sudeste,<5 mil,987.0
3556008,120.66684974093187,1.5920310880829274,14.0,on_track,SP,Sudeste,5-20 mil,12427.0
3556107,123.4141387181744,1.8596505706760786,16.0,on_track,SP,Sudeste,5-20 mil,12534.0
3556206,97.24957264957283,0.28418803418803357,26.0,on_track,SP,Sudeste,100-500 mil,126726.0
3556305,100.33209523809546,1.3488571428571476,15.0,on_track,SP,Sudeste,20-50 mil,25823.0
3556354,60.66430904302035,0.31942405618965153,16.0,will_not_meet,SP,Sudeste,5-20 mil,5446.0
3556404,96.06110294117582,0.401544117647044,17.0,on_track,SP,Sudeste,20-50 mil,41168.0
3556453,27.029917454240802,0.08022371097020176,16.0,will_not_meet,SP,Sudeste,50-100 mil,54315.0
3556503,118.1207004830917,1.7395410628018546,19.0,on_track,SP,Sudeste,100-500 mil,124269.0
3556602,77.70482758620716,-0.15982758620688825,4.0,will_not_meet,SP,Sudeste,5-20 mil,9393.0
3556701,105.7087363391197,1.2194176089321893,22.0,on_track,SP,Sudeste,50-100 mil,78954.0
3556800,105.69120879120919,1.0638241758241411,14.0,on_track,SP,Sudeste,5-20 mil,18573.0
3556909,88.65857142857112,-0.6557142857143018,7.0,at_risk,SP,Sudeste,5-20 mil,8452.0
3556958,121.84369271290598,1.8030272168569392,16.0,on_track,SP,Sudeste,<5 mil,1530.0
3557006,82.06893704850347,-0.36996904024770205,18.0,at_risk,SP,Sudeste,100-500 mil,119721.0
3557105,74.01987732041982,-0.3630371267150831,19.0,will_not_meet,SP,Sudeste,50-100 mil,93413.0
3557154,128.1710043898156,2.2241281826163863,16.0,on_track,SP,Sudeste,<5 mil,2189.0
3557204,120.41386558627119,2.0612964728310943,14.0,on_track,SP,Sudeste,5-20 mil,11419.0
3557303,107.86329670329042,1.5649450549446868,13.0,on_track,SP,Sudeste,5-20 mil,9178.0
4100103,19.275128205127658,0.22657342657339746,12.0,will_not_meet,PR,Sul,5-20 mil,5434.0
4100202,,,0.0,,PR,Sul,<5 mil,1873.0
4100301,47.52192307692212,0.8663286713286337,12.0,will_not_meet,PR,Sul,<5 mil,3265.0
4100400,89.82666666666773,3.125333333333418,19.0,at_risk,PR,Sul,100-500 mil,116347.0
4100459,78.78733333333093,3.8939999999997386,6.0,will_not_meet,PR,Sul,<5 mil,709.0
4100509,79.83491228070216,2.0590877192983172,19.0,will_not_meet,PR,Sul,5-20 mil,16401.0
4100608,73.02350877192976,0.5843859649122815,19.0,will_not_meet,PR,Sul,5-20 mil,12274.0
4100707,93.38235294117658,2.7119852941176217,16.0,on_track,PR,Sul,5-20 mil,8000.0
4100806,,,0.0,,PR,Sul,5-20 mil,8276.0
4100905,150.0,46.89500000000015,3.0,on_track,PR,Sul,5-20 mil,5095.0
4101002,112.78842105263175,2.930526315789545,19.0,on_track,PR,Sul,5-20 mil,14910.0
4101051,,,0.0,,PR,Sul,<5 mil,2035.0
4101101,60.204598930480984,0.4897326203208212,12.0,will_not_meet,PR,Sul,5-20 mil,18612.0
4101150,,,0.0,,PR,Sul,<5 mil,2310.0
4101200,,,0.0,,PR,Sul,5-20 mil,16087.0
4101309,,,0.0,,PR,Sul,<5 mil,694.0
4101408,121.79851127819529,3.333293233082617,20.0,on_track,PR,Sul,100-500 mil,129685.0
4101507,102.35649122807172,2.447614035087779,19.0,on_track,PR,Sul,100-500 mil,123752.0
4101606,121.61180451127984,3.6049172932329996,20.0,on_track,PR,Sul,20-50 mil,23989.0
4101655,,,0.0,,PR,Sul,<5 mil,1105.0
4101705,110.94505494505393,4.170329670329586,14.0,on_track,PR,Sul,5-20 mil,10951.0
4101804,98.2187645525637,2.954284100781886,19.0,on_track,PR,Sul,100-500 mil,137403.0
4101853,,,0.0,,PR,Sul,<5 mil,747.0
4101903,101.84271428571356,2.703571428571357,20.0,on_track,PR,Sul,5-20 mil,12289.0
4102000,42.81000000000029,0.3640000000000146,19.0,will_not_meet,PR,Sul,20-50 mil,29260.0
4102109,91.76438596491198,1.2158771929824652,19.0,on_track,PR,Sul,20-50 mil,24026.0
4102208,,,0.0,,PR,Sul,<5 mil,3311.0
4102307,16.423518796992255,-0.2415112781954906,20.0,will_not_meet,PR,Sul,5-20 mil,8048.0
4102406,92.55527691778434,0.24101135190917122,18.0,on_track,PR,Sul,20-50 mil,27394.0
4102505,61.98403508771935,1.6300701754386209,19.0,will_not_meet,PR,Sul,5-20 mil,8545.0
4102604,,,0.0,,PR,Sul,5-20 mil,7449.0
4102703,,,0.0,,PR,Sul,<5 mil,1888.0
4102752,,,0.0,,PR,Sul,<5 mil,898.0
4102802,41.07166165413537,-0.1427969924811957,20.0,will_not_meet,PR,Sul,5-20 mil,14498.0
4102901,112.14500000000953,7.471000000000466,4.0,on_track,PR,Sul,5-20 mil,10230.0
4103008,,,0.0,,PR,Sul,<5 mil,2307.0
4103024,,,0.0,,PR,Sul,<5 mil,840.0
4103040,,,0.0,,PR,Sul,<5 mil,1494.0
4103057,,,0.0,,PR,Sul,<5 mil,4660.0
4103107,115.03439560439438,5.134087912087707,14.0,on_track,PR,Sul,5-20 mil,6211.0
4103156,,,0.0,,PR,Sul,<5 mil,853.0
4103206,,,0.0,,PR,Sul,5-20 mil,5769.0
4103222,,,0.0,,PR,Sul,<5 mil,1557.0
4103305,,,0.0,,PR,Sul,<5 mil,4638.0
4103354,,,0.0,,PR,Sul,<5 mil,3180.0
4103370,,,0.0,,PR,Sul,<5 mil,1713.0
4103404,,,0.0,,PR,Sul,<5 mil,2421.0
4103453,96.85315789473725,1.2385263157895225,19.0,on_track,PR,Sul,5-20 mil,15819.0
4103479,,,0.0,,PR,Sul,<5 mil,3081.0
4103503,62.700000000007094,4.041000000000234,4.0,will_not_meet,PR,Sul,5-20 mil,6455.0
4103602,100.45052631578949,0.36842105263158553,19.0,on_track,PR,Sul,20-50 mil,23941.0
4103701,122.00025563909821,2.3646466165413007,20.0,on_track,PR,Sul,100-500 mil,103900.0
4103800,,,0.0,,PR,Sul,5-20 mil,6028.0
4103909,,,0.0,,PR,Sul,5-20 mil,11329.0
4103958,,,0.0,,PR,Sul,<5 mil,1305.0
4104006,112.6852706766922,1.9890375939849219,20.0,on_track,PR,Sul,20-50 mil,36333.0
4104055,,,0.0,,PR,Sul,<5 mil,2163.0
4104105,57.58100000000104,2.5450000000002704,5.0,will_not_meet,PR,Sul,<5 mil,4779.0
4104204,94.93491228070252,2.3600877192983187,19.0,on_track,PR,Sul,100-500 mil,113697.0
4104253,76.0776923076919,2.6150109890109388,14.0,will_not_meet,PR,Sul,20-50 mil,23723.0
4104303,113.98393233082788,1.9262406015037166,20.0,on_track,PR,Sul,50-100 mil,91122.0
4104402,64.76460902255644,0.5168345864661545,20.0,will_not_meet,PR,Sul,<5 mil,4167.0
4104428,87.35472527472848,2.8626373626373574,14.0,at_risk,PR,Sul,5-20 mil,7562.0
4104451,77.62087719298324,1.8614912280702285,19.0,will_not_meet,PR,Sul,5-20 mil,8764.0
4104501,116.90571428571639,4.007999999999855,14.0,on_track,PR,Sul,5-20 mil,11539.0
4104600,,,0.0,,PR,Sul,5-20 mil,12194.0
4104659,124.64789473684141,2.8645789473684395,19.0,on_track,PR,Sul,5-20 mil,17595.0
4104709,93.31421052631549,0.7579473684210647,19.0,on_track,PR,Sul,5-20 mil,9820.0
4104808,143.76840601503864,3.2645563909773605,20.0,on_track,PR,Sul,100-500 mil,317102.0
4104907,99.29298245613973,1.293964912280711,19.0,on_track,PR,Sul,50-100 mil,52968.0
4105003,16.997142857155097,0.16571428571483163,7.0,will_not_meet,PR,Sul,5-20 mil,5312.0
4105102,44.02500000000282,1.4890000000001333,4.0,will_not_meet,PR,Sul,5-20 mil,8929.0
4105201,0.8031503759398504,-0.040090225563908545,20.0,will_not_meet,PR,Sul,5-20 mil,5077.0
4105300,116.85637362637499,3.0902417582417807,14.0,on_track,PR,Sul,5-20 mil,9026.0
4105409,113.98859649122824,2.8391929824562006,19.0,on_track,PR,Sul,5-20 mil,12129.0
4105508,78.0531954887224,0.7870827067669024,20.0,will_not_meet,PR,Sul,50-100 mil,75656.0
4105607,122.82085714285768,2.255285714285669,20.0,on_track,PR,Sul,5-20 mil,10733.0
4105706,122.51263157894755,2.7513157894737175,19.0,on_track,PR,Sul,5-20 mil,13991.0
4105805,102.49847263249558,3.0952119895742505,19.0,on_track,PR,Sul,100-500 mil,237848.0
4105904,115.71851013012656,1.4872763959808837,22.0,on_track,PR,Sul,20-50 mil,22816.0
4106001,,,0.0,,PR,Sul,5-20 mil,5194.0
4106100,101.77245614035064,1.30307017543864,19.0,on_track,PR,Sul,<5 mil,2691.0
4106209,119.362499999992,4.2554999999997944,9.0,on_track,PR,Sul,5-20 mil,11085.0
4106308,67.28631578947443,0.8728947368421446,19.0,will_not_meet,PR,Sul,5-20 mil,14704.0
4106407,93.19470676691729,0.10537593984962007,20.0,on_track,PR,Sul,20-50 mil,45169.0
4106456,,,0.0,,PR,Sul,<5 mil,1826.0
4106506,70.29614035087707,1.3767017543859974,19.0,will_not_meet,PR,Sul,5-20 mil,14508.0
4106555,94.26719298245598,1.3110701754386365,19.0,on_track,PR,Sul,<5 mil,1615.0
4106571,,,0.0,,PR,Sul,<5 mil,2593.0
4106605,128.4910526315798,3.9031052631579737,19.0,on_track,PR,Sul,5-20 mil,18139.0
4106704,,,0.0,,PR,Sul,<5 mil,3305.0
4106803,8.322982456140352,0.10380701754386104,19.0,will_not_meet,PR,Sul,5-20 mil,6303.0
4106852,,,0.0,,PR,Sul,<5 mil,1375.0
4106902,117.58731761526951,1.4777882855399442,21.0,on_track,PR,Sul,500 mil+,1963726.0
4107009,,,0.0,,PR,Sul,5-20 mil,10512.0
4107108,150.0,11.715999999999404,6.0,on_track,PR,Sul,<5 mil,4105.0
4107124,,,0.0,,PR,Sul,<5 mil,1365.0
4107157,,,0.0,,PR,Sul,<5 mil,2689.0
4107207,95.50486466165512,1.8124812030074846,20.0,on_track,PR,Sul,20-50 mil,32168.0
4107256,,,0.0,,PR,Sul,5-20 mil,6321.0
4107306,54.082090225564116,1.2523458646616175,20.0,will_not_meet,PR,Sul,5-20 mil,5248.0
4107405,,,0.0,,PR,Sul,<5 mil,2057.0
4107504,23.02254887218055,0.28827067669171774,20.0,will_not_meet,PR,Sul,5-20 mil,12327.0
4107520,,,0.0,,PR,Sul,<5 mil,623.0
4107538,,,0.0,,PR,Sul,<5 mil,3130.0
4107546,,,0.0,,PR,Sul,<5 mil,1401.0
4107553,,,0.0,,PR,Sul,<5 mil,1741.0
4107603,131.74695238095228,7.087428571428254,6.0,on_track,PR,Sul,5-20 mil,13571.0
4107652,141.20660150375988,4.895639097744245,20.0,on_track,PR,Sul,50-100 mil,96450.0
4107702,,,0.0,,PR,Sul,<5 mil,3938.0
4107736,,,0.0,,PR,Sul,<5 mil,1963.0
4107751,21.90559523809293,0.7995238095237128,8.0,will_not_meet,PR,Sul,5-20 mil,6520.0
4107801,19.900526315789477,-0.1656842105263177,19.0,will_not_meet,PR,Sul,<5 mil,4324.0
4107850,,,0.0,,PR,Sul,<5 mil,1594.0
4107900,,,0.0,,PR,Sul,5-20 mil,6388.0
4108007,117.49428571428325,5.14428571428562,7.0,on_track,PR,Sul,5-20 mil,9734.0
4108106,112.0819727891153,1.5210204081631482,6.0,on_track,PR,Sul,<5 mil,2474.0
4108205,,,0.0,,PR,Sul,<5 mil,4182.0
4108304,105.36794736842194,1.6156315789473348,20.0,on_track,PR,Sul,100-500 mil,255829.0
4108320,150.0,12.62100000000038,4.0,on_track,PR,Sul,<5 mil,3920.0
4108403,109.11108270676687,2.0431503759398084,20.0,on_track,PR,Sul,50-100 mil,79722.0
4108452,,,0.0,,PR,Sul,<5 mil,3236.0
4108502,59.917894736842754,2.1245263157895393,19.0,will_not_meet,PR,Sul,5-20 mil,9563.0
4108551,,,0.0,,PR,Sul,<5 mil,1321.0
4108601,74.04739849624093,1.27736090225562,20.0,will_not_meet,PR,Sul,20-50 mil,24995.0
4108650,,,0.0,,PR,Sul,<5 mil,1638.0
4108700,,,0.0,,PR,Sul,<5 mil,2890.0
4108809,73.05929824561429,0.4355438596491432,19.0,will_not_meet,PR,Sul,20-50 mil,30772.0
4108908,,,0.0,,PR,Sul,5-20 mil,5309.0
4108957,,,0.0,,PR,Sul,<5 mil,2514.0
4109005,150.0,15.299714285713627,6.0,on_track,PR,Sul,<5 mil,2808.0
4109104,,,0.0,,PR,Sul,<5 mil,1293.0
4109203,,,0.0,,PR,Sul,<5 mil,4465.0
4109302,58.211187969924936,0.4488872180450994,20.0,will_not_meet,PR,Sul,5-20 mil,6406.0
4109401,97.72560150375966,1.3226390977443212,20.0,on_track,PR,Sul,100-500 mil,168013.0
4109500,112.4295882352917,1.4998088235293037,16.0,on_track,PR,Sul,<5 mil,2575.0
4109609,128.04345112782084,3.2517293233081905,20.0,on_track,PR,Sul,20-50 mil,34081.0
4109658,,,0.0,,PR,Sul,<5 mil,1679.0
4109708,29.67320300751885,0.6102781954887073,20.0,will_not_meet,PR,Sul,20-50 mil,25611.0
4109757,,,0.0,,PR,Sul,5-20 mil,5202.0
4109807,91.01272433460048,0.21526730038021902,23.0,on_track,PR,Sul,50-100 mil,53027.0
4109906,,,1.0,,PR,Sul,5-20 mil,5415.0
4110003,,,1.0,,PR,Sul,<5 mil,4000.0
4110052,,,0.0,,PR,Sul,<5 mil,1449.0
4110078,109.25749999999243,4.505166666666661,9.0,on_track,PR,Sul,5-20 mil,8422.0
4110102,83.31017543859616,0.9385614035087768,19.0,at_risk,PR,Sul,20-50 mil,20938.0
4110201,62.09929824561459,2.052754385964975,19.0,will_not_meet,PR,Sul,5-20 mil,6388.0
4110300,,,0.0,,PR,Sul,<5 mil,2885.0
4110409,,,0.0,,PR,Sul,<5 mil,3274.0
4110508,78.74368421052623,0.41399999999999937,19.0,will_not_meet,PR,Sul,5-20 mil,5296.0
4110607,49.081684210526646,0.6577894736841909,20.0,will_not_meet,PR,Sul,5-20 mil,10724.0
4110656,,,0.0,,PR,Sul,<5 mil,1721.0
4110706,105.31357142857178,1.2218571428571179,20.0,on_track,PR,Sul,20-50 mil,49114.0
4110805,,,0.0,,PR,Sul,5-20 mil,5842.0
4110904,,,0.0,,PR,Sul,<5 mil,3523.0
4110953,37.32355882352908,-0.3800441176470801,16.0,will_not_meet,PR,Sul,5-20 mil,6087.0
4111001,129.71828767123407,3.625821917808177,7.0,on_track,PR,Sul,<5 mil,4897.0
4111100,72.47421052631591,0.3866315789473817,19.0,will_not_meet,PR,Sul,5-20 mil,5798.0
4111209,,,0.0,,PR,Sul,5-20 mil,8108.0
4111258,99.90833333334012,4.918333333334431,9.0,on_track,PR,Sul,20-50 mil,24639.0
4111308,,,0.0,,PR,Sul,<5 mil,1921.0
4111407,84.2805263157893,1.215894736842114,19.0,at_risk,PR,Sul,5-20 mil,5075.0
4111506,24.22198496240628,0.42360902255638394,20.0,will_not_meet,PR,Sul,20-50 mil,27498.0
4111555,97.35818181818195,3.701363636363482,11.0,on_track,PR,Sul,5-20 mil,5776.0
4111605,,,0.0,,PR,Sul,<5 mil,2514.0
4111704,9.665000000000106,0.07900000000000007,4.0,will_not_meet,PR,Sul,<5 mil,3293.0
4111803,94.60877192982502,1.04312280701757,19.0,on_track,PR,Sul,20-50 mil,34905.0
4111902,115.4651648351637,2.280703296703281,14.0,on_track,PR,Sul,5-20 mil,11769.0
4112009,126.36578431372436,2.554607843137281,17.0,on_track,PR,Sul,20-50 mil,30265.0
4112108,48.7280701754386,-0.11607017543859899,19.0,will_not_meet,PR,Sul,5-20 mil,19246.0
4112207,,,0.0,,PR,Sul,<5 mil,3059.0
4112306,,,0.0,,PR,Sul,<5 mil,2747.0
4112405,133.57099999999264,6.042999999999892,5.0,on_track,PR,Sul,5-20 mil,8532.0
4112504,150.0,15.609999999998973,3.0,on_track,PR,Sul,5-20 mil,6440.0
4112603,,,0.0,,PR,Sul,<5 mil,930.0
4112702,45.59923771879585,-2.364686617730412,22.0,will_not_meet,PR,Sul,5-20 mil,11809.0
4112751,,,0.0,,PR,Sul,5-20 mil,5564.0
4112801,82.82789473684204,0.1881052631578936,19.0,at_risk,PR,Sul,5-20 mil,9270.0
4112900,,,0.0,,PR,Sul,<5 mil,1870.0
4112959,,,0.0,,PR,Sul,5-20 mil,5536.0
4113007,120.66054945055203,2.345010989010957,14.0,on_track,PR,Sul,5-20 mil,6335.0
4113106,,,0.0,,PR,Sul,<5 mil,2854.0
4113205,88.55660902255659,0.8108345864661398,20.0,at_risk,PR,Sul,20-50 mil,29475.0
4113254,,,0.0,,PR,Sul,<5 mil,1826.0
4113304,65.79151879699293,1.420488721804471,20.0,will_not_meet,PR,Sul,20-50 mil,26161.0
4113403,,,0.0,,PR,Sul,<5 mil,2257.0
4113429,,,0.0,,PR,Sul,<5 mil,1625.0
4113452,,,0.0,,PR,Sul,<5 mil,1996.0
4113502,103.37183458646723,2.278699248120248,20.0,on_track,PR,Sul,20-50 mil,21267.0
4113601,65.12708823529442,-0.8639411764705766,16.0,will_not_meet,PR,Sul,<5 mil,4524.0
4113700,112.36918652787426,1.4794867569631454,22.0,on_track,PR,Sul,500 mil+,565760.0
4113734,,,0.0,,PR,Sul,<5 mil,4692.0
4113759,150.0,17.6649999999992,3.0,on_track,PR,Sul,<5 mil,3270.0
4113809,,,0.0,,PR,Sul,<5 mil,4414.0
4113908,48.79912280701819,1.3560877192982865,19.0,will_not_meet,PR,Sul,5-20 mil,7992.0
4114005,105.11614035087678,2.180438596491272,19.0,on_track,PR,Sul,5-20 mil,8301.0
4114104,34.637375939849676,0.22977443609021728,20.0,will_not_meet,PR,Sul,20-50 mil,20778.0
4114203,103.6852030075188,2.4642781954886646,20.0,on_track,PR,Sul,20-50 mil,32800.0
4114302,53.69730827067724,1.9360150375939298,20.0,will_not_meet,PR,Sul,5-20 mil,9259.0
4114351,,,0.0,,PR,Sul,<5 mil,509.0
4114401,75.7060150375944,0.954390977443587,20.0,will_not_meet,PR,Sul,5-20 mil,8160.0
4114500,150.0,13.029999999999259,3.0,on_track,PR,Sul,5-20 mil,6985.0
4114609,37.03696938424446,1.4806707946336626,18.0,will_not_meet,PR,Sul,20-50 mil,45177.0
4114708,,,0.0,,PR,Sul,<5 mil,3751.0
4114807,68.89204087138432,0.6936527955756472,23.0,will_not_meet,PR,Sul,20-50 mil,29136.0
4114906,50.28612121212245,1.8358787878787606,10.0,will_not_meet,PR,Sul,5-20 mil,6264.0
4115002,,,0.0,,PR,Sul,5-20 mil,5155.0
4115101,49.1428646222887,0.053440538519072496,13.0,will_not_meet,PR,Sul,5-20 mil,8552.0
4115200,126.08333065391525,1.7709798641533734,22.0,on_track,PR,Sul,100-500 mil,428620.0
4115309,,,0.0,,PR,Sul,<5 mil,4745.0
4115358,,,0.0,,PR,Sul,<5 mil,3192.0
4115408,62.88438596491301,0.8953508771930344,19.0,will_not_meet,PR,Sul,5-20 mil,9146.0
4115457,,,0.0,,PR,Sul,<5 mil,451.0
4115507,3.3299999999999956,-2.0770578508377042e-16,5.0,will_not_meet,PR,Sul,<5 mil,3191.0
4115606,98.44438596491273,2.692245614035143,19.0,on_track,PR,Sul,5-20 mil,13193.0
4115705,123.80525563909941,3.310646616541271,20.0,on_track,PR,Sul,20-50 mil,35524.0
4115739,,,0.0,,PR,Sul,<5 mil,788.0
4115754,,,0.0,,PR,Sul,5-20 mil,9012.0
4115804,67.75368421052735,2.265947368421126,19.0,will_not_meet,PR,Sul,20-50 mil,41971.0
4115853,,,0.0,,PR,Sul,<5 mil,2715.0
4115903,,,0.0,,PR,Sul,<5 mil,1479.0
4116000,,,0.0,,PR,Sul,<5 mil,1372.0
4116059,,,0.0,,PR,Sul,5-20 mil,5540.0
4116109,85.62400000000707,5.418000000000966,5.0,at_risk,PR,Sul,5-20 mil,9429.0
4116208,92.4742105263158,2.209473684210469,20.0,on_track,PR,Sul,5-20 mil,7528.0
4116307,,,0.0,,PR,Sul,<5 mil,3267.0
4116406,,,0.0,,PR,Sul,<5 mil,3326.0
4116505,,,0.0,,PR,Sul,<5 mil,1135.0
4116604,92.2400000000107,6.011000000000489,4.0,on_track,PR,Sul,<5 mil,2485.0
4116703,91.73454545454933,2.847454545454602,10.0,on_track,PR,Sul,5-20 mil,7718.0
4116802,,,0.0,,PR,Sul,<5 mil,2668.0
4116901,82.64526315789499,1.1320526315789805,19.0,at_risk,PR,Sul,20-50 mil,25645.0
4116950,,,0.0,,PR,Sul,<5 mil,1715.0
4117008,,,0.0,,PR,Sul,5-20 mil,6587.0
4117057,100.05473684210483,1.5297368421052795,19.0,on_track,PR,Sul,<5 mil,2419.0
4117107,150.0,6.122485294117611,16.0,on_track,PR,Sul,5-20 mil,12125.0
4117206,79.13600000000588,4.620000000000718,5.0,will_not_meet,PR,Sul,<5 mil,4977.0
4117214,,,0.0,,PR,Sul,<5 mil,3611.0
4117222,,,0.0,,PR,Sul,5-20 mil,5792.0
4117255,,,0.0,,PR,Sul,5-20 mil,6162.0
4117271,,,0.0,,PR,Sul,<5 mil,2052.0
4117297,,,0.0,,PR,Sul,<5 mil,1593.0
4117305,88.64312030075234,1.9011278195488135,20.0,at_risk,PR,Sul,5-20 mil,8932.0
4117404,,,0.0,,PR,Sul,<5 mil,3083.0
4117453,,,0.0,,PR,Sul,<5 mil,4283.0
4117503,113.37911278195588,2.8799323308270113,20.0,on_track,PR,Sul,20-50 mil,41674.0
4117602,128.94314285714518,3.546714285714216,20.0,on_track,PR,Sul,20-50 mil,48717.0
4117701,90.25157894736833,0.35826315789474117,19.0,on_track,PR,Sul,20-50 mil,20573.0
4117800,77.10000000000218,3.2071428571430256,7.0,will_not_meet,PR,Sul,5-20 mil,6349.0
4117909,92.51087719298357,2.2489122807017825,19.0,on_track,PR,Sul,20-50 mil,27830.0
4118006,150.0,6.824890109889491,13.0,on_track,PR,Sul,5-20 mil,13399.0
4118105,61.6421052631581,0.6101578947368526,19.0,will_not_meet,PR,Sul,5-20 mil,10795.0
4118204,127.00659534883653,2.5823380914193304,24.0,on_track,PR,Sul,100-500 mil,151683.0
4118303,,,0.0,,PR,Sul,<5 mil,2935.0
4118402,96.54885714285729,0.7922857142857014,20.0,on_track,PR,Sul,50-100 mil,85220.0
4118451,,,0.0,,PR,Sul,<5 mil,3572.0
4118501,90.9033533834588,0.625187969924802,20.0,on_track,PR,Sul,50-100 mil,79766.0
4118600,,,0.0,,PR,Sul,<5 mil,3005.0
4118709,,,0.0,,PR,Sul,<5 mil,2332.0
4118808,,,0.0,,PR,Sul,5-20 mil,11327.0
4118857,97.33500000000822,5.880000000000212,4.0,on_track,PR,Sul,<5 mil,3375.0
4118907,,,0.0,,PR,Sul,5-20 mil,9017.0
4119004,,,1.0,,PR,Sul,<5 mil,2938.0
4119103,,,0.0,,PR,Sul,5-20 mil,5239.0
4119152,135.05132684652563,3.4457496682882525,18.0,on_track,PR,Sul,100-500 mil,134788.0
4119202,2.3615789473684003,-0.10863157894737045,19.0,will_not_meet,PR,Sul,<5 mil,3992.0
4119251,,,0.0,,PR,Sul,<5 mil,1218.0
4119301,48.14526315789499,0.39663157894738377,19.0,will_not_meet,PR,Sul,5-20 mil,16592.0
4119400,100.24999999999955,1.2024736842105566,19.0,on_track,PR,Sul,5-20 mil,17721.0
4119509,117.55956435205553,2.2397788589119143,18.0,on_track,PR,Sul,50-100 mil,57341.0
4119608,85.02818045112781,1.3056917293232746,20.0,at_risk,PR,Sul,5-20 mil,18728.0
4119657,,,0.0,,PR,Sul,<5 mil,2391.0
4119707,,,0.0,,PR,Sul,<5 mil,2899.0
4119806,,,0.0,,PR,Sul,5-20 mil,5948.0
4119905,118.27478195488902,2.0623308270676244,20.0,on_track,PR,Sul,100-500 mil,350918.0
4119954,121.65566176470566,4.675441176470563,16.0,on_track,PR,Sul,20-50 mil,28288.0
4120002,94.54034586466156,0.07299248120300199,20.0,on_track,PR,Sul,5-20 mil,10150.0
4120101,84.76357142857171,0.3868571428571374,20.0,at_risk,PR,Sul,<5 mil,3199.0
4120150,,,0.0,,PR,Sul,<5 mil,591.0
4120200,150.0,6.719272727272437,11.0,on_track,PR,Sul,<5 mil,1781.0
4120309,,,0.0,,PR,Sul,<5 mil,2256.0
4120333,115.79683333333378,2.355249999999922,6.0,on_track,PR,Sul,<5 mil,3342.0
4120358,91.35017543859794,2.865192982456235,19.0,on_track,PR,Sul,<5 mil,3225.0
4120408,150.0,8.276153846153534,14.0,on_track,PR,Sul,<5 mil,4733.0
4120507,122.18666666666468,4.788181818181886,12.0,on_track,PR,Sul,5-20 mil,10368.0
4120606,93.46103007518877,0.9737819548871954,20.0,on_track,PR,Sul,20-50 mil,24297.0
4120655,,,0.0,,PR,Sul,<5 mil,2651.0
4120705,69.69417647058754,1.9933676470588269,16.0,will_not_meet,PR,Sul,5-20 mil,6787.0
4120804,90.18781928757608,1.145860121633352,19.0,on_track,PR,Sul,20-50 mil,21919.0
4120853,,,0.0,,PR,Sul,<5 mil,2591.0
4120903,58.18649122807014,0.11403508771929757,19.0,will_not_meet,PR,Sul,20-50 mil,23800.0
4121000,,,1.0,,PR,Sul,5-20 mil,7965.0
4121109,,,0.0,,PR,Sul,<5 mil,3329.0
4121208,42.620833333329756,1.321833333333216,9.0,will_not_meet,PR,Sul,5-20 mil,5544.0
4121257,,,0.0,,PR,Sul,<5 mil,2224.0
4121307,,,0.0,,PR,Sul,<5 mil,3299.0
4121356,,,0.0,,PR,Sul,<5 mil,2105.0
4121406,88.44371794871768,1.6224475524475712,12.0,at_risk,PR,Sul,5-20 mil,12257.0
4121505,93.82315789473614,1.081263157894762,19.0,on_track,PR,Sul,5-20 mil,7936.0
4121604,86.67315789473673,0.43678947368421756,19.0,at_risk,PR,Sul,<5 mil,3465.0
4121703,105.89912280701719,2.7425087719298737,19.0,on_track,PR,Sul,5-20 mil,13060.0
4121752,66.28210526315843,1.0405263157895266,19.0,will_not_meet,PR,Sul,<5 mil,4343.0
4121802,24.1608791208796,-1.9952967032966522,14.0,will_not_meet,PR,Sul,5-20 mil,7048.0
4121901,76.31929824561394,0.9907543859649398,19.0,will_not_meet,PR,Sul,5-20 mil,10541.0
4122008,95.39666666666653,0.7099649122807136,19.0,on_track,PR,Sul,5-20 mil,5489.0
4122107,,,0.0,,PR,Sul,<5 mil,1903.0
4122156,,,0.0,,PR,Sul,<5 mil,3220.0
4122172,,,0.0,,PR,Sul,<5 mil,972.0
4122206,,,1.0,,PR,Sul,20-50 mil,23473.0
4122305,80.04824561403484,1.542964912280745,19.0,at_risk,PR,Sul,20-50 mil,28481.0
4122404,80.8246090225557,1.9328345864661192,20.0,at_risk,PR,Sul,50-100 mil,64498.0
4122503,,,0.0,,PR,Sul,5-20 mil,5830.0
4122602,82.40870676691793,1.507375939849596,20.0,at_risk,PR,Sul,5-20 mil,7730.0
4122651,68.99403508771911,0.38549122807017466,19.0,will_not_meet,PR,Sul,<5 mil,2237.0
4122701,,,0.0,,PR,Sul,5-20 mil,5814.0
4122800,,,0.0,,PR,Sul,<5 mil,1735.0
4122909,71.38701754386011,1.817877192982513,19.0,will_not_meet,PR,Sul,<5 mil,3496.0
4123006,123.31928571428216,4.5403571428569265,7.0,on_track,PR,Sul,5-20 mil,8119.0
4123105,,,0.0,,PR,Sul,<5 mil,2434.0
4123204,135.3001282051282,4.301573426573496,12.0,on_track,PR,Sul,<5 mil,2727.0
4123303,123.64500000001499,8.370000000000472,4.0,on_track,PR,Sul,5-20 mil,5478.0
4123402,89.63734586466126,2.4059924812029436,20.0,at_risk,PR,Sul,5-20 mil,10912.0
4123501,91.18481954887238,0.559308270676684,20.0,on_track,PR,Sul,5-20 mil,14534.0
4123600,,,0.0,,PR,Sul,<5 mil,1028.0
4123709,110.5798901098924,1.8336263736264125,14.0,on_track,PR,Sul,5-20 mil,6839.0
4123808,,,0.0,,PR,Sul,5-20 mil,8434.0
4123824,,,1.0,,PR,Sul,<5 mil,2452.0
4123857,,,0.0,,PR,Sul,<5 mil,2572.0
4123907,87.8049122807015,2.293087719298317,19.0,at_risk,PR,Sul,5-20 mil,7710.0
4123956,,,0.0,,PR,Sul,<5 mil,1674.0
4124004,112.2838181818206,5.3247272727269435,11.0,on_track,PR,Sul,<5 mil,3237.0
4124020,,,0.0,,PR,Sul,5-20 mil,7820.0
4124053,149.91052631578896,5.375947368421198,19.0,on_track,PR,Sul,20-50 mil,21626.0
4124103,98.78549624060179,0.47290225563908916,20.0,on_track,PR,Sul,20-50 mil,40228.0
4124202,,,1.0,,PR,Sul,<5 mil,2033.0
4124301,,,0.0,,PR,Sul,<5 mil,1746.0
4124400,74.10373626373803,0.8529890109890617,14.0,will_not_meet,PR,Sul,5-20 mil,14771.0
4124509,68.27491228070198,0.873614035087741,19.0,will_not_meet,PR,Sul,<5 mil,4322.0
4124608,,,0.0,,PR,Sul,5-20 mil,6222.0
4124707,,,2.0,,PR,Sul,5-20 mil,5537.0
4124806,97.21666666666715,2.2269649122807453,19.0,on_track,PR,Sul,5-20 mil,6432.0
4124905,131.4787719298256,3.3959122807018596,19.0,on_track,PR,Sul,<5 mil,4961.0
4125001,146.90525641025852,6.380874125874234,12.0,on_track,PR,Sul,5-20 mil,7620.0
4125100,29.83385964912395,1.1161403508772338,19.0,will_not_meet,PR,Sul,<5 mil,4537.0
4125209,,,0.0,,PR,Sul,5-20 mil,5168.0
4125308,84.42430508474607,0.14408474576273095,15.0,at_risk,PR,Sul,<5 mil,4797.0
4125357,,,0.0,,PR,Sul,<5 mil,3241.0
4125407,,,0.0,,PR,Sul,<5 mil,3629.0
4125456,,,0.0,,PR,Sul,<5 mil,2267.0
4125506,95.16877192982565,1.8444912280702184,19.0,on_track,PR,Sul,100-500 mil,300026.0
4125555,,,0.0,,PR,Sul,<5 mil,1196.0
4125605,116.90881954887118,4.050308270676596,20.0,on_track,PR,Sul,20-50 mil,29370.0
4125704,124.00111764705707,3.9526617647058213,16.0,on_track,PR,Sul,5-20 mil,17718.0
4125753,,,0.0,,PR,Sul,<5 mil,3589.0
4125803,78.21035087719338,1.394438596491256,19.0,will_not_meet,PR,Sul,5-20 mil,8789.0
4125902,,,0.0,,PR,Sul,<5 mil,1483.0
4126009,,,0.0,,PR,Sul,5-20 mil,7803.0
4126108,150.0,13.348000000003028,5.0,on_track,PR,Sul,<5 mil,4803.0
4126207,150.0,10.666000000000773,4.0,on_track,PR,Sul,<5 mil,3537.0
4126256,80.75830200371729,2.8513964057013497,10.0,at_risk,PR,Sul,50-100 mil,98051.0
4126272,,,0.0,,PR,Sul,<5 mil,2777.0
4126306,83.5524561403513,1.5958070175438908,19.0,at_risk,PR,Sul,5-20 mil,15950.0
4126355,,,0.0,,PR,Sul,<5 mil,2267.0
4126405,74.98000000000002,1.9149999999999774,3.0,will_not_meet,PR,Sul,<5 mil,4519.0
4126504,110.54584605730997,2.1407718050617714,23.0,on_track,PR,Sul,5-20 mil,14428.0
4126603,85.80842105263218,1.1144210526316127,19.0,at_risk,PR,Sul,5-20 mil,15622.0
4126652,,,0.0,,PR,Sul,<5 mil,1179.0
4126678,95.99071428570733,3.873928571428129,7.0,on_track,PR,Sul,5-20 mil,7298.0
4126702,,,0.0,,PR,Sul,<5 mil,4452.0
4126801,126.85086956521809,2.432667984189729,23.0,on_track,PR,Sul,5-20 mil,14863.0
4126900,,,0.0,,PR,Sul,<5 mil,3209.0
4127007,100.64021978021356,3.9126373626370023,13.0,on_track,PR,Sul,5-20 mil,5952.0
4127106,102.82272180451127,1.570766917293197,20.0,on_track,PR,Sul,50-100 mil,78936.0
4127205,78.24350877193046,2.436964912280771,19.0,will_not_meet,PR,Sul,5-20 mil,14315.0
4127304,80.69901098901346,1.8189010989011998,13.0,at_risk,PR,Sul,5-20 mil,13860.0
4127403,150.0,7.049999999999646,7.0,on_track,PR,Sul,5-20 mil,13414.0
4127502,81.55926315789475,0.6578421052631375,20.0,at_risk,PR,Sul,5-20 mil,12479.0
4127601,,,0.0,,PR,Sul,<5 mil,2719.0
4127700,118.42654135338398,2.601075187969868,20.0,on_track,PR,Sul,100-500 mil,131204.0
4127809,87.30366176470534,0.6684411764705708,16.0,at_risk,PR,Sul,<5 mil,3607.0
4127858,101.35280701754527,3.6504035087720434,19.0,on_track,PR,Sul,5-20 mil,6204.0
4127882,,,0.0,,PR,Sul,<5 mil,4137.0
4127908,150.0,7.992303030302701,10.0,on_track,PR,Sul,5-20 mil,5840.0
4127957,,,0.0,,PR,Sul,5-20 mil,6371.0
4127965,87.223333333337,6.545000000000263,3.0,at_risk,PR,Sul,<5 mil,4743.0
4128005,53.19544117646956,1.2680882352941316,17.0,will_not_meet,PR,Sul,5-20 mil,17758.0
4128104,119.02548120300708,1.8675112781954524,20.0,on_track,PR,Sul,100-500 mil,105281.0
4128203,43.8764060150379,0.6765563909774273,20.0,will_not_meet,PR,Sul,50-100 mil,55256.0
4128302,,,0.0,,PR,Sul,<5 mil,2114.0
4128401,98.77214285714354,1.085714285714261,20.0,on_track,PR,Sul,5-20 mil,9163.0
4128500,72.24581954887299,1.8493082706766453,20.0,will_not_meet,PR,Sul,5-20 mil,15557.0
4128534,66.25497058823385,2.9027352941174973,9.0,will_not_meet,PR,Sul,5-20 mil,8022.0
4128559,103.12807017543855,2.5031403508772607,19.0,on_track,PR,Sul,5-20 mil,6416.0
4128609,,,0.0,,PR,Sul,<5 mil,2954.0
4128625,16.6169558823525,0.20622058823527267,16.0,will_not_meet,PR,Sul,<5 mil,1454.0
4128633,0.0,-6.775999999999164,5.0,will_not_meet,PR,Sul,<5 mil,896.0
4128658,,,0.0,,PR,Sul,<5 mil,1928.0
4128708,,,0.0,,PR,Sul,<5 mil,4212.0
4128807,106.90285714285528,4.274285714285462,7.0,on_track,PR,Sul,<5 mil,1848.0
4200051,83.85999999999694,4.539999999999785,3.0,at_risk,SC,Sul,<5 mil,692.0
4200101,,,0.0,,SC,Sul,5-20 mil,10082.0
4200200,,,0.0,,SC,Sul,5-20 mil,7133.0
4200309,,,0.0,,SC,Sul,<5 mil,2110.0
4200408,,,1.0,,SC,Sul,<5 mil,3531.0
4200507,,,0.0,,SC,Sul,<5 mil,3466.0
4200556,,,0.0,,SC,Sul,<5 mil,947.0
4200606,,,0.0,,SC,Sul,<5 mil,2788.0
4200705,100.0,2.7417876178591292e-17,5.0,on_track,SC,Sul,<5 mil,3089.0
4200754,,,0.0,,SC,Sul,<5 mil,578.0
4200804,,,0.0,,SC,Sul,<5 mil,2220.0
4200903,,,0.0,,SC,Sul,<5 mil,1002.0
4201000,,,0.0,,SC,Sul,<5 mil,3580.0
4201109,,,1.0,,SC,Sul,<5 mil,1319.0
4201208,,,0.0,,SC,Sul,<5 mil,2735.0
4201257,,,1.0,,SC,Sul,<5 mil,4891.0
4201273,,,0.0,,SC,Sul,<5 mil,1330.0
4201307,27.393918722786566,0.7210304789550046,10.0,will_not_meet,SC,Sul,20-50 mil,38489.0
4201406,53.98276190476281,3.175142857142751,6.0,will_not_meet,SC,Sul,50-100 mil,57270.0
4201505,,,0.0,,SC,Sul,5-20 mil,5571.0
4201604,0.0,-8.025664634146867,9.0,will_not_meet,SC,Sul,<5 mil,2428.0
4201653,,,0.0,,SC,Sul,<5 mil,495.0
4201703,,,0.0,,SC,Sul,5-20 mil,6988.0
4201802,,,0.0,,SC,Sul,<5 mil,1318.0
4201901,,,0.0,,SC,Sul,<5 mil,1979.0
4201950,,,0.0,,SC,Sul,5-20 mil,13502.0
4202008,84.28660259809044,-0.5045161717921866,17.0,at_risk,SC,Sul,100-500 mil,149227.0
4202057,,,0.0,,SC,Sul,5-20 mil,10743.0
4202073,,,0.0,,SC,Sul,5-20 mil,8915.0
4202081,,,0.0,,SC,Sul,<5 mil,839.0
4202099,,,0.0,,SC,Sul,<5 mil,241.0
4202107,,,0.0,,SC,Sul,20-50 mil,29085.0
4202131,,,0.0,,SC,Sul,<5 mil,901.0
4202156,,,0.0,,SC,Sul,<5 mil,1310.0
4202206,,,0.0,,SC,Sul,5-20 mil,6680.0
4202305,,,0.0,,SC,Sul,50-100 mil,63875.0
4202404,53.346861538461326,1.710646153846134,25.0,will_not_meet,SC,Sul,100-500 mil,349535.0
4202438,,,0.0,,SC,Sul,<5 mil,1029.0
4202453,13.493627450980512,-0.26460784313725744,17.0,will_not_meet,SC,Sul,20-50 mil,20889.0
4202503,138.65700000000652,3.7210000000004344,4.0,on_track,SC,Sul,<5 mil,2618.0
4202537,,,0.0,,SC,Sul,<5 mil,1837.0
4202578,,,0.0,,SC,Sul,<5 mil,648.0
4202602,,,0.0,,SC,Sul,5-20 mil,7286.0
4202701,,,0.0,,SC,Sul,<5 mil,1582.0
4202800,58.439068391867295,1.686776340110917,6.0,will_not_meet,SC,Sul,20-50 mil,27634.0
4202859,,,0.0,,SC,Sul,<5 mil,2083.0
4202875,,,0.0,,SC,Sul,<5 mil,573.0
4202909,,,0.0,,SC,Sul,100-500 mil,135962.0
4203006,7.406666666666837,0.09314285714286923,6.0,will_not_meet,SC,Sul,50-100 mil,72887.0
4203105,,,0.0,,SC,Sul,<5 mil,3516.0
4203154,,,0.0,,SC,Sul,<5 mil,2076.0
4203204,,,1.0,,SC,Sul,50-100 mil,82803.0
4203253,100.00000000000001,9.222869942904932e-16,5.0,on_track,SC,Sul,<5 mil,862.0
4203303,,,0.0,,SC,Sul,5-20 mil,7383.0
4203402,,,0.0,,SC,Sul,<5 mil,4056.0
4203501,,,0.0,,SC,Sul,5-20 mil,5546.0
4203600,93.85578947368458,0.9885263157894394,20.0,on_track,SC,Sul,20-50 mil,30393.0
4203709,,,0.0,,SC,Sul,5-20 mil,7963.0
4203808,19.462568200606484,0.6130017452006782,19.0,will_not_meet,SC,Sul,20-50 mil,40608.0
4203907,28.43527777778172,1.4165000000004375,9.0,will_not_meet,SC,Sul,5-20 mil,19847.0
4203956,,,0.0,,SC,Sul,20-50 mil,23293.0
4204004,50.46578947368414,-0.3501578947368516,19.0,will_not_meet,SC,Sul,5-20 mil,9408.0
4204103,,,0.0,,SC,Sul,<5 mil,1691.0
4204152,,,0.0,,SC,Sul,<5 mil,852.0
4204178,,,2.0,,SC,Sul,<5 mil,643.0
4204194,,,0.0,,SC,Sul,<5 mil,562.0
4204202,80.66466307277642,2.3416884867154497,24.0,at_risk,SC,Sul,100-500 mil,208469.0
4204251,,,0.0,,SC,Sul,5-20 mil,14201.0
4204301,9.08541693341897,0.2365709026888717,23.0,will_not_meet,SC,Sul,50-100 mil,60511.0
4204350,5.537450670876183,-0.41005919494867643,13.0,will_not_meet,SC,Sul,<5 mil,1762.0
4204400,,,0.0,,SC,Sul,5-20 mil,5881.0
4204459,0.0,-2.022477876106329,5.0,will_not_meet,SC,Sul,<5 mil,713.0
4204509,,,0.0,,SC,Sul,5-20 mil,12554.0
4204558,37.702857142857056,-0.3507142857142873,3.0,will_not_meet,SC,Sul,5-20 mil,10014.0
4204608,36.12807692307729,0.61639860139862,12.0,will_not_meet,SC,Sul,100-500 mil,216338.0
4204707,,,0.0,,SC,Sul,5-20 mil,6849.0
4204756,,,0.0,,SC,Sul,<5 mil,596.0
4204806,,,2.0,,SC,Sul,20-50 mil,36877.0
4204905,,,0.0,,SC,Sul,<5 mil,4049.0
4205001,150.0,6.216873065015564,18.0,on_track,SC,Sul,5-20 mil,10728.0
4205100,,,0.0,,SC,Sul,<5 mil,2121.0
4205159,,,0.0,,SC,Sul,<5 mil,2333.0
4205175,0.0,-2.1147351301115638,11.0,will_not_meet,SC,Sul,<5 mil,994.0
4205191,,,0.0,,SC,Sul,<5 mil,622.0
4205209,150.0,14.65600000000083,4.0,on_track,SC,Sul,<5 mil,2888.0
4205308,0.0,-12.351214574898867,8.0,will_not_meet,SC,Sul,5-20 mil,7696.0
4205357,,,0.0,,SC,Sul,<5 mil,325.0
4205407,64.63206648697201,0.7741201386214862,24.0,will_not_meet,SC,Sul,100-500 mil,496961.0
4205431,,,0.0,,SC,Sul,<5 mil,1034.0
4205456,85.11199999999553,4.8680000000001735,5.0,at_risk,SC,Sul,20-50 mil,22572.0
4205506,20.594450549450585,0.5345604395604445,13.0,will_not_meet,SC,Sul,20-50 mil,32193.0
4205555,,,0.0,,SC,Sul,<5 mil,547.0
4205605,36.39494324045427,1.315675954592403,11.0,will_not_meet,SC,Sul,<5 mil,1833.0
4205704,,,0.0,,SC,Sul,20-50 mil,20330.0
4205803,,,0.0,,SC,Sul,5-20 mil,14597.0
4205902,2.1010000000000986,0.06300000000001295,5.0,will_not_meet,SC,Sul,50-100 mil,58459.0
4206009,,,0.0,,SC,Sul,5-20 mil,13892.0
4206108,,,0.0,,SC,Sul,<5 mil,3212.0
4206207,150.0,6.005192878338427,12.0,on_track,SC,Sul,<5 mil,4868.0
4206306,,,0.0,,SC,Sul,20-50 mil,23078.0
4206405,,,0.0,,SC,Sul,<5 mil,4674.0
4206504,,,0.0,,SC,Sul,20-50 mil,37284.0
4206603,,,0.0,,SC,Sul,<5 mil,2811.0
4206652,,,0.0,,SC,Sul,<5 mil,1754.0
4206702,140.3051203007526,4.675127819548767,20.0,on_track,SC,Sul,20-50 mil,20254.0
4206751,100.00000000000003,1.478563421816164e-16,6.0,on_track,SC,Sul,<5 mil,698.0
4206801,,,0.0,,SC,Sul,<5 mil,1456.0
4206900,,,2.0,,SC,Sul,5-20 mil,16444.0
4207007,19.205962719762283,0.8090171573818511,14.0,will_not_meet,SC,Sul,50-100 mil,53200.0
4207106,141.53392647058718,6.197338235293735,9.0,on_track,SC,Sul,5-20 mil,9289.0
4207205,,,0.0,,SC,Sul,<5 mil,3350.0
4207304,11.628860759494046,0.39121344391095725,12.0,will_not_meet,SC,Sul,20-50 mil,45711.0
4207403,,,0.0,,SC,Sul,<5 mil,2769.0
4207502,78.50428571428893,4.417142857143029,7.0,will_not_meet,SC,Sul,50-100 mil,69805.0
4207577,,,0.0,,SC,Sul,<5 mil,986.0
4207601,,,0.0,,SC,Sul,<5 mil,2317.0
4207650,,,0.0,,SC,Sul,<5 mil,4457.0
4207684,,,0.0,,SC,Sul,<5 mil,1548.0
4207700,,,0.0,,SC,Sul,<5 mil,3334.0
4207759,,,0.0,,SC,Sul,<5 mil,1347.0
4207809,,,0.0,,SC,Sul,5-20 mil,7234.0
4207858,,,0.0,,SC,Sul,<5 mil,404.0
4207908,,,0.0,,SC,Sul,<5 mil,3824.0
4208005,76.78972011195492,2.456357457017219,11.0,will_not_meet,SC,Sul,<5 mil,3846.0
4208104,,,0.0,,SC,Sul,5-20 mil,11577.0
4208203,34.54916666666577,1.3668333333333793,9.0,will_not_meet,SC,Sul,100-500 mil,214356.0
4208302,84.03707352941137,1.5866323529411375,16.0,at_risk,SC,Sul,50-100 mil,67600.0
4208401,45.711995670995975,0.6590519480519667,21.0,will_not_meet,SC,Sul,5-20 mil,8471.0
4208450,,,0.0,,SC,Sul,20-50 mil,20895.0
4208500,34.650000000004184,2.126000000000188,4.0,will_not_meet,SC,Sul,5-20 mil,17078.0
4208609,,,0.0,,SC,Sul,<5 mil,1549.0
4208708,,,0.0,,SC,Sul,5-20 mil,5001.0
4208807,,,0.0,,SC,Sul,5-20 mil,15684.0
4208906,103.58404329004316,2.932051948051975,21.0,on_track,SC,Sul,100-500 mil,171266.0
4208955,,,0.0,,SC,Sul,<5 mil,688.0
4209003,87.25508270676892,2.4171503759398005,20.0,at_risk,SC,Sul,20-50 mil,28304.0
4209102,33.00090909091023,0.5461363636363643,23.0,will_not_meet,SC,Sul,500 mil+,584244.0
4209151,,,0.0,,SC,Sul,<5 mil,1713.0
4209177,,,0.0,,SC,Sul,<5 mil,1012.0
4209201,,,0.0,,SC,Sul,<5 mil,1186.0
4209300,43.13650460768213,0.9304581136940929,22.0,will_not_meet,SC,Sul,100-500 mil,154360.0
4209409,86.59894736842216,2.5907894736843247,19.0,at_risk,SC,Sul,20-50 mil,36604.0
4209458,,,0.0,,SC,Sul,<5 mil,612.0
4209508,,,0.0,,SC,Sul,5-20 mil,5212.0
4209607,150.0,19.74999999999903,3.0,on_track,SC,Sul,5-20 mil,11889.0
4209706,,,0.0,,SC,Sul,5-20 mil,7702.0
4209805,,,0.0,,SC,Sul,<5 mil,721.0
4209854,,,0.0,,SC,Sul,<5 mil,1883.0
4209904,,,0.0,,SC,Sul,5-20 mil,8557.0
4210001,,,0.0,,SC,Sul,<5 mil,4163.0
4210035,138.96280701754586,4.487192982456245,19.0,on_track,SC,Sul,<5 mil,4322.0
4210050,,,1.0,,SC,Sul,<5 mil,482.0
4210100,,,0.0,,SC,Sul,20-50 mil,44374.0
4210209,,,0.0,,SC,Sul,<5 mil,1320.0
4210308,,,0.0,,SC,Sul,<5 mil,3250.0
4210407,,,0.0,,SC,Sul,<5 mil,4958.0
4210506,16.42662229617315,0.4683028286189897,3.0,will_not_meet,SC,Sul,20-50 mil,21657.0
4210555,,,0.0,,SC,Sul,<5 mil,588.0
4210605,,,0.0,,SC,Sul,5-20 mil,8983.0
4210704,,,0.0,,SC,Sul,<5 mil,1260.0
4210803,,,0.0,,SC,Sul,<5 mil,3643.0
4210852,,,1.0,,SC,Sul,<5 mil,1080.0
4210902,,,2.0,,SC,Sul,<5 mil,2813.0
4211009,,,0.0,,SC,Sul,5-20 mil,7416.0
4211058,0.0,-0.1700000000000118,5.0,will_not_meet,SC,Sul,5-20 mil,8625.0
4211108,,,0.0,,SC,Sul,<5 mil,4801.0
4211207,,,0.0,,SC,Sul,5-20 mil,15556.0
4211256,,,0.0,,SC,Sul,<5 mil,755.0
4211306,,,0.0,,SC,Sul,50-100 mil,81269.0
4211405,,,0.0,,SC,Sul,<5 mil,3878.0
4211454,,,0.0,,SC,Sul,<5 mil,1552.0
4211504,,,0.0,,SC,Sul,5-20 mil,11241.0
4211603,,,0.0,,SC,Sul,5-20 mil,10407.0
4211652,,,0.0,,SC,Sul,<5 mil,792.0
4211702,133.64227536232193,2.839082608695626,24.0,on_track,SC,Sul,5-20 mil,17413.0
4211751,83.72800000001371,5.356000000001357,5.0,at_risk,SC,Sul,5-20 mil,17502.0
4211801,29.000000000001364,0.7850000000000694,4.0,will_not_meet,SC,Sul,<5 mil,4764.0
4211850,,,0.0,,SC,Sul,<5 mil,692.0
4211876,,,0.0,,SC,Sul,<5 mil,293.0
4211892,,,0.0,,SC,Sul,<5 mil,945.0
4211900,15.567360555425353,0.49854789362205393,20.0,will_not_meet,SC,Sul,100-500 mil,176047.0
4212007,,,1.0,,SC,Sul,<5 mil,4213.0
4212056,,,0.0,,SC,Sul,<5 mil,1042.0
4212106,,,0.0,,SC,Sul,5-20 mil,9947.0
4212205,,,0.0,,SC,Sul,5-20 mil,10000.0
4212239,,,0.0,,SC,Sul,<5 mil,1168.0
4212254,,,0.0,,SC,Sul,5-20 mil,8214.0
4212270,,,0.0,,SC,Sul,<5 mil,1011.0
4212304,,,0.0,,SC,Sul,5-20 mil,5504.0
4212403,,,0.0,,SC,Sul,<5 mil,1214.0
4212502,,,0.0,,SC,Sul,20-50 mil,31211.0
4212601,,,0.0,,SC,Sul,<5 mil,1355.0
4212650,,,0.0,,SC,Sul,5-20 mil,8062.0
4212700,,,1.0,,SC,Sul,<5 mil,2131.0
4212809,150.0,20.994999999999138,3.0,on_track,SC,Sul,20-50 mil,22132.0
4212908,,,0.0,,SC,Sul,5-20 mil,17592.0
4213005,51.512527472516695,0.3610989010982642,13.0,will_not_meet,SC,Sul,<5 mil,1964.0
4213104,,,0.0,,SC,Sul,<5 mil,2170.0
4213153,99.99999999999991,-4.2597287279506574e-15,4.0,on_track,SC,Sul,<5 mil,1169.0
4213203,1.3823030303029356,-0.054303030303034946,10.0,will_not_meet,SC,Sul,20-50 mil,29661.0
4213302,,,0.0,,SC,Sul,<5 mil,3377.0
4213351,,,2.0,,SC,Sul,<5 mil,3119.0
4213401,9.4410000000006,0.3930000000000465,4.0,will_not_meet,SC,Sul,5-20 mil,8068.0
4213500,0.0,-0.6147802197802108,3.0,will_not_meet,SC,Sul,20-50 mil,21186.0
4213609,16.808882352941183,-0.04641176470588172,16.0,will_not_meet,SC,Sul,20-50 mil,30116.0
4213708,,,1.0,,SC,Sul,5-20 mil,10946.0
4213807,109.01036363636376,4.185636363636069,10.0,on_track,SC,Sul,<5 mil,4319.0
4213906,,,0.0,,SC,Sul,<5 mil,489.0
4214003,,,0.0,,SC,Sul,5-20 mil,12719.0
4214102,,,2.0,,SC,Sul,<5 mil,806.0
4214151,,,0.0,,SC,Sul,<5 mil,1074.0
4214201,0.0,-62.489615384613295,3.0,will_not_meet,SC,Sul,5-20 mil,5480.0
4214300,134.04384615384788,3.6031118881119553,12.0,on_track,SC,Sul,<5 mil,1360.0
4214409,,,0.0,,SC,Sul,<5 mil,2765.0
4214508,,,0.0,,SC,Sul,<5 mil,2493.0
4214607,,,0.0,,SC,Sul,<5 mil,3611.0
4214706,,,0.0,,SC,Sul,5-20 mil,5931.0
4214805,,,0.0,,SC,Sul,50-100 mil,67672.0
4214904,,,0.0,,SC,Sul,<5 mil,1586.0
4215000,79.06509316770007,2.684613212873986,22.0,will_not_meet,SC,Sul,20-50 mil,38937.0
4215059,,,1.0,,SC,Sul,<5 mil,702.0
4215075,,,0.0,,SC,Sul,<5 mil,2015.0
4215109,,,0.0,,SC,Sul,5-20 mil,10050.0
4215208,,,0.0,,SC,Sul,<5 mil,1658.0
4215307,,,1.0,,SC,Sul,5-20 mil,5193.0
4215356,,,0.0,,SC,Sul,<5 mil,1181.0
4215406,,,0.0,,SC,Sul,<5 mil,3790.0
4215455,,,0.0,,SC,Sul,5-20 mil,6130.0
4215505,,,1.0,,SC,Sul,5-20 mil,14744.0
4215554,,,0.0,,SC,Sul,<5 mil,806.0
4215604,,,0.0,,SC,Sul,<5 mil,540.0
4215653,,,0.0,,SC,Sul,<5 mil,3906.0
4215679,,,0.0,,SC,Sul,<5 mil,1512.0
4215687,,,0.0,,SC,Sul,<5 mil,431.0
4215695,,,0.0,,SC,Sul,<5 mil,537.0
4215703,75.48240872495899,1.9825865942708718,13.0,will_not_meet,SC,Sul,5-20 mil,18054.0
4215752,,,0.0,,SC,Sul,<5 mil,601.0
4215802,41.757999999999356,1.0795999999999848,25.0,will_not_meet,SC,Sul,50-100 mil,82201.0
4215901,,,0.0,,SC,Sul,<5 mil,636.0
4216008,,,0.0,,SC,Sul,5-20 mil,7683.0
4216057,,,0.0,,SC,Sul,<5 mil,4281.0
4216107,69.74680412371163,2.4963402061856366,6.0,will_not_meet,SC,Sul,5-20 mil,6267.0
4216206,,,2.0,,SC,Sul,50-100 mil,50849.0
4216255,,,1.0,,SC,Sul,<5 mil,2255.0
4216305,,,0.0,,SC,Sul,20-50 mil,35622.0
4216354,,,0.0,,SC,Sul,<5 mil,2121.0
4216404,,,0.0,,SC,Sul,<5 mil,1646.0
4216503,63.75520965382566,1.6915236470013348,15.0,will_not_meet,SC,Sul,5-20 mil,19351.0
4216602,75.4049181253531,1.9102710333144757,22.0,will_not_meet,SC,Sul,100-500 mil,250692.0
4216701,1.0230000000000956,0.06300000000001443,5.0,will_not_meet,SC,Sul,5-20 mil,8525.0
4216800,,,0.0,,SC,Sul,<5 mil,2164.0
4216909,6.097324561403525,0.20135964912280455,8.0,will_not_meet,SC,Sul,5-20 mil,18978.0
4217006,83.24549019607832,-0.14274509803922852,17.0,at_risk,SC,Sul,5-20 mil,12459.0
4217105,,,0.0,,SC,Sul,<5 mil,1213.0
4217154,,,0.0,,SC,Sul,<5 mil,414.0
4217204,0.0,-15.114999999998753,3.0,will_not_meet,SC,Sul,20-50 mil,36428.0
4217253,,,0.0,,SC,Sul,<5 mil,4793.0
4217303,,,0.0,,SC,Sul,5-20 mil,5611.0
4217402,,,0.0,,SC,Sul,20-50 mil,20224.0
4217501,,,0.0,,SC,Sul,5-20 mil,12047.0
4217550,5.511868131868113,0.12235164835164411,14.0,will_not_meet,SC,Sul,<5 mil,1815.0
4217600,,,0.0,,SC,Sul,5-20 mil,10962.0
4217709,74.81763636363608,0.03763636363634561,11.0,will_not_meet,SC,Sul,20-50 mil,22937.0
4217758,66.78642857143836,0.7867857142864173,7.0,will_not_meet,SC,Sul,<5 mil,872.0
4217808,,,0.0,,SC,Sul,5-20 mil,10724.0
4217907,,,0.0,,SC,Sul,<5 mil,4969.0
4217956,,,0.0,,SC,Sul,<5 mil,314.0
4218004,42.94657142856727,-0.8791428571431378,6.0,will_not_meet,SC,Sul,20-50 mil,33501.0
4218103,,,0.0,,SC,Sul,<5 mil,1855.0
4218202,,,1.0,,SC,Sul,20-50 mil,42623.0
4218251,,,0.0,,SC,Sul,<5 mil,4559.0
4218301,0.6238162026375846,-0.08754448398576264,17.0,will_not_meet,SC,Sul,5-20 mil,16489.0
4218350,,,0.0,,SC,Sul,<5 mil,2080.0
4218400,,,0.0,,SC,Sul,<5 mil,3514.0
4218509,112.29507352941073,3.8505147058825,17.0,on_track,SC,Sul,5-20 mil,6051.0
4218608,,,0.0,,SC,Sul,<5 mil,4697.0
4218707,,,2.0,,SC,Sul,50-100 mil,97071.0
4218756,8.635934693877573,0.1837061224489774,11.0,will_not_meet,SC,Sul,<5 mil,1379.0
4218806,150.0,28.47600000000684,5.0,on_track,SC,Sul,5-20 mil,8734.0
4218855,,,0.0,,SC,Sul,<5 mil,899.0
4218905,,,0.0,,SC,Sul,5-20 mil,7470.0
4218954,,,0.0,,SC,Sul,<5 mil,1218.0
4219002,47.9325399129184,1.681596516690859,12.0,will_not_meet,SC,Sul,5-20 mil,12079.0
4219101,,,0.0,,SC,Sul,<5 mil,1839.0
4219150,,,0.0,,SC,Sul,<5 mil,762.0
4219176,,,2.0,,SC,Sul,<5 mil,2464.0
4219200,,,0.0,,SC,Sul,<5 mil,1801.0
4219309,0.37999999999999945,-0.0009999999999999727,4.0,will_not_meet,SC,Sul,20-50 mil,49174.0
4219358,,,0.0,,SC,Sul,<5 mil,1362.0
4219408,,,0.0,,SC,Sul,<5 mil,946.0
4219507,,,0.0,,SC,Sul,20-50 mil,46383.0
4219606,,,0.0,,SC,Sul,<5 mil,1045.0
4219705,,,0.0,,SC,Sul,20-50 mil,23854.0
4219853,,,0.0,,SC,Sul,<5 mil,2680.0
4220000,,,0.0,,SC,Sul,5-20 mil,12031.0
4300034,31.165714285712966,-4.05571428571437,3.0,will_not_meet,RS,Sul,<5 mil,1200.0
4300059,,,1.0,,RS,Sul,<5 mil,1453.0
4300109,,,0.0,,RS,Sul,5-20 mil,6733.0
4300208,,,1.0,,RS,Sul,<5 mil,3936.0
4300307,,,0.0,,RS,Sul,<5 mil,1755.0
4300406,14.72616450216401,-0.6162597402597602,21.0,will_not_meet,RS,Sul,50-100 mil,64970.0
4300455,,,0.0,,RS,Sul,<5 mil,1211.0
4300471,,,0.0,,RS,Sul,<5 mil,791.0
4300505,,,0.0,,RS,Sul,<5 mil,1621.0
4300554,,,0.0,,RS,Sul,<5 mil,639.0
4300570,,,1.0,,RS,Sul,<5 mil,851.0
4300604,29.914504961919874,0.45570043849527225,22.0,will_not_meet,RS,Sul,100-500 mil,212352.0
4300638,,,0.0,,RS,Sul,<5 mil,2096.0
4300646,,,0.0,,RS,Sul,<5 mil,3849.0
4300661,,,0.0,,RS,Sul,<5 mil,551.0
4300703,,,0.0,,RS,Sul,<5 mil,2288.0
4300802,,,1.0,,RS,Sul,5-20 mil,9385.0
4300851,,,0.0,,RS,Sul,<5 mil,2795.0
4300877,,,0.0,,RS,Sul,<5 mil,4268.0
4300901,,,0.0,,RS,Sul,<5 mil,3104.0
4301008,,,0.0,,RS,Sul,5-20 mil,16488.0
4301057,,,0.0,,RS,Sul,5-20 mil,10170.0
4301073,,,0.0,,RS,Sul,<5 mil,493.0
4301107,,,1.0,,RS,Sul,5-20 mil,13523.0
4301206,,,0.0,,RS,Sul,5-20 mil,6341.0
4301305,1.6640267712901675,-0.076732517885992,22.0,will_not_meet,RS,Sul,5-20 mil,15837.0
4301404,,,0.0,,RS,Sul,5-20 mil,6394.0
4301503,,,0.0,,RS,Sul,<5 mil,3373.0
4301552,,,0.0,,RS,Sul,<5 mil,1475.0
4301602,94.57080181715173,1.815623509369716,21.0,on_track,RS,Sul,100-500 mil,101719.0
4301636,,,0.0,,RS,Sul,5-20 mil,14493.0
4301651,0.0,-13.18642857142617,4.0,will_not_meet,RS,Sul,<5 mil,3224.0
4301701,,,0.0,,RS,Sul,<5 mil,4019.0
4301750,,,0.0,,RS,Sul,<5 mil,750.0
4301800,,,0.0,,RS,Sul,<5 mil,2969.0
4301859,,,0.0,,RS,Sul,<5 mil,1450.0
4301875,40.78698529411713,1.4744852941176936,17.0,will_not_meet,RS,Sul,<5 mil,3000.0
4301909,,,0.0,,RS,Sul,5-20 mil,10064.0
4301925,,,0.0,,RS,Sul,<5 mil,326.0
4301958,,,0.0,,RS,Sul,<5 mil,1648.0
4302006,,,0.0,,RS,Sul,<5 mil,3542.0
4302055,,,0.0,,RS,Sul,<5 mil,249.0
4302105,1.1995757575758006,0.05442424242424056,10.0,will_not_meet,RS,Sul,100-500 mil,113671.0
4302154,,,0.0,,RS,Sul,<5 mil,875.0
4302204,,,0.0,,RS,Sul,<5 mil,4458.0
4302220,,,0.0,,RS,Sul,<5 mil,477.0
4302238,,,0.0,,RS,Sul,<5 mil,785.0
4302253,,,0.0,,RS,Sul,<5 mil,391.0
4302303,150.0,6.092683521169704,13.0,on_track,RS,Sul,5-20 mil,8407.0
4302352,,,0.0,,RS,Sul,5-20 mil,11271.0
4302378,,,0.0,,RS,Sul,<5 mil,915.0
4302402,,,0.0,,RS,Sul,5-20 mil,9941.0
4302451,,,0.0,,RS,Sul,<5 mil,1676.0
4302501,,,0.0,,RS,Sul,<5 mil,3281.0
4302584,,,0.0,,RS,Sul,<5 mil,600.0
4302600,29.826666666665005,2.2249999999998726,3.0,will_not_meet,RS,Sul,<5 mil,2016.0
4302659,,,0.0,,RS,Sul,<5 mil,2520.0
4302709,,,1.0,,RS,Sul,5-20 mil,19858.0
4302808,2.089978354978342,-0.05759740259740302,21.0,will_not_meet,RS,Sul,20-50 mil,25249.0
4302907,,,0.0,,RS,Sul,5-20 mil,10742.0
4303004,24.387294372294036,-0.48396103896104986,21.0,will_not_meet,RS,Sul,50-100 mil,69754.0
4303103,42.56622510822456,-0.37070129870131496,21.0,will_not_meet,RS,Sul,100-500 mil,132144.0
4303202,,,0.0,,RS,Sul,<5 mil,1700.0
4303301,,,1.0,,RS,Sul,<5 mil,2661.0
4303400,,,0.0,,RS,Sul,<5 mil,1464.0
4303509,,,2.0,,RS,Sul,50-100 mil,52440.0
4303558,,,0.0,,RS,Sul,<5 mil,1162.0
4303608,,,2.0,,RS,Sul,<5 mil,2967.0
4303673,99.99999999999997,-1.7816088083109486e-15,9.0,on_track,RS,Sul,<5 mil,1290.0
4303707,93.86621833256527,-0.33451404882542063,12.0,on_track,RS,Sul,<5 mil,1905.0
4303806,,,1.0,,RS,Sul,<5 mil,4153.0
4303905,0.045604395604453174,-0.005824175824172241,13.0,will_not_meet,RS,Sul,50-100 mil,66794.0
4304002,,,0.0,,RS,Sul,<5 mil,3216.0
4304101,,,0.0,,RS,Sul,<5 mil,1879.0
4304200,,,1.0,,RS,Sul,5-20 mil,16394.0
4304309,,,0.0,,RS,Sul,<5 mil,1725.0
4304358,0.0,-3.2800877192982916,8.0,will_not_meet,RS,Sul,<5 mil,2875.0
4304408,8.935588235294063,-0.30794117647059255,16.0,will_not_meet,RS,Sul,20-50 mil,41976.0
4304507,66.5452747252757,-2.3552087912086805,14.0,will_not_meet,RS,Sul,20-50 mil,20844.0
4304606,40.385093468727746,0.9052873297946099,22.0,will_not_meet,RS,Sul,100-500 mil,349728.0
4304614,,,0.0,,RS,Sul,<5 mil,385.0
4304622,141.01416666666773,3.546500000000528,9.0,on_track,RS,Sul,<5 mil,463.0
4304630,17.16438596491207,-1.3724912280701904,19.0,will_not_meet,RS,Sul,50-100 mil,54678.0
4304655,,,0.0,,RS,Sul,<5 mil,572.0
4304663,,,0.0,,RS,Sul,20-50 mil,23454.0
4304671,,,0.0,,RS,Sul,<5 mil,3980.0
4304689,,,0.0,,RS,Sul,5-20 mil,7255.0
4304697,1.8965384615372614,-0.33115384615390714,13.0,will_not_meet,RS,Sul,<5 mil,1205.0
4304705,,,0.0,,RS,Sul,50-100 mil,61293.0
4304713,,,0.0,,RS,Sul,<5 mil,1219.0
4304804,96.2152564102571,2.1663286713287615,12.0,on_track,RS,Sul,20-50 mil,24308.0
4304853,,,0.0,,RS,Sul,,
4304903,,,0.0,,RS,Sul,5-20 mil,5337.0
4304952,,,0.0,,RS,Sul,<5 mil,1597.0
4305009,4.89679487179481,-0.09069930069930296,12.0,will_not_meet,RS,Sul,5-20 mil,5553.0
4305108,141.14739990100315,3.7531583434165388,25.0,on_track,RS,Sul,500 mil+,504288.0
4305116,,,1.0,,RS,Sul,<5 mil,917.0
4305124,,,1.0,,RS,Sul,<5 mil,3515.0
4305132,,,0.0,,RS,Sul,<5 mil,1350.0
4305157,0.0,-9.876000000001218,4.0,will_not_meet,RS,Sul,<5 mil,783.0
4305173,,,1.0,,RS,Sul,<5 mil,3043.0
4305207,,,0.0,,RS,Sul,5-20 mil,11330.0
4305306,,,0.0,,RS,Sul,5-20 mil,5474.0
4305355,,,0.0,,RS,Sul,20-50 mil,40725.0
4305371,,,0.0,,RS,Sul,<5 mil,552.0
4305405,,,0.0,,RS,Sul,<5 mil,2250.0
4305439,,,0.0,,RS,Sul,5-20 mil,6578.0
4305447,,,0.0,,RS,Sul,<5 mil,305.0
4305454,12.871403508772005,0.35675438596492043,19.0,will_not_meet,RS,Sul,5-20 mil,16353.0
4305504,,,0.0,,RS,Sul,<5 mil,2378.0
4305587,,,0.0,,RS,Sul,<5 mil,1126.0
4305603,,,0.0,,RS,Sul,<5 mil,1604.0
4305702,,,0.0,,RS,Sul,<5 mil,4166.0
4305801,,,0.0,,RS,Sul,5-20 mil,6611.0
4305835,,,0.0,,RS,Sul,<5 mil,275.0
4305850,,,0.0,,RS,Sul,<5 mil,834.0
4305871,,,0.0,,RS,Sul,<5 mil,1121.0
4305900,,,0.0,,RS,Sul,<5 mil,4718.0
4305934,126.42199999999957,2.133666666666709,9.0,on_track,RS,Sul,<5 mil,162.0
4305959,0.0,-1.292545180722862,7.0,will_not_meet,RS,Sul,<5 mil,1999.0
4305975,,,0.0,,RS,Sul,<5 mil,1681.0
4306007,,,0.0,,RS,Sul,5-20 mil,5770.0
4306056,,,0.0,,RS,Sul,<5 mil,4548.0
4306072,,,0.0,,RS,Sul,<5 mil,937.0
4306106,4.407900432900533,-0.8055194805194917,21.0,will_not_meet,RS,Sul,50-100 mil,57450.0
4306130,12.151025641026195,0.150769230769267,12.0,will_not_meet,RS,Sul,<5 mil,403.0
4306205,,,0.0,,RS,Sul,5-20 mil,7559.0
4306304,,,0.0,,RS,Sul,<5 mil,1932.0
4306320,,,0.0,,RS,Sul,<5 mil,768.0
4306353,,,0.0,,RS,Sul,<5 mil,542.0
4306379,,,0.0,,RS,Sul,<5 mil,967.0
4306403,0.0,-0.7658310919849384,12.0,will_not_meet,RS,Sul,20-50 mil,33187.0
4306429,,,0.0,,RS,Sul,<5 mil,1010.0
4306452,,,0.0,,RS,Sul,<5 mil,1627.0
4306502,,,2.0,,RS,Sul,<5 mil,3607.0
4306551,1.3049999999999642,-0.0300000000000035,4.0,will_not_meet,RS,Sul,<5 mil,732.0
4306601,0.0,-2.1319480519481013,21.0,will_not_meet,RS,Sul,20-50 mil,34642.0
4306700,,,1.0,,RS,Sul,<5 mil,1866.0
4306734,,,0.0,,RS,Sul,<5 mil,2159.0
4306759,0.2745054945061156,-0.3043956043955647,13.0,will_not_meet,RS,Sul,<5 mil,671.0
4306767,36.71357142857369,1.8060714285715596,7.0,will_not_meet,RS,Sul,20-50 mil,38107.0
4306809,,,0.0,,RS,Sul,20-50 mil,20091.0
4306908,2.9294805194805065,0.07480519480519594,21.0,will_not_meet,RS,Sul,5-20 mil,18169.0
4306924,,,0.0,,RS,Sul,<5 mil,366.0
4306932,,,0.0,,RS,Sul,<5 mil,4571.0
4306957,,,0.0,,RS,Sul,<5 mil,1884.0
4306973,,,0.0,,RS,Sul,<5 mil,1963.0
4307005,,,0.0,,RS,Sul,100-500 mil,101183.0
4307054,,,0.0,,RS,Sul,<5 mil,1716.0
4307104,127.024047619042,2.0822619047616375,8.0,on_track,RS,Sul,<5 mil,4555.0
4307203,,,1.0,,RS,Sul,<5 mil,2490.0
4307302,,,0.0,,RS,Sul,<5 mil,2922.0
4307401,,,0.0,,RS,Sul,<5 mil,2211.0
4307450,,,0.0,,RS,Sul,<5 mil,734.0
4307500,5.6523626373632965,-0.2089560439560037,13.0,will_not_meet,RS,Sul,5-20 mil,11390.0
4307559,,,0.0,,RS,Sul,5-20 mil,5045.0
4307609,0.0,-0.21307792207792295,21.0,will_not_meet,RS,Sul,20-50 mil,49979.0
4307708,19.517844155844386,0.5390129870129905,21.0,will_not_meet,RS,Sul,50-100 mil,83236.0
4307807,150.0,9.936986584107824,11.0,on_track,RS,Sul,20-50 mil,29341.0
4307815,,,0.0,,RS,Sul,<5 mil,1173.0
4307864,,,2.0,,RS,Sul,<5 mil,1379.0
4307906,,,0.0,,RS,Sul,50-100 mil,63811.0
4308003,127.2616666666654,2.4549999999999668,3.0,on_track,RS,Sul,<5 mil,4162.0
4308052,,,0.0,,RS,Sul,<5 mil,1119.0
4308078,,,0.0,,RS,Sul,<5 mil,2548.0
4308102,,,0.0,,RS,Sul,5-20 mil,10459.0
4308201,,,1.0,,RS,Sul,20-50 mil,24104.0
4308250,,,2.0,,RS,Sul,<5 mil,247.0
4308300,,,1.0,,RS,Sul,<5 mil,3894.0
4308409,,,0.0,,RS,Sul,<5 mil,2593.0
4308433,,,0.0,,RS,Sul,<5 mil,451.0
4308458,,,0.0,,RS,Sul,<5 mil,2782.0
4308508,5.060500000000133,-0.08779999999999302,4.0,will_not_meet,RS,Sul,20-50 mil,25624.0
4308607,84.24602564102588,2.8230419580419923,12.0,at_risk,RS,Sul,20-50 mil,31737.0
4308656,,,0.0,,RS,Sul,<5 mil,932.0
4308706,,,0.0,,RS,Sul,<5 mil,3148.0
4308805,,,0.0,,RS,Sul,<5 mil,4903.0
4308854,,,0.0,,RS,Sul,<5 mil,698.0
4308904,,,0.0,,RS,Sul,5-20 mil,13865.0
4309001,,,0.0,,RS,Sul,5-20 mil,11890.0
4309050,87.82988095238397,4.850595238095873,8.0,at_risk,RS,Sul,<5 mil,2491.0
4309100,33.95585294117643,0.48173529411764515,16.0,will_not_meet,RS,Sul,20-50 mil,33140.0
4309126,,,0.0,,RS,Sul,<5 mil,472.0
4309159,,,0.0,,RS,Sul,<5 mil,583.0
4309209,26.364523809523348,-0.3821428571428784,21.0,will_not_meet,RS,Sul,100-500 mil,271978.0
4309258,,,0.0,,RS,Sul,<5 mil,683.0
4309308,15.4952910223858,0.47470943918763536,22.0,will_not_meet,RS,Sul,50-100 mil,96121.0
4309407,150.0,4.610606060606355,8.0,on_track,RS,Sul,20-50 mil,23909.0
4309506,,,0.0,,RS,Sul,<5 mil,4582.0
4309555,,,0.0,,RS,Sul,<5 mil,2839.0
4309571,,,0.0,,RS,Sul,<5 mil,392.0
4309605,48.35461538461459,1.6946923076922091,4.0,will_not_meet,RS,Sul,5-20 mil,15441.0
4309654,143.64352941177276,5.787647058823528,10.0,on_track,RS,Sul,<5 mil,3319.0
4309704,,,0.0,,RS,Sul,<5 mil,2789.0
4309753,,,0.0,,RS,Sul,<5 mil,1058.0
4309803,,,0.0,,RS,Sul,<5 mil,2837.0
4309902,,,0.0,,RS,Sul,<5 mil,3868.0
4309951,,,0.0,,RS,Sul,<5 mil,2348.0
4310009,,,0.0,,RS,Sul,5-20 mil,16267.0
4310108,1.7131578947368524,-0.04600000000000068,19.0,will_not_meet,RS,Sul,20-50 mil,36001.0
4310207,36.16722222222961,1.9636666666673797,9.0,will_not_meet,RS,Sul,50-100 mil,76198.0
4310306,,,0.0,,RS,Sul,<5 mil,2181.0
4310330,0.8744444444445634,0.03600000000001225,9.0,will_not_meet,RS,Sul,20-50 mil,23709.0
4310363,,,0.0,,RS,Sul,<5 mil,1539.0
4310405,,,0.0,,RS,Sul,<5 mil,3803.0
4310413,,,0.0,,RS,Sul,<5 mil,1310.0
4310439,88.86089775561118,-0.6053117206982105,6.0,at_risk,RS,Sul,<5 mil,3262.0
4310462,,,0.0,,RS,Sul,<5 mil,654.0
4310504,17.435438596491288,0.007140350877196115,19.0,will_not_meet,RS,Sul,<5 mil,3888.0
4310538,,,0.0,,RS,Sul,<5 mil,4414.0
4310553,,,0.0,,RS,Sul,<5 mil,1189.0
4310579,1.7989285714274956,-1.1389285714286455,7.0,will_not_meet,RS,Sul,<5 mil,485.0
4310603,,,1.0,,RS,Sul,20-50 mil,32616.0
4310652,,,0.0,,RS,Sul,<5 mil,195.0
4310702,,,0.0,,RS,Sul,<5 mil,1303.0
4310751,32.770462287109694,-4.707360097323358,10.0,will_not_meet,RS,Sul,<5 mil,606.0
4310801,15.523999999999774,0.31200000000001,5.0,will_not_meet,RS,Sul,20-50 mil,22782.0
4310850,,,0.0,,RS,Sul,<5 mil,1356.0
4310876,,,0.0,,RS,Sul,<5 mil,609.0
4310900,,,2.0,,RS,Sul,<5 mil,2501.0
4311007,14.141926406926132,-0.7824025974026031,21.0,will_not_meet,RS,Sul,20-50 mil,24606.0
4311106,,,0.0,,RS,Sul,5-20 mil,6082.0
4311122,,,2.0,,RS,Sul,<5 mil,2101.0
4311130,,,0.0,,RS,Sul,<5 mil,595.0
4311155,,,1.0,,RS,Sul,<5 mil,2148.0
4311205,,,0.0,,RS,Sul,5-20 mil,15761.0
4311239,,,0.0,,RS,Sul,<5 mil,424.0
4311254,38.69054888507799,-1.5769210977701125,9.0,will_not_meet,RS,Sul,<5 mil,1731.0
4311270,,,0.0,,RS,Sul,<5 mil,810.0
4311304,,,0.0,,RS,Sul,20-50 mil,24334.0
4311403,0.0,-0.3531818181818358,11.0,will_not_meet,RS,Sul,50-100 mil,85686.0
4311429,0.0,-10.6648571428595,6.0,will_not_meet,RS,Sul,<5 mil,728.0
4311502,,,0.0,,RS,Sul,<5 mil,4591.0
4311601,,,0.0,,RS,Sul,<5 mil,1141.0
4311627,15.82754385964995,0.9191228070176299,5.0,will_not_meet,RS,Sul,5-20 mil,5024.0
4311643,,,0.0,,RS,Sul,<5 mil,442.0
4311700,,,0.0,,RS,Sul,<5 mil,3324.0
4311718,,,1.0,,RS,Sul,<5 mil,1255.0
4311734,31.80107142857105,-1.6096428571429369,7.0,will_not_meet,RS,Sul,<5 mil,561.0
4311759,,,0.0,,RS,Sul,5-20 mil,5546.0
4311775,,,0.0,,RS,Sul,<5 mil,2017.0
4311791,29.00000000000182,1.423000000000025,4.0,will_not_meet,RS,Sul,<5 mil,808.0
4311809,150.0,5.705000000000004,7.0,on_track,RS,Sul,20-50 mil,39507.0
4311908,,,0.0,,RS,Sul,<5 mil,2247.0
4311981,150.0,34.639285714275346,3.0,on_track,RS,Sul,<5 mil,659.0
4312005,,,0.0,,RS,Sul,<5 mil,1037.0
4312054,,,0.0,,RS,Sul,<5 mil,1512.0
4312104,,,0.0,,RS,Sul,<5 mil,2438.0
4312138,0.0,-15.871428571428698,3.0,will_not_meet,RS,Sul,<5 mil,536.0
4312153,0.8254285714285885,0.013428571428572678,4.0,will_not_meet,RS,Sul,<5 mil,1941.0
4312179,,,0.0,,RS,Sul,<5 mil,429.0
4312203,0.0,-13.644999999996351,3.0,will_not_meet,RS,Sul,<5 mil,2576.0
4312252,150.0,34.314285714286314,3.0,on_track,RS,Sul,5-20 mil,7820.0
4312302,,,0.0,,RS,Sul,<5 mil,2088.0
4312351,,,0.0,,RS,Sul,<5 mil,597.0
4312377,7.110801282050431,-0.21548076923082543,9.0,will_not_meet,RS,Sul,<5 mil,673.0
4312385,41.054000000001,0.8830000000000513,5.0,will_not_meet,RS,Sul,<5 mil,725.0
4312401,,,1.0,,RS,Sul,50-100 mil,59714.0
4312427,,,0.0,,RS,Sul,<5 mil,685.0
4312443,150.0,8.537839805824733,7.0,on_track,RS,Sul,<5 mil,1181.0
4312450,0.0,-29.587297297308652,5.0,will_not_meet,RS,Sul,<5 mil,2810.0
4312476,,,2.0,,RS,Sul,5-20 mil,5603.0
4312500,0.0,-61.9529999999921,4.0,will_not_meet,RS,Sul,5-20 mil,8656.0
4312609,31.381789297659907,1.2644314381271862,10.0,will_not_meet,RS,Sul,<5 mil,4193.0
4312617,104.27514285715915,4.412571428572347,6.0,on_track,RS,Sul,<5 mil,1034.0
4312625,,,0.0,,RS,Sul,<5 mil,533.0
4312658,,,0.0,,RS,Sul,5-20 mil,15675.0
4312674,,,0.0,,RS,Sul,<5 mil,616.0
4312708,,,0.0,,RS,Sul,5-20 mil,8690.0
4312757,,,0.0,,RS,Sul,<5 mil,1548.0
4312807,,,0.0,,RS,Sul,<5 mil,3520.0
4312906,,,0.0,,RS,Sul,5-20 mil,6293.0
4312955,,,0.0,,RS,Sul,<5 mil,510.0
4313003,,,0.0,,RS,Sul,<5 mil,1587.0
4313011,,,0.0,,RS,Sul,<5 mil,690.0
4313037,,,0.0,,RS,Sul,<5 mil,4211.0
4313060,23.75342857143005,-2.690857142856912,6.0,will_not_meet,RS,Sul,5-20 mil,18432.0
4313086,,,1.0,,RS,Sul,<5 mil,766.0
4313102,,,1.0,,RS,Sul,<5 mil,3169.0
4313201,,,0.0,,RS,Sul,5-20 mil,16117.0
4313300,,,0.0,,RS,Sul,20-50 mil,22902.0
4313334,,,0.0,,RS,Sul,<5 mil,603.0
4313359,,,0.0,,RS,Sul,<5 mil,1775.0
4313375,,,0.0,,RS,Sul,20-50 mil,26133.0
4313391,0.0,-1.9536955352339602,12.0,will_not_meet,RS,Sul,<5 mil,600.0
4313409,12.375573787959183,0.3629978689397881,21.0,will_not_meet,RS,Sul,100-500 mil,243016.0
4313425,,,0.0,,RS,Sul,<5 mil,1288.0
4313441,,,0.0,,RS,Sul,<5 mil,629.0
4313466,,,0.0,,RS,Sul,<5 mil,538.0
4313490,,,0.0,,RS,Sul,<5 mil,1374.0
4313508,5.743454545454142,0.2639090909090613,11.0,will_not_meet,RS,Sul,20-50 mil,43394.0
4313607,,,0.0,,RS,Sul,<5 mil,1981.0
4313656,,,0.0,,RS,Sul,5-20 mil,10136.0
4313706,,,0.0,,RS,Sul,20-50 mil,28648.0
4313805,,,0.0,,RS,Sul,<5 mil,3460.0
4313904,1.4366666666666674,0.06500000000000132,3.0,will_not_meet,RS,Sul,20-50 mil,40488.0
4313953,150.0,24.48514285714295,4.0,on_track,RS,Sul,5-20 mil,7558.0
4314001,,,0.0,,RS,Sul,<5 mil,4366.0
4314027,,,0.0,,RS,Sul,<5 mil,2968.0
4314035,,,0.0,,RS,Sul,<5 mil,1085.0
4314050,,,1.0,,RS,Sul,50-100 mil,56109.0
4314068,,,0.0,,RS,Sul,<5 mil,623.0
4314076,,,0.0,,RS,Sul,<5 mil,1572.0
4314100,27.148982683982467,0.17435064935063996,21.0,will_not_meet,RS,Sul,100-500 mil,200855.0
4314134,,,0.0,,RS,Sul,<5 mil,619.0
4314159,,,1.0,,RS,Sul,<5 mil,4351.0
4314175,,,1.0,,RS,Sul,<5 mil,669.0
4314209,,,0.0,,RS,Sul,5-20 mil,7181.0
4314308,,,0.0,,RS,Sul,<5 mil,2583.0
4314407,66.606587109663,0.5267374618862407,25.0,will_not_meet,RS,Sul,100-500 mil,320698.0
4314423,,,0.0,,RS,Sul,5-20 mil,5085.0
4314456,16.26329670329605,-0.1204395604395974,13.0,will_not_meet,RS,Sul,<5 mil,1325.0
4314464,,,0.0,,RS,Sul,<5 mil,425.0
4314472,38.67604966139788,-0.54546275395046,10.0,will_not_meet,RS,Sul,<5 mil,1826.0
4314498,0.0,-7.493493975903595,4.0,will_not_meet,RS,Sul,<5 mil,1002.0
4314506,126.42906030855556,2.1713464235625444,11.0,on_track,RS,Sul,5-20 mil,9280.0
4314548,,,0.0,,RS,Sul,<5 mil,2833.0
4314555,,,0.0,,RS,Sul,<5 mil,621.0
4314605,,,0.0,,RS,Sul,5-20 mil,12096.0
4314704,,,2.0,,RS,Sul,5-20 mil,5612.0
4314753,,,0.0,,RS,Sul,<5 mil,899.0
4314779,,,0.0,,RS,Sul,<5 mil,1576.0
4314787,6.256000000000576,0.028000000000028745,5.0,will_not_meet,RS,Sul,<5 mil,439.0
4314803,,,0.0,,RS,Sul,20-50 mil,31130.0
4314902,75.03356495468256,0.6040856728808944,26.0,will_not_meet,RS,Sul,500 mil+,1492530.0
4315008,,,0.0,,RS,Sul,<5 mil,1944.0
4315057,,,0.0,,RS,Sul,<5 mil,875.0
4315073,0.0,-0.7666433566433652,12.0,will_not_meet,RS,Sul,<5 mil,299.0
4315107,,,1.0,,RS,Sul,5-20 mil,5006.0
4315131,,,0.0,,RS,Sul,<5 mil,535.0
4315149,,,0.0,,RS,Sul,<5 mil,1808.0
4315156,,,0.0,,RS,Sul,<5 mil,1895.0
4315172,,,1.0,,RS,Sul,<5 mil,412.0
4315206,,,0.0,,RS,Sul,<5 mil,1470.0
4315305,59.13473684210521,1.3352105263157976,19.0,will_not_meet,RS,Sul,20-50 mil,20856.0
4315313,19.823846153846034,-0.9223426573426463,12.0,will_not_meet,RS,Sul,<5 mil,960.0
4315321,,,0.0,,RS,Sul,<5 mil,878.0
4315354,,,0.0,,RS,Sul,<5 mil,2045.0
4315404,,,0.0,,RS,Sul,<5 mil,3460.0
4315453,,,0.0,,RS,Sul,<5 mil,704.0
4315503,,,1.0,,RS,Sul,5-20 mil,8899.0
4315552,,,0.0,,RS,Sul,<5 mil,537.0
4315602,12.334134199133814,-0.9417532467532608,21.0,will_not_meet,RS,Sul,100-500 mil,204463.0
4315701,,,2.0,,RS,Sul,20-50 mil,26068.0
4315750,,,0.0,,RS,Sul,<5 mil,2982.0
4315800,,,2.0,,RS,Sul,5-20 mil,7416.0
4315909,,,0.0,,RS,Sul,<5 mil,4404.0
4315958,,,0.0,,RS,Sul,<5 mil,542.0
4316006,0.0,-11.675000000004951,3.0,will_not_meet,RS,Sul,5-20 mil,16965.0
4316105,,,0.0,,RS,Sul,5-20 mil,7144.0
4316204,13.090727272727207,-0.09872727272727326,10.0,will_not_meet,RS,Sul,<5 mil,2113.0
4316303,,,0.0,,RS,Sul,<5 mil,2893.0
4316402,7.982121212121001,-0.40116883116883545,21.0,will_not_meet,RS,Sul,20-50 mil,34494.0
4316428,,,0.0,,RS,Sul,<5 mil,788.0
4316436,,,0.0,,RS,Sul,<5 mil,1744.0
4316451,0.0,-5.06258241758213,13.0,will_not_meet,RS,Sul,5-20 mil,10751.0
4316477,0.8747619047619013,-0.0028571428571430163,6.0,will_not_meet,RS,Sul,<5 mil,1121.0
4316501,,,0.0,,RS,Sul,<5 mil,4739.0
4316600,,,0.0,,RS,Sul,5-20 mil,11399.0
4316709,,,0.0,,RS,Sul,5-20 mil,6181.0
4316733,,,0.0,,RS,Sul,<5 mil,473.0
4316758,,,0.0,,RS,Sul,<5 mil,3385.0
4316808,9.491393939393902,-0.28929870129870655,21.0,will_not_meet,RS,Sul,100-500 mil,117539.0
4316907,39.195311376386826,-0.8367273119515461,23.0,will_not_meet,RS,Sul,100-500 mil,271303.0
4316956,,,0.0,,RS,Sul,<5 mil,4599.0
4316972,,,0.0,,RS,Sul,<5 mil,609.0
4317004,108.55209090909011,0.8862727272726967,11.0,on_track,RS,Sul,<5 mil,3630.0
4317103,36.54544887348334,-0.21283015597919833,24.0,will_not_meet,RS,Sul,50-100 mil,68259.0
4317202,26.27163636363639,0.23293506493506674,21.0,will_not_meet,RS,Sul,50-100 mil,65026.0
4317251,0.0,-4.988951048951026,12.0,will_not_meet,RS,Sul,<5 mil,628.0
4317301,0.0,-4.291935483870802,3.0,will_not_meet,RS,Sul,20-50 mil,25422.0
4317400,100.76767676767668,4.171590909090957,9.0,on_track,RS,Sul,20-50 mil,44942.0
4317509,22.341965367965372,0.3027012987012997,21.0,will_not_meet,RS,Sul,50-100 mil,72999.0
4317558,,,0.0,,RS,Sul,<5 mil,674.0
4317608,,,2.0,,RS,Sul,20-50 mil,30744.0
4317707,,,0.0,,RS,Sul,5-20 mil,6013.0
4317756,,,0.0,,RS,Sul,<5 mil,1252.0
4317806,,,0.0,,RS,Sul,5-20 mil,11254.0
4317905,,,0.0,,RS,Sul,5-20 mil,7672.0
4317954,,,0.0,,RS,Sul,<5 mil,810.0
4318002,0.0,-1.0805194805194867,21.0,will_not_meet,RS,Sul,50-100 mil,53437.0
4318051,,,0.0,,RS,Sul,<5 mil,1847.0
4318101,13.624684210526311,0.27378947368420525,20.0,will_not_meet,RS,Sul,5-20 mil,12673.0
4318200,,,0.0,,RS,Sul,5-20 mil,13849.0
4318309,21.755045454545552,0.1771688311688347,20.0,will_not_meet,RS,Sul,50-100 mil,55343.0
4318408,,,1.0,,RS,Sul,5-20 mil,18931.0
4318424,,,0.0,,RS,Sul,<5 mil,2242.0
4318432,96.54054545454576,0.14736363636364966,11.0,on_track,RS,Sul,<5 mil,1303.0
4318440,,,0.0,,RS,Sul,<5 mil,1469.0
4318457,,,0.0,,RS,Sul,<5 mil,758.0
4318465,,,0.0,,RS,Sul,<5 mil,754.0
4318481,,,0.0,,RS,Sul,<5 mil,3181.0
4318499,,,0.0,,RS,Sul,<5 mil,771.0
4318507,,,2.0,,RS,Sul,5-20 mil,18994.0
4318606,,,1.0,,RS,Sul,<5 mil,4427.0
4318614,,,0.0,,RS,Sul,<5 mil,852.0
4318622,99.99999999999994,-1.020542644286217e-15,6.0,on_track,RS,Sul,<5 mil,2231.0
4318705,31.45760672116262,0.5575197872064327,27.0,will_not_meet,RS,Sul,100-500 mil,239425.0
4318804,0.0,-0.04249999999999666,9.0,will_not_meet,RS,Sul,20-50 mil,24456.0
4318903,0.0,-4.365000000000435,3.0,will_not_meet,RS,Sul,20-50 mil,29244.0
4319000,121.04166666666606,3.2249999999998584,3.0,on_track,RS,Sul,5-20 mil,19045.0
4319109,,,0.0,,RS,Sul,<5 mil,3181.0
4319125,,,0.0,,RS,Sul,<5 mil,950.0
4319158,,,0.0,,RS,Sul,<5 mil,3863.0
4319208,,,0.0,,RS,Sul,<5 mil,3322.0
4319307,,,0.0,,RS,Sul,<5 mil,1954.0
4319356,,,0.0,,RS,Sul,<5 mil,1673.0
4319364,,,0.0,,RS,Sul,<5 mil,571.0
4319372,,,0.0,,RS,Sul,<5 mil,1241.0
4319406,,,1.0,,RS,Sul,5-20 mil,11734.0
4319505,,,0.0,,RS,Sul,20-50 mil,21003.0
4319604,17.627627365354783,-3.4484133915576445,8.0,will_not_meet,RS,Sul,5-20 mil,18579.0
4319703,,,0.0,,RS,Sul,<5 mil,1546.0
4319711,,,0.0,,RS,Sul,<5 mil,772.0
4319737,,,0.0,,RS,Sul,<5 mil,526.0
4319752,,,0.0,,RS,Sul,<5 mil,1592.0
4319802,150.0,9.716267605634043,6.0,on_track,RS,Sul,5-20 mil,6091.0
4319901,5.107142857143344,0.2728571428571697,7.0,will_not_meet,RS,Sul,50-100 mil,77616.0
4320008,2.9734761904761626,-0.1570000000000008,21.0,will_not_meet,RS,Sul,100-500 mil,141977.0
4320107,,,1.0,,RS,Sul,20-50 mil,21091.0
4320206,,,0.0,,RS,Sul,5-20 mil,5804.0
4320230,,,0.0,,RS,Sul,<5 mil,1510.0
4320263,,,2.0,,RS,Sul,<5 mil,1865.0
4320305,,,0.0,,RS,Sul,<5 mil,3579.0
4320321,,,0.0,,RS,Sul,<5 mil,863.0
4320354,,,0.0,,RS,Sul,<5 mil,1390.0
4320404,,,0.0,,RS,Sul,5-20 mil,15285.0
4320453,,,0.0,,RS,Sul,<5 mil,439.0
4320503,,,0.0,,RS,Sul,<5 mil,2809.0
4320552,,,0.0,,RS,Sul,<5 mil,1439.0
4320578,,,0.0,,RS,Sul,<5 mil,449.0
4320602,,,0.0,,RS,Sul,<5 mil,1313.0
4320651,,,0.0,,RS,Sul,<5 mil,1054.0
4320677,,,0.0,,RS,Sul,<5 mil,1449.0
4320701,,,0.0,,RS,Sul,5-20 mil,11949.0
4320800,,,0.0,,RS,Sul,20-50 mil,24850.0
4320859,,,0.0,,RS,Sul,<5 mil,1438.0
4320909,11.468095238095202,-0.8528571428571022,6.0,will_not_meet,RS,Sul,20-50 mil,22158.0
4321006,5.14698701298704,0.1152987012987036,21.0,will_not_meet,RS,Sul,5-20 mil,8922.0
4321105,2.0355714285713873,0.07285714285714034,20.0,will_not_meet,RS,Sul,5-20 mil,15117.0
4321204,,,0.0,,RS,Sul,20-50 mil,47832.0
4321303,,,0.0,,RS,Sul,20-50 mil,22558.0
4321329,,,0.0,,RS,Sul,<5 mil,1209.0
4321352,,,0.0,,RS,Sul,<5 mil,3381.0
4321402,,,0.0,,RS,Sul,5-20 mil,8632.0
4321436,,,0.0,,RS,Sul,5-20 mil,5955.0
4321451,,,0.0,,RS,Sul,20-50 mil,29311.0
4321469,,,0.0,,RS,Sul,<5 mil,1315.0
4321477,,,0.0,,RS,Sul,<5 mil,1796.0
4321493,,,0.0,,RS,Sul,<5 mil,570.0
4321501,41.41843290043295,-0.22576623376622756,21.0,will_not_meet,RS,Sul,20-50 mil,37886.0
4321600,5.245926406925946,-0.9912597402597505,21.0,will_not_meet,RS,Sul,50-100 mil,52210.0
4321626,0.0,-5.606999999999377,4.0,will_not_meet,RS,Sul,<5 mil,915.0
4321634,,,0.0,,RS,Sul,<5 mil,942.0
4321667,,,0.0,,RS,Sul,5-20 mil,8204.0
4321709,,,0.0,,RS,Sul,20-50 mil,24940.0
4321808,,,0.0,,RS,Sul,5-20 mil,19058.0
4321832,75.00533333333442,-1.1146666666665515,10.0,will_not_meet,RS,Sul,<5 mil,349.0
4321857,,,0.0,,RS,Sul,<5 mil,2019.0
4321907,0.8395735294117443,0.017882352941175857,16.0,will_not_meet,RS,Sul,5-20 mil,18922.0
4321956,,,0.0,,RS,Sul,<5 mil,2896.0
4322004,0.0,0.0,7.0,will_not_meet,RS,Sul,5-20 mil,19710.0
4322103,,,0.0,,RS,Sul,<5 mil,3839.0
4322152,8.71588383838457,-0.4112878787878051,9.0,will_not_meet,RS,Sul,<5 mil,1434.0
4322186,,,1.0,,RS,Sul,<5 mil,435.0
4322202,,,0.0,,RS,Sul,5-20 mil,19557.0
4322251,0.0,-9.233928571427716,7.0,will_not_meet,RS,Sul,<5 mil,3480.0
4322301,,,0.0,,RS,Sul,<5 mil,4782.0
4322327,,,0.0,,RS,Sul,<5 mil,1439.0
4322343,,,1.0,,RS,Sul,<5 mil,490.0
4322350,,,0.0,,RS,Sul,<5 mil,204.0
4322376,,,0.0,,RS,Sul,<5 mil,859.0
4322400,112.41397402597431,3.244883116883149,21.0,on_track,RS,Sul,100-500 mil,118661.0
4322509,100.00000000000006,1.9934076026768305e-15,5.0,on_track,RS,Sul,50-100 mil,62549.0
4322525,,,1.0,,RS,Sul,<5 mil,953.0
4322533,,,0.0,,RS,Sul,<5 mil,1339.0
4322541,,,0.0,,RS,Sul,5-20 mil,5394.0
4322558,,,1.0,,RS,Sul,<5 mil,1075.0
4322608,39.5400000000036,2.8390000000000897,4.0,will_not_meet,RS,Sul,20-50 mil,45435.0
4322707,12.791759259258924,-1.7177469135802206,18.0,will_not_meet,RS,Sul,5-20 mil,15176.0
4322806,0.0,-94.50681011295974,12.0,will_not_meet,RS,Sul,20-50 mil,23325.0
4322855,,,0.0,,RS,Sul,<5 mil,369.0
4322905,,,0.0,,RS,Sul,<5 mil,2303.0
4323002,4.919475630251668,0.12619159663863175,20.0,will_not_meet,RS,Sul,100-500 mil,241806.0
4323101,,,0.0,,RS,Sul,<5 mil,2015.0
4323200,,,0.0,,RS,Sul,<5 mil,1201.0
4323309,,,0.0,,RS,Sul,<5 mil,1432.0
4323358,104.74849315068104,0.9477397260270948,7.0,on_track,RS,Sul,<5 mil,352.0
4323408,,,0.0,,RS,Sul,<5 mil,2327.0
4323457,27.803000000001205,-0.05899999999991081,5.0,will_not_meet,RS,Sul,<5 mil,2222.0
4323507,,,0.0,,RS,Sul,<5 mil,1141.0
4323606,,,0.0,,RS,Sul,<5 mil,458.0
4323705,,,0.0,,RS,Sul,<5 mil,1000.0
4323754,,,0.0,,RS,Sul,<5 mil,586.0
4323770,,,0.0,,RS,Sul,<5 mil,1232.0
4323804,46.3634551495029,1.4657059800665946,17.0,will_not_meet,RS,Sul,5-20 mil,17050.0
5000203,,,0.0,,MS,Centro-Oeste,5-20 mil,10663.0
5000252,108.29533333333166,5.571999999999817,6.0,on_track,MS,Centro-Oeste,<5 mil,3767.0
5000609,63.477413533834806,1.8237518796991907,20.0,will_not_meet,MS,Centro-Oeste,20-50 mil,25929.0
5000708,44.45138235294098,1.691088235294112,16.0,will_not_meet,MS,Centro-Oeste,20-50 mil,20913.0
5000807,150.0,22.850000000000477,3.0,on_track,MS,Centro-Oeste,<5 mil,4639.0
5000856,41.72379120878668,1.9166483516481008,13.0,will_not_meet,MS,Centro-Oeste,5-20 mil,9279.0
5000906,25.17583333333323,1.0596568627451373,17.0,will_not_meet,MS,Centro-Oeste,5-20 mil,7555.0
5001003,31.435669172932194,0.841398496240576,20.0,will_not_meet,MS,Centro-Oeste,20-50 mil,23757.0
5001102,18.77015723270449,0.2984501347708903,24.0,will_not_meet,MS,Centro-Oeste,20-50 mil,37950.0
5001243,53.590000000000146,3.8400000000000634,3.0,will_not_meet,MS,Centro-Oeste,5-20 mil,6538.0
5001508,,,0.0,,MS,Centro-Oeste,<5 mil,4993.0
5001904,47.524909090907386,2.345818181818021,11.0,will_not_meet,MS,Centro-Oeste,5-20 mil,18143.0
5002001,150.0,11.753000000002718,5.0,on_track,MS,Centro-Oeste,5-20 mil,8660.0
5002100,42.559901436214886,1.0053449732469624,22.0,will_not_meet,MS,Centro-Oeste,20-50 mil,20283.0
5002159,117.36891729323543,3.7418496240600527,20.0,on_track,MS,Centro-Oeste,5-20 mil,5645.0
5002209,135.8215019762838,3.1996047430829435,22.0,on_track,MS,Centro-Oeste,5-20 mil,18481.0
5002308,0.0,-22.113727272728564,11.0,will_not_meet,MS,Centro-Oeste,5-20 mil,8019.0
5002407,62.5014172686615,2.2699587203302696,18.0,will_not_meet,MS,Centro-Oeste,20-50 mil,22031.0
5002605,91.03080862533716,2.0443762033115114,24.0,on_track,MS,Centro-Oeste,5-20 mil,9833.0
5002704,89.0530053908351,1.890681555641127,24.0,at_risk,MS,Centro-Oeste,500 mil+,903713.0
5002803,119.7362820512808,4.961643356643338,12.0,on_track,MS,Centro-Oeste,<5 mil,3747.0
5002902,0.0,-1.8719260700389475,10.0,will_not_meet,MS,Centro-Oeste,20-50 mil,20003.0
5002951,86.99861111111113,3.8905000000004857,9.0,at_risk,MS,Centro-Oeste,20-50 mil,22627.0
5003108,0.0,-5.109521276597184,7.0,will_not_meet,MS,Centro-Oeste,<5 mil,2371.0
5003157,65.22409679877865,1.9632710873982055,17.0,will_not_meet,MS,Centro-Oeste,5-20 mil,11213.0
5003207,108.3551282051285,4.2915734265734535,12.0,on_track,MS,Centro-Oeste,100-500 mil,101532.0
5003256,138.03911764706208,4.83088235294131,17.0,on_track,MS,Centro-Oeste,5-20 mil,18354.0
5003306,18.76683229813625,0.6304234895539012,22.0,will_not_meet,MS,Centro-Oeste,20-50 mil,30403.0
5003454,113.31000000000859,8.365000000000217,4.0,on_track,MS,Centro-Oeste,5-20 mil,10795.0
5003488,150.0,11.199999999999687,3.0,on_track,MS,Centro-Oeste,5-20 mil,5243.0
5003504,0.0,-3.0990000000001166,4.0,will_not_meet,MS,Centro-Oeste,<5 mil,3691.0
5003702,83.8565453728661,2.0475221409318505,24.0,at_risk,MS,Centro-Oeste,100-500 mil,210510.0
5003751,18.16726190475876,0.04619047619026093,8.0,will_not_meet,MS,Centro-Oeste,5-20 mil,9950.0
5003801,31.246661654135778,1.0092030075187717,20.0,will_not_meet,MS,Centro-Oeste,5-20 mil,17071.0
5003900,26.830000000002656,1.8670000000000573,4.0,will_not_meet,MS,Centro-Oeste,<5 mil,1602.0
5004007,26.353333333332785,-0.9700000000000562,3.0,will_not_meet,MS,Centro-Oeste,5-20 mil,7675.0
5004106,124.00047619047837,7.535714285713984,6.0,on_track,MS,Centro-Oeste,5-20 mil,8266.0
5004304,76.27078787878872,3.793212121212027,10.0,will_not_meet,MS,Centro-Oeste,5-20 mil,12040.0
5004403,0.0,-3.5474285714283695,6.0,will_not_meet,MS,Centro-Oeste,<5 mil,4806.0
5004502,7.470474308300368,0.03877470355731034,22.0,will_not_meet,MS,Centro-Oeste,5-20 mil,16228.0
5004601,,,0.0,,MS,Centro-Oeste,5-20 mil,8821.0
5004700,,,0.0,,MS,Centro-Oeste,5-20 mil,17998.0
5004809,150.0,31.21999999999981,3.0,on_track,MS,Centro-Oeste,<5 mil,1697.0
5004908,,,0.0,,MS,Centro-Oeste,<5 mil,2068.0
5005004,41.78997549019596,1.4577696078431814,17.0,will_not_meet,MS,Centro-Oeste,20-50 mil,24636.0
5005103,107.7922549019595,3.301666666666739,17.0,on_track,MS,Centro-Oeste,<5 mil,1873.0
5005152,39.93263128176113,1.1434839073969225,22.0,will_not_meet,MS,Centro-Oeste,<5 mil,4564.0
5005202,60.7769090909087,2.6509999999998697,11.0,will_not_meet,MS,Centro-Oeste,20-50 mil,22778.0
5005251,30.76333333333423,1.9850000000001111,3.0,will_not_meet,MS,Centro-Oeste,<5 mil,3161.0
5005400,30.586541353383836,0.8740751879699092,20.0,will_not_meet,MS,Centro-Oeste,20-50 mil,42165.0
5005608,78.08656126482128,2.4350197628457866,22.0,will_not_meet,MS,Centro-Oeste,5-20 mil,17287.0
5005681,,,0.0,,MS,Centro-Oeste,5-20 mil,16646.0
5005707,35.691727352753105,0.9330053617157696,23.0,will_not_meet,MS,Centro-Oeste,50-100 mil,52142.0
5005806,69.34929323308279,2.0146240601503282,20.0,will_not_meet,MS,Centro-Oeste,5-20 mil,6764.0
5006002,41.71500000000378,2.867000000000073,4.0,will_not_meet,MS,Centro-Oeste,5-20 mil,17172.0
5006200,35.72615196078368,1.339828431372586,17.0,will_not_meet,MS,Centro-Oeste,20-50 mil,47696.0
5006259,,,0.0,,MS,Centro-Oeste,<5 mil,1915.0
5006275,,,2.0,,MS,Centro-Oeste,<5 mil,4632.0
5006309,109.50506493506327,3.1155844155843093,22.0,on_track,MS,Centro-Oeste,20-50 mil,37719.0
5006358,94.23944444442986,3.028999999999295,9.0,on_track,MS,Centro-Oeste,5-20 mil,7392.0
5006408,19.128278195488974,0.5662330827067515,20.0,will_not_meet,MS,Centro-Oeste,5-20 mil,5840.0
5006606,68.7621174477681,2.2498870694522117,22.0,will_not_meet,MS,Centro-Oeste,50-100 mil,75974.0
5006903,112.39037593984995,3.2347744360901567,20.0,on_track,MS,Centro-Oeste,5-20 mil,11425.0
5007109,68.87823308270708,2.3980601503758745,20.0,will_not_meet,MS,Centro-Oeste,5-20 mil,15666.0
5007208,26.28801169590588,0.9682456140351027,18.0,will_not_meet,MS,Centro-Oeste,20-50 mil,31109.0
5007307,,,0.0,,MS,Centro-Oeste,<5 mil,3463.0
5007406,21.988382352941017,0.8816176470588545,17.0,will_not_meet,MS,Centro-Oeste,5-20 mil,17276.0
5007505,,,0.0,,MS,Centro-Oeste,<5 mil,2978.0
5007554,80.83781818181615,3.7605454545451726,11.0,at_risk,MS,Centro-Oeste,<5 mil,3856.0
5007695,140.14597402597065,4.338311688311565,22.0,on_track,MS,Centro-Oeste,20-50 mil,24044.0
5007703,,,0.0,,MS,Centro-Oeste,5-20 mil,8950.0
5007802,,,0.0,,MS,Centro-Oeste,<5 mil,4975.0
5007901,66.9121428571516,4.008928571429092,7.0,will_not_meet,MS,Centro-Oeste,20-50 mil,40088.0
5007935,,,0.0,,MS,Centro-Oeste,5-20 mil,18212.0
5007950,81.35357330991883,2.818340649692719,16.0,at_risk,MS,Centro-Oeste,<5 mil,4350.0
5007976,,,0.0,,MS,Centro-Oeste,<5 mil,2503.0
5008008,75.91619047618951,4.16428571428548,6.0,will_not_meet,MS,Centro-Oeste,5-20 mil,9640.0
5008305,78.11243486073727,2.145693107431659,24.0,will_not_meet,MS,Centro-Oeste,100-500 mil,119332.0
5008404,76.57000000001244,4.83600000000146,5.0,will_not_meet,MS,Centro-Oeste,<5 mil,4397.0
5100102,,,0.0,,MT,Centro-Oeste,<5 mil,2848.0
5100201,1.781282051282048,-0.023356643356643343,12.0,will_not_meet,MT,Centro-Oeste,20-50 mil,21438.0
5100250,85.03705882352733,2.552205882352895,16.0,at_risk,MT,Centro-Oeste,20-50 mil,45273.0
5100300,3.246928571428583,0.04360714285714388,15.0,will_not_meet,MT,Centro-Oeste,5-20 mil,17417.0
5100359,,,0.0,,MT,Centro-Oeste,<5 mil,3821.0
5100409,,,0.0,,MT,Centro-Oeste,5-20 mil,11257.0
5100508,,,0.0,,MT,Centro-Oeste,5-20 mil,7201.0
5100607,,,0.0,,MT,Centro-Oeste,5-20 mil,10354.0
5100805,,,0.0,,MT,Centro-Oeste,5-20 mil,7765.0
5101001,,,0.0,,MT,Centro-Oeste,<5 mil,2098.0
5101209,32.47399999999948,0.813999999999976,5.0,will_not_meet,MT,Centro-Oeste,<5 mil,783.0
5101258,,,1.0,,MT,Centro-Oeste,5-20 mil,13463.0
5101308,,,0.0,,MT,Centro-Oeste,5-20 mil,8883.0
5101407,6.173333333332607,0.223333333333309,9.0,will_not_meet,MT,Centro-Oeste,5-20 mil,14443.0
5101605,,,0.0,,MT,Centro-Oeste,<5 mil,3680.0
5101704,27.72315789473805,-0.3007894736841479,19.0,will_not_meet,MT,Centro-Oeste,20-50 mil,29143.0
5101803,52.945420560745646,0.149229541828031,13.0,will_not_meet,MT,Centro-Oeste,50-100 mil,55579.0
5101852,,,1.0,,MT,Centro-Oeste,<5 mil,3342.0
5101902,,,0.0,,MT,Centro-Oeste,5-20 mil,13446.0
5102504,5.360510252365842,-0.04686987381703751,17.0,will_not_meet,MT,Centro-Oeste,50-100 mil,83008.0
5102603,,,0.0,,MT,Centro-Oeste,5-20 mil,5466.0
5102637,,,0.0,,MT,Centro-Oeste,20-50 mil,34249.0
5102678,145.20416666667734,7.0805000000015115,9.0,on_track,MT,Centro-Oeste,20-50 mil,35506.0
5102686,,,0.0,,MT,Centro-Oeste,5-20 mil,5642.0
5102694,,,1.0,,MT,Centro-Oeste,,
5102702,,,0.0,,MT,Centro-Oeste,5-20 mil,17447.0
5102793,,,0.0,,MT,Centro-Oeste,<5 mil,4202.0
5102850,,,0.0,,MT,Centro-Oeste,<5 mil,4183.0
5103007,,,0.0,,MT,Centro-Oeste,5-20 mil,13948.0
5103056,103.80391198584766,2.6552852720035447,18.0,on_track,MT,Centro-Oeste,5-20 mil,9445.0
5103106,,,0.0,,MT,Centro-Oeste,<5 mil,3797.0
5103205,90.46328571428694,2.9850714285714575,15.0,on_track,MT,Centro-Oeste,20-50 mil,27525.0
5103254,,,0.0,,MT,Centro-Oeste,20-50 mil,23358.0
5103304,,,0.0,,MT,Centro-Oeste,5-20 mil,14708.0
5103353,48.59428571428589,0.9942857142856959,7.0,will_not_meet,MT,Centro-Oeste,5-20 mil,18166.0
5103361,,,0.0,,MT,Centro-Oeste,<5 mil,2525.0
5103379,,,0.0,,MT,Centro-Oeste,5-20 mil,7096.0
5103403,54.353868592860174,0.046130712598973174,24.0,will_not_meet,MT,Centro-Oeste,500 mil+,611977.0
5103437,,,0.0,,MT,Centro-Oeste,<5 mil,3132.0
5103452,,,0.0,,MT,Centro-Oeste,5-20 mil,8023.0
5103502,38.09779089308631,1.2374443822023529,23.0,will_not_meet,MT,Centro-Oeste,5-20 mil,17434.0
5103601,3.3001912421806026,0.0819186773905347,19.0,will_not_meet,MT,Centro-Oeste,5-20 mil,6548.0
5103700,,,0.0,,MT,Centro-Oeste,5-20 mil,11031.0
5103809,,,0.0,,MT,Centro-Oeste,<5 mil,1873.0
5103858,,,0.0,,MT,Centro-Oeste,<5 mil,2761.0
5103908,,,0.0,,MT,Centro-Oeste,<5 mil,2686.0
5103957,,,0.0,,MT,Centro-Oeste,<5 mil,2060.0
5104104,49.205000000001746,2.1030000000003564,9.0,will_not_meet,MT,Centro-Oeste,20-50 mil,27078.0
5104203,,,0.0,,MT,Centro-Oeste,5-20 mil,12953.0
5104500,,,0.0,,MT,Centro-Oeste,<5 mil,2065.0
5104526,,,0.0,,MT,Centro-Oeste,5-20 mil,5550.0
5104542,,,0.0,,MT,Centro-Oeste,<5 mil,4225.0
5104559,,,0.0,,MT,Centro-Oeste,<5 mil,2930.0
5104609,,,0.0,,MT,Centro-Oeste,5-20 mil,5312.0
5104807,,,0.0,,MT,Centro-Oeste,20-50 mil,25510.0
5104906,,,0.0,,MT,Centro-Oeste,<5 mil,3223.0
5105002,147.62180952381095,8.513714285713764,6.0,on_track,MT,Centro-Oeste,<5 mil,4944.0
5105101,83.57990045941642,2.5656738131699828,12.0,at_risk,MT,Centro-Oeste,20-50 mil,27991.0
5105150,1.5756363636363915,-0.09799999999999258,11.0,will_not_meet,MT,Centro-Oeste,20-50 mil,35634.0
5105176,,,0.0,,MT,Centro-Oeste,5-20 mil,10207.0
5105200,33.72763157894997,1.6305263157896763,6.0,will_not_meet,MT,Centro-Oeste,5-20 mil,8210.0
5105234,,,0.0,,MT,Centro-Oeste,<5 mil,3329.0
5105259,50.398651960784264,1.4126225490196387,17.0,will_not_meet,MT,Centro-Oeste,50-100 mil,64928.0
5105309,,,0.0,,MT,Centro-Oeste,<5 mil,1857.0
5105507,22.670000000000982,-1.2099999999999922,3.0,will_not_meet,MT,Centro-Oeste,5-20 mil,5850.0
5105580,,,0.0,,MT,Centro-Oeste,5-20 mil,6251.0
5105606,,,1.0,,MT,Centro-Oeste,5-20 mil,13119.0
5105622,82.68117038216224,2.5222173566877615,15.0,at_risk,MT,Centro-Oeste,20-50 mil,23877.0
5105903,,,0.0,,MT,Centro-Oeste,5-20 mil,11960.0
5106000,142.7538461538461,3.828076923076971,3.0,on_track,MT,Centro-Oeste,<5 mil,4796.0
5106109,,,0.0,,MT,Centro-Oeste,<5 mil,4784.0
5106158,,,0.0,,MT,Centro-Oeste,5-20 mil,5600.0
5106174,,,0.0,,MT,Centro-Oeste,<5 mil,1483.0
5106182,,,0.0,,MT,Centro-Oeste,<5 mil,3761.0
5106190,,,0.0,,MT,Centro-Oeste,<5 mil,2142.0
5106208,,,0.0,,MT,Centro-Oeste,<5 mil,2916.0
5106216,,,0.0,,MT,Centro-Oeste,5-20 mil,7212.0
5106224,,,0.0,,MT,Centro-Oeste,20-50 mil,39409.0
5106232,,,0.0,,MT,Centro-Oeste,5-20 mil,18824.0
5106240,,,0.0,,MT,Centro-Oeste,<5 mil,4240.0
5106257,85.32474358974378,2.5582167832168037,12.0,at_risk,MT,Centro-Oeste,5-20 mil,17391.0
5106265,,,0.0,,MT,Centro-Oeste,<5 mil,3289.0
5106273,,,0.0,,MT,Centro-Oeste,<5 mil,1929.0
5106281,20.682476190473608,-4.142285714285566,6.0,will_not_meet,MT,Centro-Oeste,<5 mil,2976.0
5106299,,,0.0,,MT,Centro-Oeste,5-20 mil,5973.0
5106307,,,0.0,,MT,Centro-Oeste,5-20 mil,17856.0
5106315,,,0.0,,MT,Centro-Oeste,<5 mil,1859.0
5106372,85.59055555555915,4.043666666667428,9.0,at_risk,MT,Centro-Oeste,5-20 mil,12678.0
5106422,56.3342857142884,1.3214285714286922,6.0,will_not_meet,MT,Centro-Oeste,20-50 mil,22942.0
5106455,,,0.0,,MT,Centro-Oeste,<5 mil,2060.0
5106505,,,0.0,,MT,Centro-Oeste,20-50 mil,24228.0
5106653,,,0.0,,MT,Centro-Oeste,5-20 mil,5753.0
5106703,,,0.0,,MT,Centro-Oeste,<5 mil,1302.0
5106752,95.73362229102031,1.920185758513913,18.0,on_track,MT,Centro-Oeste,20-50 mil,38594.0
5106778,,,0.0,,MT,Centro-Oeste,5-20 mil,6191.0
5106802,,,0.0,,MT,Centro-Oeste,<5 mil,2711.0
5106828,100.27277777777635,4.341000000000456,9.0,on_track,MT,Centro-Oeste,<5 mil,4639.0
5106851,,,0.0,,MT,Centro-Oeste,<5 mil,1123.0
5107008,0.0,-0.5016867469879578,6.0,will_not_meet,MT,Centro-Oeste,5-20 mil,11797.0
5107040,95.59394980020079,2.395740509490439,17.0,on_track,MT,Centro-Oeste,50-100 mil,60447.0
5107065,,,0.0,,MT,Centro-Oeste,5-20 mil,8425.0
5107107,2.183304239401423,-0.5228491271820653,15.0,will_not_meet,MT,Centro-Oeste,5-20 mil,14347.0
5107156,,,0.0,,MT,Centro-Oeste,<5 mil,1737.0
5107180,,,0.0,,MT,Centro-Oeste,5-20 mil,6548.0
5107198,118.76800134138466,3.591339145986936,17.0,on_track,MT,Centro-Oeste,<5 mil,1724.0
5107206,,,0.0,,MT,Centro-Oeste,<5 mil,4208.0
5107248,,,0.0,,MT,Centro-Oeste,<5 mil,3469.0
5107263,0.0,-8.65823717948802,9.0,will_not_meet,MT,Centro-Oeste,<5 mil,1630.0
5107297,,,0.0,,MT,Centro-Oeste,<5 mil,1980.0
5107305,,,0.0,,MT,Centro-Oeste,5-20 mil,16418.0
5107354,,,0.0,,MT,Centro-Oeste,<5 mil,3910.0
5107404,,,0.0,,MT,Centro-Oeste,<5 mil,4295.0
5107578,,,0.0,,MT,Centro-Oeste,<5 mil,1064.0
5107602,100.1136650923745,2.203114321433495,24.0,on_track,MT,Centro-Oeste,100-500 mil,230483.0
5107701,,,1.0,,MT,Centro-Oeste,5-20 mil,10277.0
5107743,,,1.0,,MT,Centro-Oeste,<5 mil,1594.0
5107750,,,0.0,,MT,Centro-Oeste,<5 mil,1803.0
5107768,,,0.0,,MT,Centro-Oeste,<5 mil,1977.0
5107776,,,0.0,,MT,Centro-Oeste,<5 mil,3229.0
5107792,,,0.0,,MT,Centro-Oeste,<5 mil,3081.0
5107800,0.0,-0.6473255813952921,3.0,will_not_meet,MT,Centro-Oeste,5-20 mil,6666.0
5107859,,,0.0,,MT,Centro-Oeste,5-20 mil,6939.0
5107875,,,0.0,,MT,Centro-Oeste,20-50 mil,22974.0
5107883,,,0.0,,MT,Centro-Oeste,<5 mil,1016.0
5107909,82.02714285714683,4.180714285714562,7.0,at_risk,MT,Centro-Oeste,100-500 mil,123480.0
5107925,81.36972222223449,3.8385000000011718,9.0,at_risk,MT,Centro-Oeste,50-100 mil,83299.0
5107941,,,0.0,,MT,Centro-Oeste,<5 mil,4977.0
5107958,77.4392857142866,2.392142857142885,21.0,will_not_meet,MT,Centro-Oeste,50-100 mil,97943.0
5108006,,,0.0,,MT,Centro-Oeste,5-20 mil,9030.0
5108055,,,0.0,,MT,Centro-Oeste,<5 mil,4176.0
5108105,,,0.0,,MT,Centro-Oeste,<5 mil,2425.0
5108204,,,0.0,,MT,Centro-Oeste,<5 mil,2666.0
5108303,,,0.0,,MT,Centro-Oeste,<5 mil,2148.0
5108352,150.0,16.310000000002233,3.0,on_track,MT,Centro-Oeste,<5 mil,730.0
5108402,95.2590378608038,2.785310508559393,19.0,on_track,MT,Centro-Oeste,100-500 mil,285909.0
5108501,,,0.0,,MT,Centro-Oeste,5-20 mil,8423.0
5108600,,,0.0,,MT,Centro-Oeste,5-20 mil,17595.0
5108808,,,0.0,,MT,Centro-Oeste,<5 mil,1733.0
5108857,,,0.0,,MT,Centro-Oeste,<5 mil,2210.0
5108907,,,0.0,,MT,Centro-Oeste,<5 mil,4701.0
5108956,,,0.0,,MT,Centro-Oeste,<5 mil,4602.0
5200050,57.83850490195982,1.505122549019617,17.0,will_not_meet,GO,Centro-Oeste,5-20 mil,6767.0
5200100,85.19879737045676,0.5355104408352932,12.0,at_risk,GO,Centro-Oeste,5-20 mil,14277.0
5200134,80.65884615384584,2.230384615384645,12.0,at_risk,GO,Centro-Oeste,5-20 mil,19817.0
5200159,,,0.0,,GO,Centro-Oeste,<5 mil,2241.0
5200175,,,0.0,,GO,Centro-Oeste,<5 mil,2453.0
5200209,,,0.0,,GO,Centro-Oeste,<5 mil,1281.0
5200258,131.9000952380975,7.939142857142542,6.0,on_track,GO,Centro-Oeste,100-500 mil,222514.0
5200308,,,0.0,,GO,Centro-Oeste,20-50 mil,23432.0
5200506,,,0.0,,GO,Centro-Oeste,<5 mil,1704.0
5200555,150.0,12.063571428568633,3.0,on_track,GO,Centro-Oeste,5-20 mil,5828.0
5200605,,,0.0,,GO,Centro-Oeste,5-20 mil,5875.0
5200803,65.24281954887374,2.493308270676619,20.0,will_not_meet,GO,Centro-Oeste,5-20 mil,7438.0
5200829,,,1.0,,GO,Centro-Oeste,<5 mil,1242.0
5200852,,,0.0,,GO,Centro-Oeste,5-20 mil,5328.0
5200902,,,0.0,,GO,Centro-Oeste,<5 mil,1811.0
5201108,73.18212488769086,0.585789372352712,24.0,will_not_meet,GO,Centro-Oeste,100-500 mil,389584.0
5201207,,,0.0,,GO,Centro-Oeste,<5 mil,1096.0
5201306,49.94742518351245,0.393664596273301,22.0,will_not_meet,GO,Centro-Oeste,5-20 mil,18914.0
5201405,75.7924901185761,1.5810671936758245,22.0,will_not_meet,GO,Centro-Oeste,500 mil+,601231.0
5201454,127.96252941176272,1.8913529411764072,16.0,on_track,GO,Centro-Oeste,<5 mil,1988.0
5201504,,,0.0,,GO,Centro-Oeste,<5 mil,2850.0
5201603,100.00000000000003,2.858731204861001e-15,3.0,on_track,GO,Centro-Oeste,<5 mil,3046.0
5201702,,,0.0,,GO,Centro-Oeste,5-20 mil,19643.0
5201801,,,0.0,,GO,Centro-Oeste,5-20 mil,7058.0
5202155,65.17786580086533,-0.14196103896106008,21.0,will_not_meet,GO,Centro-Oeste,5-20 mil,5396.0
5202353,,,0.0,,GO,Centro-Oeste,<5 mil,1442.0
5202502,97.0619999999999,4.043999999999893,10.0,on_track,GO,Centro-Oeste,5-20 mil,8522.0
5202601,,,0.0,,GO,Centro-Oeste,<5 mil,2301.0
5202809,,,0.0,,GO,Centro-Oeste,<5 mil,1839.0
5203104,,,0.0,,GO,Centro-Oeste,<5 mil,1596.0
5203203,,,0.0,,GO,Centro-Oeste,5-20 mil,8350.0
5203302,61.31385964912266,0.2744035087719271,19.0,will_not_meet,GO,Centro-Oeste,20-50 mil,22672.0
5203401,,,0.0,,GO,Centro-Oeste,5-20 mil,6718.0
5203500,150.0,6.962941176470524,16.0,on_track,GO,Centro-Oeste,20-50 mil,24215.0
5203559,,,0.0,,GO,Centro-Oeste,5-20 mil,9428.0
5203575,,,0.0,,GO,Centro-Oeste,<5 mil,1701.0
5203609,,,0.0,,GO,Centro-Oeste,<5 mil,2559.0
5203807,150.0,5.382508771929997,19.0,on_track,GO,Centro-Oeste,<5 mil,4795.0
5203906,11.546315789473624,-0.2852631578947466,19.0,will_not_meet,GO,Centro-Oeste,5-20 mil,8840.0
5203939,,,0.0,,GO,Centro-Oeste,<5 mil,1670.0
5203962,,,0.0,,GO,Centro-Oeste,<5 mil,1857.0
5204003,,,0.0,,GO,Centro-Oeste,5-20 mil,6062.0
5204102,23.15963636363813,-2.956727272727008,11.0,will_not_meet,GO,Centro-Oeste,5-20 mil,10201.0
5204201,,,0.0,,GO,Centro-Oeste,<5 mil,1109.0
5204250,89.9594362745056,1.2228186274508404,17.0,at_risk,GO,Centro-Oeste,5-20 mil,5190.0
5204300,148.67934065935333,3.378241758242485,13.0,on_track,GO,Centro-Oeste,5-20 mil,13355.0
5204409,105.14845285149522,1.4726764539807295,22.0,on_track,GO,Centro-Oeste,5-20 mil,14134.0
5204508,30.813706656777867,-1.6042073057667077,14.0,will_not_meet,GO,Centro-Oeste,50-100 mil,91457.0
5204557,,,0.0,,GO,Centro-Oeste,<5 mil,2250.0
5204607,,,0.0,,GO,Centro-Oeste,<5 mil,2569.0
5204656,,,0.0,,GO,Centro-Oeste,<5 mil,2156.0
5204706,,,0.0,,GO,Centro-Oeste,5-20 mil,10427.0
5204805,,,0.0,,GO,Centro-Oeste,5-20 mil,5830.0
5204854,,,0.0,,GO,Centro-Oeste,5-20 mil,6853.0
5204904,103.34195046439436,1.8929205366356803,18.0,on_track,GO,Centro-Oeste,5-20 mil,17715.0
5204953,,,0.0,,GO,Centro-Oeste,<5 mil,1361.0
5205000,,,0.0,,GO,Centro-Oeste,5-20 mil,8137.0
5205059,,,0.0,,GO,Centro-Oeste,<5 mil,3107.0
5205109,83.50253823112143,1.2637616269904164,19.0,at_risk,GO,Centro-Oeste,100-500 mil,105804.0
5205208,,,0.0,,GO,Centro-Oeste,<5 mil,4013.0
5205307,,,0.0,,GO,Centro-Oeste,<5 mil,4918.0
5205406,150.0,4.794489164086705,18.0,on_track,GO,Centro-Oeste,20-50 mil,21399.0
5205455,,,0.0,,GO,Centro-Oeste,5-20 mil,6521.0
5205471,84.26087912087928,0.9789890109889661,14.0,at_risk,GO,Centro-Oeste,5-20 mil,9065.0
5205497,11.625925426774302,-1.6015710435117538,24.0,will_not_meet,GO,Centro-Oeste,50-100 mil,58062.0
5205513,,,0.0,,GO,Centro-Oeste,5-20 mil,7689.0
5205521,,,0.0,,GO,Centro-Oeste,<5 mil,2408.0
5205703,,,0.0,,GO,Centro-Oeste,<5 mil,1398.0
5205802,,,0.0,,GO,Centro-Oeste,5-20 mil,6950.0
5205901,150.0,4.169780219780785,13.0,on_track,GO,Centro-Oeste,5-20 mil,7719.0
5206206,71.98703296703479,2.0899120879120656,14.0,will_not_meet,GO,Centro-Oeste,50-100 mil,50633.0
5206305,,,0.0,,GO,Centro-Oeste,<5 mil,2497.0
5206404,,,0.0,,GO,Centro-Oeste,5-20 mil,13393.0
5206503,,,0.0,,GO,Centro-Oeste,<5 mil,2602.0
5206602,61.942000000001485,0.10700000000007616,5.0,will_not_meet,GO,Centro-Oeste,<5 mil,2301.0
5206701,,,0.0,,GO,Centro-Oeste,<5 mil,1859.0
5206800,,,0.0,,GO,Centro-Oeste,<5 mil,2338.0
5206909,,,0.0,,GO,Centro-Oeste,<5 mil,1426.0
5207105,,,0.0,,GO,Centro-Oeste,<5 mil,1505.0
5207253,,,0.0,,GO,Centro-Oeste,<5 mil,4469.0
5207352,,,0.0,,GO,Centro-Oeste,<5 mil,2531.0
5207402,150.0,3.927727272727384,11.0,on_track,GO,Centro-Oeste,5-20 mil,10633.0
5207501,,,0.0,,GO,Centro-Oeste,<5 mil,2872.0
5207535,,,0.0,,GO,Centro-Oeste,<5 mil,3598.0
5207600,,,0.0,,GO,Centro-Oeste,<5 mil,3529.0
5207808,,,0.0,,GO,Centro-Oeste,5-20 mil,10312.0
5207907,,,0.0,,GO,Centro-Oeste,<5 mil,4575.0
5208004,138.28616666666858,4.227750000000041,15.0,on_track,GO,Centro-Oeste,100-500 mil,115579.0
5208103,,,0.0,,GO,Centro-Oeste,<5 mil,3027.0
5208152,,,0.0,,GO,Centro-Oeste,<5 mil,1310.0
5208301,,,0.0,,GO,Centro-Oeste,<5 mil,3307.0
5208400,,,0.0,,GO,Centro-Oeste,5-20 mil,10164.0
5208509,,,0.0,,GO,Centro-Oeste,<5 mil,4870.0
5208608,142.19842461885764,3.1309203839637485,22.0,on_track,GO,Centro-Oeste,50-100 mil,67340.0
5208707,76.9317461587708,-0.3693709987195973,23.0,will_not_meet,GO,Centro-Oeste,500 mil+,1549742.0
5208806,63.70024509803807,1.6628921568627406,17.0,will_not_meet,GO,Centro-Oeste,20-50 mil,45451.0
5208905,95.46052631579005,2.9400000000000652,19.0,on_track,GO,Centro-Oeste,5-20 mil,16674.0
5209101,81.46957651044522,2.0809316770185675,22.0,at_risk,GO,Centro-Oeste,20-50 mil,31614.0
5209150,,,0.0,,GO,Centro-Oeste,<5 mil,4782.0
5209200,43.926491228069835,-0.5248070175438859,19.0,will_not_meet,GO,Centro-Oeste,5-20 mil,11520.0
5209291,,,0.0,,GO,Centro-Oeste,<5 mil,1156.0
5209408,,,0.0,,GO,Centro-Oeste,<5 mil,1574.0
5209457,,,0.0,,GO,Centro-Oeste,<5 mil,827.0
5209606,,,0.0,,GO,Centro-Oeste,<5 mil,2772.0
5209705,,,0.0,,GO,Centro-Oeste,5-20 mil,13560.0
5209804,,,0.0,,GO,Centro-Oeste,<5 mil,2552.0
5209903,,,0.0,,GO,Centro-Oeste,5-20 mil,10638.0
5209937,,,1.0,,GO,Centro-Oeste,5-20 mil,5302.0
5209952,,,0.0,,GO,Centro-Oeste,5-20 mil,13591.0
5210000,107.49728966685325,2.436871823828259,22.0,on_track,GO,Centro-Oeste,50-100 mil,50160.0
5210109,,,0.0,,GO,Centro-Oeste,20-50 mil,23605.0
5210158,,,0.0,,GO,Centro-Oeste,<5 mil,1293.0
5210208,73.89410256410247,2.434440559440599,12.0,will_not_meet,GO,Centro-Oeste,20-50 mil,28725.0
5210307,,,0.0,,GO,Centro-Oeste,<5 mil,2159.0
5210406,116.47898927159531,3.9214963297570713,22.0,on_track,GO,Centro-Oeste,20-50 mil,37327.0
5210562,,,0.0,,GO,Centro-Oeste,<5 mil,4118.0
5210604,,,0.0,,GO,Centro-Oeste,<5 mil,4311.0
5210802,67.5185135135116,-1.5391441441442095,8.0,will_not_meet,GO,Centro-Oeste,<5 mil,3260.0
5210901,,,0.0,,GO,Centro-Oeste,20-50 mil,21546.0
5211008,,,0.0,,GO,Centro-Oeste,<5 mil,3095.0
5211206,95.14228070175443,0.2561929824561494,19.0,on_track,GO,Centro-Oeste,20-50 mil,20806.0
5211305,,,0.0,,GO,Centro-Oeste,<5 mil,4749.0
5211404,96.77041176470493,0.715191176470549,16.0,on_track,GO,Centro-Oeste,5-20 mil,6757.0
5211503,121.13336507682607,1.6381874199744526,23.0,on_track,GO,Centro-Oeste,100-500 mil,102312.0
5211602,,,0.0,,GO,Centro-Oeste,<5 mil,1323.0
5211701,,,0.0,,GO,Centro-Oeste,<5 mil,4044.0
5211800,53.11543956043988,1.8395054945055032,13.0,will_not_meet,GO,Centro-Oeste,20-50 mil,44010.0
5211909,99.56206648697162,1.3291201386214853,24.0,on_track,GO,Centro-Oeste,50-100 mil,95015.0
5212006,,,0.0,,GO,Centro-Oeste,<5 mil,2235.0
5212055,,,0.0,,GO,Centro-Oeste,<5 mil,1991.0
5212105,142.112132352936,2.6940441176469254,17.0,on_track,GO,Centro-Oeste,5-20 mil,6744.0
5212204,130.1093073345828,2.6600766908704845,18.0,on_track,GO,Centro-Oeste,5-20 mil,14503.0
5212253,150.0,5.199670329670189,14.0,on_track,GO,Centro-Oeste,<5 mil,1022.0
5212303,,,0.0,,GO,Centro-Oeste,<5 mil,4708.0
5212501,32.512030075188136,0.383781954887216,20.0,will_not_meet,GO,Centro-Oeste,100-500 mil,200226.0
5212600,,,0.0,,GO,Centro-Oeste,<5 mil,1559.0
5212709,,,0.0,,GO,Centro-Oeste,5-20 mil,6484.0
5212808,79.56151326934105,0.8017617165443922,22.0,will_not_meet,GO,Centro-Oeste,5-20 mil,6903.0
5212907,,,0.0,,GO,Centro-Oeste,<5 mil,1970.0
5212956,,,0.0,,GO,Centro-Oeste,<5 mil,2932.0
5213004,,,0.0,,GO,Centro-Oeste,5-20 mil,14061.0
5213053,77.31345454545487,-0.3897272727272357,11.0,will_not_meet,GO,Centro-Oeste,<5 mil,1191.0
5213087,116.7067044167643,2.694416761041887,21.0,on_track,GO,Centro-Oeste,20-50 mil,24307.0
5213103,123.8764977179926,2.9079630074466123,12.0,on_track,GO,Centro-Oeste,50-100 mil,63375.0
5213400,,,0.0,,GO,Centro-Oeste,<5 mil,945.0
5213509,,,0.0,,GO,Centro-Oeste,<5 mil,3585.0
5213707,84.2821428571433,3.121785714285708,7.0,at_risk,GO,Centro-Oeste,5-20 mil,5358.0
5213756,77.5755128205119,1.8372027972027039,12.0,will_not_meet,GO,Centro-Oeste,5-20 mil,11315.0
5213772,,,0.0,,GO,Centro-Oeste,<5 mil,1483.0
5213806,98.68187780772632,1.9938371197535674,24.0,on_track,GO,Centro-Oeste,20-50 mil,40725.0
5213855,,,0.0,,GO,Centro-Oeste,<5 mil,1552.0
5213905,,,0.0,,GO,Centro-Oeste,<5 mil,2695.0
5214002,,,0.0,,GO,Centro-Oeste,5-20 mil,14586.0
5214051,,,0.0,,GO,Centro-Oeste,<5 mil,2656.0
5214101,,,0.0,,GO,Centro-Oeste,<5 mil,2474.0
5214408,,,0.0,,GO,Centro-Oeste,5-20 mil,7366.0
5214507,,,0.0,,GO,Centro-Oeste,20-50 mil,29678.0
5214606,75.65567476002161,2.683879164313858,22.0,will_not_meet,GO,Centro-Oeste,20-50 mil,37045.0
5214705,,,0.0,,GO,Centro-Oeste,<5 mil,1722.0
5214804,,,0.0,,GO,Centro-Oeste,<5 mil,2031.0
5214838,,,0.0,,GO,Centro-Oeste,5-20 mil,8436.0
5214861,,,0.0,,GO,Centro-Oeste,5-20 mil,5430.0
5214879,,,0.0,,GO,Centro-Oeste,<5 mil,2105.0
5214903,,,0.0,,GO,Centro-Oeste,<5 mil,1329.0
5215009,,,0.0,,GO,Centro-Oeste,5-20 mil,8810.0
5215207,,,0.0,,GO,Centro-Oeste,<5 mil,1793.0
5215231,38.80516541353404,0.6743007518796769,20.0,will_not_meet,GO,Centro-Oeste,100-500 mil,118331.0
5215256,,,0.0,,GO,Centro-Oeste,<5 mil,3003.0
5215306,,,0.0,,GO,Centro-Oeste,5-20 mil,8831.0
5215405,,,0.0,,GO,Centro-Oeste,<5 mil,2447.0
5215504,,,0.0,,GO,Centro-Oeste,5-20 mil,6066.0
5215603,140.15714285714694,4.081714285714297,14.0,on_track,GO,Centro-Oeste,5-20 mil,13647.0
5215652,,,0.0,,GO,Centro-Oeste,<5 mil,2244.0
5215702,114.72394564843216,0.909917440660375,18.0,on_track,GO,Centro-Oeste,20-50 mil,24567.0
5215801,,,0.0,,GO,Centro-Oeste,<5 mil,2261.0
5215900,,,0.0,,GO,Centro-Oeste,<5 mil,2715.0
5216007,,,0.0,,GO,Centro-Oeste,<5 mil,1965.0
5216304,82.94987804878144,-0.11867516629707023,16.0,at_risk,GO,Centro-Oeste,5-20 mil,9421.0
5216403,124.68084962406101,1.758090225563872,20.0,on_track,GO,Centro-Oeste,5-20 mil,8079.0
5216452,,,0.0,,GO,Centro-Oeste,<5 mil,1989.0
5216809,,,0.0,,GO,Centro-Oeste,5-20 mil,6655.0
5216908,,,0.0,,GO,Centro-Oeste,<5 mil,925.0
5217104,150.0,4.677978021978017,14.0,on_track,GO,Centro-Oeste,5-20 mil,17929.0
5217203,,,0.0,,GO,Centro-Oeste,5-20 mil,8181.0
5217302,,,1.0,,GO,Centro-Oeste,5-20 mil,17059.0
5217401,38.06132128740819,0.4650931677018522,22.0,will_not_meet,GO,Centro-Oeste,20-50 mil,30058.0
5217609,101.01563725490087,3.495931372549145,17.0,on_track,GO,Centro-Oeste,50-100 mil,86795.0
5217708,150.0,4.572696078431518,17.0,on_track,GO,Centro-Oeste,5-20 mil,14528.0
5218003,150.0,12.6510000000032,5.0,on_track,GO,Centro-Oeste,20-50 mil,38693.0
5218052,,,0.0,,GO,Centro-Oeste,<5 mil,3482.0
5218102,,,0.0,,GO,Centro-Oeste,<5 mil,3266.0
5218300,94.74921568627406,1.4209803921568838,17.0,on_track,GO,Centro-Oeste,20-50 mil,28895.0
5218391,,,0.0,,GO,Centro-Oeste,<5 mil,2241.0
5218508,91.88188594014741,-0.5834217955956786,22.0,on_track,GO,Centro-Oeste,20-50 mil,45318.0
5218607,,,0.0,,GO,Centro-Oeste,5-20 mil,10206.0
5218706,,,0.0,,GO,Centro-Oeste,<5 mil,4319.0
5218789,36.00642857142972,-0.07964285714277336,7.0,will_not_meet,GO,Centro-Oeste,<5 mil,4053.0
5218805,78.84398644833368,0.7250479954827403,22.0,will_not_meet,GO,Centro-Oeste,100-500 mil,229202.0
5218904,150.0,4.461093117408887,13.0,on_track,GO,Centro-Oeste,5-20 mil,17123.0
5219001,56.25552380952362,0.08028571428569599,6.0,will_not_meet,GO,Centro-Oeste,5-20 mil,6132.0
5219100,,,0.0,,GO,Centro-Oeste,5-20 mil,6066.0
5219209,,,0.0,,GO,Centro-Oeste,<5 mil,869.0
5219258,,,0.0,,GO,Centro-Oeste,<5 mil,4470.0
5219308,150.0,4.01274999999994,16.0,on_track,GO,Centro-Oeste,20-50 mil,37195.0
5219357,,,0.0,,GO,Centro-Oeste,<5 mil,1417.0
5219407,,,0.0,,GO,Centro-Oeste,5-20 mil,8103.0
5219456,,,0.0,,GO,Centro-Oeste,,
5219506,,,0.0,,GO,Centro-Oeste,<5 mil,1646.0
5219605,,,0.0,,GO,Centro-Oeste,<5 mil,2693.0
5219704,,,0.0,,GO,Centro-Oeste,5-20 mil,6323.0
5219712,,,0.0,,GO,Centro-Oeste,<5 mil,3725.0
5219738,,,0.0,,GO,Centro-Oeste,5-20 mil,5987.0
5219753,97.52864809081348,2.7498452012383767,18.0,on_track,GO,Centro-Oeste,50-100 mil,69044.0
5219803,,,0.0,,GO,Centro-Oeste,5-20 mil,6815.0
5219902,,,0.0,,GO,Centro-Oeste,<5 mil,4570.0
5220009,,,0.0,,GO,Centro-Oeste,5-20 mil,9455.0
5220058,117.22458333333407,1.2159068627451606,17.0,on_track,GO,Centro-Oeste,<5 mil,992.0
5220108,105.02557378361007,1.8552616837387668,23.0,on_track,GO,Centro-Oeste,20-50 mil,30528.0
5220157,,,0.0,,GO,Centro-Oeste,<5 mil,4455.0
5220207,62.493974025973785,1.2034545454545538,21.0,will_not_meet,GO,Centro-Oeste,5-20 mil,17317.0
5220264,,,0.0,,GO,Centro-Oeste,<5 mil,2266.0
5220280,,,0.0,,GO,Centro-Oeste,<5 mil,1200.0
5220405,97.96968562874031,0.5985778443112584,10.0,on_track,GO,Centro-Oeste,5-20 mil,19704.0
5220454,0.0,-2.2280000000007516,5.0,will_not_meet,GO,Centro-Oeste,100-500 mil,120970.0
5220504,,,0.0,,GO,Centro-Oeste,5-20 mil,6463.0
5220603,139.35289705882133,3.828264705882262,16.0,on_track,GO,Centro-Oeste,5-20 mil,13896.0
5220686,,,0.0,,GO,Centro-Oeste,5-20 mil,5693.0
5220702,,,0.0,,GO,Centro-Oeste,<5 mil,1070.0
5221007,,,0.0,,GO,Centro-Oeste,<5 mil,2853.0
5221080,,,0.0,,GO,Centro-Oeste,<5 mil,2503.0
5221197,88.0450000000003,0.37821428571431276,7.0,at_risk,GO,Centro-Oeste,5-20 mil,7204.0
5221304,,,0.0,,GO,Centro-Oeste,<5 mil,2498.0
5221403,51.6592309539055,0.054837548015377706,23.0,will_not_meet,GO,Centro-Oeste,100-500 mil,126470.0
5221452,,,0.0,,GO,Centro-Oeste,<5 mil,2223.0
5221502,,,0.0,,GO,Centro-Oeste,<5 mil,3639.0
5221551,,,0.0,,GO,Centro-Oeste,<5 mil,3886.0
5221577,,,0.0,,GO,Centro-Oeste,<5 mil,1412.0
5221601,103.9487941176476,2.8220294117646967,16.0,on_track,GO,Centro-Oeste,20-50 mil,37659.0
5221700,1.984793901750379,-0.12163749294184108,22.0,will_not_meet,GO,Centro-Oeste,5-20 mil,11207.0
5221809,,,1.0,,GO,Centro-Oeste,<5 mil,2149.0
5221858,32.88699040090319,-0.36574251835122096,22.0,will_not_meet,GO,Centro-Oeste,100-500 mil,175720.0
5221908,,,0.0,,GO,Centro-Oeste,<5 mil,2359.0
5222005,,,1.0,,GO,Centro-Oeste,5-20 mil,10295.0
5222054,,,0.0,,GO,Centro-Oeste,5-20 mil,7720.0
5222203,,,0.0,,GO,Centro-Oeste,<5 mil,4771.0
5222302,,,0.0,,GO,Centro-Oeste,<5 mil,1737.0
5300108,95.95578544061277,0.9844198139025787,28.0,on_track,DF,Centro-Oeste,500 mil+,2988438.0
